0 verbose cli /opt/homebrew/Cellar/node@20/20.19.6/bin/node /opt/homebrew/bin/npm
1 info using npm@10.8.2
2 info using node@v20.19.6
3 silly config load:file:/opt/homebrew/Cellar/node@20/20.19.6/lib/node_modules/npm/npmrc
4 silly config load:file:/Users/djiby/Documents/portfolio/portforlio/.npmrc
5 silly config load:file:/Users/djiby/.npmrc
6 silly config load:file:/opt/homebrew/etc/npmrc
7 verbose title npm install
8 verbose argv "install" "--force"
9 verbose logfile logs-max:10 dir:/Users/djiby/Documents/portfolio/portforlio/.npm-cache/_logs/2026-01-20T12_03_18_531Z-
10 verbose logfile /Users/djiby/Documents/portfolio/portforlio/.npm-cache/_logs/2026-01-20T12_03_18_531Z-debug-0.log
11 warn using --force Recommended protections disabled.
12 silly packumentCache heap:4345298944 maxSize:1086324736 maxEntrySize:543162368
13 silly logfile done cleaning log files
14 silly idealTree buildDeps
15 silly fetch manifest @angular/animations@~14.3.0
16 silly packumentCache full:https://registry.npmjs.org/@angular%2fanimations cache-miss
17 http fetch GET 200 https://registry.npmjs.org/@angular%2fanimations 12ms (cache hit)
18 silly packumentCache full:https://registry.npmjs.org/@angular%2fanimations set size:2692534 disposed:false
19 silly fetch manifest @angular/core@~14.3.0
20 silly packumentCache full:https://registry.npmjs.org/@angular%2fcore cache-miss
21 http fetch GET 200 https://registry.npmjs.org/@angular%2fcore 6ms (cache hit)
22 silly packumentCache full:https://registry.npmjs.org/@angular%2fcore set size:2838843 disposed:false
23 silly fetch manifest rxjs@~7.5.0
24 silly packumentCache full:https://registry.npmjs.org/rxjs cache-miss
25 http fetch GET 200 https://registry.npmjs.org/rxjs 6ms (cache hit)
26 silly packumentCache full:https://registry.npmjs.org/rxjs set size:980097 disposed:false
27 silly fetch manifest zone.js@~0.11.4
28 silly packumentCache full:https://registry.npmjs.org/zone.js cache-miss
29 http fetch GET 200 https://registry.npmjs.org/zone.js 3ms (cache hit)
30 silly packumentCache full:https://registry.npmjs.org/zone.js set size:372304 disposed:false
31 silly fetch manifest @angular/common@~14.3.0
32 silly packumentCache full:https://registry.npmjs.org/@angular%2fcommon cache-miss
33 http fetch GET 200 https://registry.npmjs.org/@angular%2fcommon 9ms (cache hit)
34 silly packumentCache full:https://registry.npmjs.org/@angular%2fcommon set size:2972963 disposed:false
35 silly fetch manifest @angular/compiler@~14.3.0
36 silly packumentCache full:https://registry.npmjs.org/@angular%2fcompiler cache-miss
37 http fetch GET 200 https://registry.npmjs.org/@angular%2fcompiler 6ms (cache hit)
38 silly packumentCache full:https://registry.npmjs.org/@angular%2fcompiler set size:2598980 disposed:false
39 silly fetch manifest @angular/forms@~14.3.0
40 silly packumentCache full:https://registry.npmjs.org/@angular%2fforms cache-miss
41 http fetch GET 200 https://registry.npmjs.org/@angular%2fforms 15ms (cache hit)
42 silly packumentCache full:https://registry.npmjs.org/@angular%2fforms set size:2631021 disposed:false
43 silly fetch manifest @angular/platform-browser@~14.3.0
44 silly packumentCache full:https://registry.npmjs.org/@angular%2fplatform-browser cache-miss
45 http fetch GET 200 https://registry.npmjs.org/@angular%2fplatform-browser 4ms (cache hit)
46 silly packumentCache full:https://registry.npmjs.org/@angular%2fplatform-browser set size:2968666 disposed:false
47 silly fetch manifest @angular/platform-browser-dynamic@~14.3.0
48 silly packumentCache full:https://registry.npmjs.org/@angular%2fplatform-browser-dynamic cache-miss
49 http fetch GET 200 https://registry.npmjs.org/@angular%2fplatform-browser-dynamic 6ms (cache hit)
50 silly packumentCache full:https://registry.npmjs.org/@angular%2fplatform-browser-dynamic set size:2973492 disposed:false
51 silly fetch manifest @angular/router@~14.3.0
52 silly packumentCache full:https://registry.npmjs.org/@angular%2frouter cache-miss
53 http fetch GET 200 https://registry.npmjs.org/@angular%2frouter 5ms (cache hit)
54 silly packumentCache full:https://registry.npmjs.org/@angular%2frouter set size:2869751 disposed:false
55 silly fetch manifest @angular-devkit/build-angular@~14.2.13
56 silly packumentCache full:https://registry.npmjs.org/@angular-devkit%2fbuild-angular cache-miss
57 http fetch GET 200 https://registry.npmjs.org/@angular-devkit%2fbuild-angular 7ms (cache hit)
58 silly packumentCache full:https://registry.npmjs.org/@angular-devkit%2fbuild-angular set size:3894917 disposed:false
59 silly fetch manifest @angular/compiler-cli@~14.3.0
60 silly packumentCache full:https://registry.npmjs.org/@angular%2fcompiler-cli cache-miss
61 http fetch GET 200 https://registry.npmjs.org/@angular%2fcompiler-cli 6ms (cache hit)
62 silly packumentCache full:https://registry.npmjs.org/@angular%2fcompiler-cli set size:3134456 disposed:false
63 silly fetch manifest typescript@~4.6.2
64 silly packumentCache full:https://registry.npmjs.org/typescript cache-miss
65 http fetch GET 200 https://registry.npmjs.org/typescript 18ms (cache hit)
66 silly packumentCache full:https://registry.npmjs.org/typescript set size:15148409 disposed:false
67 silly fetch manifest @angular/localize@^14.0.0
68 silly packumentCache full:https://registry.npmjs.org/@angular%2flocalize cache-miss
69 http fetch GET 200 https://registry.npmjs.org/@angular%2flocalize 3ms (cache hit)
70 silly packumentCache full:https://registry.npmjs.org/@angular%2flocalize set size:2256510 disposed:false
71 silly fetch manifest @angular/service-worker@^14.0.0
72 silly packumentCache full:https://registry.npmjs.org/@angular%2fservice-worker cache-miss
73 http fetch GET 200 https://registry.npmjs.org/@angular%2fservice-worker 6ms (cache hit)
74 silly packumentCache full:https://registry.npmjs.org/@angular%2fservice-worker set size:2787713 disposed:false
75 silly fetch manifest karma@~6.3.0
76 silly packumentCache full:https://registry.npmjs.org/karma cache-miss
77 http fetch GET 200 https://registry.npmjs.org/karma 7ms (cache hit)
78 silly packumentCache full:https://registry.npmjs.org/karma set size:3361521 disposed:false
79 silly fetch manifest ng-packagr@^14.0.0
80 silly packumentCache full:https://registry.npmjs.org/ng-packagr cache-miss
81 http fetch GET 200 https://registry.npmjs.org/ng-packagr 3ms (cache hit)
82 silly packumentCache full:https://registry.npmjs.org/ng-packagr set size:1080091 disposed:false
83 silly fetch manifest tslib@^2.3.0
84 silly packumentCache full:https://registry.npmjs.org/tslib cache-miss
85 http fetch GET 200 https://registry.npmjs.org/tslib 2ms (cache hit)
86 silly packumentCache full:https://registry.npmjs.org/tslib set size:108760 disposed:false
87 silly fetch manifest protractor@^7.0.0
88 silly packumentCache full:https://registry.npmjs.org/protractor cache-miss
89 http fetch GET 200 https://registry.npmjs.org/protractor 2ms (cache hit)
90 silly packumentCache full:https://registry.npmjs.org/protractor set size:265914 disposed:false
91 silly fetch manifest tailwindcss@^2.0.0 || ^3.0.0
92 silly packumentCache full:https://registry.npmjs.org/tailwindcss cache-miss
93 http fetch GET 200 https://registry.npmjs.org/tailwindcss 10ms (cache hit)
94 silly packumentCache full:https://registry.npmjs.org/tailwindcss set size:10106959 disposed:false
95 silly fetch manifest @angular/cli@~14.2.13
96 silly packumentCache full:https://registry.npmjs.org/@angular%2fcli cache-miss
97 http fetch GET 200 https://registry.npmjs.org/@angular%2fcli 5ms (cache hit)
98 silly packumentCache full:https://registry.npmjs.org/@angular%2fcli set size:2997909 disposed:false
99 silly placeDep ROOT @angular-devkit/build-angular@14.2.13 CONFLICT for: portforlio@0.0.0 want: ~14.2.13
100 silly placeDep ROOT @angular/compiler-cli@14.3.0 OK for: @angular-devkit/build-angular@14.2.13 want: ^14.0.0
101 silly placeDep ROOT @angular/compiler@14.3.0 REPLACE for: @angular/compiler-cli@14.3.0 want: 14.3.0
102 silly placeDep ROOT @angular/core@14.3.0 REPLACE for: @angular/compiler@14.3.0 want: 14.3.0
103 silly placeDep ROOT @angular/animations@14.3.0 REPLACE for: portforlio@0.0.0 want: ~14.3.0
104 silly placeDep ROOT @angular/cli@14.2.13 REPLACE for: portforlio@0.0.0 want: ~14.2.13
105 silly placeDep ROOT @angular/common@14.3.0 REPLACE for: portforlio@0.0.0 want: ~14.3.0
106 silly placeDep ROOT @angular/forms@14.3.0 REPLACE for: portforlio@0.0.0 want: ~14.3.0
107 silly placeDep ROOT @angular/platform-browser@14.3.0 REPLACE for: @angular/forms@14.3.0 want: 14.3.0
108 silly placeDep ROOT @angular/platform-browser-dynamic@14.3.0 REPLACE for: portforlio@0.0.0 want: ~14.3.0
109 silly placeDep ROOT @angular/router@14.3.0 REPLACE for: portforlio@0.0.0 want: ~14.3.0
110 silly fetch manifest glob@8.0.3
111 silly packumentCache full:https://registry.npmjs.org/glob cache-miss
112 silly fetch manifest less@4.1.3
113 silly packumentCache full:https://registry.npmjs.org/less cache-miss
114 silly fetch manifest sass@1.54.4
115 silly packumentCache full:https://registry.npmjs.org/sass cache-miss
116 silly fetch manifest tslib@2.4.0
117 silly packumentCache full:https://registry.npmjs.org/tslib cache-hit
118 silly fetch manifest semver@7.5.3
119 silly packumentCache full:https://registry.npmjs.org/semver cache-miss
120 silly fetch manifest stylus@0.59.0
121 silly packumentCache full:https://registry.npmjs.org/stylus cache-miss
122 silly fetch manifest cacache@16.1.2
123 silly packumentCache full:https://registry.npmjs.org/cacache cache-miss
124 silly fetch manifest postcss@8.4.31
125 silly packumentCache full:https://registry.npmjs.org/postcss cache-miss
126 silly fetch manifest inquirer@8.2.4
127 silly packumentCache full:https://registry.npmjs.org/inquirer cache-miss
128 silly fetch manifest minimatch@5.1.0
129 silly packumentCache full:https://registry.npmjs.org/minimatch cache-miss
130 silly fetch manifest css-loader@6.7.1
131 silly packumentCache full:https://registry.npmjs.org/css-loader cache-miss
132 silly fetch manifest @babel/core@7.18.10
133 silly packumentCache full:https://registry.npmjs.org/@babel%2fcore cache-miss
134 http fetch GET 200 https://registry.npmjs.org/stylus 7ms (cache hit)
135 silly packumentCache full:https://registry.npmjs.org/stylus set size:286766 disposed:false
136 silly fetch manifest ansi-colors@4.1.3
137 silly packumentCache full:https://registry.npmjs.org/ansi-colors cache-miss
138 http fetch GET 200 https://registry.npmjs.org/glob 10ms (cache hit)
139 silly packumentCache full:https://registry.npmjs.org/glob set size:415427 disposed:false
140 silly fetch manifest less-loader@11.0.0
141 silly packumentCache full:https://registry.npmjs.org/less-loader cache-miss
142 http fetch GET 200 https://registry.npmjs.org/semver 11ms (cache hit)
143 silly packumentCache full:https://registry.npmjs.org/semver set size:226907 disposed:false
144 silly fetch manifest sass-loader@13.0.2
145 silly packumentCache full:https://registry.npmjs.org/sass-loader cache-miss
146 http fetch GET 200 https://registry.npmjs.org/cacache 14ms (cache hit)
147 silly packumentCache full:https://registry.npmjs.org/cacache set size:379664 disposed:false
148 silly fetch manifest esbuild-wasm@0.15.5
149 silly packumentCache full:https://registry.npmjs.org/esbuild-wasm cache-miss
150 http fetch GET 200 https://registry.npmjs.org/inquirer 15ms (cache hit)
151 silly packumentCache full:https://registry.npmjs.org/inquirer set size:585050 disposed:false
152 silly fetch manifest jsonc-parser@3.1.0
153 silly packumentCache full:https://registry.npmjs.org/jsonc-parser cache-miss
154 http fetch GET 200 https://registry.npmjs.org/sass 19ms (cache hit)
155 silly packumentCache full:https://registry.npmjs.org/sass set size:719969 disposed:false
156 silly fetch manifest stylus-loader@7.0.0
157 silly packumentCache full:https://registry.npmjs.org/stylus-loader cache-miss
158 http fetch GET 200 https://registry.npmjs.org/less 23ms (cache hit)
159 silly packumentCache full:https://registry.npmjs.org/less set size:430648 disposed:false
160 silly fetch manifest @babel/runtime@7.18.9
161 silly packumentCache full:https://registry.npmjs.org/@babel%2fruntime cache-miss
162 http fetch GET 200 https://registry.npmjs.org/@babel%2fcore 22ms (cache hit)
163 silly packumentCache full:https://registry.npmjs.org/@babel%2fcore set size:745002 disposed:false
164 silly fetch manifest postcss-import@15.0.0
165 silly packumentCache full:https://registry.npmjs.org/postcss-import cache-miss
166 http fetch GET 200 https://registry.npmjs.org/css-loader 26ms (cache hit)
167 silly packumentCache full:https://registry.npmjs.org/css-loader set size:512155 disposed:false
168 silly fetch manifest postcss-loader@7.0.1
169 silly packumentCache full:https://registry.npmjs.org/postcss-loader cache-miss
170 http fetch GET 200 https://registry.npmjs.org/minimatch 28ms (cache hit)
171 silly packumentCache full:https://registry.npmjs.org/minimatch set size:303959 disposed:false
172 silly fetch manifest @babel/template@7.18.10
173 silly packumentCache full:https://registry.npmjs.org/@babel%2ftemplate cache-miss
174 http fetch GET 200 https://registry.npmjs.org/postcss 33ms (cache hit)
175 silly packumentCache full:https://registry.npmjs.org/postcss set size:696248 disposed:false
176 silly fetch manifest @babel/generator@7.18.12
177 silly packumentCache full:https://registry.npmjs.org/@babel%2fgenerator cache-miss
178 http fetch GET 200 https://registry.npmjs.org/ansi-colors 33ms (cache hit)
179 silly packumentCache full:https://registry.npmjs.org/ansi-colors set size:110876 disposed:false
180 silly fetch manifest @ngtools/webpack@14.2.13
181 silly packumentCache full:https://registry.npmjs.org/@ngtools%2fwebpack cache-miss
182 http fetch GET 200 https://registry.npmjs.org/jsonc-parser 24ms (cache hit)
183 silly packumentCache full:https://registry.npmjs.org/jsonc-parser set size:122648 disposed:false
184 silly fetch manifest @babel/preset-env@7.18.10
185 silly packumentCache full:https://registry.npmjs.org/@babel%2fpreset-env cache-miss
186 http fetch GET 200 https://registry.npmjs.org/esbuild-wasm 28ms (cache hit)
187 silly packumentCache full:https://registry.npmjs.org/esbuild-wasm set size:1032624 disposed:false
188 silly fetch manifest https-proxy-agent@5.0.1
189 silly packumentCache full:https://registry.npmjs.org/https-proxy-agent cache-miss
190 http fetch GET 200 https://registry.npmjs.org/less-loader 36ms (cache hit)
191 silly packumentCache full:https://registry.npmjs.org/less-loader set size:210110 disposed:false
192 silly fetch manifest source-map-loader@4.0.0
193 silly packumentCache full:https://registry.npmjs.org/source-map-loader cache-miss
194 http fetch GET 200 https://registry.npmjs.org/sass-loader 36ms (cache hit)
195 silly packumentCache full:https://registry.npmjs.org/sass-loader set size:418808 disposed:false
196 silly fetch manifest postcss-preset-env@7.8.0
197 silly packumentCache full:https://registry.npmjs.org/postcss-preset-env cache-miss
198 http fetch GET 200 https://registry.npmjs.org/stylus-loader 30ms (cache hit)
199 silly packumentCache full:https://registry.npmjs.org/stylus-loader set size:171582 disposed:false
200 silly fetch manifest webpack-dev-server@4.11.0
201 silly packumentCache full:https://registry.npmjs.org/webpack-dev-server cache-miss
202 http fetch GET 200 https://registry.npmjs.org/postcss-import 26ms (cache hit)
203 silly packumentCache full:https://registry.npmjs.org/postcss-import set size:120971 disposed:false
204 silly fetch manifest copy-webpack-plugin@11.0.0
205 silly packumentCache full:https://registry.npmjs.org/copy-webpack-plugin cache-miss
206 http fetch GET 200 https://registry.npmjs.org/@babel%2fruntime 31ms (cache hit)
207 silly packumentCache full:https://registry.npmjs.org/@babel%2fruntime set size:3289397 disposed:false
208 silly fetch manifest regenerator-runtime@0.13.9
209 silly packumentCache full:https://registry.npmjs.org/regenerator-runtime cache-miss
210 http fetch GET 200 https://registry.npmjs.org/postcss-loader 39ms (cache hit)
211 silly packumentCache full:https://registry.npmjs.org/postcss-loader set size:278121 disposed:false
212 silly fetch manifest @angular-devkit/core@14.2.13
213 silly packumentCache full:https://registry.npmjs.org/@angular-devkit%2fcore cache-miss
214 http fetch GET 200 https://registry.npmjs.org/@babel%2ftemplate 40ms (cache hit)
215 silly packumentCache full:https://registry.npmjs.org/@babel%2ftemplate set size:221398 disposed:false
216 silly fetch manifest @ampproject/remapping@2.2.0
217 silly packumentCache full:https://registry.npmjs.org/@ampproject%2fremapping cache-miss
218 http fetch GET 200 https://registry.npmjs.org/@babel%2fgenerator 35ms (cache hit)
219 silly packumentCache full:https://registry.npmjs.org/@babel%2fgenerator set size:496498 disposed:false
220 silly fetch manifest @discoveryjs/json-ext@0.5.7
221 silly packumentCache full:https://registry.npmjs.org/@discoveryjs%2fjson-ext cache-miss
222 http fetch GET 200 https://registry.npmjs.org/@ngtools%2fwebpack 36ms (cache hit)
223 silly packumentCache full:https://registry.npmjs.org/@ngtools%2fwebpack set size:2353106 disposed:false
224 silly fetch manifest webpack-dev-middleware@5.3.3
225 silly packumentCache full:https://registry.npmjs.org/webpack-dev-middleware cache-miss
226 http fetch GET 200 https://registry.npmjs.org/https-proxy-agent 39ms (cache hit)
227 silly packumentCache full:https://registry.npmjs.org/https-proxy-agent set size:76241 disposed:false
228 silly fetch manifest mini-css-extract-plugin@2.6.1
229 silly packumentCache full:https://registry.npmjs.org/mini-css-extract-plugin cache-miss
230 http fetch GET 200 https://registry.npmjs.org/postcss-preset-env 36ms (cache hit)
231 silly packumentCache full:https://registry.npmjs.org/postcss-preset-env set size:710735 disposed:false
232 silly fetch manifest @angular-devkit/architect@0.1402.13
233 silly packumentCache full:https://registry.npmjs.org/@angular-devkit%2farchitect cache-miss
234 http fetch GET 200 https://registry.npmjs.org/@babel%2fpreset-env 48ms (cache hit)
235 silly packumentCache full:https://registry.npmjs.org/@babel%2fpreset-env set size:1128060 disposed:false
236 silly fetch manifest @angular-devkit/build-webpack@0.1402.13
237 silly packumentCache full:https://registry.npmjs.org/@angular-devkit%2fbuild-webpack cache-miss
238 http fetch GET 200 https://registry.npmjs.org/source-map-loader 48ms (cache hit)
239 silly packumentCache full:https://registry.npmjs.org/source-map-loader set size:100772 disposed:false
240 silly fetch manifest @babel/helper-annotate-as-pure@7.18.6
241 silly packumentCache full:https://registry.npmjs.org/@babel%2fhelper-annotate-as-pure cache-miss
242 http fetch GET 200 https://registry.npmjs.org/copy-webpack-plugin 44ms (cache hit)
243 silly packumentCache full:https://registry.npmjs.org/copy-webpack-plugin set size:299383 disposed:false
244 silly fetch manifest @babel/plugin-transform-runtime@7.18.10
245 silly packumentCache full:https://registry.npmjs.org/@babel%2fplugin-transform-runtime cache-miss
246 http fetch GET 200 https://registry.npmjs.org/webpack-dev-server 48ms (cache hit)
247 silly packumentCache full:https://registry.npmjs.org/webpack-dev-server set size:846408 disposed:false
248 silly fetch manifest @babel/plugin-transform-async-to-generator@7.18.6
249 silly packumentCache full:https://registry.npmjs.org/@babel%2fplugin-transform-async-to-generator cache-miss
250 http fetch GET 200 https://registry.npmjs.org/@angular-devkit%2fcore 38ms (cache hit)
251 silly packumentCache full:https://registry.npmjs.org/@angular-devkit%2fcore set size:2240704 disposed:false
252 silly fetch manifest @babel/plugin-proposal-async-generator-functions@7.18.10
253 silly packumentCache full:https://registry.npmjs.org/@babel%2fplugin-proposal-async-generator-functions cache-miss
254 http fetch GET 200 https://registry.npmjs.org/regenerator-runtime 48ms (cache hit)
255 silly packumentCache full:https://registry.npmjs.org/regenerator-runtime set size:59671 disposed:false
256 silly fetch manifest esbuild@0.15.5
257 silly packumentCache full:https://registry.npmjs.org/esbuild cache-miss
258 http fetch GET 200 https://registry.npmjs.org/@ampproject%2fremapping 43ms (cache hit)
259 silly packumentCache full:https://registry.npmjs.org/@ampproject%2fremapping set size:88598 disposed:false
260 silly fetch manifest yargs@^17.2.1
261 silly packumentCache full:https://registry.npmjs.org/yargs cache-miss
262 http fetch GET 200 https://registry.npmjs.org/@discoveryjs%2fjson-ext 42ms (cache hit)
263 silly packumentCache full:https://registry.npmjs.org/@discoveryjs%2fjson-ext set size:73094 disposed:false
264 silly fetch manifest @babel/core@^7.17.2
265 silly packumentCache full:https://registry.npmjs.org/@babel%2fcore cache-hit
266 silly fetch manifest magic-string@^0.26.0
267 silly packumentCache full:https://registry.npmjs.org/magic-string cache-miss
268 http fetch GET 200 https://registry.npmjs.org/mini-css-extract-plugin 35ms (cache hit)
269 silly packumentCache full:https://registry.npmjs.org/mini-css-extract-plugin set size:396581 disposed:false
270 silly fetch manifest dependency-graph@^0.11.0
271 silly packumentCache full:https://registry.npmjs.org/dependency-graph cache-miss
272 http fetch GET 200 https://registry.npmjs.org/@angular-devkit%2farchitect 35ms (cache hit)
273 silly packumentCache full:https://registry.npmjs.org/@angular-devkit%2farchitect set size:2054585 disposed:false
274 silly fetch manifest reflect-metadata@^0.1.2
275 silly packumentCache full:https://registry.npmjs.org/reflect-metadata cache-miss
276 http fetch GET 200 https://registry.npmjs.org/webpack-dev-middleware 45ms (cache hit)
277 silly packumentCache full:https://registry.npmjs.org/webpack-dev-middleware set size:357747 disposed:false
278 silly fetch manifest ini@3.0.0
279 silly packumentCache full:https://registry.npmjs.org/ini cache-miss
280 http fetch GET 200 https://registry.npmjs.org/@babel%2fhelper-annotate-as-pure 37ms (cache hit)
281 silly packumentCache full:https://registry.npmjs.org/@babel%2fhelper-annotate-as-pure set size:165818 disposed:false
282 silly fetch manifest debug@4.3.4
283 silly packumentCache full:https://registry.npmjs.org/debug cache-miss
284 http fetch GET 200 https://registry.npmjs.org/@angular-devkit%2fbuild-webpack 42ms (cache hit)
285 silly packumentCache full:https://registry.npmjs.org/@angular-devkit%2fbuild-webpack set size:2133657 disposed:false
286 silly fetch manifest yargs@17.5.1
287 silly packumentCache full:https://registry.npmjs.org/yargs cache-miss
288 http fetch GET 200 https://registry.npmjs.org/@babel%2fplugin-transform-runtime 44ms (cache hit)
289 silly packumentCache full:https://registry.npmjs.org/@babel%2fplugin-transform-runtime set size:441671 disposed:false
290 silly fetch manifest pacote@13.6.2
291 silly packumentCache full:https://registry.npmjs.org/pacote cache-miss
292 http fetch GET 200 https://registry.npmjs.org/@babel%2fplugin-transform-async-to-generator 41ms (cache hit)
293 silly packumentCache full:https://registry.npmjs.org/@babel%2fplugin-transform-async-to-generator set size:228496 disposed:false
294 silly fetch manifest resolve@1.22.1
295 silly packumentCache full:https://registry.npmjs.org/resolve cache-miss
296 http fetch GET 200 https://registry.npmjs.org/esbuild 33ms (cache hit)
297 silly packumentCache full:https://registry.npmjs.org/esbuild set size:1239695 disposed:false
298 silly fetch manifest npm-package-arg@9.1.0
299 silly packumentCache full:https://registry.npmjs.org/npm-package-arg cache-miss
300 http fetch GET 200 https://registry.npmjs.org/yargs 36ms (cache hit)
301 silly packumentCache full:https://registry.npmjs.org/yargs set size:743056 disposed:false
302 silly fetch manifest npm-pick-manifest@7.0.1
303 silly packumentCache full:https://registry.npmjs.org/npm-pick-manifest cache-miss
304 http fetch GET 200 https://registry.npmjs.org/@babel%2fplugin-proposal-async-generator-functions 41ms (cache hit)
305 silly packumentCache full:https://registry.npmjs.org/@babel%2fplugin-proposal-async-generator-functions set size:213309 disposed:false
306 silly fetch manifest @schematics/angular@14.2.13
307 silly packumentCache full:https://registry.npmjs.org/@schematics%2fangular cache-miss
308 http fetch GET 200 https://registry.npmjs.org/magic-string 39ms (cache hit)
309 silly packumentCache full:https://registry.npmjs.org/magic-string set size:331817 disposed:false
310 silly fetch manifest @angular-devkit/schematics@14.2.13
311 silly packumentCache full:https://registry.npmjs.org/@angular-devkit%2fschematics cache-miss
312 http fetch GET 200 https://registry.npmjs.org/ini 29ms (cache hit)
313 silly packumentCache full:https://registry.npmjs.org/ini set size:57019 disposed:false
314 http fetch GET 200 https://registry.npmjs.org/reflect-metadata 34ms (cache hit)
315 silly packumentCache full:https://registry.npmjs.org/reflect-metadata set size:61305 disposed:false
316 http fetch GET 200 https://registry.npmjs.org/yargs 21ms (cache hit)
317 silly packumentCache full:https://registry.npmjs.org/yargs set size:743056 disposed:false
318 silly packumentCache full:https://registry.npmjs.org/yargs dispose
319 http fetch GET 200 https://registry.npmjs.org/resolve 20ms (cache hit)
320 silly packumentCache full:https://registry.npmjs.org/resolve set size:246681 disposed:false
321 http fetch GET 200 https://registry.npmjs.org/dependency-graph 44ms (cache hit)
322 silly packumentCache full:https://registry.npmjs.org/dependency-graph set size:40812 disposed:false
323 http fetch GET 200 https://registry.npmjs.org/debug 33ms (cache hit)
324 silly packumentCache full:https://registry.npmjs.org/debug set size:195840 disposed:false
325 http fetch GET 200 https://registry.npmjs.org/npm-package-arg 19ms (cache hit)
326 silly packumentCache full:https://registry.npmjs.org/npm-package-arg set size:131455 disposed:false
327 http fetch GET 200 https://registry.npmjs.org/pacote 25ms (cache hit)
328 silly packumentCache full:https://registry.npmjs.org/pacote set size:734587 disposed:false
329 http fetch GET 200 https://registry.npmjs.org/npm-pick-manifest 20ms (cache hit)
330 silly packumentCache full:https://registry.npmjs.org/npm-pick-manifest set size:102383 disposed:false
331 http fetch GET 200 https://registry.npmjs.org/@schematics%2fangular 21ms (cache hit)
332 silly packumentCache full:https://registry.npmjs.org/@schematics%2fangular set size:2257358 disposed:false
333 http fetch GET 200 https://registry.npmjs.org/@angular-devkit%2fschematics 26ms (cache hit)
334 silly packumentCache full:https://registry.npmjs.org/@angular-devkit%2fschematics set size:2218802 disposed:false
335 silly fetch manifest webpack@5.76.1
336 silly packumentCache full:https://registry.npmjs.org/webpack cache-miss
337 http fetch GET 200 https://registry.npmjs.org/webpack 9ms (cache hit)
338 silly packumentCache full:https://registry.npmjs.org/webpack set size:4926367 disposed:false
339 silly fetch manifest fibers@>= 3.1.0
340 silly packumentCache full:https://registry.npmjs.org/fibers cache-miss
341 http fetch GET 200 https://registry.npmjs.org/fibers 3ms (cache hit)
342 silly packumentCache full:https://registry.npmjs.org/fibers set size:131396 disposed:false
343 silly fetch manifest node-sass@^4.0.0 || ^5.0.0 || ^6.0.0 || ^7.0.0
344 silly packumentCache full:https://registry.npmjs.org/node-sass cache-miss
345 http fetch GET 200 https://registry.npmjs.org/node-sass 3ms (cache hit)
346 silly packumentCache full:https://registry.npmjs.org/node-sass set size:494960 disposed:false
347 silly fetch manifest sass-embedded@*
348 silly packumentCache full:https://registry.npmjs.org/sass-embedded cache-miss
349 http fetch GET 200 https://registry.npmjs.org/sass-embedded 2ms (cache hit)
350 silly packumentCache full:https://registry.npmjs.org/sass-embedded set size:403302 disposed:false
351 silly fetch manifest @angular/compiler-cli@^14.0.0
352 silly packumentCache full:https://registry.npmjs.org/@angular%2fcompiler-cli cache-miss
353 http fetch GET 200 https://registry.npmjs.org/@angular%2fcompiler-cli 3ms (cache hit)
354 silly packumentCache full:https://registry.npmjs.org/@angular%2fcompiler-cli set size:3134456 disposed:false
355 silly fetch manifest @angular/compiler@14.3.0
356 silly packumentCache full:https://registry.npmjs.org/@angular%2fcompiler cache-miss
357 http fetch GET 200 https://registry.npmjs.org/@angular%2fcompiler 3ms (cache hit)
358 silly packumentCache full:https://registry.npmjs.org/@angular%2fcompiler set size:2598980 disposed:false
359 silly fetch manifest @angular/core@14.3.0
360 silly packumentCache full:https://registry.npmjs.org/@angular%2fcore cache-miss
361 http fetch GET 200 https://registry.npmjs.org/@angular%2fcore 3ms (cache hit)
362 silly packumentCache full:https://registry.npmjs.org/@angular%2fcore set size:2838843 disposed:false
363 silly fetch manifest rxjs@6.6.7
364 silly packumentCache full:https://registry.npmjs.org/rxjs cache-hit
365 silly fetch manifest zone.js@~0.11.4 || ~0.12.0
366 silly packumentCache full:https://registry.npmjs.org/zone.js cache-hit
367 silly fetch manifest typescript@>=4.6.2 <4.9
368 silly packumentCache full:https://registry.npmjs.org/typescript cache-miss
369 http fetch GET 200 https://registry.npmjs.org/typescript 12ms (cache hit)
370 silly packumentCache full:https://registry.npmjs.org/typescript set size:15148409 disposed:false
371 silly fetch manifest chokidar@^3.5.2
372 silly packumentCache full:https://registry.npmjs.org/chokidar cache-miss
373 http fetch GET 200 https://registry.npmjs.org/chokidar 1ms (cache hit)
374 silly packumentCache full:https://registry.npmjs.org/chokidar set size:255902 disposed:false
375 silly placeDep ROOT @ampproject/remapping@2.2.0 OK for: @angular-devkit/build-angular@14.2.13 want: 2.2.0
376 silly placeDep ROOT @angular-devkit/architect@0.1402.13 OK for: @angular-devkit/build-angular@14.2.13 want: 0.1402.13
377 silly placeDep ROOT @angular-devkit/build-webpack@0.1402.13 OK for: @angular-devkit/build-angular@14.2.13 want: 0.1402.13
378 silly placeDep ROOT webpack-dev-server@4.11.0 OK for: @angular-devkit/build-webpack@0.1402.13 want: ^4.0.0
379 silly placeDep ROOT @angular-devkit/core@14.2.13 OK for: @angular-devkit/build-angular@14.2.13 want: 14.2.13
380 silly placeDep ROOT @babel/core@7.18.10 REPLACE for: @angular-devkit/build-angular@14.2.13 want: 7.18.10
381 silly placeDep ROOT @babel/generator@7.18.12 OK for: @angular-devkit/build-angular@14.2.13 want: 7.18.12
382 silly placeDep ROOT @babel/helper-annotate-as-pure@7.18.6 OK for: @angular-devkit/build-angular@14.2.13 want: 7.18.6
383 silly placeDep ROOT @babel/plugin-proposal-async-generator-functions@7.18.10 OK for: @angular-devkit/build-angular@14.2.13 want: 7.18.10
384 silly placeDep ROOT @babel/plugin-transform-async-to-generator@7.18.6 OK for: @angular-devkit/build-angular@14.2.13 want: 7.18.6
385 silly placeDep ROOT @babel/plugin-transform-runtime@7.18.10 OK for: @angular-devkit/build-angular@14.2.13 want: 7.18.10
386 silly placeDep ROOT @babel/preset-env@7.18.10 OK for: @angular-devkit/build-angular@14.2.13 want: 7.18.10
387 silly placeDep ROOT @babel/runtime@7.18.9 OK for: @angular-devkit/build-angular@14.2.13 want: 7.18.9
388 silly placeDep ROOT @babel/template@7.18.10 OK for: @angular-devkit/build-angular@14.2.13 want: 7.18.10
389 silly placeDep ROOT @discoveryjs/json-ext@0.5.7 OK for: @angular-devkit/build-angular@14.2.13 want: 0.5.7
390 silly placeDep ROOT @ngtools/webpack@14.2.13 OK for: @angular-devkit/build-angular@14.2.13 want: 14.2.13
391 silly placeDep ROOT ansi-colors@4.1.3 OK for: @angular-devkit/build-angular@14.2.13 want: 4.1.3
392 silly placeDep ROOT cacache@16.1.2 OK for: @angular-devkit/build-angular@14.2.13 want: 16.1.2
393 silly placeDep ROOT copy-webpack-plugin@11.0.0 OK for: @angular-devkit/build-angular@14.2.13 want: 11.0.0
394 silly placeDep ROOT css-loader@6.7.1 OK for: @angular-devkit/build-angular@14.2.13 want: 6.7.1
395 silly placeDep ROOT esbuild@0.15.5 OK for: @angular-devkit/build-angular@14.2.13 want: 0.15.5
396 silly placeDep ROOT esbuild-wasm@0.15.5 OK for: @angular-devkit/build-angular@14.2.13 want: 0.15.5
397 silly placeDep node_modules/@angular-devkit/build-angular glob@8.0.3 OK for: @angular-devkit/build-angular@14.2.13 want: 8.0.3
398 silly placeDep ROOT https-proxy-agent@5.0.1 OK for: @angular-devkit/build-angular@14.2.13 want: 5.0.1
399 silly placeDep ROOT inquirer@8.2.4 OK for: @angular-devkit/build-angular@14.2.13 want: 8.2.4
400 silly placeDep ROOT jsonc-parser@3.1.0 OK for: @angular-devkit/build-angular@14.2.13 want: 3.1.0
401 silly placeDep ROOT less@4.1.3 OK for: @angular-devkit/build-angular@14.2.13 want: 4.1.3
402 silly placeDep ROOT less-loader@11.0.0 OK for: @angular-devkit/build-angular@14.2.13 want: 11.0.0
403 silly placeDep ROOT mini-css-extract-plugin@2.6.1 OK for: @angular-devkit/build-angular@14.2.13 want: 2.6.1
404 silly placeDep node_modules/@angular-devkit/build-angular minimatch@5.1.0 OK for: @angular-devkit/build-angular@14.2.13 want: 5.1.0
405 silly placeDep ROOT postcss@8.4.31 REPLACE for: @angular-devkit/build-angular@14.2.13 want: 8.4.31
406 silly placeDep ROOT postcss-import@15.0.0 OK for: @angular-devkit/build-angular@14.2.13 want: 15.0.0
407 silly placeDep ROOT postcss-loader@7.0.1 OK for: @angular-devkit/build-angular@14.2.13 want: 7.0.1
408 silly placeDep ROOT postcss-preset-env@7.8.0 OK for: @angular-devkit/build-angular@14.2.13 want: 7.8.0
409 silly placeDep ROOT regenerator-runtime@0.13.9 OK for: @angular-devkit/build-angular@14.2.13 want: 0.13.9
410 silly placeDep ROOT sass@1.54.4 OK for: @angular-devkit/build-angular@14.2.13 want: 1.54.4
411 silly placeDep ROOT sass-loader@13.0.2 OK for: @angular-devkit/build-angular@14.2.13 want: 13.0.2
412 silly placeDep node_modules/@angular-devkit/build-angular semver@7.5.3 OK for: @angular-devkit/build-angular@14.2.13 want: 7.5.3
413 silly placeDep ROOT source-map-loader@4.0.0 OK for: @angular-devkit/build-angular@14.2.13 want: 4.0.0
414 silly placeDep ROOT stylus@0.59.0 OK for: @angular-devkit/build-angular@14.2.13 want: 0.59.0
415 silly placeDep ROOT stylus-loader@7.0.0 OK for: @angular-devkit/build-angular@14.2.13 want: 7.0.0
416 silly placeDep node_modules/@angular-devkit/build-angular tslib@2.4.0 OK for: @angular-devkit/build-angular@14.2.13 want: 2.4.0
417 silly placeDep ROOT webpack-dev-middleware@5.3.3 OK for: @angular-devkit/build-angular@14.2.13 want: 5.3.3
418 silly fetch manifest @jridgewell/gen-mapping@^0.1.0
419 silly packumentCache full:https://registry.npmjs.org/@jridgewell%2fgen-mapping cache-miss
420 silly fetch manifest spdy@^4.0.2
421 silly packumentCache full:https://registry.npmjs.org/spdy cache-miss
422 silly fetch manifest sockjs@^0.3.24
423 silly packumentCache full:https://registry.npmjs.org/sockjs cache-miss
424 silly fetch manifest express@^4.17.3
425 silly packumentCache full:https://registry.npmjs.org/express cache-miss
426 silly fetch manifest p-retry@^4.5.0
427 silly packumentCache full:https://registry.npmjs.org/p-retry cache-miss
428 silly fetch manifest @types/ws@^8.5.1
429 silly packumentCache full:https://registry.npmjs.org/@types%2fws cache-miss
430 silly fetch manifest colorette@^2.0.10
431 silly packumentCache full:https://registry.npmjs.org/colorette cache-miss
432 silly fetch manifest ipaddr.js@^2.0.1
433 silly packumentCache full:https://registry.npmjs.org/ipaddr.js cache-miss
434 silly fetch manifest selfsigned@^2.0.1
435 silly packumentCache full:https://registry.npmjs.org/selfsigned cache-miss
436 silly fetch manifest compression@^1.7.4
437 silly packumentCache full:https://registry.npmjs.org/compression cache-miss
438 silly fetch manifest serve-index@^1.9.1
439 silly packumentCache full:https://registry.npmjs.org/serve-index cache-miss
440 http fetch GET 200 https://registry.npmjs.org/serve-index 7ms (cache hit)
441 silly packumentCache full:https://registry.npmjs.org/serve-index set size:68878 disposed:false
442 silly fetch manifest schema-utils@^4.0.0
443 silly packumentCache full:https://registry.npmjs.org/schema-utils cache-miss
444 http fetch GET 200 https://registry.npmjs.org/spdy 10ms (cache hit)
445 silly packumentCache full:https://registry.npmjs.org/spdy set size:358688 disposed:false
446 silly fetch manifest @types/sockjs@^0.3.33
447 silly packumentCache full:https://registry.npmjs.org/@types%2fsockjs cache-miss
448 http fetch GET 200 https://registry.npmjs.org/@jridgewell%2fgen-mapping 12ms (cache hit)
449 silly packumentCache full:https://registry.npmjs.org/@jridgewell%2fgen-mapping set size:80719 disposed:false
450 silly fetch manifest html-entities@^2.3.2
451 silly packumentCache full:https://registry.npmjs.org/html-entities cache-miss
452 http fetch GET 200 https://registry.npmjs.org/sockjs 13ms (cache hit)
453 silly packumentCache full:https://registry.npmjs.org/sockjs set size:78786 disposed:false
454 silly fetch manifest @types/bonjour@^3.5.9
455 silly packumentCache full:https://registry.npmjs.org/@types%2fbonjour cache-miss
456 http fetch GET 200 https://registry.npmjs.org/colorette 13ms (cache hit)
457 silly packumentCache full:https://registry.npmjs.org/colorette set size:92733 disposed:false
458 silly fetch manifest @types/express@^4.17.13
459 silly packumentCache full:https://registry.npmjs.org/@types%2fexpress cache-miss
460 http fetch GET 200 https://registry.npmjs.org/express 14ms (cache hit)
461 silly packumentCache full:https://registry.npmjs.org/express set size:801203 disposed:false
462 silly fetch manifest bonjour-service@^1.0.11
463 silly packumentCache full:https://registry.npmjs.org/bonjour-service cache-miss
464 http fetch GET 200 https://registry.npmjs.org/selfsigned 18ms (cache hit)
465 silly packumentCache full:https://registry.npmjs.org/selfsigned set size:100477 disposed:false
466 silly fetch manifest default-gateway@^6.0.3
467 silly packumentCache full:https://registry.npmjs.org/default-gateway cache-miss
468 http fetch GET 200 https://registry.npmjs.org/compression 19ms (cache hit)
469 silly packumentCache full:https://registry.npmjs.org/compression set size:98467 disposed:false
470 silly fetch manifest @types/serve-index@^1.9.1
471 silly packumentCache full:https://registry.npmjs.org/@types%2fserve-index cache-miss
472 http fetch GET 200 https://registry.npmjs.org/p-retry 21ms (cache hit)
473 silly packumentCache full:https://registry.npmjs.org/p-retry set size:69543 disposed:false
474 silly fetch manifest @types/serve-static@^1.13.10
475 silly packumentCache full:https://registry.npmjs.org/@types%2fserve-static cache-miss
476 http fetch GET 200 https://registry.npmjs.org/@types%2fws 22ms (cache hit)
477 silly packumentCache full:https://registry.npmjs.org/@types%2fws set size:167959 disposed:false
478 silly fetch manifest ansi-html-community@^0.0.8
479 silly packumentCache full:https://registry.npmjs.org/ansi-html-community cache-miss
480 http fetch GET 200 https://registry.npmjs.org/ipaddr.js 23ms (cache hit)
481 silly packumentCache full:https://registry.npmjs.org/ipaddr.js set size:67857 disposed:false
482 silly fetch manifest http-proxy-middleware@^2.0.3
483 silly packumentCache full:https://registry.npmjs.org/http-proxy-middleware cache-miss
484 http fetch GET 200 https://registry.npmjs.org/@types%2fbonjour 15ms (cache hit)
485 silly packumentCache full:https://registry.npmjs.org/@types%2fbonjour set size:24290 disposed:false
486 silly fetch manifest webpack-dev-middleware@^5.3.1
487 silly packumentCache full:https://registry.npmjs.org/webpack-dev-middleware cache-hit
488 silly fetch manifest connect-history-api-fallback@^2.0.0
489 silly packumentCache full:https://registry.npmjs.org/connect-history-api-fallback cache-miss
490 http fetch GET 200 https://registry.npmjs.org/html-entities 17ms (cache hit)
491 silly packumentCache full:https://registry.npmjs.org/html-entities set size:145148 disposed:false
492 silly fetch manifest @types/connect-history-api-fallback@^1.3.5
493 silly packumentCache full:https://registry.npmjs.org/@types%2fconnect-history-api-fallback cache-miss
494 http fetch GET 200 https://registry.npmjs.org/schema-utils 21ms (cache hit)
495 silly packumentCache full:https://registry.npmjs.org/schema-utils set size:166364 disposed:false
496 silly fetch manifest ajv@8.11.0
497 silly packumentCache full:https://registry.npmjs.org/ajv cache-miss
498 http fetch GET 200 https://registry.npmjs.org/@types%2fsockjs 20ms (cache hit)
499 silly packumentCache full:https://registry.npmjs.org/@types%2fsockjs set size:29384 disposed:false
500 silly fetch manifest source-map@0.7.4
501 silly packumentCache full:https://registry.npmjs.org/source-map cache-miss
502 http fetch GET 200 https://registry.npmjs.org/@types%2fexpress 18ms (cache hit)
503 silly packumentCache full:https://registry.npmjs.org/@types%2fexpress set size:111364 disposed:false
504 silly fetch manifest @babel/template@^7.18.10
505 silly packumentCache full:https://registry.npmjs.org/@babel%2ftemplate cache-hit
506 silly fetch manifest @babel/generator@^7.18.10
507 silly packumentCache full:https://registry.npmjs.org/@babel%2fgenerator cache-hit
508 silly fetch manifest jsesc@^2.5.1
509 silly packumentCache full:https://registry.npmjs.org/jsesc cache-miss
510 http fetch GET 200 https://registry.npmjs.org/default-gateway 15ms (cache hit)
511 silly packumentCache full:https://registry.npmjs.org/default-gateway set size:110170 disposed:false
512 silly fetch manifest @jridgewell/gen-mapping@^0.3.2
513 silly packumentCache full:https://registry.npmjs.org/@jridgewell%2fgen-mapping cache-hit
514 silly fetch manifest @babel/helper-environment-visitor@^7.18.9
515 silly packumentCache full:https://registry.npmjs.org/@babel%2fhelper-environment-visitor cache-miss
516 http fetch GET 200 https://registry.npmjs.org/bonjour-service 18ms (cache hit)
517 silly packumentCache full:https://registry.npmjs.org/bonjour-service set size:59755 disposed:false
518 silly fetch manifest @babel/helper-remap-async-to-generator@^7.18.9
519 silly packumentCache full:https://registry.npmjs.org/@babel%2fhelper-remap-async-to-generator cache-miss
520 http fetch GET 200 https://registry.npmjs.org/http-proxy-middleware 14ms (cache hit)
521 silly packumentCache full:https://registry.npmjs.org/http-proxy-middleware set size:316066 disposed:false
522 silly fetch manifest @babel/plugin-syntax-async-generators@^7.8.4
523 silly packumentCache full:https://registry.npmjs.org/@babel%2fplugin-syntax-async-generators cache-miss
524 http fetch GET 200 https://registry.npmjs.org/@types%2fserve-index 18ms (cache hit)
525 silly packumentCache full:https://registry.npmjs.org/@types%2fserve-index set size:29301 disposed:false
526 silly fetch manifest @babel/helper-remap-async-to-generator@^7.18.6
527 silly packumentCache full:https://registry.npmjs.org/@babel%2fhelper-remap-async-to-generator cache-miss
528 http fetch GET 200 https://registry.npmjs.org/ansi-html-community 17ms (cache hit)
529 silly packumentCache full:https://registry.npmjs.org/ansi-html-community set size:4862 disposed:false
530 silly fetch manifest semver@^6.3.0
531 silly packumentCache full:https://registry.npmjs.org/semver cache-hit
532 silly fetch manifest babel-plugin-polyfill-corejs2@^0.3.2
533 silly packumentCache full:https://registry.npmjs.org/babel-plugin-polyfill-corejs2 cache-miss
534 http fetch GET 200 https://registry.npmjs.org/@types%2fserve-static 19ms (cache hit)
535 silly packumentCache full:https://registry.npmjs.org/@types%2fserve-static set size:70859 disposed:false
536 silly fetch manifest babel-plugin-polyfill-corejs3@^0.5.3
537 silly packumentCache full:https://registry.npmjs.org/babel-plugin-polyfill-corejs3 cache-miss
538 http fetch GET 200 https://registry.npmjs.org/connect-history-api-fallback 17ms (cache hit)
539 silly packumentCache full:https://registry.npmjs.org/connect-history-api-fallback set size:30068 disposed:false
540 silly fetch manifest babel-plugin-polyfill-regenerator@^0.4.0
541 silly packumentCache full:https://registry.npmjs.org/babel-plugin-polyfill-regenerator cache-miss
542 http fetch GET 200 https://registry.npmjs.org/@types%2fconnect-history-api-fallback 17ms (cache hit)
543 silly packumentCache full:https://registry.npmjs.org/@types%2fconnect-history-api-fallback set size:23738 disposed:false
544 silly fetch manifest core-js-compat@^3.22.1
545 silly packumentCache full:https://registry.npmjs.org/core-js-compat cache-miss
546 http fetch GET 200 https://registry.npmjs.org/@babel%2fhelper-remap-async-to-generator 13ms (cache hit)
547 silly packumentCache full:https://registry.npmjs.org/@babel%2fhelper-remap-async-to-generator set size:211253 disposed:false
548 silly fetch manifest @babel/preset-modules@^0.1.5
549 silly packumentCache full:https://registry.npmjs.org/@babel%2fpreset-modules cache-miss
550 http fetch GET 200 https://registry.npmjs.org/source-map 18ms (cache hit)
551 silly packumentCache full:https://registry.npmjs.org/source-map set size:226141 disposed:false
552 silly fetch manifest babel-plugin-polyfill-corejs2@^0.3.2
553 silly packumentCache full:https://registry.npmjs.org/babel-plugin-polyfill-corejs2 cache-miss
554 http fetch GET 200 https://registry.npmjs.org/ajv 22ms (cache hit)
555 silly packumentCache full:https://registry.npmjs.org/ajv set size:1126055 disposed:false
556 silly fetch manifest babel-plugin-polyfill-corejs3@^0.5.3
557 silly packumentCache full:https://registry.npmjs.org/babel-plugin-polyfill-corejs3 cache-miss
558 http fetch GET 200 https://registry.npmjs.org/@babel%2fplugin-syntax-async-generators 18ms (cache hit)
559 silly packumentCache full:https://registry.npmjs.org/@babel%2fplugin-syntax-async-generators set size:82646 disposed:false
560 silly fetch manifest @babel/plugin-transform-for-of@^7.18.8
561 silly packumentCache full:https://registry.npmjs.org/@babel%2fplugin-transform-for-of cache-miss
562 http fetch GET 200 https://registry.npmjs.org/jsesc 25ms (cache hit)
563 silly packumentCache full:https://registry.npmjs.org/jsesc set size:61512 disposed:false
564 silly fetch manifest @babel/plugin-transform-spread@^7.18.9
565 silly packumentCache full:https://registry.npmjs.org/@babel%2fplugin-transform-spread cache-miss
566 http fetch GET 200 https://registry.npmjs.org/@babel%2fhelper-environment-visitor 23ms (cache hit)
567 silly packumentCache full:https://registry.npmjs.org/@babel%2fhelper-environment-visitor set size:61477 disposed:false
568 silly fetch manifest @babel/plugin-transform-classes@^7.18.9
569 silly packumentCache full:https://registry.npmjs.org/@babel%2fplugin-transform-classes cache-miss
570 http fetch GET 200 https://registry.npmjs.org/@babel%2fhelper-remap-async-to-generator 20ms (cache hit)
571 silly packumentCache full:https://registry.npmjs.org/@babel%2fhelper-remap-async-to-generator set size:211253 disposed:false
572 silly packumentCache full:https://registry.npmjs.org/@babel%2fhelper-remap-async-to-generator dispose
573 silly fetch manifest @babel/plugin-transform-literals@^7.18.9
574 silly packumentCache full:https://registry.npmjs.org/@babel%2fplugin-transform-literals cache-miss
575 http fetch GET 200 https://registry.npmjs.org/babel-plugin-polyfill-corejs2 21ms (cache hit)
576 silly packumentCache full:https://registry.npmjs.org/babel-plugin-polyfill-corejs2 set size:110236 disposed:false
577 silly fetch manifest @babel/plugin-syntax-json-strings@^7.8.3
578 silly packumentCache full:https://registry.npmjs.org/@babel%2fplugin-syntax-json-strings cache-miss
579 http fetch GET 200 https://registry.npmjs.org/babel-plugin-polyfill-corejs3 21ms (cache hit)
580 silly packumentCache full:https://registry.npmjs.org/babel-plugin-polyfill-corejs3 set size:140660 disposed:false
581 silly fetch manifest babel-plugin-polyfill-regenerator@^0.4.0
582 silly packumentCache full:https://registry.npmjs.org/babel-plugin-polyfill-regenerator cache-miss
583 http fetch GET 200 https://registry.npmjs.org/core-js-compat 21ms (cache hit)
584 silly packumentCache full:https://registry.npmjs.org/core-js-compat set size:342644 disposed:false
585 silly fetch manifest @babel/plugin-transform-new-target@^7.18.6
586 silly packumentCache full:https://registry.npmjs.org/@babel%2fplugin-transform-new-target cache-miss
587 http fetch GET 200 https://registry.npmjs.org/babel-plugin-polyfill-regenerator 24ms (cache hit)
588 silly packumentCache full:https://registry.npmjs.org/babel-plugin-polyfill-regenerator set size:89229 disposed:false
589 silly fetch manifest @babel/plugin-transform-parameters@^7.18.8
590 silly packumentCache full:https://registry.npmjs.org/@babel%2fplugin-transform-parameters cache-miss
591 http fetch GET 200 https://registry.npmjs.org/babel-plugin-polyfill-corejs3 16ms (cache hit)
592 silly packumentCache full:https://registry.npmjs.org/babel-plugin-polyfill-corejs3 set size:140660 disposed:false
593 silly packumentCache full:https://registry.npmjs.org/babel-plugin-polyfill-corejs3 dispose
594 silly fetch manifest @babel/plugin-proposal-json-strings@^7.18.6
595 silly packumentCache full:https://registry.npmjs.org/@babel%2fplugin-proposal-json-strings cache-miss
596 http fetch GET 200 https://registry.npmjs.org/babel-plugin-polyfill-corejs2 22ms (cache hit)
597 silly packumentCache full:https://registry.npmjs.org/babel-plugin-polyfill-corejs2 set size:110236 disposed:false
598 silly packumentCache full:https://registry.npmjs.org/babel-plugin-polyfill-corejs2 dispose
599 silly fetch manifest @babel/plugin-syntax-dynamic-import@^7.8.3
600 silly packumentCache full:https://registry.npmjs.org/@babel%2fplugin-syntax-dynamic-import cache-miss
601 http fetch GET 200 https://registry.npmjs.org/@babel%2fpreset-modules 25ms (cache hit)
602 silly packumentCache full:https://registry.npmjs.org/@babel%2fpreset-modules set size:44565 disposed:false
603 silly fetch manifest @babel/plugin-transform-modules-amd@^7.18.6
604 silly packumentCache full:https://registry.npmjs.org/@babel%2fplugin-transform-modules-amd cache-miss
605 http fetch GET 200 https://registry.npmjs.org/@babel%2fplugin-transform-classes 17ms (cache hit)
606 silly packumentCache full:https://registry.npmjs.org/@babel%2fplugin-transform-classes set size:319443 disposed:false
607 silly fetch manifest @babel/plugin-transform-modules-umd@^7.18.6
608 silly packumentCache full:https://registry.npmjs.org/@babel%2fplugin-transform-modules-umd cache-miss
609 http fetch GET 200 https://registry.npmjs.org/@babel%2fplugin-transform-for-of 21ms (cache hit)
610 silly packumentCache full:https://registry.npmjs.org/@babel%2fplugin-transform-for-of set size:226707 disposed:false
611 silly fetch manifest @babel/plugin-transform-regenerator@^7.18.6
612 silly packumentCache full:https://registry.npmjs.org/@babel%2fplugin-transform-regenerator cache-miss
613 http fetch GET 200 https://registry.npmjs.org/@babel%2fplugin-transform-spread 21ms (cache hit)
614 silly packumentCache full:https://registry.npmjs.org/@babel%2fplugin-transform-spread set size:213569 disposed:false
615 silly fetch manifest @babel/plugin-syntax-top-level-await@^7.14.5
616 silly packumentCache full:https://registry.npmjs.org/@babel%2fplugin-syntax-top-level-await cache-miss
617 http fetch GET 200 https://registry.npmjs.org/@babel%2fplugin-transform-literals 22ms (cache hit)
618 silly packumentCache full:https://registry.npmjs.org/@babel%2fplugin-transform-literals set size:189136 disposed:false
619 silly fetch manifest @babel/plugin-transform-dotall-regex@^7.18.6
620 silly packumentCache full:https://registry.npmjs.org/@babel%2fplugin-transform-dotall-regex cache-miss
621 http fetch GET 200 https://registry.npmjs.org/babel-plugin-polyfill-regenerator 21ms (cache hit)
622 silly packumentCache full:https://registry.npmjs.org/babel-plugin-polyfill-regenerator set size:89229 disposed:false
623 silly packumentCache full:https://registry.npmjs.org/babel-plugin-polyfill-regenerator dispose
624 silly fetch manifest @babel/plugin-transform-object-super@^7.18.6
625 silly packumentCache full:https://registry.npmjs.org/@babel%2fplugin-transform-object-super cache-miss
626 http fetch GET 200 https://registry.npmjs.org/@babel%2fplugin-syntax-json-strings 22ms (cache hit)
627 silly packumentCache full:https://registry.npmjs.org/@babel%2fplugin-syntax-json-strings set size:50036 disposed:false
628 silly fetch manifest @babel/plugin-transform-sticky-regex@^7.18.6
629 silly packumentCache full:https://registry.npmjs.org/@babel%2fplugin-transform-sticky-regex cache-miss
630 http fetch GET 200 https://registry.npmjs.org/@babel%2fplugin-syntax-dynamic-import 15ms (cache hit)
631 silly packumentCache full:https://registry.npmjs.org/@babel%2fplugin-syntax-dynamic-import set size:81432 disposed:false
632 silly fetch manifest @babel/plugin-proposal-dynamic-import@^7.18.6
633 silly packumentCache full:https://registry.npmjs.org/@babel%2fplugin-proposal-dynamic-import cache-miss
634 http fetch GET 200 https://registry.npmjs.org/@babel%2fplugin-transform-parameters 19ms (cache hit)
635 silly packumentCache full:https://registry.npmjs.org/@babel%2fplugin-transform-parameters set size:263162 disposed:false
636 silly fetch manifest @babel/plugin-syntax-class-properties@^7.12.13
637 silly packumentCache full:https://registry.npmjs.org/@babel%2fplugin-syntax-class-properties cache-miss
638 http fetch GET 200 https://registry.npmjs.org/@babel%2fplugin-transform-new-target 22ms (cache hit)
639 silly packumentCache full:https://registry.npmjs.org/@babel%2fplugin-transform-new-target set size:203978 disposed:false
640 silly fetch manifest @babel/plugin-transform-block-scoping@^7.18.9
641 silly packumentCache full:https://registry.npmjs.org/@babel%2fplugin-transform-block-scoping cache-miss
642 http fetch GET 200 https://registry.npmjs.org/@babel%2fplugin-proposal-json-strings 24ms (cache hit)
643 silly packumentCache full:https://registry.npmjs.org/@babel%2fplugin-proposal-json-strings set size:108561 disposed:false
644 silly fetch manifest @babel/plugin-transform-destructuring@^7.18.9
645 silly packumentCache full:https://registry.npmjs.org/@babel%2fplugin-transform-destructuring cache-miss
646 http fetch GET 200 https://registry.npmjs.org/@babel%2fplugin-transform-modules-amd 22ms (cache hit)
647 silly packumentCache full:https://registry.npmjs.org/@babel%2fplugin-transform-modules-amd set size:231923 disposed:false
648 silly fetch manifest @babel/plugin-transform-function-name@^7.18.9
649 silly packumentCache full:https://registry.npmjs.org/@babel%2fplugin-transform-function-name cache-miss
650 http fetch GET 200 https://registry.npmjs.org/@babel%2fplugin-transform-modules-umd 22ms (cache hit)
651 silly packumentCache full:https://registry.npmjs.org/@babel%2fplugin-transform-modules-umd set size:209237 disposed:false
652 silly fetch manifest @babel/plugin-transform-typeof-symbol@^7.18.9
653 silly packumentCache full:https://registry.npmjs.org/@babel%2fplugin-transform-typeof-symbol cache-miss
654 http fetch GET 200 https://registry.npmjs.org/@babel%2fplugin-transform-regenerator 22ms (cache hit)
655 silly packumentCache full:https://registry.npmjs.org/@babel%2fplugin-transform-regenerator set size:253889 disposed:false
656 silly fetch manifest @babel/plugin-transform-unicode-regex@^7.18.6
657 silly packumentCache full:https://registry.npmjs.org/@babel%2fplugin-transform-unicode-regex cache-miss
658 http fetch GET 200 https://registry.npmjs.org/@babel%2fplugin-syntax-top-level-await 22ms (cache hit)
659 silly packumentCache full:https://registry.npmjs.org/@babel%2fplugin-syntax-top-level-await set size:25370 disposed:false
660 silly fetch manifest @babel/plugin-proposal-private-methods@^7.18.6
661 silly packumentCache full:https://registry.npmjs.org/@babel%2fplugin-proposal-private-methods cache-miss
662 http fetch GET 200 https://registry.npmjs.org/@babel%2fplugin-transform-dotall-regex 20ms (cache hit)
663 silly packumentCache full:https://registry.npmjs.org/@babel%2fplugin-transform-dotall-regex set size:206485 disposed:false
664 silly fetch manifest @babel/plugin-syntax-import-assertions@^7.18.6
665 silly packumentCache full:https://registry.npmjs.org/@babel%2fplugin-syntax-import-assertions cache-miss
666 http fetch GET 200 https://registry.npmjs.org/@babel%2fplugin-transform-object-super 20ms (cache hit)
667 silly packumentCache full:https://registry.npmjs.org/@babel%2fplugin-transform-object-super set size:192551 disposed:false
668 silly fetch manifest @babel/plugin-syntax-numeric-separator@^7.10.4
669 silly packumentCache full:https://registry.npmjs.org/@babel%2fplugin-syntax-numeric-separator cache-miss
670 http fetch GET 200 https://registry.npmjs.org/@babel%2fplugin-transform-sticky-regex 21ms (cache hit)
671 silly packumentCache full:https://registry.npmjs.org/@babel%2fplugin-transform-sticky-regex set size:188423 disposed:false
672 silly fetch manifest @babel/plugin-syntax-optional-chaining@^7.8.3
673 silly packumentCache full:https://registry.npmjs.org/@babel%2fplugin-syntax-optional-chaining cache-miss
674 http fetch GET 200 https://registry.npmjs.org/@babel%2fplugin-syntax-class-properties 18ms (cache hit)
675 silly packumentCache full:https://registry.npmjs.org/@babel%2fplugin-syntax-class-properties set size:92860 disposed:false
676 silly fetch manifest @babel/plugin-transform-duplicate-keys@^7.18.9
677 silly packumentCache full:https://registry.npmjs.org/@babel%2fplugin-transform-duplicate-keys cache-miss
678 http fetch GET 200 https://registry.npmjs.org/@babel%2fplugin-transform-destructuring 14ms (cache hit)
679 silly packumentCache full:https://registry.npmjs.org/@babel%2fplugin-transform-destructuring set size:282438 disposed:false
680 silly fetch manifest @babel/plugin-transform-reserved-words@^7.18.6
681 silly packumentCache full:https://registry.npmjs.org/@babel%2fplugin-transform-reserved-words cache-miss
682 http fetch GET 200 https://registry.npmjs.org/@babel%2fplugin-transform-block-scoping 19ms (cache hit)
683 silly packumentCache full:https://registry.npmjs.org/@babel%2fplugin-transform-block-scoping set size:306387 disposed:false
684 silly fetch manifest @babel/plugin-proposal-class-properties@^7.18.6
685 silly packumentCache full:https://registry.npmjs.org/@babel%2fplugin-proposal-class-properties cache-miss
686 http fetch GET 200 https://registry.npmjs.org/@babel%2fplugin-transform-function-name 15ms (cache hit)
687 silly packumentCache full:https://registry.npmjs.org/@babel%2fplugin-transform-function-name set size:210455 disposed:false
688 silly fetch manifest @babel/plugin-syntax-class-static-block@^7.14.5
689 silly packumentCache full:https://registry.npmjs.org/@babel%2fplugin-syntax-class-static-block cache-miss
690 http fetch GET 200 https://registry.npmjs.org/@babel%2fplugin-proposal-dynamic-import 24ms (cache hit)
691 silly packumentCache full:https://registry.npmjs.org/@babel%2fplugin-proposal-dynamic-import set size:64685 disposed:false
692 silly fetch manifest @babel/plugin-syntax-object-rest-spread@^7.8.3
693 silly packumentCache full:https://registry.npmjs.org/@babel%2fplugin-syntax-object-rest-spread cache-miss
694 http fetch GET 200 https://registry.npmjs.org/@babel%2fplugin-transform-typeof-symbol 16ms (cache hit)
695 silly packumentCache full:https://registry.npmjs.org/@babel%2fplugin-transform-typeof-symbol set size:215761 disposed:false
696 silly fetch manifest @babel/plugin-transform-arrow-functions@^7.18.6
697 silly packumentCache full:https://registry.npmjs.org/@babel%2fplugin-transform-arrow-functions cache-miss
698 http fetch GET 200 https://registry.npmjs.org/@babel%2fplugin-transform-unicode-regex 16ms (cache hit)
699 silly packumentCache full:https://registry.npmjs.org/@babel%2fplugin-transform-unicode-regex set size:201210 disposed:false
700 silly fetch manifest @babel/plugin-transform-unicode-escapes@^7.18.10
701 silly packumentCache full:https://registry.npmjs.org/@babel%2fplugin-transform-unicode-escapes cache-miss
702 http fetch GET 200 https://registry.npmjs.org/@babel%2fplugin-syntax-numeric-separator 14ms (cache hit)
703 silly packumentCache full:https://registry.npmjs.org/@babel%2fplugin-syntax-numeric-separator set size:91054 disposed:false
704 silly fetch manifest @babel/plugin-proposal-numeric-separator@^7.18.6
705 silly packumentCache full:https://registry.npmjs.org/@babel%2fplugin-proposal-numeric-separator cache-miss
706 http fetch GET 200 https://registry.npmjs.org/@babel%2fplugin-proposal-private-methods 17ms (cache hit)
707 silly packumentCache full:https://registry.npmjs.org/@babel%2fplugin-proposal-private-methods set size:98762 disposed:false
708 silly fetch manifest @babel/plugin-proposal-optional-chaining@^7.18.9
709 silly packumentCache full:https://registry.npmjs.org/@babel%2fplugin-proposal-optional-chaining cache-miss
710 http fetch GET 200 https://registry.npmjs.org/@babel%2fplugin-syntax-import-assertions 17ms (cache hit)
711 silly packumentCache full:https://registry.npmjs.org/@babel%2fplugin-syntax-import-assertions set size:101184 disposed:false
712 silly fetch manifest @babel/plugin-transform-modules-commonjs@^7.18.6
713 silly packumentCache full:https://registry.npmjs.org/@babel%2fplugin-transform-modules-commonjs cache-miss
714 http fetch GET 200 https://registry.npmjs.org/@babel%2fplugin-syntax-optional-chaining 17ms (cache hit)
715 silly packumentCache full:https://registry.npmjs.org/@babel%2fplugin-syntax-optional-chaining set size:82606 disposed:false
716 silly fetch manifest @babel/plugin-transform-modules-systemjs@^7.18.9
717 silly packumentCache full:https://registry.npmjs.org/@babel%2fplugin-transform-modules-systemjs cache-miss
718 http fetch GET 200 https://registry.npmjs.org/@babel%2fplugin-transform-reserved-words 14ms (cache hit)
719 silly packumentCache full:https://registry.npmjs.org/@babel%2fplugin-transform-reserved-words set size:186415 disposed:false
720 silly fetch manifest @babel/plugin-proposal-class-static-block@^7.18.6
721 silly packumentCache full:https://registry.npmjs.org/@babel%2fplugin-proposal-class-static-block cache-miss
722 http fetch GET 200 https://registry.npmjs.org/@babel%2fplugin-proposal-class-properties 14ms (cache hit)
723 silly packumentCache full:https://registry.npmjs.org/@babel%2fplugin-proposal-class-properties set size:191045 disposed:false
724 silly fetch manifest @babel/plugin-proposal-object-rest-spread@^7.18.9
725 silly packumentCache full:https://registry.npmjs.org/@babel%2fplugin-proposal-object-rest-spread cache-miss
726 http fetch GET 200 https://registry.npmjs.org/@babel%2fplugin-transform-duplicate-keys 18ms (cache hit)
727 silly packumentCache full:https://registry.npmjs.org/@babel%2fplugin-transform-duplicate-keys set size:193473 disposed:false
728 silly fetch manifest @babel/plugin-transform-property-literals@^7.18.6
729 silly packumentCache full:https://registry.npmjs.org/@babel%2fplugin-transform-property-literals cache-miss
730 http fetch GET 200 https://registry.npmjs.org/@babel%2fplugin-transform-arrow-functions 13ms (cache hit)
731 silly packumentCache full:https://registry.npmjs.org/@babel%2fplugin-transform-arrow-functions set size:199232 disposed:false
732 silly fetch manifest @babel/plugin-transform-template-literals@^7.18.9
733 silly packumentCache full:https://registry.npmjs.org/@babel%2fplugin-transform-template-literals cache-miss
734 http fetch GET 200 https://registry.npmjs.org/@babel%2fplugin-syntax-class-static-block 16ms (cache hit)
735 silly packumentCache full:https://registry.npmjs.org/@babel%2fplugin-syntax-class-static-block set size:11519 disposed:false
736 silly fetch manifest @babel/plugin-syntax-export-namespace-from@^7.8.3
737 silly packumentCache full:https://registry.npmjs.org/@babel%2fplugin-syntax-export-namespace-from cache-miss
738 http fetch GET 200 https://registry.npmjs.org/@babel%2fplugin-syntax-object-rest-spread 15ms (cache hit)
739 silly packumentCache full:https://registry.npmjs.org/@babel%2fplugin-syntax-object-rest-spread set size:82808 disposed:false
740 silly fetch manifest @babel/plugin-syntax-optional-catch-binding@^7.8.3
741 silly packumentCache full:https://registry.npmjs.org/@babel%2fplugin-syntax-optional-catch-binding cache-miss
742 http fetch GET 200 https://registry.npmjs.org/@babel%2fplugin-transform-unicode-escapes 13ms (cache hit)
743 silly packumentCache full:https://registry.npmjs.org/@babel%2fplugin-transform-unicode-escapes set size:110829 disposed:false
744 silly fetch manifest @babel/plugin-transform-computed-properties@^7.18.9
745 silly packumentCache full:https://registry.npmjs.org/@babel%2fplugin-transform-computed-properties cache-miss
746 http fetch GET 200 https://registry.npmjs.org/@babel%2fplugin-transform-modules-commonjs 15ms (cache hit)
747 silly packumentCache full:https://registry.npmjs.org/@babel%2fplugin-transform-modules-commonjs set size:293097 disposed:false
748 silly fetch manifest @babel/plugin-proposal-export-namespace-from@^7.18.9
749 silly packumentCache full:https://registry.npmjs.org/@babel%2fplugin-proposal-export-namespace-from cache-miss
750 http fetch GET 200 https://registry.npmjs.org/@babel%2fplugin-proposal-numeric-separator 18ms (cache hit)
751 silly packumentCache full:https://registry.npmjs.org/@babel%2fplugin-proposal-numeric-separator set size:149998 disposed:false
752 silly fetch manifest @babel/plugin-transform-shorthand-properties@^7.18.6
753 silly packumentCache full:https://registry.npmjs.org/@babel%2fplugin-transform-shorthand-properties cache-miss
754 http fetch GET 200 https://registry.npmjs.org/@babel%2fplugin-proposal-optional-chaining 19ms (cache hit)
755 silly packumentCache full:https://registry.npmjs.org/@babel%2fplugin-proposal-optional-chaining set size:196573 disposed:false
756 silly fetch manifest @babel/plugin-proposal-optional-catch-binding@^7.18.6
757 silly packumentCache full:https://registry.npmjs.org/@babel%2fplugin-proposal-optional-catch-binding cache-miss
758 http fetch GET 200 https://registry.npmjs.org/@babel%2fplugin-transform-modules-systemjs 16ms (cache hit)
759 silly packumentCache full:https://registry.npmjs.org/@babel%2fplugin-transform-modules-systemjs set size:285445 disposed:false
760 silly fetch manifest @babel/plugin-proposal-unicode-property-regex@^7.18.6
761 silly packumentCache full:https://registry.npmjs.org/@babel%2fplugin-proposal-unicode-property-regex cache-miss
762 http fetch GET 200 https://registry.npmjs.org/@babel%2fplugin-proposal-class-static-block 17ms (cache hit)
763 silly packumentCache full:https://registry.npmjs.org/@babel%2fplugin-proposal-class-static-block set size:66352 disposed:false
764 silly fetch manifest @babel/plugin-transform-block-scoped-functions@^7.18.6
765 silly packumentCache full:https://registry.npmjs.org/@babel%2fplugin-transform-block-scoped-functions cache-miss
766 http fetch GET 200 https://registry.npmjs.org/@babel%2fplugin-transform-property-literals 15ms (cache hit)
767 silly packumentCache full:https://registry.npmjs.org/@babel%2fplugin-transform-property-literals set size:187133 disposed:false
768 silly fetch manifest @babel/plugin-syntax-private-property-in-object@^7.14.5
769 silly packumentCache full:https://registry.npmjs.org/@babel%2fplugin-syntax-private-property-in-object cache-miss
770 http fetch GET 200 https://registry.npmjs.org/@babel%2fplugin-proposal-object-rest-spread 17ms (cache hit)
771 silly packumentCache full:https://registry.npmjs.org/@babel%2fplugin-proposal-object-rest-spread set size:249794 disposed:false
772 silly fetch manifest @babel/plugin-transform-exponentiation-operator@^7.18.6
773 silly packumentCache full:https://registry.npmjs.org/@babel%2fplugin-transform-exponentiation-operator cache-miss
774 http fetch GET 200 https://registry.npmjs.org/@babel%2fplugin-syntax-export-namespace-from 18ms (cache hit)
775 silly packumentCache full:https://registry.npmjs.org/@babel%2fplugin-syntax-export-namespace-from set size:77794 disposed:false
776 silly fetch manifest @babel/plugin-syntax-nullish-coalescing-operator@^7.8.3
777 silly packumentCache full:https://registry.npmjs.org/@babel%2fplugin-syntax-nullish-coalescing-operator cache-miss
778 http fetch GET 200 https://registry.npmjs.org/@babel%2fplugin-transform-template-literals 19ms (cache hit)
779 silly packumentCache full:https://registry.npmjs.org/@babel%2fplugin-transform-template-literals set size:210130 disposed:false
780 silly fetch manifest @babel/plugin-proposal-private-property-in-object@^7.18.6
781 silly packumentCache full:https://registry.npmjs.org/@babel%2fplugin-proposal-private-property-in-object cache-miss
782 http fetch GET 200 https://registry.npmjs.org/@babel%2fplugin-syntax-optional-catch-binding 20ms (cache hit)
783 silly packumentCache full:https://registry.npmjs.org/@babel%2fplugin-syntax-optional-catch-binding set size:83975 disposed:false
784 silly fetch manifest @babel/plugin-syntax-logical-assignment-operators@^7.10.4
785 silly packumentCache full:https://registry.npmjs.org/@babel%2fplugin-syntax-logical-assignment-operators cache-miss
786 http fetch GET 200 https://registry.npmjs.org/@babel%2fplugin-transform-computed-properties 20ms (cache hit)
787 silly packumentCache full:https://registry.npmjs.org/@babel%2fplugin-transform-computed-properties set size:206887 disposed:false
788 silly fetch manifest @babel/plugin-proposal-nullish-coalescing-operator@^7.18.6
789 silly packumentCache full:https://registry.npmjs.org/@babel%2fplugin-proposal-nullish-coalescing-operator cache-miss
790 http fetch GET 200 https://registry.npmjs.org/@babel%2fplugin-transform-shorthand-properties 16ms (cache hit)
791 silly packumentCache full:https://registry.npmjs.org/@babel%2fplugin-transform-shorthand-properties set size:187310 disposed:false
792 silly fetch manifest @babel/plugin-transform-member-expression-literals@^7.18.6
793 silly packumentCache full:https://registry.npmjs.org/@babel%2fplugin-transform-member-expression-literals cache-miss
794 http fetch GET 200 https://registry.npmjs.org/@babel%2fplugin-proposal-optional-catch-binding 17ms (cache hit)
795 silly packumentCache full:https://registry.npmjs.org/@babel%2fplugin-proposal-optional-catch-binding set size:143831 disposed:false
796 silly fetch manifest @babel/plugin-proposal-logical-assignment-operators@^7.18.9
797 silly packumentCache full:https://registry.npmjs.org/@babel%2fplugin-proposal-logical-assignment-operators cache-miss
798 http fetch GET 200 https://registry.npmjs.org/@babel%2fplugin-proposal-export-namespace-from 20ms (cache hit)
799 silly packumentCache full:https://registry.npmjs.org/@babel%2fplugin-proposal-export-namespace-from set size:145189 disposed:false
800 silly fetch manifest @babel/plugin-transform-named-capturing-groups-regex@^7.18.6
801 silly packumentCache full:https://registry.npmjs.org/@babel%2fplugin-transform-named-capturing-groups-regex cache-miss
802 http fetch GET 200 https://registry.npmjs.org/@babel%2fplugin-proposal-unicode-property-regex 18ms (cache hit)
803 silly packumentCache full:https://registry.npmjs.org/@babel%2fplugin-proposal-unicode-property-regex set size:173384 disposed:false
804 silly fetch manifest @babel/plugin-bugfix-v8-spread-parameters-in-optional-chaining@^7.18.9
805 silly packumentCache full:https://registry.npmjs.org/@babel%2fplugin-bugfix-v8-spread-parameters-in-optional-chaining cache-miss
806 http fetch GET 200 https://registry.npmjs.org/@babel%2fplugin-transform-exponentiation-operator 14ms (cache hit)
807 silly packumentCache full:https://registry.npmjs.org/@babel%2fplugin-transform-exponentiation-operator set size:203672 disposed:false
808 silly fetch manifest @babel/plugin-bugfix-safari-id-destructuring-collision-in-function-expression@^7.18.6
809 silly packumentCache full:https://registry.npmjs.org/@babel%2fplugin-bugfix-safari-id-destructuring-collision-in-function-expression cache-miss
810 http fetch GET 200 https://registry.npmjs.org/@babel%2fplugin-transform-block-scoped-functions 18ms (cache hit)
811 silly packumentCache full:https://registry.npmjs.org/@babel%2fplugin-transform-block-scoped-functions set size:193386 disposed:false
812 silly fetch manifest regenerator-runtime@^0.13.4
813 silly packumentCache full:https://registry.npmjs.org/regenerator-runtime cache-hit
814 silly fetch manifest tar@^6.1.11
815 silly packumentCache full:https://registry.npmjs.org/tar cache-miss
816 http fetch GET 200 https://registry.npmjs.org/@babel%2fplugin-syntax-private-property-in-object 18ms (cache hit)
817 silly packumentCache full:https://registry.npmjs.org/@babel%2fplugin-syntax-private-property-in-object set size:6479 disposed:false
818 silly fetch manifest glob@^8.0.1
819 silly packumentCache full:https://registry.npmjs.org/glob cache-hit
820 silly fetch manifest ssri@^9.0.0
821 silly packumentCache full:https://registry.npmjs.org/ssri cache-miss
822 http fetch GET 200 https://registry.npmjs.org/@babel%2fplugin-syntax-nullish-coalescing-operator 15ms (cache hit)
823 silly packumentCache full:https://registry.npmjs.org/@babel%2fplugin-syntax-nullish-coalescing-operator set size:85378 disposed:false
824 silly fetch manifest p-map@^4.0.0
825 silly packumentCache full:https://registry.npmjs.org/p-map cache-miss
826 http fetch GET 200 https://registry.npmjs.org/@babel%2fplugin-proposal-private-property-in-object 14ms (cache hit)
827 silly packumentCache full:https://registry.npmjs.org/@babel%2fplugin-proposal-private-property-in-object set size:80252 disposed:false
828 silly fetch manifest chownr@^2.0.0
829 silly packumentCache full:https://registry.npmjs.org/chownr cache-miss
830 http fetch GET 200 https://registry.npmjs.org/@babel%2fplugin-syntax-logical-assignment-operators 14ms (cache hit)
831 silly packumentCache full:https://registry.npmjs.org/@babel%2fplugin-syntax-logical-assignment-operators set size:72392 disposed:false
832 silly fetch manifest mkdirp@^1.0.4
833 silly packumentCache full:https://registry.npmjs.org/mkdirp cache-miss
834 http fetch GET 200 https://registry.npmjs.org/@babel%2fplugin-proposal-nullish-coalescing-operator 14ms (cache hit)
835 silly packumentCache full:https://registry.npmjs.org/@babel%2fplugin-proposal-nullish-coalescing-operator set size:163532 disposed:false
836 silly fetch manifest minipass@^3.1.6
837 silly packumentCache full:https://registry.npmjs.org/minipass cache-miss
838 http fetch GET 200 https://registry.npmjs.org/@babel%2fplugin-transform-member-expression-literals 14ms (cache hit)
839 silly packumentCache full:https://registry.npmjs.org/@babel%2fplugin-transform-member-expression-literals set size:191766 disposed:false
840 silly fetch manifest lru-cache@^7.7.1
841 silly packumentCache full:https://registry.npmjs.org/lru-cache cache-miss
842 http fetch GET 200 https://registry.npmjs.org/@babel%2fplugin-proposal-logical-assignment-operators 16ms (cache hit)
843 silly packumentCache full:https://registry.npmjs.org/@babel%2fplugin-proposal-logical-assignment-operators set size:153052 disposed:false
844 silly fetch manifest @npmcli/fs@^2.1.0
845 silly packumentCache full:https://registry.npmjs.org/@npmcli%2ffs cache-miss
846 http fetch GET 200 https://registry.npmjs.org/@babel%2fplugin-transform-named-capturing-groups-regex 17ms (cache hit)
847 silly packumentCache full:https://registry.npmjs.org/@babel%2fplugin-transform-named-capturing-groups-regex set size:172986 disposed:false
848 silly fetch manifest fs-minipass@^2.1.0
849 silly packumentCache full:https://registry.npmjs.org/fs-minipass cache-miss
850 http fetch GET 200 https://registry.npmjs.org/@babel%2fplugin-bugfix-v8-spread-parameters-in-optional-chaining 17ms (cache hit)
851 silly packumentCache full:https://registry.npmjs.org/@babel%2fplugin-bugfix-v8-spread-parameters-in-optional-chaining set size:126586 disposed:false
852 silly fetch manifest infer-owner@^1.0.4
853 silly packumentCache full:https://registry.npmjs.org/infer-owner cache-miss
854 http fetch GET 200 https://registry.npmjs.org/tar 20ms (cache hit)
855 silly packumentCache full:https://registry.npmjs.org/tar set size:469766 disposed:false
856 silly fetch manifest minipass-flush@^1.0.5
857 silly packumentCache full:https://registry.npmjs.org/minipass-flush cache-miss
858 http fetch GET 200 https://registry.npmjs.org/@babel%2fplugin-bugfix-safari-id-destructuring-collision-in-function-expression 23ms (cache hit)
859 silly packumentCache full:https://registry.npmjs.org/@babel%2fplugin-bugfix-safari-id-destructuring-collision-in-function-expression set size:111583 disposed:false
860 silly fetch manifest unique-filename@^1.1.1
861 silly packumentCache full:https://registry.npmjs.org/unique-filename cache-miss
862 http fetch GET 200 https://registry.npmjs.org/chownr 21ms (cache hit)
863 silly packumentCache full:https://registry.npmjs.org/chownr set size:22157 disposed:false
864 silly fetch manifest minipass-collect@^1.0.2
865 silly packumentCache full:https://registry.npmjs.org/minipass-collect cache-miss
866 http fetch GET 200 https://registry.npmjs.org/mkdirp 21ms (cache hit)
867 silly packumentCache full:https://registry.npmjs.org/mkdirp set size:116455 disposed:false
868 silly fetch manifest promise-inflight@^1.0.1
869 silly packumentCache full:https://registry.npmjs.org/promise-inflight cache-miss
870 http fetch GET 200 https://registry.npmjs.org/ssri 24ms (cache hit)
871 silly packumentCache full:https://registry.npmjs.org/ssri set size:133159 disposed:false
872 silly fetch manifest @npmcli/move-file@^2.0.0
873 silly packumentCache full:https://registry.npmjs.org/@npmcli%2fmove-file cache-miss
874 http fetch GET 200 https://registry.npmjs.org/minipass 22ms (cache hit)
875 silly packumentCache full:https://registry.npmjs.org/minipass set size:490195 disposed:false
876 silly fetch manifest minipass-pipeline@^1.2.4
877 silly packumentCache full:https://registry.npmjs.org/minipass-pipeline cache-miss
878 http fetch GET 200 https://registry.npmjs.org/p-map 27ms (cache hit)
879 silly packumentCache full:https://registry.npmjs.org/p-map set size:52373 disposed:false
880 silly fetch manifest globby@^13.1.1
881 silly packumentCache full:https://registry.npmjs.org/globby cache-miss
882 http fetch GET 200 https://registry.npmjs.org/lru-cache 23ms (cache hit)
883 silly packumentCache full:https://registry.npmjs.org/lru-cache set size:406394 disposed:false
884 silly fetch manifest fast-glob@^3.2.11
885 silly packumentCache full:https://registry.npmjs.org/fast-glob cache-miss
886 http fetch GET 200 https://registry.npmjs.org/fs-minipass 21ms (cache hit)
887 silly packumentCache full:https://registry.npmjs.org/fs-minipass set size:44606 disposed:false
888 silly fetch manifest glob-parent@^6.0.1
889 silly packumentCache full:https://registry.npmjs.org/glob-parent cache-miss
890 http fetch GET 200 https://registry.npmjs.org/infer-owner 20ms (cache hit)
891 silly packumentCache full:https://registry.npmjs.org/infer-owner set size:7030 disposed:false
892 silly fetch manifest icss-utils@^5.1.0
893 silly packumentCache full:https://registry.npmjs.org/icss-utils cache-miss
894 http fetch GET 200 https://registry.npmjs.org/@npmcli%2ffs 24ms (cache hit)
895 silly packumentCache full:https://registry.npmjs.org/@npmcli%2ffs set size:40552 disposed:false
896 silly fetch manifest postcss@^8.4.7
897 silly packumentCache full:https://registry.npmjs.org/postcss cache-hit
898 silly fetch manifest postcss-modules-extract-imports@^3.0.0
899 silly packumentCache full:https://registry.npmjs.org/postcss-modules-extract-imports cache-miss
900 http fetch GET 200 https://registry.npmjs.org/minipass-flush 16ms (cache hit)
901 silly packumentCache full:https://registry.npmjs.org/minipass-flush set size:16292 disposed:false
902 silly fetch manifest postcss-modules-local-by-default@^4.0.0
903 silly packumentCache full:https://registry.npmjs.org/postcss-modules-local-by-default cache-miss
904 http fetch GET 200 https://registry.npmjs.org/unique-filename 16ms (cache hit)
905 silly packumentCache full:https://registry.npmjs.org/unique-filename set size:22047 disposed:false
906 silly fetch manifest postcss-modules-scope@^3.0.0
907 silly packumentCache full:https://registry.npmjs.org/postcss-modules-scope cache-miss
908 http fetch GET 200 https://registry.npmjs.org/promise-inflight 14ms (cache hit)
909 silly packumentCache full:https://registry.npmjs.org/promise-inflight set size:4685 disposed:false
910 silly fetch manifest postcss-modules-values@^4.0.0
911 silly packumentCache full:https://registry.npmjs.org/postcss-modules-values cache-miss
912 http fetch GET 200 https://registry.npmjs.org/minipass-collect 16ms (cache hit)
913 silly packumentCache full:https://registry.npmjs.org/minipass-collect set size:12471 disposed:false
914 silly fetch manifest postcss-value-parser@^4.2.0
915 silly packumentCache full:https://registry.npmjs.org/postcss-value-parser cache-miss
916 http fetch GET 200 https://registry.npmjs.org/minipass-pipeline 14ms (cache hit)
917 silly packumentCache full:https://registry.npmjs.org/minipass-pipeline set size:27941 disposed:false
918 silly fetch manifest esbuild-linux-32@0.15.5
919 silly packumentCache full:https://registry.npmjs.org/esbuild-linux-32 cache-miss
920 http fetch GET 200 https://registry.npmjs.org/globby 13ms (cache hit)
921 silly packumentCache full:https://registry.npmjs.org/globby set size:154712 disposed:false
922 silly fetch manifest esbuild-linux-64@0.15.5
923 silly packumentCache full:https://registry.npmjs.org/esbuild-linux-64 cache-miss
924 http fetch GET 200 https://registry.npmjs.org/@npmcli%2fmove-file 17ms (cache hit)
925 silly packumentCache full:https://registry.npmjs.org/@npmcli%2fmove-file set size:25481 disposed:false
926 silly fetch manifest esbuild-sunos-64@0.15.5
927 silly packumentCache full:https://registry.npmjs.org/esbuild-sunos-64 cache-miss
928 http fetch GET 200 https://registry.npmjs.org/fast-glob 12ms (cache hit)
929 silly packumentCache full:https://registry.npmjs.org/fast-glob set size:220556 disposed:false
930 silly fetch manifest esbuild-darwin-64@0.15.5
931 silly packumentCache full:https://registry.npmjs.org/esbuild-darwin-64 cache-miss
932 http fetch GET 200 https://registry.npmjs.org/glob-parent 13ms (cache hit)
933 silly packumentCache full:https://registry.npmjs.org/glob-parent set size:42445 disposed:false
934 silly fetch manifest esbuild-linux-arm@0.15.5
935 silly packumentCache full:https://registry.npmjs.org/esbuild-linux-arm cache-miss
936 http fetch GET 200 https://registry.npmjs.org/postcss-modules-extract-imports 14ms (cache hit)
937 silly packumentCache full:https://registry.npmjs.org/postcss-modules-extract-imports set size:57788 disposed:false
938 silly fetch manifest esbuild-netbsd-64@0.15.5
939 silly packumentCache full:https://registry.npmjs.org/esbuild-netbsd-64 cache-miss
940 http fetch GET 200 https://registry.npmjs.org/icss-utils 16ms (cache hit)
941 silly packumentCache full:https://registry.npmjs.org/icss-utils set size:31661 disposed:false
942 silly fetch manifest esbuild-android-64@0.15.5
943 silly packumentCache full:https://registry.npmjs.org/esbuild-android-64 cache-miss
944 http fetch GET 200 https://registry.npmjs.org/postcss-modules-scope 12ms (cache hit)
945 silly packumentCache full:https://registry.npmjs.org/postcss-modules-scope set size:72581 disposed:false
946 silly fetch manifest esbuild-freebsd-64@0.15.5
947 silly packumentCache full:https://registry.npmjs.org/esbuild-freebsd-64 cache-miss
948 http fetch GET 200 https://registry.npmjs.org/postcss-modules-local-by-default 12ms (cache hit)
949 silly packumentCache full:https://registry.npmjs.org/postcss-modules-local-by-default set size:107445 disposed:false
950 silly fetch manifest esbuild-openbsd-64@0.15.5
951 silly packumentCache full:https://registry.npmjs.org/esbuild-openbsd-64 cache-miss
952 http fetch GET 200 https://registry.npmjs.org/postcss-modules-values 13ms (cache hit)
953 silly packumentCache full:https://registry.npmjs.org/postcss-modules-values set size:56722 disposed:false
954 silly fetch manifest esbuild-windows-32@0.15.5
955 silly packumentCache full:https://registry.npmjs.org/esbuild-windows-32 cache-miss
956 http fetch GET 200 https://registry.npmjs.org/esbuild-linux-32 12ms (cache hit)
957 silly packumentCache full:https://registry.npmjs.org/esbuild-linux-32 set size:578736 disposed:false
958 silly fetch manifest esbuild-windows-64@0.15.5
959 silly packumentCache full:https://registry.npmjs.org/esbuild-windows-64 cache-miss
960 http fetch GET 200 https://registry.npmjs.org/esbuild-linux-64 13ms (cache hit)
961 silly packumentCache full:https://registry.npmjs.org/esbuild-linux-64 set size:829573 disposed:false
962 silly fetch manifest esbuild-linux-arm64@0.15.5
963 silly packumentCache full:https://registry.npmjs.org/esbuild-linux-arm64 cache-miss
964 http fetch GET 200 https://registry.npmjs.org/postcss-value-parser 16ms (cache hit)
965 silly packumentCache full:https://registry.npmjs.org/postcss-value-parser set size:73484 disposed:false
966 silly fetch manifest esbuild-linux-s390x@0.15.5
967 silly packumentCache full:https://registry.npmjs.org/esbuild-linux-s390x cache-miss
968 http fetch GET 200 https://registry.npmjs.org/esbuild-sunos-64 16ms (cache hit)
969 silly packumentCache full:https://registry.npmjs.org/esbuild-sunos-64 set size:206603 disposed:false
970 silly fetch manifest esbuild-darwin-arm64@0.15.5
971 silly packumentCache full:https://registry.npmjs.org/esbuild-darwin-arm64 cache-miss
972 http fetch GET 200 https://registry.npmjs.org/esbuild-darwin-64 18ms (cache hit)
973 silly packumentCache full:https://registry.npmjs.org/esbuild-darwin-64 set size:834250 disposed:false
974 silly fetch manifest esbuild-android-arm64@0.15.5
975 silly packumentCache full:https://registry.npmjs.org/esbuild-android-arm64 cache-miss
976 http fetch GET 200 https://registry.npmjs.org/esbuild-linux-arm 19ms (cache hit)
977 silly packumentCache full:https://registry.npmjs.org/esbuild-linux-arm set size:417520 disposed:false
978 silly fetch manifest esbuild-freebsd-arm64@0.15.5
979 silly packumentCache full:https://registry.npmjs.org/esbuild-freebsd-arm64 cache-miss
980 http fetch GET 200 https://registry.npmjs.org/esbuild-android-64 18ms (cache hit)
981 silly packumentCache full:https://registry.npmjs.org/esbuild-android-64 set size:119281 disposed:false
982 silly fetch manifest esbuild-linux-ppc64le@0.15.5
983 silly packumentCache full:https://registry.npmjs.org/esbuild-linux-ppc64le cache-miss
984 http fetch GET 200 https://registry.npmjs.org/esbuild-netbsd-64 20ms (cache hit)
985 silly packumentCache full:https://registry.npmjs.org/esbuild-netbsd-64 set size:185019 disposed:false
986 silly fetch manifest esbuild-linux-riscv64@0.15.5
987 silly packumentCache full:https://registry.npmjs.org/esbuild-linux-riscv64 cache-miss
988 http fetch GET 200 https://registry.npmjs.org/esbuild-windows-64 18ms (cache hit)
989 silly packumentCache full:https://registry.npmjs.org/esbuild-windows-64 set size:836305 disposed:false
990 silly fetch manifest esbuild-windows-arm64@0.15.5
991 silly packumentCache full:https://registry.npmjs.org/esbuild-windows-arm64 cache-miss
992 http fetch GET 200 https://registry.npmjs.org/esbuild-openbsd-64 23ms (cache hit)
993 silly packumentCache full:https://registry.npmjs.org/esbuild-openbsd-64 set size:276627 disposed:false
994 silly fetch manifest @esbuild/linux-loong64@0.15.5
995 silly packumentCache full:https://registry.npmjs.org/@esbuild%2flinux-loong64 cache-miss
996 http fetch GET 200 https://registry.npmjs.org/esbuild-windows-32 24ms (cache hit)
997 silly packumentCache full:https://registry.npmjs.org/esbuild-windows-32 set size:577811 disposed:false
998 silly fetch manifest esbuild-linux-mips64le@0.15.5
999 silly packumentCache full:https://registry.npmjs.org/esbuild-linux-mips64le cache-miss
1000 http fetch GET 200 https://registry.npmjs.org/esbuild-freebsd-64 27ms (cache hit)
1001 silly packumentCache full:https://registry.npmjs.org/esbuild-freebsd-64 set size:604637 disposed:false
1002 silly fetch manifest minimatch@^5.0.1
1003 silly packumentCache full:https://registry.npmjs.org/minimatch cache-hit
1004 silly fetch manifest agent-base@6
1005 silly packumentCache full:https://registry.npmjs.org/agent-base cache-miss
1006 http fetch GET 200 https://registry.npmjs.org/esbuild-linux-s390x 24ms (cache hit)
1007 silly packumentCache full:https://registry.npmjs.org/esbuild-linux-s390x set size:157663 disposed:false
1008 silly fetch manifest figures@^3.0.0
1009 silly packumentCache full:https://registry.npmjs.org/figures cache-miss
1010 http fetch GET 200 https://registry.npmjs.org/esbuild-linux-arm64 26ms (cache hit)
1011 silly packumentCache full:https://registry.npmjs.org/esbuild-linux-arm64 set size:701170 disposed:false
1012 silly fetch manifest through@^2.3.6
1013 silly packumentCache full:https://registry.npmjs.org/through cache-miss
1014 http fetch GET 200 https://registry.npmjs.org/esbuild-darwin-arm64 26ms (cache hit)
1015 silly packumentCache full:https://registry.npmjs.org/esbuild-darwin-arm64 set size:369675 disposed:false
1016 silly fetch manifest cli-width@^3.0.0
1017 silly packumentCache full:https://registry.npmjs.org/cli-width cache-miss
1018 http fetch GET 200 https://registry.npmjs.org/esbuild-android-arm64 25ms (cache hit)
1019 silly packumentCache full:https://registry.npmjs.org/esbuild-android-arm64 set size:328600 disposed:false
1020 silly fetch manifest run-async@^2.4.0
1021 silly packumentCache full:https://registry.npmjs.org/run-async cache-miss
1022 http fetch GET 200 https://registry.npmjs.org/esbuild-linux-ppc64le 27ms (cache hit)
1023 silly packumentCache full:https://registry.npmjs.org/esbuild-linux-ppc64le set size:694098 disposed:false
1024 silly fetch manifest mute-stream@0.0.8
1025 silly packumentCache full:https://registry.npmjs.org/mute-stream cache-miss
1026 http fetch GET 200 https://registry.npmjs.org/esbuild-freebsd-arm64 30ms (cache hit)
1027 silly packumentCache full:https://registry.npmjs.org/esbuild-freebsd-arm64 set size:614941 disposed:false
1028 silly fetch manifest ansi-escapes@^4.2.1
1029 silly packumentCache full:https://registry.npmjs.org/ansi-escapes cache-miss
1030 http fetch GET 200 https://registry.npmjs.org/esbuild-linux-riscv64 30ms (cache hit)
1031 silly packumentCache full:https://registry.npmjs.org/esbuild-linux-riscv64 set size:128029 disposed:false
1032 silly fetch manifest external-editor@^3.0.3
1033 silly packumentCache full:https://registry.npmjs.org/external-editor cache-miss
1034 http fetch GET 200 https://registry.npmjs.org/@esbuild%2flinux-loong64 26ms (cache hit)
1035 silly packumentCache full:https://registry.npmjs.org/@esbuild%2flinux-loong64 set size:242096 disposed:false
1036 silly fetch manifest copy-anything@^2.0.1
1037 silly packumentCache full:https://registry.npmjs.org/copy-anything cache-miss
1038 http fetch GET 200 https://registry.npmjs.org/esbuild-windows-arm64 28ms (cache hit)
1039 silly packumentCache full:https://registry.npmjs.org/esbuild-windows-arm64 set size:220550 disposed:false
1040 silly fetch manifest parse-node-version@^1.0.1
1041 silly packumentCache full:https://registry.npmjs.org/parse-node-version cache-miss
1042 http fetch GET 200 https://registry.npmjs.org/agent-base 24ms (cache hit)
1043 silly packumentCache full:https://registry.npmjs.org/agent-base set size:67460 disposed:false
1044 silly fetch manifest mime@^1.4.1
1045 silly packumentCache full:https://registry.npmjs.org/mime cache-miss
1046 http fetch GET 200 https://registry.npmjs.org/esbuild-linux-mips64le 27ms (cache hit)
1047 silly packumentCache full:https://registry.npmjs.org/esbuild-linux-mips64le set size:457654 disposed:false
1048 silly fetch manifest errno@^0.1.1
1049 silly packumentCache full:https://registry.npmjs.org/errno cache-miss
1050 http fetch GET 200 https://registry.npmjs.org/figures 25ms (cache hit)
1051 silly packumentCache full:https://registry.npmjs.org/figures set size:64597 disposed:false
1052 silly fetch manifest needle@^3.1.0
1053 silly packumentCache full:https://registry.npmjs.org/needle cache-miss
1054 http fetch GET 200 https://registry.npmjs.org/through 23ms (cache hit)
1055 silly packumentCache full:https://registry.npmjs.org/through set size:38387 disposed:false
1056 silly fetch manifest make-dir@^2.1.0
1057 silly packumentCache full:https://registry.npmjs.org/make-dir cache-miss
1058 http fetch GET 200 https://registry.npmjs.org/cli-width 22ms (cache hit)
1059 silly packumentCache full:https://registry.npmjs.org/cli-width set size:24976 disposed:false
1060 silly fetch manifest image-size@~0.5.0
1061 silly packumentCache full:https://registry.npmjs.org/image-size cache-miss
1062 http fetch GET 200 https://registry.npmjs.org/run-async 19ms (cache hit)
1063 silly packumentCache full:https://registry.npmjs.org/run-async set size:30788 disposed:false
1064 silly fetch manifest source-map@~0.6.0
1065 silly packumentCache full:https://registry.npmjs.org/source-map cache-hit
1066 silly fetch manifest klona@^2.0.4
1067 silly packumentCache full:https://registry.npmjs.org/klona cache-miss
1068 http fetch GET 200 https://registry.npmjs.org/ansi-escapes 13ms (cache hit)
1069 silly packumentCache full:https://registry.npmjs.org/ansi-escapes set size:68402 disposed:false
1070 silly fetch manifest brace-expansion@^2.0.1
1071 silly packumentCache full:https://registry.npmjs.org/brace-expansion cache-miss
1072 http fetch GET 200 https://registry.npmjs.org/mute-stream 17ms (cache hit)
1073 silly packumentCache full:https://registry.npmjs.org/mute-stream set size:21918 disposed:false
1074 silly fetch manifest resolve@^1.1.7
1075 silly packumentCache full:https://registry.npmjs.org/resolve cache-hit
1076 silly fetch manifest read-cache@^1.0.0
1077 silly packumentCache full:https://registry.npmjs.org/read-cache cache-miss
1078 http fetch GET 200 https://registry.npmjs.org/external-editor 16ms (cache hit)
1079 silly packumentCache full:https://registry.npmjs.org/external-editor set size:48675 disposed:false
1080 silly fetch manifest postcss-value-parser@^4.0.0
1081 silly packumentCache full:https://registry.npmjs.org/postcss-value-parser cache-hit
1082 silly fetch manifest klona@^2.0.5
1083 silly packumentCache full:https://registry.npmjs.org/klona cache-miss
1084 http fetch GET 200 https://registry.npmjs.org/copy-anything 13ms (cache hit)
1085 silly packumentCache full:https://registry.npmjs.org/copy-anything set size:101828 disposed:false
1086 silly fetch manifest semver@^7.3.7
1087 silly packumentCache full:https://registry.npmjs.org/semver cache-hit
1088 silly fetch manifest cosmiconfig@^7.0.0
1089 silly packumentCache full:https://registry.npmjs.org/cosmiconfig cache-miss
1090 http fetch GET 200 https://registry.npmjs.org/errno 11ms (cache hit)
1091 silly packumentCache full:https://registry.npmjs.org/errno set size:26467 disposed:false
1092 silly fetch manifest cssdb@^7.0.0
1093 silly packumentCache full:https://registry.npmjs.org/cssdb cache-miss
1094 http fetch GET 200 https://registry.npmjs.org/parse-node-version 14ms (cache hit)
1095 silly packumentCache full:https://registry.npmjs.org/parse-node-version set size:11258 disposed:false
1096 silly fetch manifest autoprefixer@^10.4.8
1097 silly packumentCache full:https://registry.npmjs.org/autoprefixer cache-miss
1098 http fetch GET 200 https://registry.npmjs.org/mime 14ms (cache hit)
1099 silly packumentCache full:https://registry.npmjs.org/mime set size:119236 disposed:false
1100 silly fetch manifest postcss-clamp@^4.1.0
1101 silly packumentCache full:https://registry.npmjs.org/postcss-clamp cache-miss
1102 http fetch GET 200 https://registry.npmjs.org/make-dir 11ms (cache hit)
1103 silly packumentCache full:https://registry.npmjs.org/make-dir set size:34889 disposed:false
1104 silly fetch manifest postcss-place@^7.0.5
1105 silly packumentCache full:https://registry.npmjs.org/postcss-place cache-miss
1106 http fetch GET 200 https://registry.npmjs.org/needle 13ms (cache hit)
1107 silly packumentCache full:https://registry.npmjs.org/needle set size:227370 disposed:false
1108 silly fetch manifest css-has-pseudo@^3.0.4
1109 silly packumentCache full:https://registry.npmjs.org/css-has-pseudo cache-miss
1110 http fetch GET 200 https://registry.npmjs.org/image-size 13ms (cache hit)
1111 silly packumentCache full:https://registry.npmjs.org/image-size set size:155542 disposed:false
1112 silly fetch manifest postcss-initial@^4.0.1
1113 silly packumentCache full:https://registry.npmjs.org/postcss-initial cache-miss
1114 http fetch GET 200 https://registry.npmjs.org/klona 15ms (cache hit)
1115 silly packumentCache full:https://registry.npmjs.org/klona set size:42195 disposed:false
1116 silly fetch manifest postcss-logical@^5.0.4
1117 silly packumentCache full:https://registry.npmjs.org/postcss-logical cache-miss
1118 http fetch GET 200 https://registry.npmjs.org/brace-expansion 15ms (cache hit)
1119 silly packumentCache full:https://registry.npmjs.org/brace-expansion set size:46250 disposed:false
1120 silly fetch manifest postcss-nesting@^10.1.10
1121 silly packumentCache full:https://registry.npmjs.org/postcss-nesting cache-miss
1122 http fetch GET 200 https://registry.npmjs.org/read-cache 13ms (cache hit)
1123 silly packumentCache full:https://registry.npmjs.org/read-cache set size:3003 disposed:false
1124 silly fetch manifest css-blank-pseudo@^3.0.3
1125 silly packumentCache full:https://registry.npmjs.org/css-blank-pseudo cache-miss
1126 http fetch GET 200 https://registry.npmjs.org/klona 12ms (cache hit)
1127 silly packumentCache full:https://registry.npmjs.org/klona set size:42195 disposed:false
1128 silly packumentCache full:https://registry.npmjs.org/klona dispose
1129 silly fetch manifest postcss-page-break@^3.0.4
1130 silly packumentCache full:https://registry.npmjs.org/postcss-page-break cache-miss
1131 http fetch GET 200 https://registry.npmjs.org/cosmiconfig 12ms (cache hit)
1132 silly packumentCache full:https://registry.npmjs.org/cosmiconfig set size:275399 disposed:false
1133 silly fetch manifest postcss-custom-media@^8.0.2
1134 silly packumentCache full:https://registry.npmjs.org/postcss-custom-media cache-miss
1135 http fetch GET 200 https://registry.npmjs.org/cssdb 15ms (cache hit)
1136 silly packumentCache full:https://registry.npmjs.org/cssdb set size:274869 disposed:false
1137 silly fetch manifest postcss-env-function@^4.0.6
1138 silly packumentCache full:https://registry.npmjs.org/postcss-env-function cache-miss
1139 http fetch GET 200 https://registry.npmjs.org/autoprefixer 17ms (cache hit)
1140 silly packumentCache full:https://registry.npmjs.org/autoprefixer set size:1261581 disposed:false
1141 silly fetch manifest postcss-focus-within@^5.0.4
1142 silly packumentCache full:https://registry.npmjs.org/postcss-focus-within cache-miss
1143 http fetch GET 200 https://registry.npmjs.org/postcss-clamp 23ms (cache hit)
1144 silly packumentCache full:https://registry.npmjs.org/postcss-clamp set size:22705 disposed:false
1145 silly fetch manifest postcss-font-variant@^5.0.0
1146 silly packumentCache full:https://registry.npmjs.org/postcss-font-variant cache-miss
1147 http fetch GET 200 https://registry.npmjs.org/postcss-place 24ms (cache hit)
1148 silly packumentCache full:https://registry.npmjs.org/postcss-place set size:65066 disposed:false
1149 silly fetch manifest postcss-lab-function@^4.2.1
1150 silly packumentCache full:https://registry.npmjs.org/postcss-lab-function cache-miss
1151 http fetch GET 200 https://registry.npmjs.org/css-has-pseudo 24ms (cache hit)
1152 silly packumentCache full:https://registry.npmjs.org/css-has-pseudo set size:129001 disposed:false
1153 silly fetch manifest postcss-media-minmax@^5.0.0
1154 silly packumentCache full:https://registry.npmjs.org/postcss-media-minmax cache-miss
1155 http fetch GET 200 https://registry.npmjs.org/postcss-initial 24ms (cache hit)
1156 silly packumentCache full:https://registry.npmjs.org/postcss-initial set size:41882 disposed:false
1157 silly fetch manifest postcss-selector-not@^6.0.1
1158 silly packumentCache full:https://registry.npmjs.org/postcss-selector-not cache-miss
1159 http fetch GET 200 https://registry.npmjs.org/css-blank-pseudo 21ms (cache hit)
1160 silly packumentCache full:https://registry.npmjs.org/css-blank-pseudo set size:93102 disposed:false
1161 silly fetch manifest postcss-focus-visible@^6.0.4
1162 silly packumentCache full:https://registry.npmjs.org/postcss-focus-visible cache-miss
1163 http fetch GET 200 https://registry.npmjs.org/postcss-logical 24ms (cache hit)
1164 silly packumentCache full:https://registry.npmjs.org/postcss-logical set size:75922 disposed:false
1165 silly fetch manifest postcss-gap-properties@^3.0.5
1166 silly packumentCache full:https://registry.npmjs.org/postcss-gap-properties cache-miss
1167 http fetch GET 200 https://registry.npmjs.org/postcss-nesting 24ms (cache hit)
1168 silly packumentCache full:https://registry.npmjs.org/postcss-nesting set size:192460 disposed:false
1169 silly fetch manifest postcss-color-hex-alpha@^8.0.4
1170 silly packumentCache full:https://registry.npmjs.org/postcss-color-hex-alpha cache-miss
1171 http fetch GET 200 https://registry.npmjs.org/postcss-page-break 26ms (cache hit)
1172 silly packumentCache full:https://registry.npmjs.org/postcss-page-break set size:22100 disposed:false
1173 silly fetch manifest css-prefers-color-scheme@^6.0.3
1174 silly packumentCache full:https://registry.npmjs.org/css-prefers-color-scheme cache-miss
1175 http fetch GET 200 https://registry.npmjs.org/postcss-custom-media 24ms (cache hit)
1176 silly packumentCache full:https://registry.npmjs.org/postcss-custom-media set size:146480 disposed:false
1177 silly fetch manifest postcss-custom-selectors@^6.0.3
1178 silly packumentCache full:https://registry.npmjs.org/postcss-custom-selectors cache-miss
1179 http fetch GET 200 https://registry.npmjs.org/postcss-env-function 23ms (cache hit)
1180 silly packumentCache full:https://registry.npmjs.org/postcss-env-function set size:59070 disposed:false
1181 silly fetch manifest postcss-dir-pseudo-class@^6.0.5
1182 silly packumentCache full:https://registry.npmjs.org/postcss-dir-pseudo-class cache-miss
1183 http fetch GET 200 https://registry.npmjs.org/postcss-focus-within 18ms (cache hit)
1184 silly packumentCache full:https://registry.npmjs.org/postcss-focus-within set size:73158 disposed:false
1185 silly fetch manifest @csstools/postcss-ic-unit@^1.0.1
1186 silly packumentCache full:https://registry.npmjs.org/@csstools%2fpostcss-ic-unit cache-miss
1187 http fetch GET 200 https://registry.npmjs.org/postcss-font-variant 15ms (cache hit)
1188 silly packumentCache full:https://registry.npmjs.org/postcss-font-variant set size:24538 disposed:false
1189 silly fetch manifest postcss-custom-properties@^12.1.8
1190 silly packumentCache full:https://registry.npmjs.org/postcss-custom-properties cache-miss
1191 http fetch GET 200 https://registry.npmjs.org/postcss-lab-function 16ms (cache hit)
1192 silly packumentCache full:https://registry.npmjs.org/postcss-lab-function set size:184601 disposed:false
1193 silly fetch manifest postcss-image-set-function@^4.0.7
1194 silly packumentCache full:https://registry.npmjs.org/postcss-image-set-function cache-miss
1195 http fetch GET 200 https://registry.npmjs.org/postcss-media-minmax 16ms (cache hit)
1196 silly packumentCache full:https://registry.npmjs.org/postcss-media-minmax set size:26786 disposed:false
1197 silly fetch manifest postcss-opacity-percentage@^1.1.2
1198 silly packumentCache full:https://registry.npmjs.org/postcss-opacity-percentage cache-miss
1199 http fetch GET 200 https://registry.npmjs.org/postcss-selector-not 15ms (cache hit)
1200 silly packumentCache full:https://registry.npmjs.org/postcss-selector-not set size:54015 disposed:false
1201 silly fetch manifest postcss-overflow-shorthand@^3.0.4
1202 silly packumentCache full:https://registry.npmjs.org/postcss-overflow-shorthand cache-miss
1203 http fetch GET 200 https://registry.npmjs.org/postcss-gap-properties 14ms (cache hit)
1204 silly packumentCache full:https://registry.npmjs.org/postcss-gap-properties set size:47202 disposed:false
1205 silly fetch manifest postcss-color-rebeccapurple@^7.1.1
1206 silly packumentCache full:https://registry.npmjs.org/postcss-color-rebeccapurple cache-miss
1207 http fetch GET 200 https://registry.npmjs.org/postcss-color-hex-alpha 14ms (cache hit)
1208 silly packumentCache full:https://registry.npmjs.org/postcss-color-hex-alpha set size:77476 disposed:false
1209 silly fetch manifest @csstools/postcss-nested-calc@^1.0.0
1210 silly packumentCache full:https://registry.npmjs.org/@csstools%2fpostcss-nested-calc cache-miss
1211 http fetch GET 200 https://registry.npmjs.org/postcss-focus-visible 18ms (cache hit)
1212 silly packumentCache full:https://registry.npmjs.org/postcss-focus-visible set size:67015 disposed:false
1213 silly fetch manifest @csstools/postcss-unset-value@^1.0.2
1214 silly packumentCache full:https://registry.npmjs.org/@csstools%2fpostcss-unset-value cache-miss
1215 http fetch GET 200 https://registry.npmjs.org/postcss-custom-selectors 13ms (cache hit)
1216 silly packumentCache full:https://registry.npmjs.org/postcss-custom-selectors set size:122150 disposed:false
1217 silly fetch manifest postcss-pseudo-class-any-link@^7.1.6
1218 silly packumentCache full:https://registry.npmjs.org/postcss-pseudo-class-any-link cache-miss
1219 http fetch GET 200 https://registry.npmjs.org/css-prefers-color-scheme 15ms (cache hit)
1220 silly packumentCache full:https://registry.npmjs.org/css-prefers-color-scheme set size:83953 disposed:false
1221 silly fetch manifest postcss-replace-overflow-wrap@^4.0.0
1222 silly packumentCache full:https://registry.npmjs.org/postcss-replace-overflow-wrap cache-miss
1223 http fetch GET 200 https://registry.npmjs.org/postcss-dir-pseudo-class 13ms (cache hit)
1224 silly packumentCache full:https://registry.npmjs.org/postcss-dir-pseudo-class set size:67672 disposed:false
1225 silly fetch manifest @csstools/postcss-hwb-function@^1.0.2
1226 silly packumentCache full:https://registry.npmjs.org/@csstools%2fpostcss-hwb-function cache-miss
1227 http fetch GET 200 https://registry.npmjs.org/@csstools%2fpostcss-ic-unit 13ms (cache hit)
1228 silly packumentCache full:https://registry.npmjs.org/@csstools%2fpostcss-ic-unit set size:60691 disposed:false
1229 silly fetch manifest @csstools/postcss-cascade-layers@^1.0.5
1230 silly packumentCache full:https://registry.npmjs.org/@csstools%2fpostcss-cascade-layers cache-miss
1231 http fetch GET 200 https://registry.npmjs.org/postcss-custom-properties 13ms (cache hit)
1232 silly packumentCache full:https://registry.npmjs.org/postcss-custom-properties set size:277292 disposed:false
1233 silly fetch manifest @csstools/postcss-color-function@^1.1.1
1234 silly packumentCache full:https://registry.npmjs.org/@csstools%2fpostcss-color-function cache-miss
1235 http fetch GET 200 https://registry.npmjs.org/postcss-image-set-function 13ms (cache hit)
1236 silly packumentCache full:https://registry.npmjs.org/postcss-image-set-function set size:72010 disposed:false
1237 silly fetch manifest @csstools/postcss-oklab-function@^1.1.1
1238 silly packumentCache full:https://registry.npmjs.org/@csstools%2fpostcss-oklab-function cache-miss
1239 http fetch GET 200 https://registry.npmjs.org/postcss-opacity-percentage 13ms (cache hit)
1240 silly packumentCache full:https://registry.npmjs.org/postcss-opacity-percentage set size:28101 disposed:false
1241 silly fetch manifest @csstools/postcss-is-pseudo-class@^2.0.7
1242 silly packumentCache full:https://registry.npmjs.org/@csstools%2fpostcss-is-pseudo-class cache-miss
1243 http fetch GET 200 https://registry.npmjs.org/postcss-overflow-shorthand 12ms (cache hit)
1244 silly packumentCache full:https://registry.npmjs.org/postcss-overflow-shorthand set size:46723 disposed:false
1245 silly fetch manifest postcss-color-functional-notation@^4.2.4
1246 silly packumentCache full:https://registry.npmjs.org/postcss-color-functional-notation cache-miss
1247 http fetch GET 200 https://registry.npmjs.org/postcss-color-rebeccapurple 12ms (cache hit)
1248 silly packumentCache full:https://registry.npmjs.org/postcss-color-rebeccapurple set size:76868 disposed:false
1249 silly fetch manifest postcss-double-position-gradients@^3.1.2
1250 silly packumentCache full:https://registry.npmjs.org/postcss-double-position-gradients cache-miss
1251 http fetch GET 200 https://registry.npmjs.org/@csstools%2fpostcss-nested-calc 13ms (cache hit)
1252 silly packumentCache full:https://registry.npmjs.org/@csstools%2fpostcss-nested-calc set size:30720 disposed:false
1253 silly fetch manifest postcss-attribute-case-insensitive@^5.0.2
1254 silly packumentCache full:https://registry.npmjs.org/postcss-attribute-case-insensitive cache-miss
1255 http fetch GET 200 https://registry.npmjs.org/@csstools%2fpostcss-unset-value 11ms (cache hit)
1256 silly packumentCache full:https://registry.npmjs.org/@csstools%2fpostcss-unset-value set size:32157 disposed:false
1257 silly fetch manifest @csstools/postcss-font-format-keywords@^1.0.1
1258 silly packumentCache full:https://registry.npmjs.org/@csstools%2fpostcss-font-format-keywords cache-miss
1259 http fetch GET 200 https://registry.npmjs.org/postcss-pseudo-class-any-link 11ms (cache hit)
1260 silly packumentCache full:https://registry.npmjs.org/postcss-pseudo-class-any-link set size:87436 disposed:false
1261 silly fetch manifest @csstools/postcss-stepped-value-functions@^1.0.1
1262 silly packumentCache full:https://registry.npmjs.org/@csstools%2fpostcss-stepped-value-functions cache-miss
1263 http fetch GET 200 https://registry.npmjs.org/postcss-replace-overflow-wrap 12ms (cache hit)
1264 silly packumentCache full:https://registry.npmjs.org/postcss-replace-overflow-wrap set size:12387 disposed:false
1265 silly fetch manifest @csstools/postcss-trigonometric-functions@^1.0.2
1266 silly packumentCache full:https://registry.npmjs.org/@csstools%2fpostcss-trigonometric-functions cache-miss
1267 http fetch GET 200 https://registry.npmjs.org/@csstools%2fpostcss-hwb-function 11ms (cache hit)
1268 silly packumentCache full:https://registry.npmjs.org/@csstools%2fpostcss-hwb-function set size:123464 disposed:false
1269 silly fetch manifest @csstools/postcss-normalize-display-values@^1.0.1
1270 silly packumentCache full:https://registry.npmjs.org/@csstools%2fpostcss-normalize-display-values cache-miss
1271 http fetch GET 200 https://registry.npmjs.org/@csstools%2fpostcss-cascade-layers 11ms (cache hit)
1272 silly packumentCache full:https://registry.npmjs.org/@csstools%2fpostcss-cascade-layers set size:86869 disposed:false
1273 silly fetch manifest @csstools/postcss-text-decoration-shorthand@^1.0.0
1274 silly packumentCache full:https://registry.npmjs.org/@csstools%2fpostcss-text-decoration-shorthand cache-miss
1275 http fetch GET 200 https://registry.npmjs.org/@csstools%2fpostcss-color-function 11ms (cache hit)
1276 silly packumentCache full:https://registry.npmjs.org/@csstools%2fpostcss-color-function set size:142413 disposed:false
1277 silly fetch manifest @csstools/postcss-progressive-custom-properties@^1.3.0
1278 silly packumentCache full:https://registry.npmjs.org/@csstools%2fpostcss-progressive-custom-properties cache-miss
1279 http fetch GET 200 https://registry.npmjs.org/@csstools%2fpostcss-oklab-function 12ms (cache hit)
1280 silly packumentCache full:https://registry.npmjs.org/@csstools%2fpostcss-oklab-function set size:135393 disposed:false
1281 silly fetch manifest immutable@^4.0.0
1282 silly packumentCache full:https://registry.npmjs.org/immutable cache-miss
1283 http fetch GET 200 https://registry.npmjs.org/@csstools%2fpostcss-is-pseudo-class 12ms (cache hit)
1284 silly packumentCache full:https://registry.npmjs.org/@csstools%2fpostcss-is-pseudo-class set size:102055 disposed:false
1285 silly fetch manifest lru-cache@^6.0.0
1286 silly packumentCache full:https://registry.npmjs.org/lru-cache cache-hit
1287 silly fetch manifest abab@^2.0.6
1288 silly packumentCache full:https://registry.npmjs.org/abab cache-miss
1289 http fetch GET 200 https://registry.npmjs.org/postcss-color-functional-notation 12ms (cache hit)
1290 silly packumentCache full:https://registry.npmjs.org/postcss-color-functional-notation set size:152605 disposed:false
1291 silly fetch manifest iconv-lite@^0.6.3
1292 silly packumentCache full:https://registry.npmjs.org/iconv-lite cache-miss
1293 http fetch GET 200 https://registry.npmjs.org/postcss-double-position-gradients 12ms (cache hit)
1294 silly packumentCache full:https://registry.npmjs.org/postcss-double-position-gradients set size:95564 disposed:false
1295 silly fetch manifest sax@~1.2.4
1296 silly packumentCache full:https://registry.npmjs.org/sax cache-miss
1297 http fetch GET 200 https://registry.npmjs.org/postcss-attribute-case-insensitive 13ms (cache hit)
1298 silly packumentCache full:https://registry.npmjs.org/postcss-attribute-case-insensitive set size:60603 disposed:false
1299 silly fetch manifest source-map@^0.7.3
1300 silly packumentCache full:https://registry.npmjs.org/source-map cache-hit
1301 silly fetch manifest @adobe/css-tools@^4.0.1
1302 silly packumentCache full:https://registry.npmjs.org/@adobe%2fcss-tools cache-miss
1303 http fetch GET 200 https://registry.npmjs.org/@csstools%2fpostcss-font-format-keywords 13ms (cache hit)
1304 silly packumentCache full:https://registry.npmjs.org/@csstools%2fpostcss-font-format-keywords set size:35694 disposed:false
1305 silly fetch manifest memfs@^3.4.3
1306 silly packumentCache full:https://registry.npmjs.org/memfs cache-miss
1307 http fetch GET 200 https://registry.npmjs.org/@csstools%2fpostcss-stepped-value-functions 12ms (cache hit)
1308 silly packumentCache full:https://registry.npmjs.org/@csstools%2fpostcss-stepped-value-functions set size:84318 disposed:false
1309 http fetch GET 200 https://registry.npmjs.org/@csstools%2fpostcss-trigonometric-functions 12ms (cache hit)
1310 silly packumentCache full:https://registry.npmjs.org/@csstools%2fpostcss-trigonometric-functions set size:92415 disposed:false
1311 http fetch GET 200 https://registry.npmjs.org/@csstools%2fpostcss-normalize-display-values 12ms (cache hit)
1312 silly packumentCache full:https://registry.npmjs.org/@csstools%2fpostcss-normalize-display-values set size:35569 disposed:false
1313 http fetch GET 200 https://registry.npmjs.org/@csstools%2fpostcss-text-decoration-shorthand 11ms (cache hit)
1314 silly packumentCache full:https://registry.npmjs.org/@csstools%2fpostcss-text-decoration-shorthand set size:74550 disposed:false
1315 http fetch GET 200 https://registry.npmjs.org/@csstools%2fpostcss-progressive-custom-properties 11ms (cache hit)
1316 silly packumentCache full:https://registry.npmjs.org/@csstools%2fpostcss-progressive-custom-properties set size:75625 disposed:false
1317 http fetch GET 200 https://registry.npmjs.org/abab 9ms (cache hit)
1318 silly packumentCache full:https://registry.npmjs.org/abab set size:30406 disposed:false
1319 http fetch GET 200 https://registry.npmjs.org/immutable 10ms (cache hit)
1320 silly packumentCache full:https://registry.npmjs.org/immutable set size:267034 disposed:false
1321 http fetch GET 200 https://registry.npmjs.org/iconv-lite 10ms (cache hit)
1322 silly packumentCache full:https://registry.npmjs.org/iconv-lite set size:120557 disposed:false
1323 http fetch GET 200 https://registry.npmjs.org/sax 11ms (cache hit)
1324 silly packumentCache full:https://registry.npmjs.org/sax set size:87969 disposed:false
1325 http fetch GET 200 https://registry.npmjs.org/@adobe%2fcss-tools 10ms (cache hit)
1326 silly packumentCache full:https://registry.npmjs.org/@adobe%2fcss-tools set size:89295 disposed:false
1327 http fetch GET 200 https://registry.npmjs.org/memfs 10ms (cache hit)
1328 silly packumentCache full:https://registry.npmjs.org/memfs set size:799866 disposed:false
1329 silly placeDep ROOT @jridgewell/gen-mapping@0.1.1 OK for: @ampproject/remapping@2.2.0 want: ^0.1.0
1330 silly placeDep node_modules/@angular-devkit/architect rxjs@6.6.7 OK for: @angular-devkit/architect@0.1402.13 want: 6.6.7
1331 silly fetch manifest tslib@^1.9.0
1332 silly packumentCache full:https://registry.npmjs.org/tslib cache-hit
1333 silly placeDep node_modules/@angular-devkit/build-webpack rxjs@6.6.7 OK for: @angular-devkit/build-webpack@0.1402.13 want: 6.6.7
1334 silly placeDep node_modules/@angular-devkit/core ajv@8.11.0 OK for: @angular-devkit/core@14.2.13 want: 8.11.0
1335 silly placeDep node_modules/@angular-devkit/core rxjs@6.6.7 OK for: @angular-devkit/core@14.2.13 want: 6.6.7
1336 silly placeDep ROOT source-map@0.7.4 OK for: @angular-devkit/core@14.2.13 want: 0.7.4
1337 silly fetch manifest json-schema-traverse@^1.0.0
1338 silly packumentCache full:https://registry.npmjs.org/json-schema-traverse cache-miss
1339 http fetch GET 200 https://registry.npmjs.org/json-schema-traverse 2ms (cache hit)
1340 silly packumentCache full:https://registry.npmjs.org/json-schema-traverse set size:23537 disposed:false
1341 silly placeDep ROOT @angular-devkit/schematics@14.2.13 OK for: @angular/cli@14.2.13 want: 14.2.13
1342 silly placeDep ROOT @schematics/angular@14.2.13 OK for: @angular/cli@14.2.13 want: 14.2.13
1343 silly placeDep ROOT debug@4.3.4 REPLACE for: @angular/cli@14.2.13 want: 4.3.4
1344 silly placeDep ROOT ini@3.0.0 OK for: @angular/cli@14.2.13 want: 3.0.0
1345 silly placeDep ROOT npm-package-arg@9.1.0 OK for: @angular/cli@14.2.13 want: 9.1.0
1346 silly placeDep ROOT npm-pick-manifest@7.0.1 OK for: @angular/cli@14.2.13 want: 7.0.1
1347 silly placeDep ROOT pacote@13.6.2 OK for: @angular/cli@14.2.13 want: 13.6.2
1348 silly placeDep ROOT resolve@1.22.1 OK for: @angular/cli@14.2.13 want: 1.22.1
1349 silly placeDep node_modules/@angular/cli semver@7.5.3 OK for: @angular/cli@14.2.13 want: 7.5.3
1350 silly placeDep ROOT yargs@17.5.1 OK for: @angular/cli@14.2.13 want: 17.5.1
1351 silly fetch manifest magic-string@0.26.2
1352 silly packumentCache full:https://registry.npmjs.org/magic-string cache-hit
1353 silly fetch manifest proc-log@^2.0.1
1354 silly packumentCache full:https://registry.npmjs.org/proc-log cache-miss
1355 silly fetch manifest hosted-git-info@^5.0.0
1356 silly packumentCache full:https://registry.npmjs.org/hosted-git-info cache-miss
1357 silly fetch manifest validate-npm-package-name@^4.0.0
1358 silly packumentCache full:https://registry.npmjs.org/validate-npm-package-name cache-miss
1359 silly fetch manifest npm-install-checks@^5.0.0
1360 silly packumentCache full:https://registry.npmjs.org/npm-install-checks cache-miss
1361 silly fetch manifest npm-normalize-package-bin@^1.0.1
1362 silly packumentCache full:https://registry.npmjs.org/npm-normalize-package-bin cache-miss
1363 silly fetch manifest proc-log@^2.0.0
1364 silly packumentCache full:https://registry.npmjs.org/proc-log cache-miss
1365 silly fetch manifest @npmcli/git@^3.0.0
1366 silly packumentCache full:https://registry.npmjs.org/@npmcli%2fgit cache-miss
1367 silly fetch manifest npm-packlist@^5.1.0
1368 silly packumentCache full:https://registry.npmjs.org/npm-packlist cache-miss
1369 silly fetch manifest promise-retry@^2.0.1
1370 silly packumentCache full:https://registry.npmjs.org/promise-retry cache-miss
1371 silly fetch manifest read-package-json@^5.0.0
1372 silly packumentCache full:https://registry.npmjs.org/read-package-json cache-miss
1373 silly fetch manifest @npmcli/run-script@^4.1.0
1374 silly packumentCache full:https://registry.npmjs.org/@npmcli%2frun-script cache-miss
1375 http fetch GET 200 https://registry.npmjs.org/proc-log 9ms (cache hit)
1376 silly packumentCache full:https://registry.npmjs.org/proc-log set size:33588 disposed:false
1377 silly fetch manifest npm-registry-fetch@^13.0.1
1378 silly packumentCache full:https://registry.npmjs.org/npm-registry-fetch cache-miss
1379 http fetch GET 200 https://registry.npmjs.org/validate-npm-package-name 8ms (cache hit)
1380 silly packumentCache full:https://registry.npmjs.org/validate-npm-package-name set size:48201 disposed:false
1381 silly fetch manifest @npmcli/promise-spawn@^3.0.0
1382 silly packumentCache full:https://registry.npmjs.org/@npmcli%2fpromise-spawn cache-miss
1383 http fetch GET 200 https://registry.npmjs.org/hosted-git-info 9ms (cache hit)
1384 silly packumentCache full:https://registry.npmjs.org/hosted-git-info set size:178912 disposed:false
1385 silly fetch manifest read-package-json-fast@^2.0.3
1386 silly packumentCache full:https://registry.npmjs.org/read-package-json-fast cache-miss
1387 http fetch GET 200 https://registry.npmjs.org/npm-normalize-package-bin 10ms (cache hit)
1388 silly packumentCache full:https://registry.npmjs.org/npm-normalize-package-bin set size:21797 disposed:false
1389 silly fetch manifest @npmcli/installed-package-contents@^1.0.7
1390 silly packumentCache full:https://registry.npmjs.org/@npmcli%2finstalled-package-contents cache-miss
1391 http fetch GET 200 https://registry.npmjs.org/npm-install-checks 11ms (cache hit)
1392 silly packumentCache full:https://registry.npmjs.org/npm-install-checks set size:59311 disposed:false
1393 silly fetch manifest path-parse@^1.0.7
1394 silly packumentCache full:https://registry.npmjs.org/path-parse cache-miss
1395 http fetch GET 200 https://registry.npmjs.org/npm-packlist 9ms (cache hit)
1396 silly packumentCache full:https://registry.npmjs.org/npm-packlist set size:188633 disposed:false
1397 silly fetch manifest is-core-module@^2.9.0
1398 silly packumentCache full:https://registry.npmjs.org/is-core-module cache-miss
1399 http fetch GET 200 https://registry.npmjs.org/@npmcli%2fgit 10ms (cache hit)
1400 silly packumentCache full:https://registry.npmjs.org/@npmcli%2fgit set size:110850 disposed:false
1401 silly fetch manifest supports-preserve-symlinks-flag@^1.0.0
1402 silly packumentCache full:https://registry.npmjs.org/supports-preserve-symlinks-flag cache-miss
1403 http fetch GET 200 https://registry.npmjs.org/proc-log 12ms (cache hit)
1404 silly packumentCache full:https://registry.npmjs.org/proc-log set size:33588 disposed:false
1405 silly packumentCache full:https://registry.npmjs.org/proc-log dispose
1406 silly fetch manifest cliui@^7.0.2
1407 silly packumentCache full:https://registry.npmjs.org/cliui cache-miss
1408 http fetch GET 200 https://registry.npmjs.org/promise-retry 13ms (cache hit)
1409 silly packumentCache full:https://registry.npmjs.org/promise-retry set size:34511 disposed:false
1410 silly fetch manifest yargs-parser@^21.0.0
1411 silly packumentCache full:https://registry.npmjs.org/yargs-parser cache-miss
1412 http fetch GET 200 https://registry.npmjs.org/read-package-json 12ms (cache hit)
1413 silly packumentCache full:https://registry.npmjs.org/read-package-json set size:180337 disposed:false
1414 http fetch GET 200 https://registry.npmjs.org/@npmcli%2frun-script 13ms (cache hit)
1415 silly packumentCache full:https://registry.npmjs.org/@npmcli%2frun-script set size:196862 disposed:false
1416 http fetch GET 200 https://registry.npmjs.org/@npmcli%2fpromise-spawn 11ms (cache hit)
1417 silly packumentCache full:https://registry.npmjs.org/@npmcli%2fpromise-spawn set size:68304 disposed:false
1418 http fetch GET 200 https://registry.npmjs.org/npm-registry-fetch 12ms (cache hit)
1419 silly packumentCache full:https://registry.npmjs.org/npm-registry-fetch set size:279474 disposed:false
1420 http fetch GET 200 https://registry.npmjs.org/@npmcli%2finstalled-package-contents 12ms (cache hit)
1421 silly packumentCache full:https://registry.npmjs.org/@npmcli%2finstalled-package-contents set size:49004 disposed:false
1422 http fetch GET 200 https://registry.npmjs.org/read-package-json-fast 12ms (cache hit)
1423 silly packumentCache full:https://registry.npmjs.org/read-package-json-fast set size:60487 disposed:false
1424 http fetch GET 200 https://registry.npmjs.org/is-core-module 10ms (cache hit)
1425 silly packumentCache full:https://registry.npmjs.org/is-core-module set size:71788 disposed:false
1426 http fetch GET 200 https://registry.npmjs.org/path-parse 12ms (cache hit)
1427 silly packumentCache full:https://registry.npmjs.org/path-parse set size:14523 disposed:false
1428 http fetch GET 200 https://registry.npmjs.org/supports-preserve-symlinks-flag 11ms (cache hit)
1429 silly packumentCache full:https://registry.npmjs.org/supports-preserve-symlinks-flag set size:6802 disposed:false
1430 http fetch GET 200 https://registry.npmjs.org/cliui 10ms (cache hit)
1431 silly packumentCache full:https://registry.npmjs.org/cliui set size:69089 disposed:false
1432 http fetch GET 200 https://registry.npmjs.org/yargs-parser 11ms (cache hit)
1433 silly packumentCache full:https://registry.npmjs.org/yargs-parser set size:238630 disposed:false
1434 silly placeDep ROOT magic-string@0.26.2 OK for: @angular-devkit/schematics@14.2.13 want: 0.26.2
1435 silly placeDep node_modules/@angular-devkit/schematics rxjs@6.6.7 OK for: @angular-devkit/schematics@14.2.13 want: 6.6.7
1436 silly placeDep ROOT dependency-graph@0.11.0 OK for: @angular/compiler-cli@14.3.0 want: ^0.11.0
1437 silly placeDep ROOT reflect-metadata@0.1.14 OK for: @angular/compiler-cli@14.3.0 want: ^0.1.2
1438 silly placeDep node_modules/@babel/generator @jridgewell/gen-mapping@0.3.13 OK for: @babel/generator@7.18.12 want: ^0.3.2
1439 silly placeDep ROOT jsesc@2.5.2 OK for: @babel/generator@7.18.12 want: ^2.5.1
1440 silly fetch manifest @babel/core@^7.0.0-0
1441 silly packumentCache full:https://registry.npmjs.org/@babel%2fcore cache-hit
1442 silly placeDep ROOT @babel/helper-environment-visitor@7.24.7 OK for: @babel/plugin-proposal-async-generator-functions@7.18.10 want: ^7.18.9
1443 silly placeDep ROOT @babel/helper-remap-async-to-generator@7.27.1 OK for: @babel/plugin-proposal-async-generator-functions@7.18.10 want: ^7.18.9
1444 silly placeDep ROOT @babel/plugin-syntax-async-generators@7.8.4 OK for: @babel/plugin-proposal-async-generator-functions@7.18.10 want: ^7.8.4
1445 silly fetch manifest @babel/traverse@^7.27.1
1446 silly packumentCache full:https://registry.npmjs.org/@babel%2ftraverse cache-miss
1447 silly fetch manifest @babel/helper-wrap-function@^7.27.1
1448 silly packumentCache full:https://registry.npmjs.org/@babel%2fhelper-wrap-function cache-miss
1449 silly fetch manifest @babel/helper-annotate-as-pure@^7.27.1
1450 silly packumentCache full:https://registry.npmjs.org/@babel%2fhelper-annotate-as-pure cache-hit
1451 http fetch GET 200 https://registry.npmjs.org/@babel%2fhelper-wrap-function 1ms (cache hit)
1452 silly packumentCache full:https://registry.npmjs.org/@babel%2fhelper-wrap-function set size:209344 disposed:false
1453 http fetch GET 200 https://registry.npmjs.org/@babel%2ftraverse 3ms (cache hit)
1454 silly packumentCache full:https://registry.npmjs.org/@babel%2ftraverse set size:540005 disposed:false
1455 silly placeDep node_modules/@babel/helper-remap-async-to-generator @babel/helper-annotate-as-pure@7.27.3 OK for: @babel/helper-remap-async-to-generator@7.27.1 want: ^7.27.1
1456 silly placeDep ROOT @babel/helper-wrap-function@7.28.6 OK for: @babel/helper-remap-async-to-generator@7.27.1 want: ^7.27.1
1457 silly placeDep ROOT @babel/traverse@7.28.6 REPLACE for: @babel/helper-remap-async-to-generator@7.27.1 want: ^7.27.1
1458 silly fetch manifest @babel/types@^7.27.3
1459 silly packumentCache full:https://registry.npmjs.org/@babel%2ftypes cache-miss
1460 silly fetch manifest @babel/template@^7.28.6
1461 silly packumentCache full:https://registry.npmjs.org/@babel%2ftemplate cache-hit
1462 silly fetch manifest @babel/traverse@^7.28.6
1463 silly packumentCache full:https://registry.npmjs.org/@babel%2ftraverse cache-hit
1464 silly fetch manifest @babel/types@^7.28.6
1465 silly packumentCache full:https://registry.npmjs.org/@babel%2ftypes cache-miss
1466 silly fetch manifest @babel/code-frame@^7.28.6
1467 silly packumentCache full:https://registry.npmjs.org/@babel%2fcode-frame cache-miss
1468 silly fetch manifest @babel/generator@^7.28.6
1469 silly packumentCache full:https://registry.npmjs.org/@babel%2fgenerator cache-hit
1470 silly fetch manifest @babel/helper-globals@^7.28.0
1471 silly packumentCache full:https://registry.npmjs.org/@babel%2fhelper-globals cache-miss
1472 silly fetch manifest @babel/parser@^7.28.6
1473 silly packumentCache full:https://registry.npmjs.org/@babel%2fparser cache-miss
1474 silly fetch manifest @babel/template@^7.28.6
1475 silly packumentCache full:https://registry.npmjs.org/@babel%2ftemplate cache-hit
1476 silly fetch manifest @babel/types@^7.28.6
1477 silly packumentCache full:https://registry.npmjs.org/@babel%2ftypes cache-miss
1478 http fetch GET 200 https://registry.npmjs.org/@babel%2ftypes 5ms (cache hit)
1479 silly packumentCache full:https://registry.npmjs.org/@babel%2ftypes set size:479758 disposed:false
1480 http fetch GET 200 https://registry.npmjs.org/@babel%2ftypes 7ms (cache hit)
1481 silly packumentCache full:https://registry.npmjs.org/@babel%2ftypes set size:479758 disposed:false
1482 silly packumentCache full:https://registry.npmjs.org/@babel%2ftypes dispose
1483 http fetch GET 200 https://registry.npmjs.org/@babel%2ftypes 7ms (cache hit)
1484 silly packumentCache full:https://registry.npmjs.org/@babel%2ftypes set size:479758 disposed:true
1485 silly packumentCache full:https://registry.npmjs.org/@babel%2ftypes dispose
1486 http fetch GET 200 https://registry.npmjs.org/@babel%2fhelper-globals 8ms (cache hit)
1487 silly packumentCache full:https://registry.npmjs.org/@babel%2fhelper-globals set size:9927 disposed:false
1488 http fetch GET 200 https://registry.npmjs.org/@babel%2fcode-frame 9ms (cache hit)
1489 silly packumentCache full:https://registry.npmjs.org/@babel%2fcode-frame set size:188246 disposed:false
1490 http fetch GET 200 https://registry.npmjs.org/@babel%2fparser 10ms (cache hit)
1491 silly packumentCache full:https://registry.npmjs.org/@babel%2fparser set size:707345 disposed:false
1492 silly placeDep node_modules/@babel/helper-wrap-function @babel/template@7.28.6 OK for: @babel/helper-wrap-function@7.28.6 want: ^7.28.6
1493 silly placeDep ROOT @babel/types@7.28.6 REPLACE for: @babel/helper-wrap-function@7.28.6 want: ^7.28.6
1494 silly fetch manifest @babel/helper-string-parser@^7.27.1
1495 silly packumentCache full:https://registry.npmjs.org/@babel%2fhelper-string-parser cache-miss
1496 silly fetch manifest @babel/helper-validator-identifier@^7.28.5
1497 silly packumentCache full:https://registry.npmjs.org/@babel%2fhelper-validator-identifier cache-miss
1498 http fetch GET 200 https://registry.npmjs.org/@babel%2fhelper-string-parser 2ms (cache hit)
1499 silly packumentCache full:https://registry.npmjs.org/@babel%2fhelper-string-parser set size:76579 disposed:false
1500 http fetch GET 200 https://registry.npmjs.org/@babel%2fhelper-validator-identifier 1ms (cache hit)
1501 silly packumentCache full:https://registry.npmjs.org/@babel%2fhelper-validator-identifier set size:110831 disposed:false
1502 silly placeDep ROOT babel-plugin-polyfill-corejs2@0.3.3 OK for: @babel/plugin-transform-runtime@7.18.10 want: ^0.3.2
1503 silly placeDep ROOT babel-plugin-polyfill-corejs3@0.5.3 OK for: @babel/plugin-transform-runtime@7.18.10 want: ^0.5.3
1504 silly placeDep ROOT babel-plugin-polyfill-regenerator@0.4.1 OK for: @babel/plugin-transform-runtime@7.18.10 want: ^0.4.0
1505 silly placeDep node_modules/@babel/plugin-transform-runtime semver@6.3.1 OK for: @babel/plugin-transform-runtime@7.18.10 want: ^6.3.0
1506 silly fetch manifest semver@^6.1.1
1507 silly packumentCache full:https://registry.npmjs.org/semver cache-hit
1508 silly fetch manifest @babel/helper-define-polyfill-provider@^0.3.3
1509 silly packumentCache full:https://registry.npmjs.org/@babel%2fhelper-define-polyfill-provider cache-miss
1510 silly fetch manifest core-js-compat@^3.21.0
1511 silly packumentCache full:https://registry.npmjs.org/core-js-compat cache-hit
1512 silly fetch manifest @babel/helper-define-polyfill-provider@^0.3.2
1513 silly packumentCache full:https://registry.npmjs.org/@babel%2fhelper-define-polyfill-provider cache-miss
1514 silly fetch manifest @babel/helper-define-polyfill-provider@^0.3.3
1515 silly packumentCache full:https://registry.npmjs.org/@babel%2fhelper-define-polyfill-provider cache-miss
1516 http fetch GET 200 https://registry.npmjs.org/@babel%2fhelper-define-polyfill-provider 3ms (cache hit)
1517 silly packumentCache full:https://registry.npmjs.org/@babel%2fhelper-define-polyfill-provider set size:103853 disposed:false
1518 http fetch GET 200 https://registry.npmjs.org/@babel%2fhelper-define-polyfill-provider 4ms (cache hit)
1519 silly packumentCache full:https://registry.npmjs.org/@babel%2fhelper-define-polyfill-provider set size:103853 disposed:false
1520 silly packumentCache full:https://registry.npmjs.org/@babel%2fhelper-define-polyfill-provider dispose
1521 http fetch GET 200 https://registry.npmjs.org/@babel%2fhelper-define-polyfill-provider 4ms (cache hit)
1522 silly packumentCache full:https://registry.npmjs.org/@babel%2fhelper-define-polyfill-provider set size:103853 disposed:true
1523 silly packumentCache full:https://registry.npmjs.org/@babel%2fhelper-define-polyfill-provider dispose
1524 silly placeDep ROOT @babel/plugin-bugfix-safari-id-destructuring-collision-in-function-expression@7.27.1 OK for: @babel/preset-env@7.18.10 want: ^7.18.6
1525 silly placeDep ROOT @babel/plugin-bugfix-v8-spread-parameters-in-optional-chaining@7.27.1 OK for: @babel/preset-env@7.18.10 want: ^7.18.9
1526 silly placeDep ROOT @babel/plugin-proposal-class-properties@7.18.6 OK for: @babel/preset-env@7.18.10 want: ^7.18.6
1527 silly placeDep ROOT @babel/plugin-proposal-class-static-block@7.21.0 OK for: @babel/preset-env@7.18.10 want: ^7.18.6
1528 silly placeDep ROOT @babel/plugin-proposal-dynamic-import@7.18.6 OK for: @babel/preset-env@7.18.10 want: ^7.18.6
1529 silly placeDep ROOT @babel/plugin-proposal-export-namespace-from@7.18.9 OK for: @babel/preset-env@7.18.10 want: ^7.18.9
1530 silly placeDep ROOT @babel/plugin-proposal-json-strings@7.18.6 OK for: @babel/preset-env@7.18.10 want: ^7.18.6
1531 silly placeDep ROOT @babel/plugin-proposal-logical-assignment-operators@7.20.7 OK for: @babel/preset-env@7.18.10 want: ^7.18.9
1532 silly placeDep ROOT @babel/plugin-proposal-nullish-coalescing-operator@7.18.6 OK for: @babel/preset-env@7.18.10 want: ^7.18.6
1533 silly placeDep ROOT @babel/plugin-proposal-numeric-separator@7.18.6 OK for: @babel/preset-env@7.18.10 want: ^7.18.6
1534 silly placeDep ROOT @babel/plugin-proposal-object-rest-spread@7.20.7 OK for: @babel/preset-env@7.18.10 want: ^7.18.9
1535 silly placeDep ROOT @babel/plugin-proposal-optional-catch-binding@7.18.6 OK for: @babel/preset-env@7.18.10 want: ^7.18.6
1536 silly placeDep ROOT @babel/plugin-proposal-optional-chaining@7.21.0 OK for: @babel/preset-env@7.18.10 want: ^7.18.9
1537 silly placeDep ROOT @babel/plugin-proposal-private-methods@7.18.6 OK for: @babel/preset-env@7.18.10 want: ^7.18.6
1538 silly placeDep ROOT @babel/plugin-proposal-private-property-in-object@7.21.11 OK for: @babel/preset-env@7.18.10 want: ^7.18.6
1539 silly placeDep ROOT @babel/plugin-proposal-unicode-property-regex@7.18.6 OK for: @babel/preset-env@7.18.10 want: ^7.18.6
1540 silly placeDep ROOT @babel/plugin-syntax-class-properties@7.12.13 OK for: @babel/preset-env@7.18.10 want: ^7.12.13
1541 silly placeDep ROOT @babel/plugin-syntax-class-static-block@7.14.5 OK for: @babel/preset-env@7.18.10 want: ^7.14.5
1542 silly placeDep ROOT @babel/plugin-syntax-dynamic-import@7.8.3 OK for: @babel/preset-env@7.18.10 want: ^7.8.3
1543 silly placeDep ROOT @babel/plugin-syntax-export-namespace-from@7.8.3 OK for: @babel/preset-env@7.18.10 want: ^7.8.3
1544 silly placeDep ROOT @babel/plugin-syntax-import-assertions@7.28.6 OK for: @babel/preset-env@7.18.10 want: ^7.18.6
1545 silly placeDep ROOT @babel/plugin-syntax-json-strings@7.8.3 OK for: @babel/preset-env@7.18.10 want: ^7.8.3
1546 silly placeDep ROOT @babel/plugin-syntax-logical-assignment-operators@7.10.4 OK for: @babel/preset-env@7.18.10 want: ^7.10.4
1547 silly placeDep ROOT @babel/plugin-syntax-nullish-coalescing-operator@7.8.3 OK for: @babel/preset-env@7.18.10 want: ^7.8.3
1548 silly placeDep ROOT @babel/plugin-syntax-numeric-separator@7.10.4 OK for: @babel/preset-env@7.18.10 want: ^7.10.4
1549 silly placeDep ROOT @babel/plugin-syntax-object-rest-spread@7.8.3 OK for: @babel/preset-env@7.18.10 want: ^7.8.3
1550 silly placeDep ROOT @babel/plugin-syntax-optional-catch-binding@7.8.3 OK for: @babel/preset-env@7.18.10 want: ^7.8.3
1551 silly placeDep ROOT @babel/plugin-syntax-optional-chaining@7.8.3 OK for: @babel/preset-env@7.18.10 want: ^7.8.3
1552 silly placeDep ROOT @babel/plugin-syntax-private-property-in-object@7.14.5 OK for: @babel/preset-env@7.18.10 want: ^7.14.5
1553 silly placeDep ROOT @babel/plugin-syntax-top-level-await@7.14.5 OK for: @babel/preset-env@7.18.10 want: ^7.14.5
1554 silly placeDep ROOT @babel/plugin-transform-arrow-functions@7.27.1 OK for: @babel/preset-env@7.18.10 want: ^7.18.6
1555 silly placeDep ROOT @babel/plugin-transform-block-scoped-functions@7.27.1 OK for: @babel/preset-env@7.18.10 want: ^7.18.6
1556 silly placeDep ROOT @babel/plugin-transform-block-scoping@7.28.6 OK for: @babel/preset-env@7.18.10 want: ^7.18.9
1557 silly placeDep ROOT @babel/plugin-transform-classes@7.28.6 OK for: @babel/preset-env@7.18.10 want: ^7.18.9
1558 silly placeDep ROOT @babel/plugin-transform-computed-properties@7.28.6 OK for: @babel/preset-env@7.18.10 want: ^7.18.9
1559 silly placeDep ROOT @babel/plugin-transform-destructuring@7.28.5 OK for: @babel/preset-env@7.18.10 want: ^7.18.9
1560 silly placeDep ROOT @babel/plugin-transform-dotall-regex@7.28.6 OK for: @babel/preset-env@7.18.10 want: ^7.18.6
1561 silly placeDep ROOT @babel/plugin-transform-duplicate-keys@7.27.1 OK for: @babel/preset-env@7.18.10 want: ^7.18.9
1562 silly placeDep ROOT @babel/plugin-transform-exponentiation-operator@7.28.6 OK for: @babel/preset-env@7.18.10 want: ^7.18.6
1563 silly placeDep ROOT @babel/plugin-transform-for-of@7.27.1 OK for: @babel/preset-env@7.18.10 want: ^7.18.8
1564 silly placeDep ROOT @babel/plugin-transform-function-name@7.27.1 OK for: @babel/preset-env@7.18.10 want: ^7.18.9
1565 silly placeDep ROOT @babel/plugin-transform-literals@7.27.1 OK for: @babel/preset-env@7.18.10 want: ^7.18.9
1566 silly placeDep ROOT @babel/plugin-transform-member-expression-literals@7.27.1 OK for: @babel/preset-env@7.18.10 want: ^7.18.6
1567 silly placeDep ROOT @babel/plugin-transform-modules-amd@7.27.1 OK for: @babel/preset-env@7.18.10 want: ^7.18.6
1568 silly placeDep ROOT @babel/plugin-transform-modules-commonjs@7.28.6 OK for: @babel/preset-env@7.18.10 want: ^7.18.6
1569 silly placeDep ROOT @babel/plugin-transform-modules-systemjs@7.28.5 OK for: @babel/preset-env@7.18.10 want: ^7.18.9
1570 silly placeDep ROOT @babel/plugin-transform-modules-umd@7.27.1 OK for: @babel/preset-env@7.18.10 want: ^7.18.6
1571 silly placeDep ROOT @babel/plugin-transform-named-capturing-groups-regex@7.27.1 OK for: @babel/preset-env@7.18.10 want: ^7.18.6
1572 silly placeDep ROOT @babel/plugin-transform-new-target@7.27.1 OK for: @babel/preset-env@7.18.10 want: ^7.18.6
1573 silly placeDep ROOT @babel/plugin-transform-object-super@7.27.1 OK for: @babel/preset-env@7.18.10 want: ^7.18.6
1574 silly placeDep ROOT @babel/plugin-transform-parameters@7.27.7 OK for: @babel/preset-env@7.18.10 want: ^7.18.8
1575 silly placeDep ROOT @babel/plugin-transform-property-literals@7.27.1 OK for: @babel/preset-env@7.18.10 want: ^7.18.6
1576 silly placeDep ROOT @babel/plugin-transform-regenerator@7.28.6 OK for: @babel/preset-env@7.18.10 want: ^7.18.6
1577 silly placeDep ROOT @babel/plugin-transform-reserved-words@7.27.1 OK for: @babel/preset-env@7.18.10 want: ^7.18.6
1578 silly placeDep ROOT @babel/plugin-transform-shorthand-properties@7.27.1 OK for: @babel/preset-env@7.18.10 want: ^7.18.6
1579 silly placeDep ROOT @babel/plugin-transform-spread@7.28.6 OK for: @babel/preset-env@7.18.10 want: ^7.18.9
1580 silly placeDep ROOT @babel/plugin-transform-sticky-regex@7.27.1 OK for: @babel/preset-env@7.18.10 want: ^7.18.6
1581 silly placeDep ROOT @babel/plugin-transform-template-literals@7.27.1 OK for: @babel/preset-env@7.18.10 want: ^7.18.9
1582 silly placeDep ROOT @babel/plugin-transform-typeof-symbol@7.27.1 OK for: @babel/preset-env@7.18.10 want: ^7.18.9
1583 silly placeDep ROOT @babel/plugin-transform-unicode-escapes@7.27.1 OK for: @babel/preset-env@7.18.10 want: ^7.18.10
1584 silly placeDep ROOT @babel/plugin-transform-unicode-regex@7.27.1 OK for: @babel/preset-env@7.18.10 want: ^7.18.6
1585 silly placeDep ROOT @babel/preset-modules@0.1.6 OK for: @babel/preset-env@7.18.10 want: ^0.1.5
1586 silly placeDep ROOT core-js-compat@3.47.0 OK for: @babel/preset-env@7.18.10 want: ^3.22.1
1587 silly placeDep node_modules/@babel/preset-env semver@6.3.1 OK for: @babel/preset-env@7.18.10 want: ^6.3.0
1588 silly fetch manifest @babel/helper-plugin-utils@^7.27.1
1589 silly packumentCache full:https://registry.npmjs.org/@babel%2fhelper-plugin-utils cache-miss
1590 silly fetch manifest @babel/helper-plugin-utils@^7.27.1
1591 silly packumentCache full:https://registry.npmjs.org/@babel%2fhelper-plugin-utils cache-miss
1592 silly fetch manifest @babel/plugin-transform-optional-chaining@^7.27.1
1593 silly packumentCache full:https://registry.npmjs.org/@babel%2fplugin-transform-optional-chaining cache-miss
1594 silly fetch manifest @babel/helper-skip-transparent-expression-wrappers@^7.27.1
1595 silly packumentCache full:https://registry.npmjs.org/@babel%2fhelper-skip-transparent-expression-wrappers cache-miss
1596 silly fetch manifest @babel/helper-create-class-features-plugin@^7.18.6
1597 silly packumentCache full:https://registry.npmjs.org/@babel%2fhelper-create-class-features-plugin cache-miss
1598 silly fetch manifest @babel/helper-create-class-features-plugin@^7.21.0
1599 silly packumentCache full:https://registry.npmjs.org/@babel%2fhelper-create-class-features-plugin cache-miss
1600 silly fetch manifest @babel/plugin-transform-parameters@^7.20.7
1601 silly packumentCache full:https://registry.npmjs.org/@babel%2fplugin-transform-parameters cache-hit
1602 silly fetch manifest @babel/helper-skip-transparent-expression-wrappers@^7.20.0
1603 silly packumentCache full:https://registry.npmjs.org/@babel%2fhelper-skip-transparent-expression-wrappers cache-miss
1604 silly fetch manifest @babel/helper-create-class-features-plugin@^7.18.6
1605 silly packumentCache full:https://registry.npmjs.org/@babel%2fhelper-create-class-features-plugin cache-miss
1606 silly fetch manifest @babel/helper-create-class-features-plugin@^7.21.0
1607 silly packumentCache full:https://registry.npmjs.org/@babel%2fhelper-create-class-features-plugin cache-miss
1608 silly fetch manifest @babel/helper-create-regexp-features-plugin@^7.18.6
1609 silly packumentCache full:https://registry.npmjs.org/@babel%2fhelper-create-regexp-features-plugin cache-miss
1610 silly fetch manifest @babel/helper-plugin-utils@^7.28.6
1611 silly packumentCache full:https://registry.npmjs.org/@babel%2fhelper-plugin-utils cache-miss
1612 http fetch GET 200 https://registry.npmjs.org/@babel%2fplugin-transform-optional-chaining 9ms (cache hit)
1613 silly packumentCache full:https://registry.npmjs.org/@babel%2fplugin-transform-optional-chaining set size:97687 disposed:false
1614 silly fetch manifest @babel/helper-plugin-utils@^7.27.1
1615 silly packumentCache full:https://registry.npmjs.org/@babel%2fhelper-plugin-utils cache-miss
1616 http fetch GET 200 https://registry.npmjs.org/@babel%2fhelper-plugin-utils 10ms (cache hit)
1617 silly packumentCache full:https://registry.npmjs.org/@babel%2fhelper-plugin-utils set size:158351 disposed:false
1618 silly fetch manifest @babel/helper-plugin-utils@^7.28.6
1619 silly packumentCache full:https://registry.npmjs.org/@babel%2fhelper-plugin-utils cache-hit
1620 silly fetch manifest @babel/helper-annotate-as-pure@^7.27.3
1621 silly packumentCache full:https://registry.npmjs.org/@babel%2fhelper-annotate-as-pure cache-hit
1622 silly fetch manifest @babel/helper-compilation-targets@^7.28.6
1623 silly packumentCache full:https://registry.npmjs.org/@babel%2fhelper-compilation-targets cache-miss
1624 http fetch GET 200 https://registry.npmjs.org/@babel%2fhelper-plugin-utils 11ms (cache hit)
1625 silly packumentCache full:https://registry.npmjs.org/@babel%2fhelper-plugin-utils set size:158351 disposed:false
1626 silly packumentCache full:https://registry.npmjs.org/@babel%2fhelper-plugin-utils dispose
1627 silly fetch manifest @babel/helper-replace-supers@^7.28.6
1628 silly packumentCache full:https://registry.npmjs.org/@babel%2fhelper-replace-supers cache-miss
1629 http fetch GET 200 https://registry.npmjs.org/@babel%2fhelper-skip-transparent-expression-wrappers 10ms (cache hit)
1630 silly packumentCache full:https://registry.npmjs.org/@babel%2fhelper-skip-transparent-expression-wrappers set size:89788 disposed:false
1631 silly fetch manifest @babel/helper-create-regexp-features-plugin@^7.28.5
1632 silly packumentCache full:https://registry.npmjs.org/@babel%2fhelper-create-regexp-features-plugin cache-miss
1633 http fetch GET 200 https://registry.npmjs.org/@babel%2fhelper-skip-transparent-expression-wrappers 11ms (cache hit)
1634 silly packumentCache full:https://registry.npmjs.org/@babel%2fhelper-skip-transparent-expression-wrappers set size:89788 disposed:false
1635 silly packumentCache full:https://registry.npmjs.org/@babel%2fhelper-skip-transparent-expression-wrappers dispose
1636 silly fetch manifest @babel/helper-compilation-targets@^7.27.1
1637 silly packumentCache full:https://registry.npmjs.org/@babel%2fhelper-compilation-targets cache-miss
1638 http fetch GET 200 https://registry.npmjs.org/@babel%2fhelper-create-class-features-plugin 12ms (cache hit)
1639 silly packumentCache full:https://registry.npmjs.org/@babel%2fhelper-create-class-features-plugin set size:357717 disposed:false
1640 silly fetch manifest @babel/helper-module-transforms@^7.27.1
1641 silly packumentCache full:https://registry.npmjs.org/@babel%2fhelper-module-transforms cache-miss
1642 http fetch GET 200 https://registry.npmjs.org/@babel%2fhelper-plugin-utils 12ms (cache hit)
1643 silly packumentCache full:https://registry.npmjs.org/@babel%2fhelper-plugin-utils set size:158351 disposed:true
1644 silly packumentCache full:https://registry.npmjs.org/@babel%2fhelper-plugin-utils dispose
1645 silly fetch manifest @babel/helper-module-transforms@^7.28.6
1646 silly packumentCache full:https://registry.npmjs.org/@babel%2fhelper-module-transforms cache-miss
1647 http fetch GET 200 https://registry.npmjs.org/@babel%2fhelper-create-class-features-plugin 15ms (cache hit)
1648 silly packumentCache full:https://registry.npmjs.org/@babel%2fhelper-create-class-features-plugin set size:357717 disposed:false
1649 silly packumentCache full:https://registry.npmjs.org/@babel%2fhelper-create-class-features-plugin dispose
1650 silly fetch manifest @babel/helper-module-transforms@^7.28.3
1651 silly packumentCache full:https://registry.npmjs.org/@babel%2fhelper-module-transforms cache-miss
1652 http fetch GET 200 https://registry.npmjs.org/@babel%2fhelper-create-class-features-plugin 15ms (cache hit)
1653 silly packumentCache full:https://registry.npmjs.org/@babel%2fhelper-create-class-features-plugin set size:357717 disposed:true
1654 silly packumentCache full:https://registry.npmjs.org/@babel%2fhelper-create-class-features-plugin dispose
1655 silly fetch manifest @babel/helper-module-transforms@^7.27.1
1656 silly packumentCache full:https://registry.npmjs.org/@babel%2fhelper-module-transforms cache-miss
1657 http fetch GET 200 https://registry.npmjs.org/@babel%2fhelper-create-class-features-plugin 16ms (cache hit)
1658 silly packumentCache full:https://registry.npmjs.org/@babel%2fhelper-create-class-features-plugin set size:357717 disposed:true
1659 silly packumentCache full:https://registry.npmjs.org/@babel%2fhelper-create-class-features-plugin dispose
1660 silly fetch manifest @babel/helper-create-regexp-features-plugin@^7.27.1
1661 silly packumentCache full:https://registry.npmjs.org/@babel%2fhelper-create-regexp-features-plugin cache-miss
1662 http fetch GET 200 https://registry.npmjs.org/@babel%2fhelper-create-regexp-features-plugin 19ms (cache hit)
1663 silly packumentCache full:https://registry.npmjs.org/@babel%2fhelper-create-regexp-features-plugin set size:169838 disposed:false
1664 silly fetch manifest @babel/helper-replace-supers@^7.27.1
1665 silly packumentCache full:https://registry.npmjs.org/@babel%2fhelper-replace-supers cache-miss
1666 http fetch GET 200 https://registry.npmjs.org/@babel%2fhelper-plugin-utils 15ms (cache hit)
1667 silly packumentCache full:https://registry.npmjs.org/@babel%2fhelper-plugin-utils set size:158351 disposed:true
1668 silly packumentCache full:https://registry.npmjs.org/@babel%2fhelper-plugin-utils dispose
1669 silly fetch manifest @babel/helper-create-regexp-features-plugin@^7.27.1
1670 silly packumentCache full:https://registry.npmjs.org/@babel%2fhelper-create-regexp-features-plugin cache-hit
1671 silly fetch manifest esutils@^2.0.2
1672 silly packumentCache full:https://registry.npmjs.org/esutils cache-miss
1673 http fetch GET 200 https://registry.npmjs.org/@babel%2fhelper-create-regexp-features-plugin 14ms (cache hit)
1674 silly packumentCache full:https://registry.npmjs.org/@babel%2fhelper-create-regexp-features-plugin set size:169838 disposed:false
1675 silly packumentCache full:https://registry.npmjs.org/@babel%2fhelper-create-regexp-features-plugin dispose
1676 silly fetch manifest browserslist@^4.28.0
1677 silly packumentCache full:https://registry.npmjs.org/browserslist cache-miss
1678 http fetch GET 200 https://registry.npmjs.org/@babel%2fhelper-compilation-targets 16ms (cache hit)
1679 silly packumentCache full:https://registry.npmjs.org/@babel%2fhelper-compilation-targets set size:212538 disposed:false
1680 http fetch GET 200 https://registry.npmjs.org/@babel%2fhelper-compilation-targets 15ms (cache hit)
1681 silly packumentCache full:https://registry.npmjs.org/@babel%2fhelper-compilation-targets set size:212538 disposed:false
1682 silly packumentCache full:https://registry.npmjs.org/@babel%2fhelper-compilation-targets dispose
1683 http fetch GET 200 https://registry.npmjs.org/@babel%2fhelper-replace-supers 17ms (cache hit)
1684 silly packumentCache full:https://registry.npmjs.org/@babel%2fhelper-replace-supers set size:251424 disposed:false
1685 http fetch GET 200 https://registry.npmjs.org/@babel%2fhelper-module-transforms 15ms (cache hit)
1686 silly packumentCache full:https://registry.npmjs.org/@babel%2fhelper-module-transforms set size:327322 disposed:false
1687 http fetch GET 200 https://registry.npmjs.org/@babel%2fhelper-create-regexp-features-plugin 11ms (cache hit)
1688 silly packumentCache full:https://registry.npmjs.org/@babel%2fhelper-create-regexp-features-plugin set size:169838 disposed:true
1689 silly packumentCache full:https://registry.npmjs.org/@babel%2fhelper-create-regexp-features-plugin dispose
1690 http fetch GET 200 https://registry.npmjs.org/@babel%2fhelper-module-transforms 16ms (cache hit)
1691 silly packumentCache full:https://registry.npmjs.org/@babel%2fhelper-module-transforms set size:327322 disposed:false
1692 silly packumentCache full:https://registry.npmjs.org/@babel%2fhelper-module-transforms dispose
1693 http fetch GET 200 https://registry.npmjs.org/@babel%2fhelper-module-transforms 15ms (cache hit)
1694 silly packumentCache full:https://registry.npmjs.org/@babel%2fhelper-module-transforms set size:327322 disposed:true
1695 silly packumentCache full:https://registry.npmjs.org/@babel%2fhelper-module-transforms dispose
1696 http fetch GET 200 https://registry.npmjs.org/@babel%2fhelper-module-transforms 15ms (cache hit)
1697 silly packumentCache full:https://registry.npmjs.org/@babel%2fhelper-module-transforms set size:327322 disposed:true
1698 silly packumentCache full:https://registry.npmjs.org/@babel%2fhelper-module-transforms dispose
1699 http fetch GET 200 https://registry.npmjs.org/@babel%2fhelper-replace-supers 14ms (cache hit)
1700 silly packumentCache full:https://registry.npmjs.org/@babel%2fhelper-replace-supers set size:251424 disposed:false
1701 silly packumentCache full:https://registry.npmjs.org/@babel%2fhelper-replace-supers dispose
1702 http fetch GET 200 https://registry.npmjs.org/esutils 12ms (cache hit)
1703 silly packumentCache full:https://registry.npmjs.org/esutils set size:29522 disposed:false
1704 http fetch GET 200 https://registry.npmjs.org/browserslist 12ms (cache hit)
1705 silly packumentCache full:https://registry.npmjs.org/browserslist set size:502989 disposed:false
1706 silly placeDep ROOT @babel/helper-plugin-utils@7.28.6 REPLACE for: @babel/plugin-bugfix-safari-id-destructuring-collision-in-function-expression@7.27.1 want: ^7.27.1
1707 silly fetch manifest @babel/core@^7.13.0
1708 silly packumentCache full:https://registry.npmjs.org/@babel%2fcore cache-hit
1709 silly placeDep ROOT @babel/helper-skip-transparent-expression-wrappers@7.27.1 OK for: @babel/plugin-bugfix-v8-spread-parameters-in-optional-chaining@7.27.1 want: ^7.27.1
1710 silly placeDep ROOT @babel/plugin-transform-optional-chaining@7.28.6 OK for: @babel/plugin-bugfix-v8-spread-parameters-in-optional-chaining@7.27.1 want: ^7.27.1
1711 silly placeDep ROOT @babel/helper-create-class-features-plugin@7.28.6 OK for: @babel/plugin-proposal-class-properties@7.18.6 want: ^7.18.6
1712 silly fetch manifest @babel/helper-member-expression-to-functions@^7.28.5
1713 silly packumentCache full:https://registry.npmjs.org/@babel%2fhelper-member-expression-to-functions cache-miss
1714 silly fetch manifest @babel/helper-optimise-call-expression@^7.27.1
1715 silly packumentCache full:https://registry.npmjs.org/@babel%2fhelper-optimise-call-expression cache-miss
1716 silly fetch manifest semver@^6.3.1
1717 silly packumentCache full:https://registry.npmjs.org/semver cache-hit
1718 http fetch GET 200 https://registry.npmjs.org/@babel%2fhelper-optimise-call-expression 2ms (cache hit)
1719 silly packumentCache full:https://registry.npmjs.org/@babel%2fhelper-optimise-call-expression set size:176737 disposed:false
1720 http fetch GET 200 https://registry.npmjs.org/@babel%2fhelper-member-expression-to-functions 4ms (cache hit)
1721 silly packumentCache full:https://registry.npmjs.org/@babel%2fhelper-member-expression-to-functions set size:212757 disposed:false
1722 silly fetch manifest @babel/core@^7.0.0
1723 silly packumentCache full:https://registry.npmjs.org/@babel%2fcore cache-hit
1724 silly placeDep node_modules/@babel/helper-create-class-features-plugin @babel/helper-annotate-as-pure@7.27.3 OK for: @babel/helper-create-class-features-plugin@7.28.6 want: ^7.27.3
1725 silly placeDep ROOT @babel/helper-member-expression-to-functions@7.28.5 OK for: @babel/helper-create-class-features-plugin@7.28.6 want: ^7.28.5
1726 silly placeDep ROOT @babel/helper-optimise-call-expression@7.27.1 OK for: @babel/helper-create-class-features-plugin@7.28.6 want: ^7.27.1
1727 silly placeDep ROOT @babel/helper-replace-supers@7.28.6 OK for: @babel/helper-create-class-features-plugin@7.28.6 want: ^7.28.6
1728 silly placeDep node_modules/@babel/helper-create-class-features-plugin semver@6.3.1 OK for: @babel/helper-create-class-features-plugin@7.28.6 want: ^6.3.1
1729 silly placeDep ROOT @babel/helper-create-regexp-features-plugin@7.28.5 OK for: @babel/plugin-proposal-unicode-property-regex@7.18.6 want: ^7.18.6
1730 silly fetch manifest regexpu-core@^6.3.1
1731 silly packumentCache full:https://registry.npmjs.org/regexpu-core cache-miss
1732 http fetch GET 200 https://registry.npmjs.org/regexpu-core 3ms (cache hit)
1733 silly packumentCache full:https://registry.npmjs.org/regexpu-core set size:156240 disposed:false
1734 silly placeDep node_modules/@babel/helper-create-regexp-features-plugin @babel/helper-annotate-as-pure@7.27.3 OK for: @babel/helper-create-regexp-features-plugin@7.28.5 want: ^7.27.3
1735 silly placeDep ROOT regexpu-core@6.4.0 OK for: @babel/helper-create-regexp-features-plugin@7.28.5 want: ^6.3.1
1736 silly placeDep node_modules/@babel/helper-create-regexp-features-plugin semver@6.3.1 OK for: @babel/helper-create-regexp-features-plugin@7.28.5 want: ^6.3.1
1737 silly fetch manifest regenerate@^1.4.2
1738 silly packumentCache full:https://registry.npmjs.org/regenerate cache-miss
1739 silly fetch manifest regenerate-unicode-properties@^10.2.2
1740 silly packumentCache full:https://registry.npmjs.org/regenerate-unicode-properties cache-miss
1741 silly fetch manifest regjsgen@^0.8.0
1742 silly packumentCache full:https://registry.npmjs.org/regjsgen cache-miss
1743 silly fetch manifest regjsparser@^0.13.0
1744 silly packumentCache full:https://registry.npmjs.org/regjsparser cache-miss
1745 silly fetch manifest unicode-match-property-ecmascript@^2.0.0
1746 silly packumentCache full:https://registry.npmjs.org/unicode-match-property-ecmascript cache-miss
1747 silly fetch manifest unicode-match-property-value-ecmascript@^2.2.1
1748 silly packumentCache full:https://registry.npmjs.org/unicode-match-property-value-ecmascript cache-miss
1749 http fetch GET 200 https://registry.npmjs.org/regenerate 4ms (cache hit)
1750 silly packumentCache full:https://registry.npmjs.org/regenerate set size:56872 disposed:false
1751 http fetch GET 200 https://registry.npmjs.org/regjsgen 4ms (cache hit)
1752 silly packumentCache full:https://registry.npmjs.org/regjsgen set size:26409 disposed:false
1753 http fetch GET 200 https://registry.npmjs.org/regenerate-unicode-properties 5ms (cache hit)
1754 silly packumentCache full:https://registry.npmjs.org/regenerate-unicode-properties set size:78166 disposed:false
1755 http fetch GET 200 https://registry.npmjs.org/unicode-match-property-ecmascript 5ms (cache hit)
1756 silly packumentCache full:https://registry.npmjs.org/unicode-match-property-ecmascript set size:16934 disposed:false
1757 http fetch GET 200 https://registry.npmjs.org/regjsparser 6ms (cache hit)
1758 silly packumentCache full:https://registry.npmjs.org/regjsparser set size:81745 disposed:false
1759 http fetch GET 200 https://registry.npmjs.org/unicode-match-property-value-ecmascript 7ms (cache hit)
1760 silly packumentCache full:https://registry.npmjs.org/unicode-match-property-value-ecmascript set size:26439 disposed:false
1761 silly placeDep node_modules/@babel/plugin-transform-classes @babel/helper-annotate-as-pure@7.27.3 OK for: @babel/plugin-transform-classes@7.28.6 want: ^7.27.3
1762 silly placeDep ROOT @babel/helper-compilation-targets@7.28.6 REPLACE for: @babel/plugin-transform-classes@7.28.6 want: ^7.28.6
1763 silly placeDep ROOT @babel/helper-globals@7.28.0 OK for: @babel/plugin-transform-classes@7.28.6 want: ^7.28.0
1764 silly fetch manifest @babel/compat-data@^7.28.6
1765 silly packumentCache full:https://registry.npmjs.org/@babel%2fcompat-data cache-miss
1766 silly fetch manifest @babel/helper-validator-option@^7.27.1
1767 silly packumentCache full:https://registry.npmjs.org/@babel%2fhelper-validator-option cache-miss
1768 http fetch GET 200 https://registry.npmjs.org/@babel%2fhelper-validator-option 1ms (cache hit)
1769 silly packumentCache full:https://registry.npmjs.org/@babel%2fhelper-validator-option set size:87094 disposed:false
1770 http fetch GET 200 https://registry.npmjs.org/@babel%2fcompat-data 3ms (cache hit)
1771 silly packumentCache full:https://registry.npmjs.org/@babel%2fcompat-data set size:297216 disposed:false
1772 silly placeDep ROOT @babel/compat-data@7.28.6 REPLACE for: @babel/helper-compilation-targets@7.28.6 want: ^7.28.6
1773 silly placeDep ROOT @babel/helper-validator-option@7.27.1 REPLACE for: @babel/helper-compilation-targets@7.28.6 want: ^7.27.1
1774 silly placeDep node_modules/@babel/plugin-transform-computed-properties @babel/template@7.28.6 OK for: @babel/plugin-transform-computed-properties@7.28.6 want: ^7.28.6
1775 silly placeDep ROOT @babel/helper-module-transforms@7.28.6 REPLACE for: @babel/plugin-transform-modules-amd@7.27.1 want: ^7.27.1
1776 silly fetch manifest @babel/helper-module-imports@^7.28.6
1777 silly packumentCache full:https://registry.npmjs.org/@babel%2fhelper-module-imports cache-miss
1778 http fetch GET 200 https://registry.npmjs.org/@babel%2fhelper-module-imports 3ms (cache hit)
1779 silly packumentCache full:https://registry.npmjs.org/@babel%2fhelper-module-imports set size:187679 disposed:false
1780 silly placeDep ROOT @babel/helper-module-imports@7.28.6 REPLACE for: @babel/helper-module-transforms@7.28.6 want: ^7.28.6
1781 silly placeDep ROOT @babel/helper-validator-identifier@7.28.5 REPLACE for: @babel/helper-module-transforms@7.28.6 want: ^7.28.5
1782 silly placeDep ROOT esutils@2.0.3 OK for: @babel/preset-modules@0.1.6 want: ^2.0.2
1783 silly placeDep ROOT @babel/code-frame@7.28.6 REPLACE for: @babel/traverse@7.28.6 want: ^7.28.6
1784 silly placeDep node_modules/@babel/traverse @babel/generator@7.28.6 OK for: @babel/traverse@7.28.6 want: ^7.28.6
1785 silly placeDep ROOT @babel/parser@7.28.6 REPLACE for: @babel/traverse@7.28.6 want: ^7.28.6
1786 silly placeDep node_modules/@babel/traverse @babel/template@7.28.6 OK for: @babel/traverse@7.28.6 want: ^7.28.6
1787 silly fetch manifest @jridgewell/gen-mapping@^0.3.12
1788 silly packumentCache full:https://registry.npmjs.org/@jridgewell%2fgen-mapping cache-hit
1789 silly fetch manifest @jridgewell/trace-mapping@^0.3.28
1790 silly packumentCache full:https://registry.npmjs.org/@jridgewell%2ftrace-mapping cache-miss
1791 silly fetch manifest jsesc@^3.0.2
1792 silly packumentCache full:https://registry.npmjs.org/jsesc cache-hit
1793 http fetch GET 200 https://registry.npmjs.org/@jridgewell%2ftrace-mapping 2ms (cache hit)
1794 silly packumentCache full:https://registry.npmjs.org/@jridgewell%2ftrace-mapping set size:170909 disposed:false
1795 silly placeDep ROOT @babel/helper-string-parser@7.27.1 OK for: @babel/types@7.28.6 want: ^7.27.1
1796 silly placeDep ROOT @babel/helper-define-polyfill-provider@0.3.3 OK for: babel-plugin-polyfill-corejs2@0.3.3 want: ^0.3.3
1797 silly placeDep node_modules/babel-plugin-polyfill-corejs2 semver@6.3.1 OK for: babel-plugin-polyfill-corejs2@0.3.3 want: ^6.1.1
1798 silly fetch manifest semver@^6.1.2
1799 silly packumentCache full:https://registry.npmjs.org/semver cache-hit
1800 silly placeDep node_modules/@babel/helper-define-polyfill-provider semver@6.3.1 OK for: @babel/helper-define-polyfill-provider@0.3.3 want: ^6.1.2
1801 silly placeDep ROOT @npmcli/fs@2.1.2 OK for: cacache@16.1.2 want: ^2.1.0
1802 silly placeDep ROOT @npmcli/move-file@2.0.1 OK for: cacache@16.1.2 want: ^2.0.0
1803 silly placeDep ROOT chownr@2.0.0 OK for: cacache@16.1.2 want: ^2.0.0
1804 silly placeDep ROOT fs-minipass@2.1.0 OK for: cacache@16.1.2 want: ^2.1.0
1805 silly placeDep node_modules/cacache glob@8.1.0 OK for: cacache@16.1.2 want: ^8.0.1
1806 silly placeDep ROOT infer-owner@1.0.4 OK for: cacache@16.1.2 want: ^1.0.4
1807 silly placeDep node_modules/cacache lru-cache@7.18.3 OK for: cacache@16.1.2 want: ^7.7.1
1808 silly placeDep ROOT minipass@3.3.6 OK for: cacache@16.1.2 want: ^3.1.6
1809 silly placeDep ROOT minipass-collect@1.0.2 OK for: cacache@16.1.2 want: ^1.0.2
1810 silly placeDep ROOT minipass-flush@1.0.5 OK for: cacache@16.1.2 want: ^1.0.5
1811 silly placeDep ROOT minipass-pipeline@1.2.4 OK for: cacache@16.1.2 want: ^1.2.4
1812 silly placeDep ROOT mkdirp@1.0.4 OK for: cacache@16.1.2 want: ^1.0.4
1813 silly placeDep ROOT p-map@4.0.0 OK for: cacache@16.1.2 want: ^4.0.0
1814 silly placeDep ROOT promise-inflight@1.0.1 OK for: cacache@16.1.2 want: ^1.0.1
1815 silly placeDep ROOT ssri@9.0.1 OK for: cacache@16.1.2 want: ^9.0.0
1816 silly placeDep ROOT tar@6.2.1 OK for: cacache@16.1.2 want: ^6.1.11
1817 silly placeDep ROOT unique-filename@1.1.1 OK for: cacache@16.1.2 want: ^1.1.1
1818 silly fetch manifest @gar/promisify@^1.1.3
1819 silly packumentCache full:https://registry.npmjs.org/@gar%2fpromisify cache-miss
1820 silly fetch manifest minipass@^3.0.0
1821 silly packumentCache full:https://registry.npmjs.org/minipass cache-hit
1822 silly fetch manifest yallist@^4.0.0
1823 silly packumentCache full:https://registry.npmjs.org/yallist cache-miss
1824 silly fetch manifest aggregate-error@^3.0.0
1825 silly packumentCache full:https://registry.npmjs.org/aggregate-error cache-miss
1826 silly fetch manifest yallist@^4.0.0
1827 silly packumentCache full:https://registry.npmjs.org/yallist cache-miss
1828 silly fetch manifest minipass@^5.0.0
1829 silly packumentCache full:https://registry.npmjs.org/minipass cache-hit
1830 silly fetch manifest minizlib@^2.1.1
1831 silly packumentCache full:https://registry.npmjs.org/minizlib cache-miss
1832 silly fetch manifest unique-slug@^2.0.0
1833 silly packumentCache full:https://registry.npmjs.org/unique-slug cache-miss
1834 http fetch GET 200 https://registry.npmjs.org/@gar%2fpromisify 5ms (cache hit)
1835 silly packumentCache full:https://registry.npmjs.org/@gar%2fpromisify set size:17368 disposed:false
1836 http fetch GET 200 https://registry.npmjs.org/yallist 4ms (cache hit)
1837 silly packumentCache full:https://registry.npmjs.org/yallist set size:34610 disposed:false
1838 http fetch GET 200 https://registry.npmjs.org/yallist 5ms (cache hit)
1839 silly packumentCache full:https://registry.npmjs.org/yallist set size:34610 disposed:false
1840 silly packumentCache full:https://registry.npmjs.org/yallist dispose
1841 http fetch GET 200 https://registry.npmjs.org/minizlib 6ms (cache hit)
1842 silly packumentCache full:https://registry.npmjs.org/minizlib set size:62862 disposed:false
1843 http fetch GET 200 https://registry.npmjs.org/aggregate-error 6ms (cache hit)
1844 silly packumentCache full:https://registry.npmjs.org/aggregate-error set size:29031 disposed:false
1845 http fetch GET 200 https://registry.npmjs.org/unique-slug 6ms (cache hit)
1846 silly packumentCache full:https://registry.npmjs.org/unique-slug set size:20403 disposed:false
1847 silly placeDep ROOT @gar/promisify@1.1.3 OK for: @npmcli/fs@2.1.2 want: ^1.1.3
1848 silly placeDep ROOT fast-glob@3.3.3 OK for: copy-webpack-plugin@11.0.0 want: ^3.2.11
1849 silly placeDep node_modules/copy-webpack-plugin glob-parent@6.0.2 OK for: copy-webpack-plugin@11.0.0 want: ^6.0.1
1850 silly placeDep ROOT globby@13.2.2 OK for: copy-webpack-plugin@11.0.0 want: ^13.1.1
1851 silly placeDep node_modules/copy-webpack-plugin schema-utils@4.3.3 OK for: copy-webpack-plugin@11.0.0 want: ^4.0.0
1852 silly fetch manifest @nodelib/fs.stat@^2.0.2
1853 silly packumentCache full:https://registry.npmjs.org/@nodelib%2ffs.stat cache-miss
1854 silly fetch manifest @nodelib/fs.walk@^1.2.3
1855 silly packumentCache full:https://registry.npmjs.org/@nodelib%2ffs.walk cache-miss
1856 silly fetch manifest merge2@^1.3.0
1857 silly packumentCache full:https://registry.npmjs.org/merge2 cache-miss
1858 silly fetch manifest micromatch@^4.0.8
1859 silly packumentCache full:https://registry.npmjs.org/micromatch cache-miss
1860 silly fetch manifest slash@^4.0.0
1861 silly packumentCache full:https://registry.npmjs.org/slash cache-miss
1862 silly fetch manifest ignore@^5.2.4
1863 silly packumentCache full:https://registry.npmjs.org/ignore cache-miss
1864 silly fetch manifest merge2@^1.4.1
1865 silly packumentCache full:https://registry.npmjs.org/merge2 cache-miss
1866 silly fetch manifest dir-glob@^3.0.1
1867 silly packumentCache full:https://registry.npmjs.org/dir-glob cache-miss
1868 silly fetch manifest ajv@^8.9.0
1869 silly packumentCache full:https://registry.npmjs.org/ajv cache-miss
1870 silly fetch manifest ajv-keywords@^5.1.0
1871 silly packumentCache full:https://registry.npmjs.org/ajv-keywords cache-miss
1872 http fetch GET 200 https://registry.npmjs.org/merge2 8ms (cache hit)
1873 silly packumentCache full:https://registry.npmjs.org/merge2 set size:46159 disposed:false
1874 http fetch GET 200 https://registry.npmjs.org/slash 8ms (cache hit)
1875 silly packumentCache full:https://registry.npmjs.org/slash set size:20337 disposed:false
1876 http fetch GET 200 https://registry.npmjs.org/micromatch 8ms (cache hit)
1877 silly packumentCache full:https://registry.npmjs.org/micromatch set size:240630 disposed:false
1878 http fetch GET 200 https://registry.npmjs.org/@nodelib%2ffs.walk 11ms (cache hit)
1879 silly packumentCache full:https://registry.npmjs.org/@nodelib%2ffs.walk set size:41589 disposed:false
1880 http fetch GET 200 https://registry.npmjs.org/ignore 10ms (cache hit)
1881 silly packumentCache full:https://registry.npmjs.org/ignore set size:237380 disposed:false
1882 http fetch GET 200 https://registry.npmjs.org/dir-glob 11ms (cache hit)
1883 silly packumentCache full:https://registry.npmjs.org/dir-glob set size:22205 disposed:false
1884 http fetch GET 200 https://registry.npmjs.org/merge2 11ms (cache hit)
1885 silly packumentCache full:https://registry.npmjs.org/merge2 set size:46159 disposed:false
1886 silly packumentCache full:https://registry.npmjs.org/merge2 dispose
1887 http fetch GET 200 https://registry.npmjs.org/@nodelib%2ffs.stat 12ms (cache hit)
1888 silly packumentCache full:https://registry.npmjs.org/@nodelib%2ffs.stat set size:36993 disposed:false
1889 http fetch GET 200 https://registry.npmjs.org/ajv 12ms (cache hit)
1890 silly packumentCache full:https://registry.npmjs.org/ajv set size:1126055 disposed:false
1891 http fetch GET 200 https://registry.npmjs.org/ajv-keywords 15ms (cache hit)
1892 silly packumentCache full:https://registry.npmjs.org/ajv-keywords set size:310004 disposed:false
1893 silly placeDep ROOT browserslist@4.28.1 REPLACE for: core-js-compat@3.47.0 want: ^4.28.0
1894 silly fetch manifest baseline-browser-mapping@^2.9.0
1895 silly packumentCache full:https://registry.npmjs.org/baseline-browser-mapping cache-miss
1896 silly fetch manifest caniuse-lite@^1.0.30001759
1897 silly packumentCache full:https://registry.npmjs.org/caniuse-lite cache-miss
1898 silly fetch manifest electron-to-chromium@^1.5.263
1899 silly packumentCache full:https://registry.npmjs.org/electron-to-chromium cache-miss
1900 silly fetch manifest node-releases@^2.0.27
1901 silly packumentCache full:https://registry.npmjs.org/node-releases cache-miss
1902 silly fetch manifest update-browserslist-db@^1.2.0
1903 silly packumentCache full:https://registry.npmjs.org/update-browserslist-db cache-miss
1904 http fetch GET 200 https://registry.npmjs.org/node-releases 5ms (cache hit)
1905 silly packumentCache full:https://registry.npmjs.org/node-releases set size:269192 disposed:false
1906 http fetch GET 200 https://registry.npmjs.org/baseline-browser-mapping 8ms (cache hit)
1907 silly packumentCache full:https://registry.npmjs.org/baseline-browser-mapping set size:371176 disposed:false
1908 http fetch GET 200 https://registry.npmjs.org/update-browserslist-db 8ms (cache hit)
1909 silly packumentCache full:https://registry.npmjs.org/update-browserslist-db set size:62000 disposed:false
1910 http fetch GET 200 https://registry.npmjs.org/caniuse-lite 11ms (cache hit)
1911 silly packumentCache full:https://registry.npmjs.org/caniuse-lite set size:2244473 disposed:false
1912 http fetch GET 200 https://registry.npmjs.org/electron-to-chromium 17ms (cache hit)
1913 silly packumentCache full:https://registry.npmjs.org/electron-to-chromium set size:4707129 disposed:false
1914 silly fetch manifest browserslist@>= 4.21.0
1915 silly packumentCache full:https://registry.npmjs.org/browserslist cache-hit
1916 silly placeDep ROOT baseline-browser-mapping@2.9.15 OK for: browserslist@4.28.1 want: ^2.9.0
1917 silly placeDep ROOT caniuse-lite@1.0.30001765 OK for: browserslist@4.28.1 want: ^1.0.30001759
1918 silly placeDep ROOT electron-to-chromium@1.5.267 OK for: browserslist@4.28.1 want: ^1.5.263
1919 silly placeDep ROOT node-releases@2.0.27 OK for: browserslist@4.28.1 want: ^2.0.27
1920 silly placeDep ROOT update-browserslist-db@1.2.3 OK for: browserslist@4.28.1 want: ^1.2.0
1921 silly placeDep ROOT icss-utils@5.1.0 OK for: css-loader@6.7.1 want: ^5.1.0
1922 silly placeDep ROOT postcss-modules-extract-imports@3.1.0 OK for: css-loader@6.7.1 want: ^3.0.0
1923 silly placeDep ROOT postcss-modules-local-by-default@4.2.0 OK for: css-loader@6.7.1 want: ^4.0.0
1924 silly placeDep ROOT postcss-modules-scope@3.2.1 OK for: css-loader@6.7.1 want: ^3.0.0
1925 silly placeDep ROOT postcss-modules-values@4.0.0 OK for: css-loader@6.7.1 want: ^4.0.0
1926 silly placeDep ROOT postcss-value-parser@4.2.0 OK for: css-loader@6.7.1 want: ^4.2.0
1927 silly fetch manifest postcss-selector-parser@^7.0.0
1928 silly packumentCache full:https://registry.npmjs.org/postcss-selector-parser cache-miss
1929 silly fetch manifest postcss-value-parser@^4.1.0
1930 silly packumentCache full:https://registry.npmjs.org/postcss-value-parser cache-hit
1931 silly fetch manifest postcss-selector-parser@^7.0.0
1932 silly packumentCache full:https://registry.npmjs.org/postcss-selector-parser cache-miss
1933 http fetch GET 200 https://registry.npmjs.org/postcss-selector-parser 2ms (cache hit)
1934 silly packumentCache full:https://registry.npmjs.org/postcss-selector-parser set size:177140 disposed:false
1935 http fetch GET 200 https://registry.npmjs.org/postcss-selector-parser 2ms (cache hit)
1936 silly packumentCache full:https://registry.npmjs.org/postcss-selector-parser set size:177140 disposed:false
1937 silly packumentCache full:https://registry.npmjs.org/postcss-selector-parser dispose
1938 silly placeDep ROOT @esbuild/linux-loong64@0.15.5 OK for: esbuild@0.15.5 want: 0.15.5
1939 silly placeDep ROOT esbuild-android-64@0.15.5 OK for: esbuild@0.15.5 want: 0.15.5
1940 silly placeDep ROOT esbuild-android-arm64@0.15.5 OK for: esbuild@0.15.5 want: 0.15.5
1941 silly placeDep ROOT esbuild-darwin-64@0.15.5 OK for: esbuild@0.15.5 want: 0.15.5
1942 silly placeDep ROOT esbuild-darwin-arm64@0.15.5 OK for: esbuild@0.15.5 want: 0.15.5
1943 silly placeDep ROOT esbuild-freebsd-64@0.15.5 OK for: esbuild@0.15.5 want: 0.15.5
1944 silly placeDep ROOT esbuild-freebsd-arm64@0.15.5 OK for: esbuild@0.15.5 want: 0.15.5
1945 silly placeDep ROOT esbuild-linux-32@0.15.5 OK for: esbuild@0.15.5 want: 0.15.5
1946 silly placeDep ROOT esbuild-linux-64@0.15.5 OK for: esbuild@0.15.5 want: 0.15.5
1947 silly placeDep ROOT esbuild-linux-arm@0.15.5 OK for: esbuild@0.15.5 want: 0.15.5
1948 silly placeDep ROOT esbuild-linux-arm64@0.15.5 OK for: esbuild@0.15.5 want: 0.15.5
1949 silly placeDep ROOT esbuild-linux-mips64le@0.15.5 OK for: esbuild@0.15.5 want: 0.15.5
1950 silly placeDep ROOT esbuild-linux-ppc64le@0.15.5 OK for: esbuild@0.15.5 want: 0.15.5
1951 silly placeDep ROOT esbuild-linux-riscv64@0.15.5 OK for: esbuild@0.15.5 want: 0.15.5
1952 silly placeDep ROOT esbuild-linux-s390x@0.15.5 OK for: esbuild@0.15.5 want: 0.15.5
1953 silly placeDep ROOT esbuild-netbsd-64@0.15.5 OK for: esbuild@0.15.5 want: 0.15.5
1954 silly placeDep ROOT esbuild-openbsd-64@0.15.5 OK for: esbuild@0.15.5 want: 0.15.5
1955 silly placeDep ROOT esbuild-sunos-64@0.15.5 OK for: esbuild@0.15.5 want: 0.15.5
1956 silly placeDep ROOT esbuild-windows-32@0.15.5 OK for: esbuild@0.15.5 want: 0.15.5
1957 silly placeDep ROOT esbuild-windows-64@0.15.5 OK for: esbuild@0.15.5 want: 0.15.5
1958 silly placeDep ROOT esbuild-windows-arm64@0.15.5 OK for: esbuild@0.15.5 want: 0.15.5
1959 silly placeDep ROOT @nodelib/fs.stat@2.0.5 OK for: fast-glob@3.3.3 want: ^2.0.2
1960 silly placeDep ROOT @nodelib/fs.walk@1.2.8 OK for: fast-glob@3.3.3 want: ^1.2.3
1961 silly placeDep ROOT merge2@1.4.1 OK for: fast-glob@3.3.3 want: ^1.3.0
1962 silly placeDep ROOT micromatch@4.0.8 OK for: fast-glob@3.3.3 want: ^4.0.8
1963 silly fetch manifest fastq@^1.6.0
1964 silly packumentCache full:https://registry.npmjs.org/fastq cache-miss
1965 silly fetch manifest @nodelib/fs.scandir@2.1.5
1966 silly packumentCache full:https://registry.npmjs.org/@nodelib%2ffs.scandir cache-miss
1967 http fetch GET 200 https://registry.npmjs.org/@nodelib%2ffs.scandir 2ms (cache hit)
1968 silly packumentCache full:https://registry.npmjs.org/@nodelib%2ffs.scandir set size:49256 disposed:false
1969 http fetch GET 200 https://registry.npmjs.org/fastq 2ms (cache hit)
1970 silly packumentCache full:https://registry.npmjs.org/fastq set size:78301 disposed:false
1971 silly placeDep ROOT @nodelib/fs.scandir@2.1.5 OK for: @nodelib/fs.walk@1.2.8 want: 2.1.5
1972 silly placeDep ROOT fastq@1.20.1 OK for: @nodelib/fs.walk@1.2.8 want: ^1.6.0
1973 silly fetch manifest run-parallel@^1.1.9
1974 silly packumentCache full:https://registry.npmjs.org/run-parallel cache-miss
1975 silly fetch manifest reusify@^1.0.4
1976 silly packumentCache full:https://registry.npmjs.org/reusify cache-miss
1977 http fetch GET 200 https://registry.npmjs.org/run-parallel 2ms (cache hit)
1978 silly packumentCache full:https://registry.npmjs.org/run-parallel set size:35172 disposed:false
1979 http fetch GET 200 https://registry.npmjs.org/reusify 1ms (cache hit)
1980 silly packumentCache full:https://registry.npmjs.org/reusify set size:14249 disposed:false
1981 silly placeDep ROOT run-parallel@1.2.0 OK for: @nodelib/fs.scandir@2.1.5 want: ^1.1.9
1982 silly fetch manifest queue-microtask@^1.2.2
1983 silly packumentCache full:https://registry.npmjs.org/queue-microtask cache-miss
1984 http fetch GET 200 https://registry.npmjs.org/queue-microtask 1ms (cache hit)
1985 silly packumentCache full:https://registry.npmjs.org/queue-microtask set size:36088 disposed:false
1986 silly placeDep ROOT reusify@1.1.0 OK for: fastq@1.20.1 want: ^1.0.4
1987 silly placeDep ROOT dir-glob@3.0.1 OK for: globby@13.2.2 want: ^3.0.1
1988 silly placeDep ROOT ignore@5.3.2 OK for: globby@13.2.2 want: ^5.2.4
1989 silly placeDep ROOT slash@4.0.0 OK for: globby@13.2.2 want: ^4.0.0
1990 silly fetch manifest path-type@^4.0.0
1991 silly packumentCache full:https://registry.npmjs.org/path-type cache-miss
1992 http fetch GET 200 https://registry.npmjs.org/path-type 2ms (cache hit)
1993 silly packumentCache full:https://registry.npmjs.org/path-type set size:15341 disposed:false
1994 silly placeDep ROOT path-type@4.0.0 OK for: dir-glob@3.0.1 want: ^4.0.0
1995 silly placeDep ROOT agent-base@6.0.2 OK for: https-proxy-agent@5.0.1 want: 6
1996 silly placeDep ROOT ansi-escapes@4.3.2 OK for: inquirer@8.2.4 want: ^4.2.1
1997 silly placeDep ROOT cli-width@3.0.0 OK for: inquirer@8.2.4 want: ^3.0.0
1998 silly placeDep ROOT external-editor@3.1.0 OK for: inquirer@8.2.4 want: ^3.0.3
1999 silly placeDep ROOT figures@3.2.0 OK for: inquirer@8.2.4 want: ^3.0.0
2000 silly placeDep ROOT mute-stream@0.0.8 OK for: inquirer@8.2.4 want: 0.0.8
2001 silly placeDep ROOT run-async@2.4.1 OK for: inquirer@8.2.4 want: ^2.4.0
2002 silly placeDep ROOT through@2.3.8 OK for: inquirer@8.2.4 want: ^2.3.6
2003 silly fetch manifest type-fest@^0.21.3
2004 silly packumentCache full:https://registry.npmjs.org/type-fest cache-miss
2005 silly fetch manifest chardet@^0.7.0
2006 silly packumentCache full:https://registry.npmjs.org/chardet cache-miss
2007 silly fetch manifest tmp@^0.0.33
2008 silly packumentCache full:https://registry.npmjs.org/tmp cache-miss
2009 silly fetch manifest escape-string-regexp@^1.0.5
2010 silly packumentCache full:https://registry.npmjs.org/escape-string-regexp cache-miss
2011 http fetch GET 200 https://registry.npmjs.org/chardet 3ms (cache hit)
2012 silly packumentCache full:https://registry.npmjs.org/chardet set size:70553 disposed:false
2013 http fetch GET 200 https://registry.npmjs.org/type-fest 4ms (cache hit)
2014 silly packumentCache full:https://registry.npmjs.org/type-fest set size:547166 disposed:false
2015 http fetch GET 200 https://registry.npmjs.org/escape-string-regexp 5ms (cache hit)
2016 silly packumentCache full:https://registry.npmjs.org/escape-string-regexp set size:22244 disposed:false
2017 http fetch GET 200 https://registry.npmjs.org/tmp 6ms (cache hit)
2018 silly packumentCache full:https://registry.npmjs.org/tmp set size:75072 disposed:false
2019 silly placeDep ROOT type-fest@0.21.3 OK for: ansi-escapes@4.3.2 want: ^0.21.3
2020 silly placeDep ROOT chardet@0.7.0 OK for: external-editor@3.1.0 want: ^0.7.0
2021 silly placeDep ROOT tmp@0.0.33 OK for: external-editor@3.1.0 want: ^0.0.33
2022 silly fetch manifest os-tmpdir@~1.0.2
2023 silly packumentCache full:https://registry.npmjs.org/os-tmpdir cache-miss
2024 http fetch GET 200 https://registry.npmjs.org/os-tmpdir 2ms (cache hit)
2025 silly packumentCache full:https://registry.npmjs.org/os-tmpdir set size:8847 disposed:false
2026 silly placeDep ROOT escape-string-regexp@1.0.5 OK for: figures@3.2.0 want: ^1.0.5
2027 silly placeDep ROOT copy-anything@2.0.6 OK for: less@4.1.3 want: ^2.0.1
2028 silly placeDep ROOT errno@0.1.8 OK for: less@4.1.3 want: ^0.1.1
2029 silly placeDep ROOT image-size@0.5.5 OK for: less@4.1.3 want: ~0.5.0
2030 silly placeDep node_modules/less make-dir@2.1.0 OK for: less@4.1.3 want: ^2.1.0
2031 silly placeDep node_modules/less mime@1.6.0 OK for: less@4.1.3 want: ^1.4.1
2032 silly placeDep ROOT needle@3.3.1 OK for: less@4.1.3 want: ^3.1.0
2033 silly placeDep ROOT parse-node-version@1.0.1 OK for: less@4.1.3 want: ^1.0.1
2034 silly placeDep node_modules/less source-map@0.6.1 OK for: less@4.1.3 want: ~0.6.0
2035 silly fetch manifest is-what@^3.14.1
2036 silly packumentCache full:https://registry.npmjs.org/is-what cache-miss
2037 silly fetch manifest prr@~1.0.1
2038 silly packumentCache full:https://registry.npmjs.org/prr cache-miss
2039 silly fetch manifest pify@^4.0.1
2040 silly packumentCache full:https://registry.npmjs.org/pify cache-miss
2041 silly fetch manifest semver@^5.6.0
2042 silly packumentCache full:https://registry.npmjs.org/semver cache-hit
2043 silly fetch manifest sax@^1.2.4
2044 silly packumentCache full:https://registry.npmjs.org/sax cache-hit
2045 http fetch GET 200 https://registry.npmjs.org/prr 3ms (cache hit)
2046 silly packumentCache full:https://registry.npmjs.org/prr set size:5969 disposed:false
2047 http fetch GET 200 https://registry.npmjs.org/is-what 4ms (cache hit)
2048 silly packumentCache full:https://registry.npmjs.org/is-what set size:252332 disposed:false
2049 http fetch GET 200 https://registry.npmjs.org/pify 6ms (cache hit)
2050 silly packumentCache full:https://registry.npmjs.org/pify set size:33583 disposed:false
2051 silly placeDep ROOT is-what@3.14.1 OK for: copy-anything@2.0.6 want: ^3.14.1
2052 silly placeDep ROOT prr@1.0.1 OK for: errno@0.1.8 want: ~1.0.1
2053 silly placeDep ROOT klona@2.0.6 OK for: less-loader@11.0.0 want: ^2.0.4
2054 silly placeDep node_modules/mini-css-extract-plugin schema-utils@4.3.3 OK for: mini-css-extract-plugin@2.6.1 want: ^4.0.0
2055 silly placeDep node_modules/minipass yallist@4.0.0 OK for: minipass@3.3.6 want: ^4.0.0
2056 silly placeDep node_modules/needle iconv-lite@0.6.3 OK for: needle@3.3.1 want: ^0.6.3
2057 silly placeDep ROOT sax@1.4.4 OK for: needle@3.3.1 want: ^1.2.4
2058 silly placeDep ROOT hosted-git-info@5.2.1 OK for: npm-package-arg@9.1.0 want: ^5.0.0
2059 silly placeDep ROOT proc-log@2.0.1 OK for: npm-package-arg@9.1.0 want: ^2.0.1
2060 silly placeDep ROOT validate-npm-package-name@4.0.0 OK for: npm-package-arg@9.1.0 want: ^4.0.0
2061 silly fetch manifest lru-cache@^7.5.1
2062 silly packumentCache full:https://registry.npmjs.org/lru-cache cache-hit
2063 silly fetch manifest builtins@^5.0.0
2064 silly packumentCache full:https://registry.npmjs.org/builtins cache-miss
2065 http fetch GET 200 https://registry.npmjs.org/builtins 2ms (cache hit)
2066 silly packumentCache full:https://registry.npmjs.org/builtins set size:35025 disposed:false
2067 silly placeDep node_modules/hosted-git-info lru-cache@7.18.3 OK for: hosted-git-info@5.2.1 want: ^7.5.1
2068 silly placeDep ROOT npm-install-checks@5.0.0 OK for: npm-pick-manifest@7.0.1 want: ^5.0.0
2069 silly placeDep ROOT npm-normalize-package-bin@1.0.1 OK for: npm-pick-manifest@7.0.1 want: ^1.0.1
2070 silly placeDep ROOT aggregate-error@3.1.0 OK for: p-map@4.0.0 want: ^3.0.0
2071 silly fetch manifest clean-stack@^2.0.0
2072 silly packumentCache full:https://registry.npmjs.org/clean-stack cache-miss
2073 silly fetch manifest indent-string@^4.0.0
2074 silly packumentCache full:https://registry.npmjs.org/indent-string cache-miss
2075 http fetch GET 200 https://registry.npmjs.org/indent-string 1ms (cache hit)
2076 silly packumentCache full:https://registry.npmjs.org/indent-string set size:28547 disposed:false
2077 http fetch GET 200 https://registry.npmjs.org/clean-stack 2ms (cache hit)
2078 silly packumentCache full:https://registry.npmjs.org/clean-stack set size:52858 disposed:false
2079 silly placeDep ROOT clean-stack@2.2.0 OK for: aggregate-error@3.1.0 want: ^2.0.0
2080 silly placeDep ROOT indent-string@4.0.0 OK for: aggregate-error@3.1.0 want: ^4.0.0
2081 silly placeDep ROOT @npmcli/git@3.0.2 OK for: pacote@13.6.2 want: ^3.0.0
2082 silly placeDep ROOT @npmcli/installed-package-contents@1.0.7 OK for: pacote@13.6.2 want: ^1.0.7
2083 silly placeDep ROOT @npmcli/promise-spawn@3.0.0 OK for: pacote@13.6.2 want: ^3.0.0
2084 silly placeDep ROOT @npmcli/run-script@4.2.1 OK for: pacote@13.6.2 want: ^4.1.0
2085 silly placeDep ROOT npm-packlist@5.1.3 OK for: pacote@13.6.2 want: ^5.1.0
2086 silly placeDep ROOT npm-registry-fetch@13.3.1 OK for: pacote@13.6.2 want: ^13.0.1
2087 silly placeDep ROOT promise-retry@2.0.1 OK for: pacote@13.6.2 want: ^2.0.1
2088 silly placeDep ROOT read-package-json@5.0.2 OK for: pacote@13.6.2 want: ^5.0.0
2089 silly placeDep ROOT read-package-json-fast@2.0.3 OK for: pacote@13.6.2 want: ^2.0.3
2090 silly fetch manifest which@^2.0.2
2091 silly packumentCache full:https://registry.npmjs.org/which cache-miss
2092 silly fetch manifest lru-cache@^7.4.4
2093 silly packumentCache full:https://registry.npmjs.org/lru-cache cache-hit
2094 silly fetch manifest npm-bundled@^1.1.1
2095 silly packumentCache full:https://registry.npmjs.org/npm-bundled cache-miss
2096 silly fetch manifest which@^2.0.2
2097 silly packumentCache full:https://registry.npmjs.org/which cache-miss
2098 silly fetch manifest node-gyp@^9.0.0
2099 silly packumentCache full:https://registry.npmjs.org/node-gyp cache-miss
2100 silly fetch manifest @npmcli/node-gyp@^2.0.0
2101 silly packumentCache full:https://registry.npmjs.org/@npmcli%2fnode-gyp cache-miss
2102 silly fetch manifest ignore-walk@^5.0.1
2103 silly packumentCache full:https://registry.npmjs.org/ignore-walk cache-miss
2104 silly fetch manifest npm-bundled@^2.0.0
2105 silly packumentCache full:https://registry.npmjs.org/npm-bundled cache-miss
2106 silly fetch manifest npm-normalize-package-bin@^2.0.0
2107 silly packumentCache full:https://registry.npmjs.org/npm-normalize-package-bin cache-hit
2108 silly fetch manifest minizlib@^2.1.2
2109 silly packumentCache full:https://registry.npmjs.org/minizlib cache-hit
2110 silly fetch manifest minipass-fetch@^2.0.3
2111 silly packumentCache full:https://registry.npmjs.org/minipass-fetch cache-miss
2112 silly fetch manifest make-fetch-happen@^10.0.6
2113 silly packumentCache full:https://registry.npmjs.org/make-fetch-happen cache-miss
2114 silly fetch manifest minipass-json-stream@^1.0.1
2115 silly packumentCache full:https://registry.npmjs.org/minipass-json-stream cache-miss
2116 silly fetch manifest err-code@^2.0.2
2117 silly packumentCache full:https://registry.npmjs.org/err-code cache-miss
2118 http fetch GET 200 https://registry.npmjs.org/@npmcli%2fnode-gyp 7ms (cache hit)
2119 silly packumentCache full:https://registry.npmjs.org/@npmcli%2fnode-gyp set size:21995 disposed:false
2120 silly fetch manifest retry@^0.12.0
2121 silly packumentCache full:https://registry.npmjs.org/retry cache-miss
2122 http fetch GET 200 https://registry.npmjs.org/npm-bundled 9ms (cache hit)
2123 silly packumentCache full:https://registry.npmjs.org/npm-bundled set size:41434 disposed:false
2124 silly fetch manifest normalize-package-data@^4.0.0
2125 silly packumentCache full:https://registry.npmjs.org/normalize-package-data cache-miss
2126 http fetch GET 200 https://registry.npmjs.org/ignore-walk 8ms (cache hit)
2127 silly packumentCache full:https://registry.npmjs.org/ignore-walk set size:68355 disposed:false
2128 http fetch GET 200 https://registry.npmjs.org/which 10ms (cache hit)
2129 silly packumentCache full:https://registry.npmjs.org/which set size:65264 disposed:false
2130 http fetch GET 200 https://registry.npmjs.org/which 11ms (cache hit)
2131 silly packumentCache full:https://registry.npmjs.org/which set size:65264 disposed:false
2132 silly packumentCache full:https://registry.npmjs.org/which dispose
2133 http fetch GET 200 https://registry.npmjs.org/npm-bundled 9ms (cache hit)
2134 silly packumentCache full:https://registry.npmjs.org/npm-bundled set size:41434 disposed:false
2135 silly packumentCache full:https://registry.npmjs.org/npm-bundled dispose
2136 http fetch GET 200 https://registry.npmjs.org/minipass-json-stream 9ms (cache hit)
2137 silly packumentCache full:https://registry.npmjs.org/minipass-json-stream set size:12838 disposed:false
2138 http fetch GET 200 https://registry.npmjs.org/node-gyp 12ms (cache hit)
2139 silly packumentCache full:https://registry.npmjs.org/node-gyp set size:313224 disposed:false
2140 http fetch GET 200 https://registry.npmjs.org/make-fetch-happen 11ms (cache hit)
2141 silly packumentCache full:https://registry.npmjs.org/make-fetch-happen set size:367671 disposed:false
2142 http fetch GET 200 https://registry.npmjs.org/minipass-fetch 12ms (cache hit)
2143 silly packumentCache full:https://registry.npmjs.org/minipass-fetch set size:100280 disposed:false
2144 http fetch GET 200 https://registry.npmjs.org/err-code 13ms (cache hit)
2145 silly packumentCache full:https://registry.npmjs.org/err-code set size:29518 disposed:false
2146 http fetch GET 200 https://registry.npmjs.org/retry 9ms (cache hit)
2147 silly packumentCache full:https://registry.npmjs.org/retry set size:31161 disposed:false
2148 http fetch GET 200 https://registry.npmjs.org/normalize-package-data 9ms (cache hit)
2149 silly packumentCache full:https://registry.npmjs.org/normalize-package-data set size:128484 disposed:false
2150 silly placeDep node_modules/@npmcli/git lru-cache@7.18.3 OK for: @npmcli/git@3.0.2 want: ^7.4.4
2151 silly placeDep node_modules/@npmcli/git which@2.0.2 OK for: @npmcli/git@3.0.2 want: ^2.0.2
2152 silly placeDep ROOT npm-bundled@1.1.2 OK for: @npmcli/installed-package-contents@1.0.7 want: ^1.1.1
2153 silly placeDep ROOT @npmcli/node-gyp@2.0.0 OK for: @npmcli/run-script@4.2.1 want: ^2.0.0
2154 silly placeDep ROOT node-gyp@9.4.1 OK for: @npmcli/run-script@4.2.1 want: ^9.0.0
2155 silly placeDep node_modules/@npmcli/run-script which@2.0.2 OK for: @npmcli/run-script@4.2.1 want: ^2.0.2
2156 silly fetch manifest nopt@^6.0.0
2157 silly packumentCache full:https://registry.npmjs.org/nopt cache-miss
2158 silly fetch manifest npmlog@^6.0.0
2159 silly packumentCache full:https://registry.npmjs.org/npmlog cache-miss
2160 silly fetch manifest env-paths@^2.2.0
2161 silly packumentCache full:https://registry.npmjs.org/env-paths cache-miss
2162 silly fetch manifest make-fetch-happen@^10.0.3
2163 silly packumentCache full:https://registry.npmjs.org/make-fetch-happen cache-hit
2164 silly fetch manifest exponential-backoff@^3.1.1
2165 silly packumentCache full:https://registry.npmjs.org/exponential-backoff cache-miss
2166 http fetch GET 200 https://registry.npmjs.org/nopt 2ms (cache hit)
2167 silly packumentCache full:https://registry.npmjs.org/nopt set size:71592 disposed:false
2168 http fetch GET 200 https://registry.npmjs.org/npmlog 3ms (cache hit)
2169 silly packumentCache full:https://registry.npmjs.org/npmlog set size:68119 disposed:false
2170 http fetch GET 200 https://registry.npmjs.org/env-paths 5ms (cache hit)
2171 silly packumentCache full:https://registry.npmjs.org/env-paths set size:25456 disposed:false
2172 http fetch GET 200 https://registry.npmjs.org/exponential-backoff 5ms (cache hit)
2173 silly packumentCache full:https://registry.npmjs.org/exponential-backoff set size:56105 disposed:false
2174 silly placeDep ROOT env-paths@2.2.1 OK for: node-gyp@9.4.1 want: ^2.2.0
2175 silly placeDep ROOT exponential-backoff@3.1.3 OK for: node-gyp@9.4.1 want: ^3.1.1
2176 silly placeDep ROOT make-fetch-happen@10.2.1 OK for: node-gyp@9.4.1 want: ^10.0.3
2177 silly placeDep ROOT nopt@6.0.0 OK for: node-gyp@9.4.1 want: ^6.0.0
2178 silly placeDep ROOT npmlog@6.0.2 OK for: node-gyp@9.4.1 want: ^6.0.0
2179 silly placeDep node_modules/node-gyp which@2.0.2 OK for: node-gyp@9.4.1 want: ^2.0.2
2180 silly fetch manifest is-lambda@^1.0.1
2181 silly packumentCache full:https://registry.npmjs.org/is-lambda cache-miss
2182 silly fetch manifest negotiator@^0.6.3
2183 silly packumentCache full:https://registry.npmjs.org/negotiator cache-miss
2184 silly fetch manifest agentkeepalive@^4.2.1
2185 silly packumentCache full:https://registry.npmjs.org/agentkeepalive cache-miss
2186 silly fetch manifest http-proxy-agent@^5.0.0
2187 silly packumentCache full:https://registry.npmjs.org/http-proxy-agent cache-miss
2188 silly fetch manifest socks-proxy-agent@^7.0.0
2189 silly packumentCache full:https://registry.npmjs.org/socks-proxy-agent cache-miss
2190 silly fetch manifest http-cache-semantics@^4.1.0
2191 silly packumentCache full:https://registry.npmjs.org/http-cache-semantics cache-miss
2192 silly fetch manifest abbrev@^1.0.0
2193 silly packumentCache full:https://registry.npmjs.org/abbrev cache-miss
2194 silly fetch manifest gauge@^4.0.3
2195 silly packumentCache full:https://registry.npmjs.org/gauge cache-miss
2196 silly fetch manifest set-blocking@^2.0.0
2197 silly packumentCache full:https://registry.npmjs.org/set-blocking cache-miss
2198 silly fetch manifest are-we-there-yet@^3.0.0
2199 silly packumentCache full:https://registry.npmjs.org/are-we-there-yet cache-miss
2200 silly fetch manifest console-control-strings@^1.1.0
2201 silly packumentCache full:https://registry.npmjs.org/console-control-strings cache-miss
2202 http fetch GET 200 https://registry.npmjs.org/is-lambda 6ms (cache hit)
2203 silly packumentCache full:https://registry.npmjs.org/is-lambda set size:4411 disposed:false
2204 http fetch GET 200 https://registry.npmjs.org/negotiator 7ms (cache hit)
2205 silly packumentCache full:https://registry.npmjs.org/negotiator set size:48046 disposed:false
2206 http fetch GET 200 https://registry.npmjs.org/http-cache-semantics 7ms (cache hit)
2207 silly packumentCache full:https://registry.npmjs.org/http-cache-semantics set size:66288 disposed:false
2208 http fetch GET 200 https://registry.npmjs.org/socks-proxy-agent 9ms (cache hit)
2209 silly packumentCache full:https://registry.npmjs.org/socks-proxy-agent set size:96838 disposed:false
2210 http fetch GET 200 https://registry.npmjs.org/agentkeepalive 10ms (cache hit)
2211 silly packumentCache full:https://registry.npmjs.org/agentkeepalive set size:139473 disposed:false
2212 http fetch GET 200 https://registry.npmjs.org/abbrev 10ms (cache hit)
2213 silly packumentCache full:https://registry.npmjs.org/abbrev set size:21777 disposed:false
2214 http fetch GET 200 https://registry.npmjs.org/http-proxy-agent 11ms (cache hit)
2215 silly packumentCache full:https://registry.npmjs.org/http-proxy-agent set size:50096 disposed:false
2216 http fetch GET 200 https://registry.npmjs.org/console-control-strings 10ms (cache hit)
2217 silly packumentCache full:https://registry.npmjs.org/console-control-strings set size:9235 disposed:false
2218 http fetch GET 200 https://registry.npmjs.org/set-blocking 11ms (cache hit)
2219 silly packumentCache full:https://registry.npmjs.org/set-blocking set size:5763 disposed:false
2220 http fetch GET 200 https://registry.npmjs.org/are-we-there-yet 10ms (cache hit)
2221 silly packumentCache full:https://registry.npmjs.org/are-we-there-yet set size:52315 disposed:false
2222 http fetch GET 200 https://registry.npmjs.org/gauge 11ms (cache hit)
2223 silly packumentCache full:https://registry.npmjs.org/gauge set size:101042 disposed:false
2224 silly placeDep ROOT agentkeepalive@4.6.0 OK for: make-fetch-happen@10.2.1 want: ^4.2.1
2225 silly placeDep ROOT http-cache-semantics@4.2.0 OK for: make-fetch-happen@10.2.1 want: ^4.1.0
2226 silly placeDep ROOT http-proxy-agent@5.0.0 OK for: make-fetch-happen@10.2.1 want: ^5.0.0
2227 silly placeDep ROOT is-lambda@1.0.1 OK for: make-fetch-happen@10.2.1 want: ^1.0.1
2228 silly placeDep node_modules/make-fetch-happen lru-cache@7.18.3 OK for: make-fetch-happen@10.2.1 want: ^7.7.1
2229 silly placeDep ROOT minipass-fetch@2.1.2 OK for: make-fetch-happen@10.2.1 want: ^2.0.3
2230 silly placeDep ROOT negotiator@0.6.4 OK for: make-fetch-happen@10.2.1 want: ^0.6.3
2231 silly placeDep ROOT socks-proxy-agent@7.0.0 OK for: make-fetch-happen@10.2.1 want: ^7.0.0
2232 silly fetch manifest humanize-ms@^1.2.1
2233 silly packumentCache full:https://registry.npmjs.org/humanize-ms cache-miss
2234 silly fetch manifest @tootallnate/once@2
2235 silly packumentCache full:https://registry.npmjs.org/@tootallnate%2fonce cache-miss
2236 silly fetch manifest minipass-sized@^1.0.3
2237 silly packumentCache full:https://registry.npmjs.org/minipass-sized cache-miss
2238 silly fetch manifest encoding@^0.1.13
2239 silly packumentCache full:https://registry.npmjs.org/encoding cache-miss
2240 silly fetch manifest socks@^2.6.2
2241 silly packumentCache full:https://registry.npmjs.org/socks cache-miss
2242 http fetch GET 200 https://registry.npmjs.org/humanize-ms 2ms (cache hit)
2243 silly packumentCache full:https://registry.npmjs.org/humanize-ms set size:12275 disposed:false
2244 http fetch GET 200 https://registry.npmjs.org/minipass-sized 2ms (cache hit)
2245 silly packumentCache full:https://registry.npmjs.org/minipass-sized set size:14420 disposed:false
2246 http fetch GET 200 https://registry.npmjs.org/@tootallnate%2fonce 3ms (cache hit)
2247 silly packumentCache full:https://registry.npmjs.org/@tootallnate%2fonce set size:19864 disposed:false
2248 http fetch GET 200 https://registry.npmjs.org/socks 3ms (cache hit)
2249 silly packumentCache full:https://registry.npmjs.org/socks set size:168523 disposed:false
2250 http fetch GET 200 https://registry.npmjs.org/encoding 5ms (cache hit)
2251 silly packumentCache full:https://registry.npmjs.org/encoding set size:17833 disposed:false
2252 silly placeDep ROOT humanize-ms@1.2.1 OK for: agentkeepalive@4.6.0 want: ^1.2.1
2253 silly placeDep ROOT @tootallnate/once@2.0.0 OK for: http-proxy-agent@5.0.0 want: 2
2254 silly placeDep ROOT encoding@0.1.13 OK for: minipass-fetch@2.1.2 want: ^0.1.13
2255 silly placeDep ROOT minipass-sized@1.0.3 OK for: minipass-fetch@2.1.2 want: ^1.0.3
2256 silly placeDep ROOT minizlib@2.1.2 OK for: minipass-fetch@2.1.2 want: ^2.1.2
2257 silly fetch manifest iconv-lite@^0.6.2
2258 silly packumentCache full:https://registry.npmjs.org/iconv-lite cache-hit
2259 silly placeDep node_modules/encoding iconv-lite@0.6.3 OK for: encoding@0.1.13 want: ^0.6.2
2260 silly placeDep node_modules/minizlib yallist@4.0.0 OK for: minizlib@2.1.2 want: ^4.0.0
2261 silly placeDep ROOT abbrev@1.1.1 OK for: nopt@6.0.0 want: ^1.0.0
2262 silly placeDep node_modules/npm-packlist glob@8.1.0 OK for: npm-packlist@5.1.3 want: ^8.0.1
2263 silly placeDep ROOT ignore-walk@5.0.1 OK for: npm-packlist@5.1.3 want: ^5.0.1
2264 silly placeDep node_modules/npm-packlist npm-bundled@2.0.1 OK for: npm-packlist@5.1.3 want: ^2.0.0
2265 silly placeDep node_modules/npm-packlist npm-normalize-package-bin@2.0.0 OK for: npm-packlist@5.1.3 want: ^2.0.0
2266 silly placeDep node_modules/ignore-walk minimatch@5.1.6 OK for: ignore-walk@5.0.1 want: ^5.0.1
2267 silly placeDep ROOT minipass-json-stream@1.0.2 OK for: npm-registry-fetch@13.3.1 want: ^1.0.1
2268 silly fetch manifest jsonparse@^1.3.1
2269 silly packumentCache full:https://registry.npmjs.org/jsonparse cache-miss
2270 http fetch GET 200 https://registry.npmjs.org/jsonparse 5ms (cache hit)
2271 silly packumentCache full:https://registry.npmjs.org/jsonparse set size:15932 disposed:false
2272 silly placeDep ROOT jsonparse@1.3.1 OK for: minipass-json-stream@1.0.2 want: ^1.3.1
2273 silly placeDep ROOT are-we-there-yet@3.0.1 OK for: npmlog@6.0.2 want: ^3.0.0
2274 silly placeDep ROOT console-control-strings@1.1.0 OK for: npmlog@6.0.2 want: ^1.1.0
2275 silly placeDep ROOT gauge@4.0.4 OK for: npmlog@6.0.2 want: ^4.0.3
2276 silly placeDep ROOT set-blocking@2.0.0 OK for: npmlog@6.0.2 want: ^2.0.0
2277 silly fetch manifest delegates@^1.0.0
2278 silly packumentCache full:https://registry.npmjs.org/delegates cache-miss
2279 silly fetch manifest aproba@^1.0.3 || ^2.0.0
2280 silly packumentCache full:https://registry.npmjs.org/aproba cache-miss
2281 silly fetch manifest wide-align@^1.1.5
2282 silly packumentCache full:https://registry.npmjs.org/wide-align cache-miss
2283 silly fetch manifest has-unicode@^2.0.1
2284 silly packumentCache full:https://registry.npmjs.org/has-unicode cache-miss
2285 silly fetch manifest color-support@^1.1.3
2286 silly packumentCache full:https://registry.npmjs.org/color-support cache-miss
2287 http fetch GET 200 https://registry.npmjs.org/delegates 2ms (cache hit)
2288 silly packumentCache full:https://registry.npmjs.org/delegates set size:8916 disposed:false
2289 http fetch GET 200 https://registry.npmjs.org/aproba 2ms (cache hit)
2290 silly packumentCache full:https://registry.npmjs.org/aproba set size:20300 disposed:false
2291 http fetch GET 200 https://registry.npmjs.org/wide-align 3ms (cache hit)
2292 silly packumentCache full:https://registry.npmjs.org/wide-align set size:16598 disposed:false
2293 http fetch GET 200 https://registry.npmjs.org/has-unicode 4ms (cache hit)
2294 silly packumentCache full:https://registry.npmjs.org/has-unicode set size:7567 disposed:false
2295 http fetch GET 200 https://registry.npmjs.org/color-support 3ms (cache hit)
2296 silly packumentCache full:https://registry.npmjs.org/color-support set size:13824 disposed:false
2297 silly placeDep ROOT delegates@1.0.0 OK for: are-we-there-yet@3.0.1 want: ^1.0.0
2298 silly placeDep ROOT aproba@2.1.0 OK for: gauge@4.0.4 want: ^1.0.3 || ^2.0.0
2299 silly placeDep ROOT color-support@1.1.3 OK for: gauge@4.0.4 want: ^1.1.3
2300 silly placeDep ROOT has-unicode@2.0.1 OK for: gauge@4.0.4 want: ^2.0.1
2301 silly placeDep ROOT wide-align@1.1.5 OK for: gauge@4.0.4 want: ^1.1.5
2302 silly placeDep ROOT read-cache@1.0.0 OK for: postcss-import@15.0.0 want: ^1.0.0
2303 silly fetch manifest pify@^2.3.0
2304 silly packumentCache full:https://registry.npmjs.org/pify cache-hit
2305 silly placeDep ROOT cosmiconfig@7.1.0 OK for: postcss-loader@7.0.1 want: ^7.0.0
2306 silly placeDep node_modules/postcss-loader semver@7.7.3 OK for: postcss-loader@7.0.1 want: ^7.3.7
2307 silly fetch manifest @types/parse-json@^4.0.0
2308 silly packumentCache full:https://registry.npmjs.org/@types%2fparse-json cache-miss
2309 silly fetch manifest import-fresh@^3.2.1
2310 silly packumentCache full:https://registry.npmjs.org/import-fresh cache-miss
2311 silly fetch manifest parse-json@^5.0.0
2312 silly packumentCache full:https://registry.npmjs.org/parse-json cache-miss
2313 silly fetch manifest yaml@^1.10.0
2314 silly packumentCache full:https://registry.npmjs.org/yaml cache-miss
2315 http fetch GET 200 https://registry.npmjs.org/yaml 2ms (cache hit)
2316 silly packumentCache full:https://registry.npmjs.org/yaml set size:364997 disposed:false
2317 http fetch GET 200 https://registry.npmjs.org/import-fresh 5ms (cache hit)
2318 silly packumentCache full:https://registry.npmjs.org/import-fresh set size:21461 disposed:false
2319 http fetch GET 200 https://registry.npmjs.org/parse-json 5ms (cache hit)
2320 silly packumentCache full:https://registry.npmjs.org/parse-json set size:48198 disposed:false
2321 http fetch GET 200 https://registry.npmjs.org/@types%2fparse-json 6ms (cache hit)
2322 silly packumentCache full:https://registry.npmjs.org/@types%2fparse-json set size:6477 disposed:false
2323 silly placeDep ROOT @types/parse-json@4.0.2 OK for: cosmiconfig@7.1.0 want: ^4.0.0
2324 silly placeDep ROOT import-fresh@3.3.1 OK for: cosmiconfig@7.1.0 want: ^3.2.1
2325 silly placeDep ROOT parse-json@5.2.0 OK for: cosmiconfig@7.1.0 want: ^5.0.0
2326 silly placeDep ROOT yaml@1.10.2 OK for: cosmiconfig@7.1.0 want: ^1.10.0
2327 silly fetch manifest parent-module@^1.0.0
2328 silly packumentCache full:https://registry.npmjs.org/parent-module cache-miss
2329 silly fetch manifest resolve-from@^4.0.0
2330 silly packumentCache full:https://registry.npmjs.org/resolve-from cache-miss
2331 silly fetch manifest error-ex@^1.3.1
2332 silly packumentCache full:https://registry.npmjs.org/error-ex cache-miss
2333 silly fetch manifest lines-and-columns@^1.1.6
2334 silly packumentCache full:https://registry.npmjs.org/lines-and-columns cache-miss
2335 http fetch GET 200 https://registry.npmjs.org/lines-and-columns 2ms (cache hit)
2336 silly packumentCache full:https://registry.npmjs.org/lines-and-columns set size:73796 disposed:false
2337 http fetch GET 200 https://registry.npmjs.org/error-ex 3ms (cache hit)
2338 silly packumentCache full:https://registry.npmjs.org/error-ex set size:31684 disposed:false
2339 http fetch GET 200 https://registry.npmjs.org/parent-module 3ms (cache hit)
2340 silly packumentCache full:https://registry.npmjs.org/parent-module set size:18255 disposed:false
2341 http fetch GET 200 https://registry.npmjs.org/resolve-from 3ms (cache hit)
2342 silly packumentCache full:https://registry.npmjs.org/resolve-from set size:12911 disposed:false
2343 silly placeDep ROOT parent-module@1.0.1 OK for: import-fresh@3.3.1 want: ^1.0.0
2344 silly placeDep node_modules/import-fresh resolve-from@4.0.0 OK for: import-fresh@3.3.1 want: ^4.0.0
2345 silly fetch manifest callsites@^3.0.0
2346 silly packumentCache full:https://registry.npmjs.org/callsites cache-miss
2347 http fetch GET 200 https://registry.npmjs.org/callsites 1ms (cache hit)
2348 silly packumentCache full:https://registry.npmjs.org/callsites set size:21349 disposed:false
2349 silly placeDep ROOT callsites@3.1.0 OK for: parent-module@1.0.1 want: ^3.0.0
2350 silly placeDep ROOT error-ex@1.3.4 OK for: parse-json@5.2.0 want: ^1.3.1
2351 silly placeDep ROOT lines-and-columns@1.2.4 OK for: parse-json@5.2.0 want: ^1.1.6
2352 silly fetch manifest is-arrayish@^0.2.1
2353 silly packumentCache full:https://registry.npmjs.org/is-arrayish cache-miss
2354 http fetch GET 200 https://registry.npmjs.org/is-arrayish 1ms (cache hit)
2355 silly packumentCache full:https://registry.npmjs.org/is-arrayish set size:15371 disposed:false
2356 silly placeDep ROOT is-arrayish@0.2.1 OK for: error-ex@1.3.4 want: ^0.2.1
2357 silly placeDep ROOT postcss-selector-parser@7.1.1 OK for: postcss-modules-local-by-default@4.2.0 want: ^7.0.0
2358 silly fetch manifest cssesc@^3.0.0
2359 silly packumentCache full:https://registry.npmjs.org/cssesc cache-miss
2360 http fetch GET 200 https://registry.npmjs.org/cssesc 1ms (cache hit)
2361 silly packumentCache full:https://registry.npmjs.org/cssesc set size:18815 disposed:false
2362 silly fetch manifest postcss@^8.2
2363 silly packumentCache full:https://registry.npmjs.org/postcss cache-hit
2364 silly placeDep ROOT @csstools/postcss-cascade-layers@1.1.1 OK for: postcss-preset-env@7.8.0 want: ^1.0.5
2365 silly placeDep ROOT @csstools/postcss-color-function@1.1.1 OK for: postcss-preset-env@7.8.0 want: ^1.1.1
2366 silly placeDep ROOT @csstools/postcss-font-format-keywords@1.0.1 OK for: postcss-preset-env@7.8.0 want: ^1.0.1
2367 silly placeDep ROOT @csstools/postcss-hwb-function@1.0.2 OK for: postcss-preset-env@7.8.0 want: ^1.0.2
2368 silly placeDep ROOT @csstools/postcss-ic-unit@1.0.1 OK for: postcss-preset-env@7.8.0 want: ^1.0.1
2369 silly placeDep ROOT @csstools/postcss-is-pseudo-class@2.0.7 OK for: postcss-preset-env@7.8.0 want: ^2.0.7
2370 silly placeDep ROOT @csstools/postcss-nested-calc@1.0.0 OK for: postcss-preset-env@7.8.0 want: ^1.0.0
2371 silly placeDep ROOT @csstools/postcss-normalize-display-values@1.0.1 OK for: postcss-preset-env@7.8.0 want: ^1.0.1
2372 silly placeDep ROOT @csstools/postcss-oklab-function@1.1.1 OK for: postcss-preset-env@7.8.0 want: ^1.1.1
2373 silly placeDep ROOT @csstools/postcss-progressive-custom-properties@1.3.0 OK for: postcss-preset-env@7.8.0 want: ^1.3.0
2374 silly placeDep ROOT @csstools/postcss-stepped-value-functions@1.0.1 OK for: postcss-preset-env@7.8.0 want: ^1.0.1
2375 silly placeDep ROOT @csstools/postcss-text-decoration-shorthand@1.0.0 OK for: postcss-preset-env@7.8.0 want: ^1.0.0
2376 silly placeDep ROOT @csstools/postcss-trigonometric-functions@1.0.2 OK for: postcss-preset-env@7.8.0 want: ^1.0.2
2377 silly placeDep ROOT @csstools/postcss-unset-value@1.0.2 OK for: postcss-preset-env@7.8.0 want: ^1.0.2
2378 silly placeDep ROOT autoprefixer@10.4.23 OK for: postcss-preset-env@7.8.0 want: ^10.4.8
2379 silly placeDep ROOT css-blank-pseudo@3.0.3 OK for: postcss-preset-env@7.8.0 want: ^3.0.3
2380 silly placeDep ROOT css-has-pseudo@3.0.4 OK for: postcss-preset-env@7.8.0 want: ^3.0.4
2381 silly placeDep ROOT css-prefers-color-scheme@6.0.3 OK for: postcss-preset-env@7.8.0 want: ^6.0.3
2382 silly placeDep ROOT cssdb@7.11.2 OK for: postcss-preset-env@7.8.0 want: ^7.0.0
2383 silly placeDep ROOT postcss-attribute-case-insensitive@5.0.2 OK for: postcss-preset-env@7.8.0 want: ^5.0.2
2384 silly placeDep ROOT postcss-clamp@4.1.0 OK for: postcss-preset-env@7.8.0 want: ^4.1.0
2385 silly placeDep ROOT postcss-color-functional-notation@4.2.4 OK for: postcss-preset-env@7.8.0 want: ^4.2.4
2386 silly placeDep ROOT postcss-color-hex-alpha@8.0.4 OK for: postcss-preset-env@7.8.0 want: ^8.0.4
2387 silly placeDep ROOT postcss-color-rebeccapurple@7.1.1 OK for: postcss-preset-env@7.8.0 want: ^7.1.1
2388 silly placeDep ROOT postcss-custom-media@8.0.2 OK for: postcss-preset-env@7.8.0 want: ^8.0.2
2389 silly placeDep ROOT postcss-custom-properties@12.1.11 OK for: postcss-preset-env@7.8.0 want: ^12.1.8
2390 silly placeDep ROOT postcss-custom-selectors@6.0.3 OK for: postcss-preset-env@7.8.0 want: ^6.0.3
2391 silly placeDep ROOT postcss-dir-pseudo-class@6.0.5 OK for: postcss-preset-env@7.8.0 want: ^6.0.5
2392 silly placeDep ROOT postcss-double-position-gradients@3.1.2 OK for: postcss-preset-env@7.8.0 want: ^3.1.2
2393 silly placeDep ROOT postcss-env-function@4.0.6 OK for: postcss-preset-env@7.8.0 want: ^4.0.6
2394 silly placeDep ROOT postcss-focus-visible@6.0.4 OK for: postcss-preset-env@7.8.0 want: ^6.0.4
2395 silly placeDep ROOT postcss-focus-within@5.0.4 OK for: postcss-preset-env@7.8.0 want: ^5.0.4
2396 silly placeDep ROOT postcss-font-variant@5.0.0 OK for: postcss-preset-env@7.8.0 want: ^5.0.0
2397 silly placeDep ROOT postcss-gap-properties@3.0.5 OK for: postcss-preset-env@7.8.0 want: ^3.0.5
2398 silly placeDep ROOT postcss-image-set-function@4.0.7 OK for: postcss-preset-env@7.8.0 want: ^4.0.7
2399 silly placeDep ROOT postcss-initial@4.0.1 OK for: postcss-preset-env@7.8.0 want: ^4.0.1
2400 silly placeDep ROOT postcss-lab-function@4.2.1 OK for: postcss-preset-env@7.8.0 want: ^4.2.1
2401 silly placeDep ROOT postcss-logical@5.0.4 OK for: postcss-preset-env@7.8.0 want: ^5.0.4
2402 silly placeDep ROOT postcss-media-minmax@5.0.0 OK for: postcss-preset-env@7.8.0 want: ^5.0.0
2403 silly placeDep ROOT postcss-nesting@10.2.0 OK for: postcss-preset-env@7.8.0 want: ^10.1.10
2404 silly placeDep ROOT postcss-opacity-percentage@1.1.3 OK for: postcss-preset-env@7.8.0 want: ^1.1.2
2405 silly placeDep ROOT postcss-overflow-shorthand@3.0.4 OK for: postcss-preset-env@7.8.0 want: ^3.0.4
2406 silly placeDep ROOT postcss-page-break@3.0.4 OK for: postcss-preset-env@7.8.0 want: ^3.0.4
2407 silly placeDep ROOT postcss-place@7.0.5 OK for: postcss-preset-env@7.8.0 want: ^7.0.5
2408 silly placeDep ROOT postcss-pseudo-class-any-link@7.1.6 OK for: postcss-preset-env@7.8.0 want: ^7.1.6
2409 silly placeDep ROOT postcss-replace-overflow-wrap@4.0.0 OK for: postcss-preset-env@7.8.0 want: ^4.0.0
2410 silly placeDep ROOT postcss-selector-not@6.0.1 OK for: postcss-preset-env@7.8.0 want: ^6.0.1
2411 silly fetch manifest postcss-selector-parser@^6.0.10
2412 silly packumentCache full:https://registry.npmjs.org/postcss-selector-parser cache-hit
2413 silly fetch manifest @csstools/selector-specificity@^2.0.2
2414 silly packumentCache full:https://registry.npmjs.org/@csstools%2fselector-specificity cache-miss
2415 silly fetch manifest @csstools/postcss-progressive-custom-properties@^1.1.0
2416 silly packumentCache full:https://registry.npmjs.org/@csstools%2fpostcss-progressive-custom-properties cache-hit
2417 silly fetch manifest @csstools/postcss-progressive-custom-properties@^1.1.0
2418 silly packumentCache full:https://registry.npmjs.org/@csstools%2fpostcss-progressive-custom-properties cache-hit
2419 silly fetch manifest postcss-selector-parser@^6.0.10
2420 silly packumentCache full:https://registry.npmjs.org/postcss-selector-parser cache-hit
2421 silly fetch manifest @csstools/selector-specificity@^2.0.0
2422 silly packumentCache full:https://registry.npmjs.org/@csstools%2fselector-specificity cache-miss
2423 silly fetch manifest @csstools/postcss-progressive-custom-properties@^1.1.0
2424 silly packumentCache full:https://registry.npmjs.org/@csstools%2fpostcss-progressive-custom-properties cache-hit
2425 silly fetch manifest fraction.js@^5.3.4
2426 silly packumentCache full:https://registry.npmjs.org/fraction.js cache-miss
2427 silly fetch manifest postcss-selector-parser@^6.0.9
2428 silly packumentCache full:https://registry.npmjs.org/postcss-selector-parser cache-hit
2429 silly fetch manifest postcss-selector-parser@^6.0.9
2430 silly packumentCache full:https://registry.npmjs.org/postcss-selector-parser cache-hit
2431 silly fetch manifest postcss-selector-parser@^6.0.10
2432 silly packumentCache full:https://registry.npmjs.org/postcss-selector-parser cache-hit
2433 silly fetch manifest postcss-selector-parser@^6.0.4
2434 silly packumentCache full:https://registry.npmjs.org/postcss-selector-parser cache-hit
2435 silly fetch manifest @csstools/selector-specificity@^2.0.0
2436 silly packumentCache full:https://registry.npmjs.org/@csstools%2fselector-specificity cache-miss
2437 http fetch GET 200 https://registry.npmjs.org/@csstools%2fselector-specificity 5ms (cache hit)
2438 silly packumentCache full:https://registry.npmjs.org/@csstools%2fselector-specificity set size:51031 disposed:false
2439 http fetch GET 200 https://registry.npmjs.org/@csstools%2fselector-specificity 8ms (cache hit)
2440 silly packumentCache full:https://registry.npmjs.org/@csstools%2fselector-specificity set size:51031 disposed:false
2441 silly packumentCache full:https://registry.npmjs.org/@csstools%2fselector-specificity dispose
2442 http fetch GET 200 https://registry.npmjs.org/@csstools%2fselector-specificity 8ms (cache hit)
2443 silly packumentCache full:https://registry.npmjs.org/@csstools%2fselector-specificity set size:51031 disposed:true
2444 silly packumentCache full:https://registry.npmjs.org/@csstools%2fselector-specificity dispose
2445 http fetch GET 200 https://registry.npmjs.org/fraction.js 9ms (cache hit)
2446 silly packumentCache full:https://registry.npmjs.org/fraction.js set size:149386 disposed:false
2447 silly placeDep node_modules/@csstools/postcss-cascade-layers @csstools/selector-specificity@2.2.0 OK for: @csstools/postcss-cascade-layers@1.1.1 want: ^2.0.2
2448 silly placeDep node_modules/@csstools/postcss-cascade-layers postcss-selector-parser@6.1.2 OK for: @csstools/selector-specificity@2.2.0 want: ^6.0.10
2449 silly placeDep node_modules/@csstools/postcss-is-pseudo-class @csstools/selector-specificity@2.2.0 OK for: @csstools/postcss-is-pseudo-class@2.0.7 want: ^2.0.0
2450 silly placeDep node_modules/@csstools/postcss-is-pseudo-class postcss-selector-parser@6.1.2 OK for: @csstools/selector-specificity@2.2.0 want: ^6.0.10
2451 silly placeDep ROOT fraction.js@5.3.4 OK for: autoprefixer@10.4.23 want: ^5.3.4
2452 silly placeDep node_modules/css-blank-pseudo postcss-selector-parser@6.1.2 OK for: css-blank-pseudo@3.0.3 want: ^6.0.9
2453 silly placeDep node_modules/css-has-pseudo postcss-selector-parser@6.1.2 OK for: css-has-pseudo@3.0.4 want: ^6.0.9
2454 silly placeDep node_modules/postcss-attribute-case-insensitive postcss-selector-parser@6.1.2 OK for: postcss-attribute-case-insensitive@5.0.2 want: ^6.0.10
2455 silly placeDep node_modules/postcss-custom-selectors postcss-selector-parser@6.1.2 OK for: postcss-custom-selectors@6.0.3 want: ^6.0.4
2456 silly placeDep node_modules/postcss-dir-pseudo-class postcss-selector-parser@6.1.2 OK for: postcss-dir-pseudo-class@6.0.5 want: ^6.0.10
2457 silly placeDep node_modules/postcss-focus-visible postcss-selector-parser@6.1.2 OK for: postcss-focus-visible@6.0.4 want: ^6.0.9
2458 silly placeDep node_modules/postcss-focus-within postcss-selector-parser@6.1.2 OK for: postcss-focus-within@5.0.4 want: ^6.0.9
2459 silly placeDep node_modules/postcss-nesting @csstools/selector-specificity@2.2.0 OK for: postcss-nesting@10.2.0 want: ^2.0.0
2460 silly placeDep node_modules/postcss-nesting postcss-selector-parser@6.1.2 OK for: @csstools/selector-specificity@2.2.0 want: ^6.0.10
2461 silly placeDep node_modules/postcss-pseudo-class-any-link postcss-selector-parser@6.1.2 OK for: postcss-pseudo-class-any-link@7.1.6 want: ^6.0.10
2462 silly placeDep node_modules/postcss-selector-not postcss-selector-parser@6.1.2 OK for: postcss-selector-not@6.0.1 want: ^6.0.10
2463 silly placeDep ROOT cssesc@3.0.0 OK for: postcss-selector-parser@7.1.1 want: ^3.0.0
2464 silly placeDep ROOT err-code@2.0.3 OK for: promise-retry@2.0.1 want: ^2.0.2
2465 silly placeDep ROOT retry@0.12.0 OK for: promise-retry@2.0.1 want: ^0.12.0
2466 silly placeDep ROOT pify@2.3.0 OK for: read-cache@1.0.0 want: ^2.3.0
2467 silly placeDep node_modules/read-package-json glob@8.1.0 OK for: read-package-json@5.0.2 want: ^8.0.1
2468 silly placeDep ROOT normalize-package-data@4.0.1 OK for: read-package-json@5.0.2 want: ^4.0.0
2469 silly placeDep node_modules/read-package-json npm-normalize-package-bin@2.0.0 OK for: read-package-json@5.0.2 want: ^2.0.0
2470 silly fetch manifest is-core-module@^2.8.1
2471 silly packumentCache full:https://registry.npmjs.org/is-core-module cache-hit
2472 silly fetch manifest validate-npm-package-license@^3.0.4
2473 silly packumentCache full:https://registry.npmjs.org/validate-npm-package-license cache-miss
2474 http fetch GET 200 https://registry.npmjs.org/validate-npm-package-license 6ms (cache hit)
2475 silly packumentCache full:https://registry.npmjs.org/validate-npm-package-license set size:21821 disposed:false
2476 silly placeDep ROOT is-core-module@2.16.1 OK for: normalize-package-data@4.0.1 want: ^2.8.1
2477 silly placeDep ROOT validate-npm-package-license@3.0.4 OK for: normalize-package-data@4.0.1 want: ^3.0.4
2478 silly fetch manifest spdx-correct@^3.0.0
2479 silly packumentCache full:https://registry.npmjs.org/spdx-correct cache-miss
2480 silly fetch manifest spdx-expression-parse@^3.0.0
2481 silly packumentCache full:https://registry.npmjs.org/spdx-expression-parse cache-miss
2482 http fetch GET 200 https://registry.npmjs.org/spdx-expression-parse 2ms (cache hit)
2483 silly packumentCache full:https://registry.npmjs.org/spdx-expression-parse set size:29500 disposed:false
2484 http fetch GET 200 https://registry.npmjs.org/spdx-correct 4ms (cache hit)
2485 silly packumentCache full:https://registry.npmjs.org/spdx-correct set size:38642 disposed:false
2486 silly placeDep ROOT regenerate@1.4.2 OK for: regexpu-core@6.4.0 want: ^1.4.2
2487 silly placeDep ROOT regenerate-unicode-properties@10.2.2 OK for: regexpu-core@6.4.0 want: ^10.2.2
2488 silly placeDep ROOT regjsgen@0.8.0 OK for: regexpu-core@6.4.0 want: ^0.8.0
2489 silly placeDep ROOT regjsparser@0.13.0 OK for: regexpu-core@6.4.0 want: ^0.13.0
2490 silly placeDep ROOT unicode-match-property-ecmascript@2.0.0 OK for: regexpu-core@6.4.0 want: ^2.0.0
2491 silly placeDep ROOT unicode-match-property-value-ecmascript@2.2.1 OK for: regexpu-core@6.4.0 want: ^2.2.1
2492 silly fetch manifest jsesc@~3.1.0
2493 silly packumentCache full:https://registry.npmjs.org/jsesc cache-hit
2494 silly fetch manifest unicode-canonical-property-names-ecmascript@^2.0.0
2495 silly packumentCache full:https://registry.npmjs.org/unicode-canonical-property-names-ecmascript cache-miss
2496 silly fetch manifest unicode-property-aliases-ecmascript@^2.0.0
2497 silly packumentCache full:https://registry.npmjs.org/unicode-property-aliases-ecmascript cache-miss
2498 http fetch GET 200 https://registry.npmjs.org/unicode-canonical-property-names-ecmascript 2ms (cache hit)
2499 silly packumentCache full:https://registry.npmjs.org/unicode-canonical-property-names-ecmascript set size:17227 disposed:false
2500 http fetch GET 200 https://registry.npmjs.org/unicode-property-aliases-ecmascript 1ms (cache hit)
2501 silly packumentCache full:https://registry.npmjs.org/unicode-property-aliases-ecmascript set size:28095 disposed:false
2502 silly placeDep node_modules/regjsparser jsesc@3.1.0 OK for: regjsparser@0.13.0 want: ~3.1.0
2503 silly placeDep ROOT path-parse@1.0.7 OK for: resolve@1.22.1 want: ^1.0.7
2504 silly placeDep ROOT supports-preserve-symlinks-flag@1.0.0 OK for: resolve@1.22.1 want: ^1.0.0
2505 silly placeDep ROOT queue-microtask@1.2.3 OK for: run-parallel@1.2.0 want: ^1.2.2
2506 silly placeDep ROOT immutable@4.3.7 OK for: sass@1.54.4 want: ^4.0.0
2507 silly placeDep ROOT socks@2.8.7 OK for: socks-proxy-agent@7.0.0 want: ^2.6.2
2508 silly fetch manifest ip-address@^10.0.1
2509 silly packumentCache full:https://registry.npmjs.org/ip-address cache-miss
2510 silly fetch manifest smart-buffer@^4.2.0
2511 silly packumentCache full:https://registry.npmjs.org/smart-buffer cache-miss
2512 http fetch GET 200 https://registry.npmjs.org/smart-buffer 2ms (cache hit)
2513 silly packumentCache full:https://registry.npmjs.org/smart-buffer set size:87065 disposed:false
2514 http fetch GET 200 https://registry.npmjs.org/ip-address 2ms (cache hit)
2515 silly packumentCache full:https://registry.npmjs.org/ip-address set size:135050 disposed:false
2516 silly placeDep ROOT ip-address@10.1.0 OK for: socks@2.8.7 want: ^10.0.1
2517 silly placeDep ROOT smart-buffer@4.2.0 OK for: socks@2.8.7 want: ^4.2.0
2518 silly placeDep ROOT abab@2.0.6 OK for: source-map-loader@4.0.0 want: ^2.0.6
2519 silly placeDep node_modules/source-map-loader iconv-lite@0.6.3 OK for: source-map-loader@4.0.0 want: ^0.6.3
2520 silly placeDep ROOT @adobe/css-tools@4.4.4 OK for: stylus@0.59.0 want: ^4.0.1
2521 silly placeDep node_modules/stylus sax@1.2.4 OK for: stylus@0.59.0 want: ~1.2.4
2522 silly placeDep node_modules/tar minipass@5.0.0 OK for: tar@6.2.1 want: ^5.0.0
2523 silly placeDep node_modules/tar yallist@4.0.0 OK for: tar@6.2.1 want: ^4.0.0
2524 silly placeDep ROOT os-tmpdir@1.0.2 OK for: tmp@0.0.33 want: ~1.0.2
2525 silly placeDep ROOT unicode-canonical-property-names-ecmascript@2.0.1 OK for: unicode-match-property-ecmascript@2.0.0 want: ^2.0.0
2526 silly placeDep ROOT unicode-property-aliases-ecmascript@2.2.0 OK for: unicode-match-property-ecmascript@2.0.0 want: ^2.0.0
2527 silly placeDep ROOT unique-slug@2.0.2 OK for: unique-filename@1.1.1 want: ^2.0.0
2528 silly fetch manifest imurmurhash@^0.1.4
2529 silly packumentCache full:https://registry.npmjs.org/imurmurhash cache-miss
2530 http fetch GET 200 https://registry.npmjs.org/imurmurhash 1ms (cache hit)
2531 silly packumentCache full:https://registry.npmjs.org/imurmurhash set size:35819 disposed:false
2532 silly placeDep ROOT imurmurhash@0.1.4 OK for: unique-slug@2.0.2 want: ^0.1.4
2533 silly placeDep ROOT spdx-correct@3.2.0 OK for: validate-npm-package-license@3.0.4 want: ^3.0.0
2534 silly placeDep ROOT spdx-expression-parse@3.0.1 OK for: validate-npm-package-license@3.0.4 want: ^3.0.0
2535 silly fetch manifest spdx-license-ids@^3.0.0
2536 silly packumentCache full:https://registry.npmjs.org/spdx-license-ids cache-miss
2537 silly fetch manifest spdx-exceptions@^2.1.0
2538 silly packumentCache full:https://registry.npmjs.org/spdx-exceptions cache-miss
2539 silly fetch manifest spdx-license-ids@^3.0.0
2540 silly packumentCache full:https://registry.npmjs.org/spdx-license-ids cache-miss
2541 http fetch GET 200 https://registry.npmjs.org/spdx-license-ids 3ms (cache hit)
2542 silly packumentCache full:https://registry.npmjs.org/spdx-license-ids set size:79959 disposed:false
2543 http fetch GET 200 https://registry.npmjs.org/spdx-license-ids 3ms (cache hit)
2544 silly packumentCache full:https://registry.npmjs.org/spdx-license-ids set size:79959 disposed:false
2545 silly packumentCache full:https://registry.npmjs.org/spdx-license-ids dispose
2546 http fetch GET 200 https://registry.npmjs.org/spdx-exceptions 3ms (cache hit)
2547 silly packumentCache full:https://registry.npmjs.org/spdx-exceptions set size:21227 disposed:false
2548 silly placeDep ROOT spdx-license-ids@3.0.22 OK for: spdx-correct@3.2.0 want: ^3.0.0
2549 silly placeDep ROOT spdx-exceptions@2.5.0 OK for: spdx-expression-parse@3.0.1 want: ^2.1.0
2550 silly placeDep ROOT builtins@5.1.0 OK for: validate-npm-package-name@4.0.0 want: ^5.0.0
2551 silly placeDep ROOT colorette@2.0.20 OK for: webpack-dev-middleware@5.3.3 want: ^2.0.10
2552 silly placeDep ROOT memfs@3.5.3 OK for: webpack-dev-middleware@5.3.3 want: ^3.4.3
2553 silly placeDep node_modules/webpack-dev-middleware schema-utils@4.3.3 OK for: webpack-dev-middleware@5.3.3 want: ^4.0.0
2554 silly fetch manifest fs-monkey@^1.0.4
2555 silly packumentCache full:https://registry.npmjs.org/fs-monkey cache-miss
2556 http fetch GET 200 https://registry.npmjs.org/fs-monkey 1ms (cache hit)
2557 silly packumentCache full:https://registry.npmjs.org/fs-monkey set size:50154 disposed:false
2558 silly placeDep ROOT fs-monkey@1.1.0 OK for: memfs@3.5.3 want: ^1.0.4
2559 silly placeDep ROOT @types/bonjour@3.5.13 OK for: webpack-dev-server@4.11.0 want: ^3.5.9
2560 silly placeDep ROOT @types/connect-history-api-fallback@1.5.4 OK for: webpack-dev-server@4.11.0 want: ^1.3.5
2561 silly placeDep ROOT @types/express@4.17.25 OK for: webpack-dev-server@4.11.0 want: ^4.17.13
2562 silly placeDep ROOT @types/serve-index@1.9.4 OK for: webpack-dev-server@4.11.0 want: ^1.9.1
2563 silly placeDep ROOT @types/serve-static@1.15.10 OK for: webpack-dev-server@4.11.0 want: ^1.13.10
2564 silly placeDep ROOT @types/sockjs@0.3.36 OK for: webpack-dev-server@4.11.0 want: ^0.3.33
2565 silly placeDep ROOT @types/ws@8.18.1 OK for: webpack-dev-server@4.11.0 want: ^8.5.1
2566 silly placeDep ROOT ansi-html-community@0.0.8 OK for: webpack-dev-server@4.11.0 want: ^0.0.8
2567 silly placeDep ROOT bonjour-service@1.3.0 OK for: webpack-dev-server@4.11.0 want: ^1.0.11
2568 silly placeDep ROOT compression@1.8.1 OK for: webpack-dev-server@4.11.0 want: ^1.7.4
2569 silly placeDep ROOT connect-history-api-fallback@2.0.0 OK for: webpack-dev-server@4.11.0 want: ^2.0.0
2570 silly placeDep ROOT default-gateway@6.0.3 OK for: webpack-dev-server@4.11.0 want: ^6.0.3
2571 silly placeDep ROOT express@4.22.1 OK for: webpack-dev-server@4.11.0 want: ^4.17.3
2572 silly placeDep ROOT html-entities@2.6.0 OK for: webpack-dev-server@4.11.0 want: ^2.3.2
2573 silly placeDep ROOT http-proxy-middleware@2.0.9 OK for: webpack-dev-server@4.11.0 want: ^2.0.3
2574 silly placeDep ROOT ipaddr.js@2.3.0 OK for: webpack-dev-server@4.11.0 want: ^2.0.1
2575 silly placeDep ROOT p-retry@4.6.2 OK for: webpack-dev-server@4.11.0 want: ^4.5.0
2576 silly placeDep node_modules/webpack-dev-server schema-utils@4.3.3 OK for: webpack-dev-server@4.11.0 want: ^4.0.0
2577 silly placeDep ROOT selfsigned@2.4.1 OK for: webpack-dev-server@4.11.0 want: ^2.0.1
2578 silly placeDep ROOT serve-index@1.9.1 OK for: webpack-dev-server@4.11.0 want: ^1.9.1
2579 silly placeDep ROOT sockjs@0.3.24 OK for: webpack-dev-server@4.11.0 want: ^0.3.24
2580 silly placeDep ROOT spdy@4.0.2 OK for: webpack-dev-server@4.11.0 want: ^4.0.2
2581 silly fetch manifest @types/express-serve-static-core@*
2582 silly packumentCache full:https://registry.npmjs.org/@types%2fexpress-serve-static-core cache-miss
2583 silly fetch manifest @types/qs@*
2584 silly packumentCache full:https://registry.npmjs.org/@types%2fqs cache-miss
2585 silly fetch manifest @types/body-parser@*
2586 silly packumentCache full:https://registry.npmjs.org/@types%2fbody-parser cache-miss
2587 silly fetch manifest @types/serve-static@^1
2588 silly packumentCache full:https://registry.npmjs.org/@types%2fserve-static cache-hit
2589 silly fetch manifest @types/express-serve-static-core@^4.17.33
2590 silly packumentCache full:https://registry.npmjs.org/@types%2fexpress-serve-static-core cache-miss
2591 silly fetch manifest @types/send@<1
2592 silly packumentCache full:https://registry.npmjs.org/@types%2fsend cache-miss
2593 silly fetch manifest @types/http-errors@*
2594 silly packumentCache full:https://registry.npmjs.org/@types%2fhttp-errors cache-miss
2595 silly fetch manifest multicast-dns@^7.2.5
2596 silly packumentCache full:https://registry.npmjs.org/multicast-dns cache-miss
2597 silly fetch manifest compressible@~2.0.18
2598 silly packumentCache full:https://registry.npmjs.org/compressible cache-miss
2599 silly fetch manifest debug@2.6.9
2600 silly packumentCache full:https://registry.npmjs.org/debug cache-hit
2601 silly fetch manifest on-headers@~1.1.0
2602 silly packumentCache full:https://registry.npmjs.org/on-headers cache-miss
2603 silly fetch manifest execa@^5.0.0
2604 silly packumentCache full:https://registry.npmjs.org/execa cache-miss
2605 silly fetch manifest qs@~6.14.0
2606 silly packumentCache full:https://registry.npmjs.org/qs cache-miss
2607 http fetch GET 200 https://registry.npmjs.org/@types%2fexpress-serve-static-core 8ms (cache hit)
2608 silly packumentCache full:https://registry.npmjs.org/@types%2fexpress-serve-static-core set size:264345 disposed:false
2609 silly fetch manifest etag@~1.8.1
2610 silly packumentCache full:https://registry.npmjs.org/etag cache-miss
2611 http fetch GET 200 https://registry.npmjs.org/@types%2fbody-parser 9ms (cache hit)
2612 silly packumentCache full:https://registry.npmjs.org/@types%2fbody-parser set size:59466 disposed:false
2613 silly fetch manifest send@~0.19.0
2614 silly packumentCache full:https://registry.npmjs.org/send cache-miss
2615 http fetch GET 200 https://registry.npmjs.org/@types%2fsend 9ms (cache hit)
2616 silly packumentCache full:https://registry.npmjs.org/@types%2fsend set size:29985 disposed:false
2617 silly fetch manifest fresh@~0.5.2
2618 silly packumentCache full:https://registry.npmjs.org/fresh cache-miss
2619 http fetch GET 200 https://registry.npmjs.org/multicast-dns 9ms (cache hit)
2620 silly packumentCache full:https://registry.npmjs.org/multicast-dns set size:79318 disposed:false
2621 silly fetch manifest methods@~1.1.2
2622 silly packumentCache full:https://registry.npmjs.org/methods cache-miss
2623 http fetch GET 200 https://registry.npmjs.org/@types%2fexpress-serve-static-core 11ms (cache hit)
2624 silly packumentCache full:https://registry.npmjs.org/@types%2fexpress-serve-static-core set size:264345 disposed:false
2625 silly packumentCache full:https://registry.npmjs.org/@types%2fexpress-serve-static-core dispose
2626 silly fetch manifest statuses@~2.0.1
2627 silly packumentCache full:https://registry.npmjs.org/statuses cache-miss
2628 http fetch GET 200 https://registry.npmjs.org/qs 9ms (cache hit)
2629 silly packumentCache full:https://registry.npmjs.org/qs set size:268000 disposed:false
2630 silly fetch manifest encodeurl@~2.0.0
2631 silly packumentCache full:https://registry.npmjs.org/encodeurl cache-miss
2632 http fetch GET 200 https://registry.npmjs.org/@types%2fhttp-errors 14ms (cache hit)
2633 silly packumentCache full:https://registry.npmjs.org/@types%2fhttp-errors set size:48994 disposed:false
2634 silly fetch manifest proxy-addr@~2.0.7
2635 silly packumentCache full:https://registry.npmjs.org/proxy-addr cache-miss
2636 http fetch GET 200 https://registry.npmjs.org/@types%2fqs 14ms (cache hit)
2637 silly packumentCache full:https://registry.npmjs.org/@types%2fqs set size:79370 disposed:false
2638 silly fetch manifest finalhandler@~1.3.1
2639 silly packumentCache full:https://registry.npmjs.org/finalhandler cache-miss
2640 http fetch GET 200 https://registry.npmjs.org/on-headers 14ms (cache hit)
2641 silly packumentCache full:https://registry.npmjs.org/on-headers set size:13226 disposed:false
2642 silly fetch manifest serve-static@~1.16.2
2643 silly packumentCache full:https://registry.npmjs.org/serve-static cache-miss
2644 http fetch GET 200 https://registry.npmjs.org/execa 14ms (cache hit)
2645 silly packumentCache full:https://registry.npmjs.org/execa set size:181234 disposed:false
2646 silly fetch manifest array-flatten@1.1.1
2647 silly packumentCache full:https://registry.npmjs.org/array-flatten cache-miss
2648 http fetch GET 200 https://registry.npmjs.org/compressible 16ms (cache hit)
2649 silly packumentCache full:https://registry.npmjs.org/compressible set size:61733 disposed:false
2650 silly fetch manifest path-to-regexp@~0.1.12
2651 silly packumentCache full:https://registry.npmjs.org/path-to-regexp cache-miss
2652 http fetch GET 200 https://registry.npmjs.org/array-flatten 7ms (cache hit)
2653 silly packumentCache full:https://registry.npmjs.org/array-flatten set size:24005 disposed:false
2654 silly fetch manifest cookie-signature@~1.0.6
2655 silly packumentCache full:https://registry.npmjs.org/cookie-signature cache-miss
2656 http fetch GET 200 https://registry.npmjs.org/statuses 13ms (cache hit)
2657 silly packumentCache full:https://registry.npmjs.org/statuses set size:37117 disposed:false
2658 silly fetch manifest merge-descriptors@1.0.3
2659 silly packumentCache full:https://registry.npmjs.org/merge-descriptors cache-miss
2660 http fetch GET 200 https://registry.npmjs.org/etag 17ms (cache hit)
2661 silly packumentCache full:https://registry.npmjs.org/etag set size:30032 disposed:false
2662 silly fetch manifest content-disposition@~0.5.4
2663 silly packumentCache full:https://registry.npmjs.org/content-disposition cache-miss
2664 http fetch GET 200 https://registry.npmjs.org/proxy-addr 13ms (cache hit)
2665 silly packumentCache full:https://registry.npmjs.org/proxy-addr set size:61619 disposed:false
2666 silly fetch manifest is-plain-obj@^3.0.0
2667 silly packumentCache full:https://registry.npmjs.org/is-plain-obj cache-miss
2668 http fetch GET 200 https://registry.npmjs.org/methods 16ms (cache hit)
2669 silly packumentCache full:https://registry.npmjs.org/methods set size:12600 disposed:false
2670 silly fetch manifest @types/http-proxy@^1.17.8
2671 silly packumentCache full:https://registry.npmjs.org/@types%2fhttp-proxy cache-miss
2672 http fetch GET 200 https://registry.npmjs.org/send 19ms (cache hit)
2673 silly packumentCache full:https://registry.npmjs.org/send set size:152810 disposed:false
2674 silly fetch manifest retry@^0.13.1
2675 silly packumentCache full:https://registry.npmjs.org/retry cache-hit
2676 silly fetch manifest @types/retry@0.12.0
2677 silly packumentCache full:https://registry.npmjs.org/@types%2fretry cache-miss
2678 http fetch GET 200 https://registry.npmjs.org/fresh 19ms (cache hit)
2679 silly packumentCache full:https://registry.npmjs.org/fresh set size:25427 disposed:false
2680 silly fetch manifest node-forge@^1
2681 silly packumentCache full:https://registry.npmjs.org/node-forge cache-miss
2682 http fetch GET 200 https://registry.npmjs.org/encodeurl 16ms (cache hit)
2683 silly packumentCache full:https://registry.npmjs.org/encodeurl set size:12296 disposed:false
2684 silly fetch manifest @types/node-forge@^1.3.0
2685 silly packumentCache full:https://registry.npmjs.org/@types%2fnode-forge cache-miss
2686 http fetch GET 200 https://registry.npmjs.org/finalhandler 17ms (cache hit)
2687 silly packumentCache full:https://registry.npmjs.org/finalhandler set size:79291 disposed:false
2688 silly fetch manifest batch@0.6.1
2689 silly packumentCache full:https://registry.npmjs.org/batch cache-miss
2690 http fetch GET 200 https://registry.npmjs.org/serve-static 18ms (cache hit)
2691 silly packumentCache full:https://registry.npmjs.org/serve-static set size:150391 disposed:false
2692 silly fetch manifest http-errors@~1.6.2
2693 silly packumentCache full:https://registry.npmjs.org/http-errors cache-miss
2694 http fetch GET 200 https://registry.npmjs.org/path-to-regexp 16ms (cache hit)
2695 silly packumentCache full:https://registry.npmjs.org/path-to-regexp set size:207142 disposed:false
2696 silly fetch manifest faye-websocket@^0.11.3
2697 silly packumentCache full:https://registry.npmjs.org/faye-websocket cache-miss
2698 http fetch GET 200 https://registry.npmjs.org/cookie-signature 13ms (cache hit)
2699 silly packumentCache full:https://registry.npmjs.org/cookie-signature set size:21777 disposed:false
2700 silly fetch manifest websocket-driver@^0.7.4
2701 silly packumentCache full:https://registry.npmjs.org/websocket-driver cache-miss
2702 http fetch GET 200 https://registry.npmjs.org/content-disposition 11ms (cache hit)
2703 silly packumentCache full:https://registry.npmjs.org/content-disposition set size:34469 disposed:false
2704 silly fetch manifest handle-thing@^2.0.0
2705 silly packumentCache full:https://registry.npmjs.org/handle-thing cache-miss
2706 http fetch GET 200 https://registry.npmjs.org/@types%2fhttp-proxy 11ms (cache hit)
2707 silly packumentCache full:https://registry.npmjs.org/@types%2fhttp-proxy set size:58652 disposed:false
2708 silly fetch manifest http-deceiver@^1.2.7
2709 silly packumentCache full:https://registry.npmjs.org/http-deceiver cache-miss
2710 http fetch GET 200 https://registry.npmjs.org/@types%2fretry 11ms (cache hit)
2711 silly packumentCache full:https://registry.npmjs.org/@types%2fretry set size:17008 disposed:false
2712 silly fetch manifest select-hose@^2.0.0
2713 silly packumentCache full:https://registry.npmjs.org/select-hose cache-miss
2714 http fetch GET 200 https://registry.npmjs.org/is-plain-obj 13ms (cache hit)
2715 silly packumentCache full:https://registry.npmjs.org/is-plain-obj set size:17899 disposed:false
2716 silly fetch manifest spdy-transport@^3.0.0
2717 silly packumentCache full:https://registry.npmjs.org/spdy-transport cache-miss
2718 http fetch GET 200 https://registry.npmjs.org/merge-descriptors 16ms (cache hit)
2719 silly packumentCache full:https://registry.npmjs.org/merge-descriptors set size:16527 disposed:false
2720 http fetch GET 200 https://registry.npmjs.org/node-forge 13ms (cache hit)
2721 silly packumentCache full:https://registry.npmjs.org/node-forge set size:391006 disposed:false
2722 http fetch GET 200 https://registry.npmjs.org/@types%2fnode-forge 14ms (cache hit)
2723 silly packumentCache full:https://registry.npmjs.org/@types%2fnode-forge set size:228988 disposed:false
2724 http fetch GET 200 https://registry.npmjs.org/http-errors 11ms (cache hit)
2725 silly packumentCache full:https://registry.npmjs.org/http-errors set size:71987 disposed:false
2726 http fetch GET 200 https://registry.npmjs.org/faye-websocket 10ms (cache hit)
2727 silly packumentCache full:https://registry.npmjs.org/faye-websocket set size:45682 disposed:false
2728 http fetch GET 200 https://registry.npmjs.org/batch 13ms (cache hit)
2729 silly packumentCache full:https://registry.npmjs.org/batch set size:18505 disposed:false
2730 http fetch GET 200 https://registry.npmjs.org/websocket-driver 9ms (cache hit)
2731 silly packumentCache full:https://registry.npmjs.org/websocket-driver set size:55869 disposed:false
2732 http fetch GET 200 https://registry.npmjs.org/handle-thing 9ms (cache hit)
2733 silly packumentCache full:https://registry.npmjs.org/handle-thing set size:20817 disposed:false
2734 http fetch GET 200 https://registry.npmjs.org/select-hose 8ms (cache hit)
2735 silly packumentCache full:https://registry.npmjs.org/select-hose set size:5125 disposed:false
2736 http fetch GET 200 https://registry.npmjs.org/spdy-transport 8ms (cache hit)
2737 silly packumentCache full:https://registry.npmjs.org/spdy-transport set size:89673 disposed:false
2738 http fetch GET 200 https://registry.npmjs.org/http-deceiver 10ms (cache hit)
2739 silly packumentCache full:https://registry.npmjs.org/http-deceiver set size:16525 disposed:false
2740 silly placeDep ROOT @types/express-serve-static-core@5.1.1 OK for: @types/connect-history-api-fallback@1.5.4 want: *
2741 silly fetch manifest @types/send@*
2742 silly packumentCache full:https://registry.npmjs.org/@types%2fsend cache-hit
2743 silly fetch manifest @types/range-parser@*
2744 silly packumentCache full:https://registry.npmjs.org/@types%2frange-parser cache-miss
2745 http fetch GET 200 https://registry.npmjs.org/@types%2frange-parser 1ms (cache hit)
2746 silly packumentCache full:https://registry.npmjs.org/@types%2frange-parser set size:15278 disposed:false
2747 silly placeDep ROOT @types/body-parser@1.19.6 OK for: @types/express@4.17.25 want: *
2748 silly placeDep node_modules/@types/express @types/express-serve-static-core@4.19.8 OK for: @types/express@4.17.25 want: ^4.17.33
2749 silly placeDep ROOT @types/qs@6.14.0 OK for: @types/express@4.17.25 want: *
2750 silly fetch manifest @types/connect@*
2751 silly packumentCache full:https://registry.npmjs.org/@types%2fconnect cache-miss
2752 http fetch GET 200 https://registry.npmjs.org/@types%2fconnect 2ms (cache hit)
2753 silly packumentCache full:https://registry.npmjs.org/@types%2fconnect set size:31512 disposed:false
2754 silly placeDep ROOT @types/connect@3.4.38 OK for: @types/body-parser@1.19.6 want: *
2755 silly placeDep ROOT @types/range-parser@1.2.7 OK for: @types/express-serve-static-core@5.1.1 want: *
2756 silly placeDep ROOT @types/send@1.2.1 OK for: @types/express-serve-static-core@5.1.1 want: *
2757 silly placeDep ROOT @types/http-errors@2.0.5 OK for: @types/serve-static@1.15.10 want: *
2758 silly placeDep node_modules/@types/serve-static @types/send@0.17.6 OK for: @types/serve-static@1.15.10 want: <1
2759 silly fetch manifest @types/mime@^1
2760 silly packumentCache full:https://registry.npmjs.org/@types%2fmime cache-miss
2761 http fetch GET 200 https://registry.npmjs.org/@types%2fmime 2ms (cache hit)
2762 silly packumentCache full:https://registry.npmjs.org/@types%2fmime set size:43242 disposed:false
2763 silly placeDep ROOT multicast-dns@7.2.5 OK for: bonjour-service@1.3.0 want: ^7.2.5
2764 silly fetch manifest dns-packet@^5.2.2
2765 silly packumentCache full:https://registry.npmjs.org/dns-packet cache-miss
2766 silly fetch manifest thunky@^1.0.2
2767 silly packumentCache full:https://registry.npmjs.org/thunky cache-miss
2768 http fetch GET 200 https://registry.npmjs.org/thunky 2ms (cache hit)
2769 silly packumentCache full:https://registry.npmjs.org/thunky set size:14018 disposed:false
2770 http fetch GET 200 https://registry.npmjs.org/dns-packet 2ms (cache hit)
2771 silly packumentCache full:https://registry.npmjs.org/dns-packet set size:96184 disposed:false
2772 silly placeDep ROOT compressible@2.0.18 OK for: compression@1.8.1 want: ~2.0.18
2773 silly placeDep node_modules/compression debug@2.6.9 OK for: compression@1.8.1 want: 2.6.9
2774 silly placeDep ROOT on-headers@1.1.0 OK for: compression@1.8.1 want: ~1.1.0
2775 silly fetch manifest ms@2.0.0
2776 silly packumentCache full:https://registry.npmjs.org/ms cache-miss
2777 http fetch GET 200 https://registry.npmjs.org/ms 1ms (cache hit)
2778 silly packumentCache full:https://registry.npmjs.org/ms set size:92208 disposed:false
2779 silly placeDep ROOT execa@5.1.1 OK for: default-gateway@6.0.3 want: ^5.0.0
2780 silly fetch manifest is-stream@^2.0.0
2781 silly packumentCache full:https://registry.npmjs.org/is-stream cache-miss
2782 silly fetch manifest get-stream@^6.0.0
2783 silly packumentCache full:https://registry.npmjs.org/get-stream cache-miss
2784 silly fetch manifest cross-spawn@^7.0.3
2785 silly packumentCache full:https://registry.npmjs.org/cross-spawn cache-miss
2786 silly fetch manifest npm-run-path@^4.0.1
2787 silly packumentCache full:https://registry.npmjs.org/npm-run-path cache-miss
2788 silly fetch manifest human-signals@^2.1.0
2789 silly packumentCache full:https://registry.npmjs.org/human-signals cache-miss
2790 silly fetch manifest strip-final-newline@^2.0.0
2791 silly packumentCache full:https://registry.npmjs.org/strip-final-newline cache-miss
2792 http fetch GET 200 https://registry.npmjs.org/cross-spawn 3ms (cache hit)
2793 silly packumentCache full:https://registry.npmjs.org/cross-spawn set size:109066 disposed:false
2794 http fetch GET 200 https://registry.npmjs.org/npm-run-path 4ms (cache hit)
2795 silly packumentCache full:https://registry.npmjs.org/npm-run-path set size:33596 disposed:false
2796 http fetch GET 200 https://registry.npmjs.org/get-stream 5ms (cache hit)
2797 silly packumentCache full:https://registry.npmjs.org/get-stream set size:57536 disposed:false
2798 http fetch GET 200 https://registry.npmjs.org/is-stream 5ms (cache hit)
2799 silly packumentCache full:https://registry.npmjs.org/is-stream set size:18582 disposed:false
2800 http fetch GET 200 https://registry.npmjs.org/human-signals 5ms (cache hit)
2801 silly packumentCache full:https://registry.npmjs.org/human-signals set size:47322 disposed:false
2802 http fetch GET 200 https://registry.npmjs.org/strip-final-newline 6ms (cache hit)
2803 silly packumentCache full:https://registry.npmjs.org/strip-final-newline set size:9328 disposed:false
2804 silly placeDep ROOT cross-spawn@7.0.6 OK for: execa@5.1.1 want: ^7.0.3
2805 silly placeDep ROOT get-stream@6.0.1 OK for: execa@5.1.1 want: ^6.0.0
2806 silly placeDep ROOT human-signals@2.1.0 OK for: execa@5.1.1 want: ^2.1.0
2807 silly placeDep ROOT is-stream@2.0.1 OK for: execa@5.1.1 want: ^2.0.0
2808 silly placeDep ROOT npm-run-path@4.0.1 OK for: execa@5.1.1 want: ^4.0.1
2809 silly placeDep ROOT strip-final-newline@2.0.0 OK for: execa@5.1.1 want: ^2.0.0
2810 silly fetch manifest which@^2.0.1
2811 silly packumentCache full:https://registry.npmjs.org/which cache-hit
2812 silly fetch manifest path-key@^3.1.0
2813 silly packumentCache full:https://registry.npmjs.org/path-key cache-miss
2814 silly fetch manifest shebang-command@^2.0.0
2815 silly packumentCache full:https://registry.npmjs.org/shebang-command cache-miss
2816 silly fetch manifest path-key@^3.0.0
2817 silly packumentCache full:https://registry.npmjs.org/path-key cache-miss
2818 http fetch GET 200 https://registry.npmjs.org/shebang-command 1ms (cache hit)
2819 silly packumentCache full:https://registry.npmjs.org/shebang-command set size:8525 disposed:false
2820 http fetch GET 200 https://registry.npmjs.org/path-key 2ms (cache hit)
2821 silly packumentCache full:https://registry.npmjs.org/path-key set size:16975 disposed:false
2822 http fetch GET 200 https://registry.npmjs.org/path-key 2ms (cache hit)
2823 silly packumentCache full:https://registry.npmjs.org/path-key set size:16975 disposed:false
2824 silly packumentCache full:https://registry.npmjs.org/path-key dispose
2825 silly placeDep ROOT path-key@3.1.1 OK for: cross-spawn@7.0.6 want: ^3.1.0
2826 silly placeDep ROOT shebang-command@2.0.0 OK for: cross-spawn@7.0.6 want: ^2.0.0
2827 silly placeDep node_modules/cross-spawn which@2.0.2 OK for: cross-spawn@7.0.6 want: ^2.0.1
2828 silly fetch manifest shebang-regex@^3.0.0
2829 silly packumentCache full:https://registry.npmjs.org/shebang-regex cache-miss
2830 http fetch GET 200 https://registry.npmjs.org/shebang-regex 1ms (cache hit)
2831 silly packumentCache full:https://registry.npmjs.org/shebang-regex set size:9763 disposed:false
2832 silly placeDep ROOT array-flatten@1.1.1 OK for: express@4.22.1 want: 1.1.1
2833 silly placeDep ROOT content-disposition@0.5.4 OK for: express@4.22.1 want: ~0.5.4
2834 silly placeDep ROOT cookie-signature@1.0.7 OK for: express@4.22.1 want: ~1.0.6
2835 silly placeDep node_modules/express debug@2.6.9 OK for: express@4.22.1 want: 2.6.9
2836 silly placeDep node_modules/express encodeurl@2.0.0 OK for: express@4.22.1 want: ~2.0.0
2837 silly placeDep ROOT etag@1.8.1 OK for: express@4.22.1 want: ~1.8.1
2838 silly placeDep node_modules/express finalhandler@1.3.2 OK for: express@4.22.1 want: ~1.3.1
2839 silly placeDep ROOT fresh@0.5.2 OK for: express@4.22.1 want: ~0.5.2
2840 silly placeDep ROOT merge-descriptors@1.0.3 OK for: express@4.22.1 want: 1.0.3
2841 silly placeDep ROOT methods@1.1.2 OK for: express@4.22.1 want: ~1.1.2
2842 silly placeDep ROOT path-to-regexp@0.1.12 OK for: express@4.22.1 want: ~0.1.12
2843 silly placeDep ROOT proxy-addr@2.0.7 OK for: express@4.22.1 want: ~2.0.7
2844 silly placeDep node_modules/express qs@6.14.1 OK for: express@4.22.1 want: ~6.14.0
2845 silly placeDep ROOT send@0.19.2 OK for: express@4.22.1 want: ~0.19.0
2846 silly placeDep ROOT serve-static@1.16.3 OK for: express@4.22.1 want: ~1.16.2
2847 silly placeDep node_modules/express statuses@2.0.2 OK for: express@4.22.1 want: ~2.0.1
2848 silly fetch manifest statuses@~2.0.2
2849 silly packumentCache full:https://registry.npmjs.org/statuses cache-hit
2850 silly fetch manifest forwarded@0.2.0
2851 silly packumentCache full:https://registry.npmjs.org/forwarded cache-miss
2852 silly fetch manifest ipaddr.js@1.9.1
2853 silly packumentCache full:https://registry.npmjs.org/ipaddr.js cache-hit
2854 silly fetch manifest ms@2.1.3
2855 silly packumentCache full:https://registry.npmjs.org/ms cache-hit
2856 silly fetch manifest mime@1.6.0
2857 silly packumentCache full:https://registry.npmjs.org/mime cache-hit
2858 silly fetch manifest statuses@~2.0.2
2859 silly packumentCache full:https://registry.npmjs.org/statuses cache-hit
2860 silly fetch manifest http-errors@~2.0.1
2861 silly packumentCache full:https://registry.npmjs.org/http-errors cache-hit
2862 http fetch GET 200 https://registry.npmjs.org/forwarded 3ms (cache hit)
2863 silly packumentCache full:https://registry.npmjs.org/forwarded set size:11229 disposed:false
2864 silly placeDep ROOT @types/http-proxy@1.17.17 OK for: http-proxy-middleware@2.0.9 want: ^1.17.8
2865 silly placeDep ROOT is-plain-obj@3.0.0 OK for: http-proxy-middleware@2.0.9 want: ^3.0.0
2866 silly placeDep ROOT dns-packet@5.6.1 OK for: multicast-dns@7.2.5 want: ^5.2.2
2867 silly placeDep ROOT thunky@1.1.0 OK for: multicast-dns@7.2.5 want: ^1.0.2
2868 silly fetch manifest @leichtgewicht/ip-codec@^2.0.1
2869 silly packumentCache full:https://registry.npmjs.org/@leichtgewicht%2fip-codec cache-miss
2870 http fetch GET 200 https://registry.npmjs.org/@leichtgewicht%2fip-codec 1ms (cache hit)
2871 silly packumentCache full:https://registry.npmjs.org/@leichtgewicht%2fip-codec set size:20495 disposed:false
2872 silly placeDep ROOT @leichtgewicht/ip-codec@2.0.5 OK for: dns-packet@5.6.1 want: ^2.0.1
2873 silly placeDep ROOT @types/retry@0.12.0 OK for: p-retry@4.6.2 want: 0.12.0
2874 silly placeDep node_modules/p-retry retry@0.13.1 OK for: p-retry@4.6.2 want: ^0.13.1
2875 silly placeDep ROOT forwarded@0.2.0 OK for: proxy-addr@2.0.7 want: 0.2.0
2876 silly placeDep node_modules/proxy-addr ipaddr.js@1.9.1 OK for: proxy-addr@2.0.7 want: 1.9.1
2877 silly placeDep ROOT @types/node-forge@1.3.14 OK for: selfsigned@2.4.1 want: ^1.3.0
2878 silly placeDep ROOT node-forge@1.3.3 OK for: selfsigned@2.4.1 want: ^1
2879 silly placeDep node_modules/send debug@2.6.9 OK for: send@0.19.2 want: 2.6.9
2880 silly placeDep node_modules/send encodeurl@2.0.0 OK for: send@0.19.2 want: ~2.0.0
2881 silly placeDep node_modules/send http-errors@2.0.1 OK for: send@0.19.2 want: ~2.0.1
2882 silly placeDep node_modules/send mime@1.6.0 OK for: send@0.19.2 want: 1.6.0
2883 silly placeDep node_modules/send ms@2.1.3 OK for: send@0.19.2 want: 2.1.3
2884 silly placeDep node_modules/send statuses@2.0.2 OK for: send@0.19.2 want: ~2.0.2
2885 silly placeDep ROOT batch@0.6.1 OK for: serve-index@1.9.1 want: 0.6.1
2886 silly placeDep node_modules/serve-index debug@2.6.9 OK for: serve-index@1.9.1 want: 2.6.9
2887 silly placeDep node_modules/serve-index http-errors@1.6.3 OK for: serve-index@1.9.1 want: ~1.6.2
2888 silly fetch manifest depd@~1.1.2
2889 silly packumentCache full:https://registry.npmjs.org/depd cache-miss
2890 silly fetch manifest inherits@2.0.3
2891 silly packumentCache full:https://registry.npmjs.org/inherits cache-miss
2892 silly fetch manifest setprototypeof@1.1.0
2893 silly packumentCache full:https://registry.npmjs.org/setprototypeof cache-miss
2894 http fetch GET 200 https://registry.npmjs.org/depd 2ms (cache hit)
2895 silly packumentCache full:https://registry.npmjs.org/depd set size:40182 disposed:false
2896 http fetch GET 200 https://registry.npmjs.org/inherits 3ms (cache hit)
2897 silly packumentCache full:https://registry.npmjs.org/inherits set size:12925 disposed:false
2898 http fetch GET 200 https://registry.npmjs.org/setprototypeof 2ms (cache hit)
2899 silly packumentCache full:https://registry.npmjs.org/setprototypeof set size:14532 disposed:false
2900 silly placeDep node_modules/serve-static encodeurl@2.0.0 OK for: serve-static@1.16.3 want: ~2.0.0
2901 silly placeDep ROOT shebang-regex@3.0.0 OK for: shebang-command@2.0.0 want: ^3.0.0
2902 silly placeDep ROOT faye-websocket@0.11.4 OK for: sockjs@0.3.24 want: ^0.11.3
2903 silly placeDep ROOT websocket-driver@0.7.4 OK for: sockjs@0.3.24 want: ^0.7.4
2904 silly fetch manifest websocket-driver@>=0.5.1
2905 silly packumentCache full:https://registry.npmjs.org/websocket-driver cache-hit
2906 silly fetch manifest http-parser-js@>=0.5.1
2907 silly packumentCache full:https://registry.npmjs.org/http-parser-js cache-miss
2908 silly fetch manifest websocket-extensions@>=0.1.1
2909 silly packumentCache full:https://registry.npmjs.org/websocket-extensions cache-miss
2910 http fetch GET 200 https://registry.npmjs.org/websocket-extensions 2ms (cache hit)
2911 silly packumentCache full:https://registry.npmjs.org/websocket-extensions set size:22792 disposed:false
2912 http fetch GET 200 https://registry.npmjs.org/http-parser-js 2ms (cache hit)
2913 silly packumentCache full:https://registry.npmjs.org/http-parser-js set size:68161 disposed:false
2914 silly placeDep ROOT handle-thing@2.0.1 OK for: spdy@4.0.2 want: ^2.0.0
2915 silly placeDep ROOT http-deceiver@1.2.7 OK for: spdy@4.0.2 want: ^1.2.7
2916 silly placeDep ROOT select-hose@2.0.0 OK for: spdy@4.0.2 want: ^2.0.0
2917 silly placeDep ROOT spdy-transport@3.0.0 OK for: spdy@4.0.2 want: ^3.0.0
2918 silly fetch manifest detect-node@^2.0.4
2919 silly packumentCache full:https://registry.npmjs.org/detect-node cache-miss
2920 silly fetch manifest hpack.js@^2.1.6
2921 silly packumentCache full:https://registry.npmjs.org/hpack.js cache-miss
2922 silly fetch manifest obuf@^1.1.2
2923 silly packumentCache full:https://registry.npmjs.org/obuf cache-miss
2924 silly fetch manifest wbuf@^1.7.3
2925 silly packumentCache full:https://registry.npmjs.org/wbuf cache-miss
2926 http fetch GET 200 https://registry.npmjs.org/detect-node 3ms (cache hit)
2927 silly packumentCache full:https://registry.npmjs.org/detect-node set size:14548 disposed:false
2928 http fetch GET 200 https://registry.npmjs.org/hpack.js 4ms (cache hit)
2929 silly packumentCache full:https://registry.npmjs.org/hpack.js set size:15353 disposed:false
2930 http fetch GET 200 https://registry.npmjs.org/wbuf 3ms (cache hit)
2931 silly packumentCache full:https://registry.npmjs.org/wbuf set size:20540 disposed:false
2932 http fetch GET 200 https://registry.npmjs.org/obuf 4ms (cache hit)
2933 silly packumentCache full:https://registry.npmjs.org/obuf set size:14024 disposed:false
2934 silly placeDep ROOT detect-node@2.1.0 OK for: spdy-transport@3.0.0 want: ^2.0.4
2935 silly placeDep ROOT hpack.js@2.1.6 OK for: spdy-transport@3.0.0 want: ^2.1.6
2936 silly placeDep ROOT obuf@1.1.2 OK for: spdy-transport@3.0.0 want: ^1.1.2
2937 silly placeDep ROOT wbuf@1.7.3 OK for: spdy-transport@3.0.0 want: ^1.7.3
2938 silly fetch manifest obuf@^1.0.0
2939 silly packumentCache full:https://registry.npmjs.org/obuf cache-hit
2940 silly fetch manifest readable-stream@^2.0.1
2941 silly packumentCache full:https://registry.npmjs.org/readable-stream cache-miss
2942 silly fetch manifest wbuf@^1.1.0
2943 silly packumentCache full:https://registry.npmjs.org/wbuf cache-hit
2944 silly fetch manifest minimalistic-assert@^1.0.0
2945 silly packumentCache full:https://registry.npmjs.org/minimalistic-assert cache-miss
2946 http fetch GET 200 https://registry.npmjs.org/minimalistic-assert 2ms (cache hit)
2947 silly packumentCache full:https://registry.npmjs.org/minimalistic-assert set size:3465 disposed:false
2948 http fetch GET 200 https://registry.npmjs.org/readable-stream 2ms (cache hit)
2949 silly packumentCache full:https://registry.npmjs.org/readable-stream set size:261096 disposed:false
2950 silly placeDep node_modules/hpack.js readable-stream@2.3.8 OK for: hpack.js@2.1.6 want: ^2.0.1
2951 silly fetch manifest isarray@~1.0.0
2952 silly packumentCache full:https://registry.npmjs.org/isarray cache-miss
2953 silly fetch manifest safe-buffer@~5.1.1
2954 silly packumentCache full:https://registry.npmjs.org/safe-buffer cache-miss
2955 silly fetch manifest core-util-is@~1.0.0
2956 silly packumentCache full:https://registry.npmjs.org/core-util-is cache-miss
2957 silly fetch manifest string_decoder@~1.1.1
2958 silly packumentCache full:https://registry.npmjs.org/string_decoder cache-miss
2959 silly fetch manifest process-nextick-args@~2.0.0
2960 silly packumentCache full:https://registry.npmjs.org/process-nextick-args cache-miss
2961 http fetch GET 200 https://registry.npmjs.org/isarray 3ms (cache hit)
2962 silly packumentCache full:https://registry.npmjs.org/isarray set size:17392 disposed:false
2963 http fetch GET 200 https://registry.npmjs.org/core-util-is 2ms (cache hit)
2964 silly packumentCache full:https://registry.npmjs.org/core-util-is set size:7163 disposed:false
2965 http fetch GET 200 https://registry.npmjs.org/safe-buffer 3ms (cache hit)
2966 silly packumentCache full:https://registry.npmjs.org/safe-buffer set size:41183 disposed:false
2967 http fetch GET 200 https://registry.npmjs.org/string_decoder 4ms (cache hit)
2968 silly packumentCache full:https://registry.npmjs.org/string_decoder set size:28441 disposed:false
2969 http fetch GET 200 https://registry.npmjs.org/process-nextick-args 4ms (cache hit)
2970 silly packumentCache full:https://registry.npmjs.org/process-nextick-args set size:15428 disposed:false
2971 silly placeDep ROOT minimalistic-assert@1.0.1 OK for: wbuf@1.7.3 want: ^1.0.0
2972 silly placeDep ROOT http-parser-js@0.5.10 OK for: websocket-driver@0.7.4 want: >=0.5.1
2973 silly placeDep ROOT websocket-extensions@0.1.4 OK for: websocket-driver@0.7.4 want: >=0.1.1
2974 silly placeDep ROOT cliui@7.0.4 OK for: yargs@17.5.1 want: ^7.0.2
2975 silly placeDep ROOT yargs-parser@21.1.1 OK for: yargs@17.5.1 want: ^21.0.0
2976 silly placeDep node_modules/@angular-devkit/architect tslib@1.14.1 OK for: rxjs@6.6.7 want: ^1.9.0
2977 silly placeDep node_modules/@angular-devkit/build-angular brace-expansion@2.0.2 OK for: minimatch@5.1.0 want: ^2.0.1
2978 silly placeDep node_modules/@angular-devkit/build-angular lru-cache@6.0.0 OK for: semver@7.5.3 want: ^6.0.0
2979 silly placeDep node_modules/@angular-devkit/build-angular yallist@4.0.0 OK for: lru-cache@6.0.0 want: ^4.0.0
2980 silly placeDep node_modules/@angular-devkit/build-webpack tslib@1.14.1 OK for: rxjs@6.6.7 want: ^1.9.0
2981 silly placeDep node_modules/@angular-devkit/core json-schema-traverse@1.0.0 OK for: ajv@8.11.0 want: ^1.0.0
2982 silly placeDep node_modules/@angular-devkit/core tslib@1.14.1 OK for: rxjs@6.6.7 want: ^1.9.0
2983 silly placeDep node_modules/@angular-devkit/schematics tslib@1.14.1 OK for: rxjs@6.6.7 want: ^1.9.0
2984 silly placeDep node_modules/@angular/cli lru-cache@6.0.0 OK for: semver@7.5.3 want: ^6.0.0
2985 silly placeDep node_modules/@angular/cli yallist@4.0.0 OK for: lru-cache@6.0.0 want: ^4.0.0
2986 silly placeDep node_modules/@babel/traverse @jridgewell/gen-mapping@0.3.13 OK for: @babel/generator@7.28.6 want: ^0.3.12
2987 silly placeDep ROOT @jridgewell/trace-mapping@0.3.31 REPLACE for: @babel/generator@7.28.6 want: ^0.3.28
2988 silly placeDep node_modules/@babel/traverse jsesc@3.1.0 OK for: @babel/generator@7.28.6 want: ^3.0.2
2989 silly placeDep ROOT @types/mime@1.3.5 OK for: @types/send@0.17.6 want: ^1
2990 silly placeDep node_modules/cacache minimatch@5.1.6 OK for: glob@8.1.0 want: ^5.0.1
2991 silly placeDep node_modules/cacache brace-expansion@2.0.2 OK for: minimatch@5.1.6 want: ^2.0.1
2992 silly placeDep node_modules/compression ms@2.0.0 OK for: debug@2.6.9 want: 2.0.0
2993 silly placeDep node_modules/copy-webpack-plugin ajv@8.17.1 OK for: schema-utils@4.3.3 want: ^8.9.0
2994 silly placeDep node_modules/copy-webpack-plugin ajv-keywords@5.1.0 OK for: schema-utils@4.3.3 want: ^5.1.0
2995 silly placeDep node_modules/copy-webpack-plugin json-schema-traverse@1.0.0 OK for: ajv@8.17.1 want: ^1.0.0
2996 silly placeDep node_modules/express ms@2.0.0 OK for: debug@2.6.9 want: 2.0.0
2997 silly placeDep ROOT core-util-is@1.0.3 OK for: readable-stream@2.3.8 want: ~1.0.0
2998 silly placeDep ROOT isarray@1.0.0 OK for: readable-stream@2.3.8 want: ~1.0.0
2999 silly placeDep ROOT process-nextick-args@2.0.1 OK for: readable-stream@2.3.8 want: ~2.0.0
3000 silly placeDep node_modules/hpack.js safe-buffer@5.1.2 OK for: readable-stream@2.3.8 want: ~5.1.1
3001 silly placeDep node_modules/hpack.js string_decoder@1.1.1 OK for: readable-stream@2.3.8 want: ~1.1.1
3002 silly placeDep node_modules/ignore-walk brace-expansion@2.0.2 OK for: minimatch@5.1.6 want: ^2.0.1
3003 silly placeDep node_modules/less pify@4.0.1 OK for: make-dir@2.1.0 want: ^4.0.1
3004 silly placeDep node_modules/less semver@5.7.2 OK for: make-dir@2.1.0 want: ^5.6.0
3005 silly placeDep node_modules/mini-css-extract-plugin ajv@8.17.1 OK for: schema-utils@4.3.3 want: ^8.9.0
3006 silly placeDep node_modules/mini-css-extract-plugin ajv-keywords@5.1.0 OK for: schema-utils@4.3.3 want: ^5.1.0
3007 silly placeDep node_modules/mini-css-extract-plugin json-schema-traverse@1.0.0 OK for: ajv@8.17.1 want: ^1.0.0
3008 silly placeDep node_modules/npm-packlist minimatch@5.1.6 OK for: glob@8.1.0 want: ^5.0.1
3009 silly placeDep node_modules/npm-packlist brace-expansion@2.0.2 OK for: minimatch@5.1.6 want: ^2.0.1
3010 silly placeDep node_modules/read-package-json minimatch@5.1.6 OK for: glob@8.1.0 want: ^5.0.1
3011 silly placeDep node_modules/read-package-json brace-expansion@2.0.2 OK for: minimatch@5.1.6 want: ^2.0.1
3012 silly placeDep node_modules/send/node_modules/debug ms@2.0.0 OK for: debug@2.6.9 want: 2.0.0
3013 silly placeDep node_modules/serve-index ms@2.0.0 OK for: debug@2.6.9 want: 2.0.0
3014 silly placeDep node_modules/serve-index depd@1.1.2 OK for: http-errors@1.6.3 want: ~1.1.2
3015 silly placeDep node_modules/serve-index inherits@2.0.3 OK for: http-errors@1.6.3 want: 2.0.3
3016 silly placeDep node_modules/serve-index setprototypeof@1.1.0 OK for: http-errors@1.6.3 want: 1.1.0
3017 silly placeDep node_modules/webpack-dev-middleware ajv@8.17.1 OK for: schema-utils@4.3.3 want: ^8.9.0
3018 silly placeDep node_modules/webpack-dev-middleware ajv-keywords@5.1.0 OK for: schema-utils@4.3.3 want: ^5.1.0
3019 silly placeDep node_modules/webpack-dev-middleware json-schema-traverse@1.0.0 OK for: ajv@8.17.1 want: ^1.0.0
3020 silly placeDep node_modules/webpack-dev-server ajv@8.17.1 OK for: schema-utils@4.3.3 want: ^8.9.0
3021 silly placeDep node_modules/webpack-dev-server ajv-keywords@5.1.0 OK for: schema-utils@4.3.3 want: ^5.1.0
3022 silly placeDep node_modules/webpack-dev-server json-schema-traverse@1.0.0 OK for: ajv@8.17.1 want: ^1.0.0
3023 silly reify moves {}
3024 silly audit bulk request {
3024 silly audit   rxjs: [ '7.5.7', '6.6.7' ],
3024 silly audit   tslib: [ '2.8.1', '1.14.1', '2.4.0' ],
3024 silly audit   ajv: [ '6.12.6', '8.17.1', '8.11.0' ],
3024 silly audit   'json-schema-traverse': [ '1.0.0', '0.4.1' ],
3024 silly audit   'convert-source-map': [ '1.9.0' ],
3024 silly audit   semver: [ '6.3.1', '7.7.1', '7.3.5', '7.5.3', '7.7.3', '5.7.2' ],
3024 silly audit   '@babel/generator': [ '7.18.12', '7.28.6' ],
3024 silly audit   '@babel/template': [ '7.27.0', '7.18.10', '7.28.6' ],
3024 silly audit   '@jridgewell/gen-mapping': [ '0.3.8', '0.1.1', '0.3.13' ],
3024 silly audit   jsesc: [ '2.5.2', '3.1.0' ],
3024 silly audit   '@assemblyscript/loader': [ '0.10.1' ],
3024 silly audit   'source-map': [ '0.6.1', '0.7.4' ],
3024 silly audit   '@babel/helpers': [ '7.27.0' ],
3024 silly audit   '@colors/colors': [ '1.5.0' ],
3024 silly audit   '@istanbuljs/load-nyc-config': [ '1.1.0' ],
3024 silly audit   '@istanbuljs/schema': [ '0.1.3' ],
3024 silly audit   '@jridgewell/resolve-uri': [ '3.1.2' ],
3024 silly audit   '@jridgewell/set-array': [ '1.2.1' ],
3024 silly audit   '@jridgewell/source-map': [ '0.3.6' ],
3024 silly audit   '@jridgewell/sourcemap-codec': [ '1.5.0' ],
3024 silly audit   'lru-cache': [ '5.1.1', '6.0.0', '7.18.3' ],
3024 silly audit   which: [ '1.3.1', '2.0.2' ],
3024 silly audit   yallist: [ '4.0.0', '3.1.1' ],
3024 silly audit   '@socket.io/component-emitter': [ '3.1.2' ],
3024 silly audit   '@types/aos': [ '3.0.7' ],
3024 silly audit   '@types/cors': [ '2.8.17' ],
3024 silly audit   '@types/eslint': [ '9.6.1' ],
3024 silly audit   '@types/eslint-scope': [ '3.7.7' ],
3024 silly audit   '@types/estree': [ '0.0.51' ],
3024 silly audit   '@types/jasmine': [ '3.10.18' ],
3024 silly audit   '@types/json-schema': [ '7.0.15' ],
3024 silly audit   '@types/node': [ '12.20.55' ],
3024 silly audit   '@webassemblyjs/ast': [ '1.11.1' ],
3024 silly audit   '@webassemblyjs/floating-point-hex-parser': [ '1.11.1' ],
3024 silly audit   '@webassemblyjs/helper-api-error': [ '1.11.1' ],
3024 silly audit   '@webassemblyjs/helper-buffer': [ '1.11.1' ],
3024 silly audit   '@webassemblyjs/helper-numbers': [ '1.11.1' ],
3024 silly audit   '@webassemblyjs/helper-wasm-bytecode': [ '1.11.1' ],
3024 silly audit   '@webassemblyjs/helper-wasm-section': [ '1.11.1' ],
3024 silly audit   '@webassemblyjs/ieee754': [ '1.11.1' ],
3024 silly audit   '@webassemblyjs/leb128': [ '1.11.1' ],
3024 silly audit   '@webassemblyjs/utf8': [ '1.11.1' ],
3024 silly audit   '@webassemblyjs/wasm-edit': [ '1.11.1' ],
3024 silly audit   '@webassemblyjs/wasm-gen': [ '1.11.1' ],
3024 silly audit   '@webassemblyjs/wasm-opt': [ '1.11.1' ],
3024 silly audit   '@webassemblyjs/wasm-parser': [ '1.11.1' ],
3024 silly audit   '@webassemblyjs/wast-printer': [ '1.11.1' ],
3024 silly audit   '@xtuc/ieee754': [ '1.2.0' ],
3024 silly audit   '@xtuc/long': [ '4.2.2' ],
3024 silly audit   '@yarnpkg/lockfile': [ '1.1.0' ],
3024 silly audit   accepts: [ '1.3.8' ],
3024 silly audit   negotiator: [ '0.6.3', '0.6.4' ],
3024 silly audit   acorn: [ '8.14.1' ],
3024 silly audit   'acorn-import-assertions': [ '1.9.0' ],
3024 silly audit   'adjust-sourcemap-loader': [ '4.0.0' ],
3024 silly audit   'loader-utils': [ '2.0.4', '3.2.1' ],
3024 silly audit   'ajv-formats': [ '2.1.1' ],
3024 silly audit   'ajv-keywords': [ '3.5.2', '5.1.0' ],
3024 silly audit   'ansi-regex': [ '5.0.1' ],
3024 silly audit   'ansi-styles': [ '4.3.0' ],
3024 silly audit   anymatch: [ '3.1.3' ],
3024 silly audit   aos: [ '2.3.4' ],
3024 silly audit   argparse: [ '1.0.10' ],
3024 silly audit   'babel-loader': [ '8.2.5' ],
3024 silly audit   'babel-plugin-istanbul': [ '6.1.1' ],
3024 silly audit   'balanced-match': [ '1.0.2' ],
3024 silly audit   'base64-js': [ '1.5.1' ],
3024 silly audit   base64id: [ '2.0.0' ],
3024 silly audit   'big.js': [ '5.2.2' ],
3024 silly audit   'binary-extensions': [ '2.3.0' ],
3024 silly audit   bl: [ '4.1.0' ],
3024 silly audit   'body-parser': [ '1.20.3' ],
3024 silly audit   debug: [ '2.6.9', '4.4.0', '4.3.7', '4.3.4' ],
3024 silly audit   ms: [ '2.0.0', '2.1.3', '2.1.2' ],
3024 silly audit   boolbase: [ '1.0.0' ],
3024 silly audit   'brace-expansion': [ '1.1.11', '2.0.2' ],
3024 silly audit   braces: [ '3.0.3' ],
3024 silly audit   buffer: [ '5.7.1' ],
3024 silly audit   'buffer-from': [ '1.1.2' ],
3024 silly audit   bytes: [ '3.1.2' ],
3024 silly audit   'call-bind-apply-helpers': [ '1.0.2' ],
3024 silly audit   'call-bound': [ '1.0.4' ],
3024 silly audit   camelcase: [ '5.3.1' ],
3024 silly audit   chalk: [ '4.1.2' ],
3024 silly audit   chokidar: [ '3.6.0' ],
3024 silly audit   'chrome-trace-event': [ '1.0.4' ],
3024 silly audit   'classlist-polyfill': [ '1.2.0' ],
3024 silly audit   'cli-cursor': [ '3.1.0' ],
3024 silly audit   'cli-spinners': [ '2.9.2' ],
3024 silly audit   cliui: [ '7.0.4' ],
3024 silly audit   clone: [ '1.0.4' ],
3024 silly audit   'clone-deep': [ '4.0.1' ],
3024 silly audit   'color-convert': [ '2.0.1' ],
3024 silly audit   'color-name': [ '1.1.4' ],
3024 silly audit   commander: [ '2.20.3' ],
3024 silly audit   commondir: [ '1.0.1' ],
3024 silly audit   'concat-map': [ '0.0.1' ],
3024 silly audit   connect: [ '3.7.0' ],
3024 silly audit   'content-type': [ '1.0.5' ],
3024 silly audit   cookie: [ '0.7.2' ],
3024 silly audit   'glob-parent': [ '5.1.2', '6.0.2' ],
3024 silly audit   'schema-utils': [ '2.7.1', '4.3.0', '3.3.0', '4.3.3' ],
3024 silly audit   cors: [ '2.8.5' ],
3024 silly audit   critters: [ '0.0.16' ],
3024 silly audit   'css-select': [ '4.3.0' ],
3024 silly audit   'css-what': [ '6.1.0' ],
3024 silly audit   'custom-event': [ '1.0.1' ],
3024 silly audit   'date-format': [ '4.0.14' ],
3024 silly audit   defaults: [ '1.0.4' ],
3024 silly audit   'define-lazy-prop': [ '2.0.0' ],
3024 silly audit   depd: [ '2.0.0', '1.1.2' ],
3024 silly audit   destroy: [ '1.2.0' ],
3024 silly audit   di: [ '0.0.1' ],
3024 silly audit   'dom-serialize': [ '2.2.1' ],
3024 silly audit   'dom-serializer': [ '1.4.1' ],
3024 silly audit   domelementtype: [ '2.3.0' ],
3024 silly audit   domhandler: [ '4.3.1' ],
3024 silly audit   domutils: [ '2.8.0' ],
3024 silly audit   'dunder-proto': [ '1.0.1' ],
3024 silly audit   'ee-first': [ '1.1.1' ],
3024 silly audit   'emoji-regex': [ '8.0.0' ],
3024 silly audit   'emojis-list': [ '3.0.0' ],
3024 silly audit   encodeurl: [ '1.0.2', '2.0.0' ],
3024 silly audit   'iconv-lite': [ '0.4.24', '0.6.3' ],
3024 silly audit   'engine.io': [ '6.6.4' ],
3024 silly audit   'engine.io-parser': [ '5.2.3' ],
3024 silly audit   'enhanced-resolve': [ '5.18.1' ],
3024 silly audit   ent: [ '2.2.2' ],
3024 silly audit   entities: [ '2.2.0' ],
3024 silly audit   'es-define-property': [ '1.0.1' ],
3024 silly audit   'es-errors': [ '1.3.0' ],
3024 silly audit   'es-module-lexer': [ '0.9.3' ],
3024 silly audit   'es-object-atoms': [ '1.1.1' ],
3024 silly audit   escalade: [ '3.2.0' ],
3024 silly audit   'escape-html': [ '1.0.3' ],
3024 silly audit   'eslint-scope': [ '5.1.1' ],
3024 silly audit   esprima: [ '4.0.1' ],
3024 silly audit   esrecurse: [ '4.3.0' ],
3024 silly audit   estraverse: [ '5.3.0', '4.3.0' ],
3024 silly audit   'eventemitter-asyncresource': [ '1.0.0' ],
3024 silly audit   eventemitter3: [ '4.0.7' ],
3024 silly audit   events: [ '3.3.0' ],
3024 silly audit   finalhandler: [ '1.1.2', '1.3.2' ],
3024 silly audit   statuses: [ '2.0.1', '1.5.0', '2.0.2' ],
3024 silly audit   extend: [ '3.0.2' ],
3024 silly audit   'fast-deep-equal': [ '3.1.3' ],
3024 silly audit   'fast-json-stable-stringify': [ '2.1.0' ],
3024 silly audit   'fast-uri': [ '3.0.6' ],
3024 silly audit   'fill-range': [ '7.1.1' ],
3024 silly audit   'on-finished': [ '2.3.0', '2.4.1' ],
3024 silly audit   'find-cache-dir': [ '3.3.2' ],
3024 silly audit   'find-up': [ '4.1.0' ],
3024 silly audit   flatted: [ '3.3.3' ],
3024 silly audit   'follow-redirects': [ '1.15.9' ],
3024 silly audit   'fs-extra': [ '8.1.0' ],
3024 silly audit   'fs.realpath': [ '1.0.0' ],
3024 silly audit   fsevents: [ '2.3.3' ],
3024 silly audit   'function-bind': [ '1.1.2' ],
3024 silly audit   gensync: [ '1.0.0-beta.2' ],
3024 silly audit   'get-caller-file': [ '2.0.5' ],
3024 silly audit   'get-intrinsic': [ '1.3.0' ],
3024 silly audit   'get-package-type': [ '0.1.0' ],
3024 silly audit   'get-proto': [ '1.0.1' ],
3024 silly audit   glob: [ '7.2.0', '8.0.3', '8.1.0' ],
3024 silly audit   'glob-to-regexp': [ '0.4.1' ],
3024 silly audit   gopd: [ '1.2.0' ],
3024 silly audit   'graceful-fs': [ '4.2.11' ],
3024 silly audit   gsap: [ '3.13.0' ],
3024 silly audit   'has-flag': [ '4.0.0' ],
3024 silly audit   'has-symbols': [ '1.1.0' ],
3024 silly audit   'has-tostringtag': [ '1.0.2' ],
3024 silly audit   hasown: [ '2.0.2' ],
3024 silly audit   'hdr-histogram-js': [ '2.0.3' ],
3024 silly audit   'hdr-histogram-percentiles-obj': [ '3.0.0' ],
3024 silly audit   'readable-stream': [ '3.6.2', '2.3.8' ],
3024 silly audit   'safe-buffer': [ '5.2.1', '5.1.2' ],
3024 silly audit   string_decoder: [ '1.3.0', '1.1.1' ],
3024 silly audit   'html-escaper': [ '2.0.2' ],
3024 silly audit   'http-errors': [ '2.0.0', '2.0.1', '1.6.3' ],
3024 silly audit   'http-proxy': [ '1.18.1' ],
3024 silly audit   ieee754: [ '1.2.1' ],
3024 silly audit   'resolve-from': [ '5.0.0', '4.0.0' ],
3024 silly audit   inflight: [ '1.0.6' ],
3024 silly audit   inherits: [ '2.0.4', '2.0.3' ],
3024 silly audit   'sprintf-js': [ '1.0.3' ],
3024 silly audit   'is-binary-path': [ '2.1.0' ],
3024 silly audit   'is-docker': [ '2.2.1' ],
3024 silly audit   'is-extglob': [ '2.1.1' ],
3024 silly audit   'is-fullwidth-code-point': [ '3.0.0' ],
3024 silly audit   'is-glob': [ '4.0.3' ],
3024 silly audit   'is-interactive': [ '1.0.0' ],
3024 silly audit   'is-number': [ '7.0.0' ],
3024 silly audit   'is-plain-object': [ '2.0.4' ],
3024 silly audit   'is-regex': [ '1.2.1' ],
3024 silly audit   'is-unicode-supported': [ '0.1.0' ],
3024 silly audit   'is-wsl': [ '2.2.0' ],
3024 silly audit   isbinaryfile: [ '4.0.10' ],
3024 silly audit   isexe: [ '2.0.0' ],
3024 silly audit   isobject: [ '3.0.1' ],
3024 silly audit   'istanbul-lib-coverage': [ '3.2.2' ],
3024 silly audit   'istanbul-lib-instrument': [ '5.2.1', '4.0.3' ],
3024 silly audit   'istanbul-lib-report': [ '3.0.1' ],
3024 silly audit   'make-dir': [ '4.0.0', '3.1.0', '2.1.0' ],
3024 silly audit   'istanbul-lib-source-maps': [ '4.0.1' ],
3024 silly audit   'istanbul-reports': [ '3.1.7' ],
3024 silly audit   'jasmine-core': [ '4.0.1', '3.99.1' ],
3024 silly audit   'jest-worker': [ '27.5.1' ],
3024 silly audit   'supports-color': [ '8.1.1', '7.2.0' ],
3024 silly audit   'js-tokens': [ '4.0.0' ],
3024 silly audit   'js-yaml': [ '3.14.1' ],
3024 silly audit   'json-parse-even-better-errors': [ '2.3.1' ],
3024 silly audit   json5: [ '2.2.3' ],
3024 silly audit   jsonfile: [ '4.0.0' ],
3024 silly audit   karma: [ '6.3.20' ],
3024 silly audit   'karma-chrome-launcher': [ '3.1.1' ],
3024 silly audit   'karma-coverage': [ '2.1.1' ],
3024 silly audit   'karma-jasmine': [ '4.0.2' ],
3024 silly audit   'karma-jasmine-html-reporter': [ '1.7.0' ],
3024 silly audit   'karma-source-map-support': [ '1.4.0' ],
3024 silly audit   mkdirp: [ '0.5.6', '1.0.4' ],
3024 silly audit   tmp: [ '0.2.3', '0.0.33' ],
3024 silly audit   yargs: [ '16.2.0', '17.5.1' ],
3024 silly audit   'yargs-parser': [ '20.2.9', '21.1.1' ],
3024 silly audit   'kind-of': [ '6.0.3' ],
3024 silly audit   mime: [ '2.6.0', '1.6.0' ],
3024 silly audit   'license-webpack-plugin': [ '4.0.2' ],
3024 silly audit   'loader-runner': [ '4.3.0' ],
3024 silly audit   'locate-path': [ '5.0.0' ],
3024 silly audit   lodash: [ '4.17.21' ],
3024 silly audit   'lodash.debounce': [ '4.0.8' ],
3024 silly audit   'lodash.throttle': [ '4.1.1' ],
3024 silly audit   'log-symbols': [ '4.1.0' ],
3024 silly audit   log4js: [ '6.9.1' ],
3024 silly audit   'math-intrinsics': [ '1.1.0' ],
3024 silly audit   'media-typer': [ '0.3.0' ],
3024 silly audit   'merge-stream': [ '2.0.0' ],
3024 silly audit   'mime-db': [ '1.52.0' ],
3024 silly audit   'mime-types': [ '2.1.35' ],
3024 silly audit   'mimic-fn': [ '2.1.0' ],
3024 silly audit   minimatch: [ '3.0.5', '5.1.0', '5.1.6' ],
3024 silly audit   minimist: [ '1.2.8' ],
3024 silly audit   nanoid: [ '3.3.11' ],
3024 silly audit   'neo-async': [ '2.6.2' ],
3024 silly audit   'nice-napi': [ '1.0.2' ],
3024 silly audit   'node-addon-api': [ '3.2.1' ],
3024 silly audit   'node-gyp-build': [ '4.8.4' ],
3024 silly audit   'normalize-path': [ '3.0.0' ],
3024 silly audit   'nth-check': [ '2.1.1' ],
3024 silly audit   'object-assign': [ '4.1.1' ],
3024 silly audit   'object-inspect': [ '1.13.4' ],
3024 silly audit   once: [ '1.4.0' ],
3024 silly audit   onetime: [ '5.1.2' ],
3024 silly audit   open: [ '8.4.0' ],
3024 silly audit   ora: [ '5.4.1' ],
3024 silly audit   'p-limit': [ '2.3.0' ],
3024 silly audit   'p-locate': [ '4.1.0' ],
3024 silly audit   'p-try': [ '2.2.0' ],
3024 silly audit   pako: [ '1.0.11' ],
3024 silly audit   parse5: [ '6.0.1' ],
3024 silly audit   'parse5-html-rewriting-stream': [ '6.0.1' ],
3024 silly audit   'parse5-htmlparser2-tree-adapter': [ '6.0.1' ],
3024 silly audit   'parse5-sax-parser': [ '6.0.1' ],
3024 silly audit   parseurl: [ '1.3.3' ],
3024 silly audit   'path-exists': [ '4.0.0' ],
3024 silly audit   'path-is-absolute': [ '1.0.1' ],
3024 silly audit   picocolors: [ '1.1.1' ],
3024 silly audit   picomatch: [ '2.3.1' ],
3024 silly audit   piscina: [ '3.2.0' ],
3024 silly audit   'pkg-dir': [ '4.2.0' ],
3024 silly audit   'pretty-bytes': [ '5.6.0' ],
3024 silly audit   punycode: [ '1.4.1', '2.3.1' ],
3024 silly audit   qjobs: [ '1.2.0' ],
3024 silly audit   qs: [ '6.13.0', '6.14.1' ],
3024 silly audit   randombytes: [ '2.1.0' ],
3024 silly audit   'range-parser': [ '1.2.1' ],
3024 silly audit   'raw-body': [ '2.5.2' ],
3024 silly audit   readdirp: [ '3.6.0' ],
3024 silly audit   'regex-parser': [ '2.3.1' ],
3024 silly audit   'require-directory': [ '2.1.1' ],
3024 silly audit   'require-from-string': [ '2.0.2' ],
3024 silly audit   'requires-port': [ '1.0.0' ],
3024 silly audit   'resolve-url-loader': [ '5.0.0' ],
3024 silly audit   'restore-cursor': [ '3.1.0' ],
3024 silly audit   rfdc: [ '1.4.1' ],
3024 silly audit   rimraf: [ '3.0.2' ],
3024 silly audit   'safe-regex-test': [ '1.1.0' ],
3024 silly audit   'safer-buffer': [ '2.1.2' ],
3024 silly audit   'serialize-javascript': [ '6.0.2' ],
3024 silly audit   setprototypeof: [ '1.2.0', '1.1.0' ],
3024 silly audit   'shallow-clone': [ '3.0.1' ],
3024 silly audit   'side-channel': [ '1.1.0' ],
3024 silly audit   'side-channel-list': [ '1.0.0' ],
3024 silly audit   'side-channel-map': [ '1.0.1' ],
3024 silly audit   'side-channel-weakmap': [ '1.0.2' ],
3024 silly audit   'signal-exit': [ '3.0.7' ],
3024 silly audit   'socket.io': [ '4.8.1' ],
3024 silly audit   'socket.io-adapter': [ '2.5.5' ],
3024 silly audit   'socket.io-parser': [ '4.2.4' ],
3024 silly audit   'source-map-js': [ '1.2.1' ],
3024 silly audit   'source-map-support': [ '0.5.21' ],
3024 silly audit   'sourcemap-codec': [ '1.4.8' ],
3024 silly audit   streamroller: [ '3.1.5' ],
3024 silly audit   'string-width': [ '4.2.3' ],
3024 silly audit   'strip-ansi': [ '6.0.1' ],
3024 silly audit   'symbol-observable': [ '4.0.0' ],
3024 silly audit   tapable: [ '2.2.1' ],
3024 silly audit   terser: [ '5.14.2', '5.39.0' ],
3024 silly audit   'terser-webpack-plugin': [ '5.3.14' ],
3024 silly audit   'test-exclude': [ '6.0.0' ],
3024 silly audit   'text-table': [ '0.2.0' ],
3024 silly audit   'to-regex-range': [ '5.0.1' ],
3024 silly audit   toidentifier: [ '1.0.1' ],
3024 silly audit   'tree-kill': [ '1.2.2' ],
3024 silly audit   'type-is': [ '1.6.18' ],
3024 silly audit   'typed-assert': [ '1.0.9' ],
3024 silly audit   typescript: [ '4.6.4' ],
3024 silly audit   'ua-parser-js': [ '0.7.40' ],
3024 silly audit   universalify: [ '0.1.2' ],
3024 silly audit   unpipe: [ '1.0.0' ],
3024 silly audit   'uri-js': [ '4.4.1' ],
3024 silly audit   'util-deprecate': [ '1.0.2' ],
3024 silly audit   'utils-merge': [ '1.0.1' ],
3024 silly audit   uuid: [ '8.3.2' ],
3024 silly audit   vary: [ '1.1.2' ],
3024 silly audit   'void-elements': [ '2.0.1' ],
3024 silly audit   watchpack: [ '2.4.2' ],
3024 silly audit   wcwidth: [ '1.0.1' ],
3024 silly audit   webpack: [ '5.76.1' ],
3024 silly audit   'webpack-merge': [ '5.8.0' ],
3024 silly audit   'webpack-sources': [ '3.2.3' ],
3024 silly audit   'webpack-subresource-integrity': [ '5.1.0' ],
3024 silly audit   wildcard: [ '2.0.1' ],
3024 silly audit   'wrap-ansi': [ '7.0.0' ],
3024 silly audit   wrappy: [ '1.0.2' ],
3024 silly audit   ws: [ '8.17.1' ],
3024 silly audit   y18n: [ '5.0.8' ],
3024 silly audit   'zone.js': [ '0.11.8' ],
3024 silly audit   '@angular-devkit/build-angular': [ '14.2.13' ],
3024 silly audit   '@angular/compiler-cli': [ '14.3.0' ],
3024 silly audit   '@angular/compiler': [ '14.3.0' ],
3024 silly audit   '@angular/core': [ '14.3.0' ],
3024 silly audit   '@angular/animations': [ '14.3.0' ],
3024 silly audit   '@angular/cli': [ '14.2.13' ],
3024 silly audit   '@angular/common': [ '14.3.0' ],
3024 silly audit   '@angular/forms': [ '14.3.0' ],
3024 silly audit   '@angular/platform-browser': [ '14.3.0' ],
3024 silly audit   '@angular/platform-browser-dynamic': [ '14.3.0' ],
3024 silly audit   '@angular/router': [ '14.3.0' ],
3024 silly audit   '@ampproject/remapping': [ '2.2.0' ],
3024 silly audit   '@angular-devkit/architect': [ '0.1402.13' ],
3024 silly audit   '@angular-devkit/build-webpack': [ '0.1402.13' ],
3024 silly audit   'webpack-dev-server': [ '4.11.0' ],
3024 silly audit   '@angular-devkit/core': [ '14.2.13' ],
3024 silly audit   '@babel/core': [ '7.18.10' ],
3024 silly audit   '@babel/helper-annotate-as-pure': [ '7.18.6', '7.27.3' ],
3024 silly audit   '@babel/plugin-proposal-async-generator-functions': [ '7.18.10' ],
3024 silly audit   '@babel/plugin-transform-async-to-generator': [ '7.18.6' ],
3024 silly audit   '@babel/plugin-transform-runtime': [ '7.18.10' ],
3024 silly audit   '@babel/preset-env': [ '7.18.10' ],
3024 silly audit   '@babel/runtime': [ '7.18.9' ],
3024 silly audit   '@discoveryjs/json-ext': [ '0.5.7' ],
3024 silly audit   '@ngtools/webpack': [ '14.2.13' ],
3024 silly audit   'ansi-colors': [ '4.1.3' ],
3024 silly audit   cacache: [ '16.1.2' ],
3024 silly audit   'copy-webpack-plugin': [ '11.0.0' ],
3024 silly audit   'css-loader': [ '6.7.1' ],
3024 silly audit   esbuild: [ '0.15.5' ],
3024 silly audit   'esbuild-wasm': [ '0.15.5' ],
3024 silly audit   'https-proxy-agent': [ '5.0.1' ],
3024 silly audit   inquirer: [ '8.2.4' ],
3024 silly audit   'jsonc-parser': [ '3.1.0' ],
3024 silly audit   less: [ '4.1.3' ],
3024 silly audit   'less-loader': [ '11.0.0' ],
3024 silly audit   'mini-css-extract-plugin': [ '2.6.1' ],
3024 silly audit   postcss: [ '8.4.31' ],
3024 silly audit   'postcss-import': [ '15.0.0' ],
3024 silly audit   'postcss-loader': [ '7.0.1' ],
3024 silly audit   'postcss-preset-env': [ '7.8.0' ],
3024 silly audit   'regenerator-runtime': [ '0.13.9' ],
3024 silly audit   sass: [ '1.54.4' ],
3024 silly audit   'sass-loader': [ '13.0.2' ],
3024 silly audit   'source-map-loader': [ '4.0.0' ],
3024 silly audit   stylus: [ '0.59.0' ],
3024 silly audit   'stylus-loader': [ '7.0.0' ],
3024 silly audit   'webpack-dev-middleware': [ '5.3.3' ],
3024 silly audit   '@angular-devkit/schematics': [ '14.2.13' ],
3024 silly audit   '@schematics/angular': [ '14.2.13' ],
3024 silly audit   ini: [ '3.0.0' ],
3024 silly audit   'npm-package-arg': [ '9.1.0' ],
3024 silly audit   'npm-pick-manifest': [ '7.0.1' ],
3024 silly audit   pacote: [ '13.6.2' ],
3024 silly audit   resolve: [ '1.22.1' ],
3024 silly audit   'magic-string': [ '0.26.2' ],
3024 silly audit   'dependency-graph': [ '0.11.0' ],
3024 silly audit   'reflect-metadata': [ '0.1.14' ],
3024 silly audit   '@babel/helper-environment-visitor': [ '7.24.7' ],
3024 silly audit   '@babel/helper-remap-async-to-generator': [ '7.27.1' ],
3024 silly audit   '@babel/plugin-syntax-async-generators': [ '7.8.4' ],
3024 silly audit   '@babel/helper-wrap-function': [ '7.28.6' ],
3024 silly audit   '@babel/traverse': [ '7.28.6' ],
3024 silly audit   '@babel/types': [ '7.28.6' ],
3024 silly audit   'babel-plugin-polyfill-corejs2': [ '0.3.3' ],
3024 silly audit   'babel-plugin-polyfill-corejs3': [ '0.5.3' ],
3024 silly audit   'babel-plugin-polyfill-regenerator': [ '0.4.1' ],
3024 silly audit   '@babel/plugin-bugfix-safari-id-destructuring-collision-in-function-expression': [ '7.27.1' ],
3024 silly audit   '@babel/plugin-bugfix-v8-spread-parameters-in-optional-chaining': [ '7.27.1' ],
3024 silly audit   '@babel/plugin-proposal-class-properties': [ '7.18.6' ],
3024 silly audit   '@babel/plugin-proposal-class-static-block': [ '7.21.0' ],
3024 silly audit   '@babel/plugin-proposal-dynamic-import': [ '7.18.6' ],
3024 silly audit   '@babel/plugin-proposal-export-namespace-from': [ '7.18.9' ],
3024 silly audit   '@babel/plugin-proposal-json-strings': [ '7.18.6' ],
3024 silly audit   '@babel/plugin-proposal-logical-assignment-operators': [ '7.20.7' ],
3024 silly audit   '@babel/plugin-proposal-nullish-coalescing-operator': [ '7.18.6' ],
3024 silly audit   '@babel/plugin-proposal-numeric-separator': [ '7.18.6' ],
3024 silly audit   '@babel/plugin-proposal-object-rest-spread': [ '7.20.7' ],
3024 silly audit   '@babel/plugin-proposal-optional-catch-binding': [ '7.18.6' ],
3024 silly audit   '@babel/plugin-proposal-optional-chaining': [ '7.21.0' ],
3024 silly audit   '@babel/plugin-proposal-private-methods': [ '7.18.6' ],
3024 silly audit   '@babel/plugin-proposal-private-property-in-object': [ '7.21.11' ],
3024 silly audit   '@babel/plugin-proposal-unicode-property-regex': [ '7.18.6' ],
3024 silly audit   '@babel/plugin-syntax-class-properties': [ '7.12.13' ],
3024 silly audit   '@babel/plugin-syntax-class-static-block': [ '7.14.5' ],
3024 silly audit   '@babel/plugin-syntax-dynamic-import': [ '7.8.3' ],
3024 silly audit   '@babel/plugin-syntax-export-namespace-from': [ '7.8.3' ],
3024 silly audit   '@babel/plugin-syntax-import-assertions': [ '7.28.6' ],
3024 silly audit   '@babel/plugin-syntax-json-strings': [ '7.8.3' ],
3024 silly audit   '@babel/plugin-syntax-logical-assignment-operators': [ '7.10.4' ],
3024 silly audit   '@babel/plugin-syntax-nullish-coalescing-operator': [ '7.8.3' ],
3024 silly audit   '@babel/plugin-syntax-numeric-separator': [ '7.10.4' ],
3024 silly audit   '@babel/plugin-syntax-object-rest-spread': [ '7.8.3' ],
3024 silly audit   '@babel/plugin-syntax-optional-catch-binding': [ '7.8.3' ],
3024 silly audit   '@babel/plugin-syntax-optional-chaining': [ '7.8.3' ],
3024 silly audit   '@babel/plugin-syntax-private-property-in-object': [ '7.14.5' ],
3024 silly audit   '@babel/plugin-syntax-top-level-await': [ '7.14.5' ],
3024 silly audit   '@babel/plugin-transform-arrow-functions': [ '7.27.1' ],
3024 silly audit   '@babel/plugin-transform-block-scoped-functions': [ '7.27.1' ],
3024 silly audit   '@babel/plugin-transform-block-scoping': [ '7.28.6' ],
3024 silly audit   '@babel/plugin-transform-classes': [ '7.28.6' ],
3024 silly audit   '@babel/plugin-transform-computed-properties': [ '7.28.6' ],
3024 silly audit   '@babel/plugin-transform-destructuring': [ '7.28.5' ],
3024 silly audit   '@babel/plugin-transform-dotall-regex': [ '7.28.6' ],
3024 silly audit   '@babel/plugin-transform-duplicate-keys': [ '7.27.1' ],
3024 silly audit   '@babel/plugin-transform-exponentiation-operator': [ '7.28.6' ],
3024 silly audit   '@babel/plugin-transform-for-of': [ '7.27.1' ],
3024 silly audit   '@babel/plugin-transform-function-name': [ '7.27.1' ],
3024 silly audit   '@babel/plugin-transform-literals': [ '7.27.1' ],
3024 silly audit   '@babel/plugin-transform-member-expression-literals': [ '7.27.1' ],
3024 silly audit   '@babel/plugin-transform-modules-amd': [ '7.27.1' ],
3024 silly audit   '@babel/plugin-transform-modules-commonjs': [ '7.28.6' ],
3024 silly audit   '@babel/plugin-transform-modules-systemjs': [ '7.28.5' ],
3024 silly audit   '@babel/plugin-transform-modules-umd': [ '7.27.1' ],
3024 silly audit   '@babel/plugin-transform-named-capturing-groups-regex': [ '7.27.1' ],
3024 silly audit   '@babel/plugin-transform-new-target': [ '7.27.1' ],
3024 silly audit   '@babel/plugin-transform-object-super': [ '7.27.1' ],
3024 silly audit   '@babel/plugin-transform-parameters': [ '7.27.7' ],
3024 silly audit   '@babel/plugin-transform-property-literals': [ '7.27.1' ],
3024 silly audit   '@babel/plugin-transform-regenerator': [ '7.28.6' ],
3024 silly audit   '@babel/plugin-transform-reserved-words': [ '7.27.1' ],
3024 silly audit   '@babel/plugin-transform-shorthand-properties': [ '7.27.1' ],
3024 silly audit   '@babel/plugin-transform-spread': [ '7.28.6' ],
3024 silly audit   '@babel/plugin-transform-sticky-regex': [ '7.27.1' ],
3024 silly audit   '@babel/plugin-transform-template-literals': [ '7.27.1' ],
3024 silly audit   '@babel/plugin-transform-typeof-symbol': [ '7.27.1' ],
3024 silly audit   '@babel/plugin-transform-unicode-escapes': [ '7.27.1' ],
3024 silly audit   '@babel/plugin-transform-unicode-regex': [ '7.27.1' ],
3024 silly audit   '@babel/preset-modules': [ '0.1.6' ],
3024 silly audit   'core-js-compat': [ '3.47.0' ],
3024 silly audit   '@babel/helper-plugin-utils': [ '7.28.6' ],
3024 silly audit   '@babel/helper-skip-transparent-expression-wrappers': [ '7.27.1' ],
3024 silly audit   '@babel/plugin-transform-optional-chaining': [ '7.28.6' ],
3024 silly audit   '@babel/helper-create-class-features-plugin': [ '7.28.6' ],
3024 silly audit   '@babel/helper-member-expression-to-functions': [ '7.28.5' ],
3024 silly audit   '@babel/helper-optimise-call-expression': [ '7.27.1' ],
3024 silly audit   '@babel/helper-replace-supers': [ '7.28.6' ],
3024 silly audit   '@babel/helper-create-regexp-features-plugin': [ '7.28.5' ],
3024 silly audit   'regexpu-core': [ '6.4.0' ],
3024 silly audit   '@babel/helper-compilation-targets': [ '7.28.6' ],
3024 silly audit   '@babel/helper-globals': [ '7.28.0' ],
3024 silly audit   '@babel/compat-data': [ '7.28.6' ],
3024 silly audit   '@babel/helper-validator-option': [ '7.27.1' ],
3024 silly audit   '@babel/helper-module-transforms': [ '7.28.6' ],
3024 silly audit   '@babel/helper-module-imports': [ '7.28.6' ],
3024 silly audit   '@babel/helper-validator-identifier': [ '7.28.5' ],
3024 silly audit   esutils: [ '2.0.3' ],
3024 silly audit   '@babel/code-frame': [ '7.28.6' ],
3024 silly audit   '@babel/parser': [ '7.28.6' ],
3024 silly audit   '@babel/helper-string-parser': [ '7.27.1' ],
3024 silly audit   '@babel/helper-define-polyfill-provider': [ '0.3.3' ],
3024 silly audit   '@npmcli/fs': [ '2.1.2' ],
3024 silly audit   '@npmcli/move-file': [ '2.0.1' ],
3024 silly audit   chownr: [ '2.0.0' ],
3024 silly audit   'fs-minipass': [ '2.1.0' ],
3024 silly audit   'infer-owner': [ '1.0.4' ],
3024 silly audit   minipass: [ '3.3.6', '5.0.0' ],
3024 silly audit   'minipass-collect': [ '1.0.2' ],
3024 silly audit   'minipass-flush': [ '1.0.5' ],
3024 silly audit   'minipass-pipeline': [ '1.2.4' ],
3024 silly audit   'p-map': [ '4.0.0' ],
3024 silly audit   'promise-inflight': [ '1.0.1' ],
3024 silly audit   ssri: [ '9.0.1' ],
3024 silly audit   tar: [ '6.2.1' ],
3024 silly audit   'unique-filename': [ '1.1.1' ],
3024 silly audit   '@gar/promisify': [ '1.1.3' ],
3024 silly audit   'fast-glob': [ '3.3.3' ],
3024 silly audit   globby: [ '13.2.2' ],
3024 silly audit   browserslist: [ '4.28.1' ],
3024 silly audit   'baseline-browser-mapping': [ '2.9.15' ],
3024 silly audit   'caniuse-lite': [ '1.0.30001765' ],
3024 silly audit   'electron-to-chromium': [ '1.5.267' ],
3024 silly audit   'node-releases': [ '2.0.27' ],
3024 silly audit   'update-browserslist-db': [ '1.2.3' ],
3024 silly audit   'icss-utils': [ '5.1.0' ],
3024 silly audit   'postcss-modules-extract-imports': [ '3.1.0' ],
3024 silly audit   'postcss-modules-local-by-default': [ '4.2.0' ],
3024 silly audit   'postcss-modules-scope': [ '3.2.1' ],
3024 silly audit   'postcss-modules-values': [ '4.0.0' ],
3024 silly audit   'postcss-value-parser': [ '4.2.0' ],
3024 silly audit   '@esbuild/linux-loong64': [ '0.15.5' ],
3024 silly audit   'esbuild-android-64': [ '0.15.5' ],
3024 silly audit   'esbuild-android-arm64': [ '0.15.5' ],
3024 silly audit   'esbuild-darwin-64': [ '0.15.5' ],
3024 silly audit   'esbuild-darwin-arm64': [ '0.15.5' ],
3024 silly audit   'esbuild-freebsd-64': [ '0.15.5' ],
3024 silly audit   'esbuild-freebsd-arm64': [ '0.15.5' ],
3024 silly audit   'esbuild-linux-32': [ '0.15.5' ],
3024 silly audit   'esbuild-linux-64': [ '0.15.5' ],
3024 silly audit   'esbuild-linux-arm': [ '0.15.5' ],
3024 silly audit   'esbuild-linux-arm64': [ '0.15.5' ],
3024 silly audit   'esbuild-linux-mips64le': [ '0.15.5' ],
3024 silly audit   'esbuild-linux-ppc64le': [ '0.15.5' ],
3024 silly audit   'esbuild-linux-riscv64': [ '0.15.5' ],
3024 silly audit   'esbuild-linux-s390x': [ '0.15.5' ],
3024 silly audit   'esbuild-netbsd-64': [ '0.15.5' ],
3024 silly audit   'esbuild-openbsd-64': [ '0.15.5' ],
3024 silly audit   'esbuild-sunos-64': [ '0.15.5' ],
3024 silly audit   'esbuild-windows-32': [ '0.15.5' ],
3024 silly audit   'esbuild-windows-64': [ '0.15.5' ],
3024 silly audit   'esbuild-windows-arm64': [ '0.15.5' ],
3024 silly audit   '@nodelib/fs.stat': [ '2.0.5' ],
3024 silly audit   '@nodelib/fs.walk': [ '1.2.8' ],
3024 silly audit   merge2: [ '1.4.1' ],
3024 silly audit   micromatch: [ '4.0.8' ],
3024 silly audit   '@nodelib/fs.scandir': [ '2.1.5' ],
3024 silly audit   fastq: [ '1.20.1' ],
3024 silly audit   'run-parallel': [ '1.2.0' ],
3024 silly audit   reusify: [ '1.1.0' ],
3024 silly audit   'dir-glob': [ '3.0.1' ],
3024 silly audit   ignore: [ '5.3.2' ],
3024 silly audit   slash: [ '4.0.0' ],
3024 silly audit   'path-type': [ '4.0.0' ],
3024 silly audit   'agent-base': [ '6.0.2' ],
3024 silly audit   'ansi-escapes': [ '4.3.2' ],
3024 silly audit   'cli-width': [ '3.0.0' ],
3024 silly audit   'external-editor': [ '3.1.0' ],
3024 silly audit   figures: [ '3.2.0' ],
3024 silly audit   'mute-stream': [ '0.0.8' ],
3024 silly audit   'run-async': [ '2.4.1' ],
3024 silly audit   through: [ '2.3.8' ],
3024 silly audit   'type-fest': [ '0.21.3' ],
3024 silly audit   chardet: [ '0.7.0' ],
3024 silly audit   'escape-string-regexp': [ '1.0.5' ],
3024 silly audit   'copy-anything': [ '2.0.6' ],
3024 silly audit   errno: [ '0.1.8' ],
3024 silly audit   'image-size': [ '0.5.5' ],
3024 silly audit   needle: [ '3.3.1' ],
3024 silly audit   'parse-node-version': [ '1.0.1' ],
3024 silly audit   'is-what': [ '3.14.1' ],
3024 silly audit   prr: [ '1.0.1' ],
3024 silly audit   klona: [ '2.0.6' ],
3024 silly audit   sax: [ '1.4.4', '1.2.4' ],
3024 silly audit   'hosted-git-info': [ '5.2.1' ],
3024 silly audit   'proc-log': [ '2.0.1' ],
3024 silly audit   'validate-npm-package-name': [ '4.0.0' ],
3024 silly audit   'npm-install-checks': [ '5.0.0' ],
3024 silly audit   'npm-normalize-package-bin': [ '1.0.1', '2.0.0' ],
3024 silly audit   'aggregate-error': [ '3.1.0' ],
3024 silly audit   'clean-stack': [ '2.2.0' ],
3024 silly audit   'indent-string': [ '4.0.0' ],
3024 silly audit   '@npmcli/git': [ '3.0.2' ],
3024 silly audit   '@npmcli/installed-package-contents': [ '1.0.7' ],
3024 silly audit   '@npmcli/promise-spawn': [ '3.0.0' ],
3024 silly audit   '@npmcli/run-script': [ '4.2.1' ],
3024 silly audit   'npm-packlist': [ '5.1.3' ],
3024 silly audit   'npm-registry-fetch': [ '13.3.1' ],
3024 silly audit   'promise-retry': [ '2.0.1' ],
3024 silly audit   'read-package-json': [ '5.0.2' ],
3024 silly audit   'read-package-json-fast': [ '2.0.3' ],
3024 silly audit   'npm-bundled': [ '1.1.2', '2.0.1' ],
3024 silly audit   '@npmcli/node-gyp': [ '2.0.0' ],
3024 silly audit   'node-gyp': [ '9.4.1' ],
3024 silly audit   'env-paths': [ '2.2.1' ],
3024 silly audit   'exponential-backoff': [ '3.1.3' ],
3024 silly audit   'make-fetch-happen': [ '10.2.1' ],
3024 silly audit   nopt: [ '6.0.0' ],
3024 silly audit   npmlog: [ '6.0.2' ],
3024 silly audit   agentkeepalive: [ '4.6.0' ],
3024 silly audit   'http-cache-semantics': [ '4.2.0' ],
3024 silly audit   'http-proxy-agent': [ '5.0.0' ],
3024 silly audit   'is-lambda': [ '1.0.1' ],
3024 silly audit   'minipass-fetch': [ '2.1.2' ],
3024 silly audit   'socks-proxy-agent': [ '7.0.0' ],
3024 silly audit   'humanize-ms': [ '1.2.1' ],
3024 silly audit   '@tootallnate/once': [ '2.0.0' ],
3024 silly audit   encoding: [ '0.1.13' ],
3024 silly audit   'minipass-sized': [ '1.0.3' ],
3024 silly audit   minizlib: [ '2.1.2' ],
3024 silly audit   abbrev: [ '1.1.1' ],
3024 silly audit   'ignore-walk': [ '5.0.1' ],
3024 silly audit   'minipass-json-stream': [ '1.0.2' ],
3024 silly audit   jsonparse: [ '1.3.1' ],
3024 silly audit   'are-we-there-yet': [ '3.0.1' ],
3024 silly audit   'console-control-strings': [ '1.1.0' ],
3024 silly audit   gauge: [ '4.0.4' ],
3024 silly audit   'set-blocking': [ '2.0.0' ],
3024 silly audit   delegates: [ '1.0.0' ],
3024 silly audit   aproba: [ '2.1.0' ],
3024 silly audit   'color-support': [ '1.1.3' ],
3024 silly audit   'has-unicode': [ '2.0.1' ],
3024 silly audit   'wide-align': [ '1.1.5' ],
3024 silly audit   'read-cache': [ '1.0.0' ],
3024 silly audit   cosmiconfig: [ '7.1.0' ],
3024 silly audit   '@types/parse-json': [ '4.0.2' ],
3024 silly audit   'import-fresh': [ '3.3.1' ],
3024 silly audit   'parse-json': [ '5.2.0' ],
3024 silly audit   yaml: [ '1.10.2' ],
3024 silly audit   'parent-module': [ '1.0.1' ],
3024 silly audit   callsites: [ '3.1.0' ],
3024 silly audit   'error-ex': [ '1.3.4' ],
3024 silly audit   'lines-and-columns': [ '1.2.4' ],
3024 silly audit   'is-arrayish': [ '0.2.1' ],
3024 silly audit   'postcss-selector-parser': [ '7.1.1', '6.1.2' ],
3024 silly audit   '@csstools/postcss-cascade-layers': [ '1.1.1' ],
3024 silly audit   '@csstools/postcss-color-function': [ '1.1.1' ],
3024 silly audit   '@csstools/postcss-font-format-keywords': [ '1.0.1' ],
3024 silly audit   '@csstools/postcss-hwb-function': [ '1.0.2' ],
3024 silly audit   '@csstools/postcss-ic-unit': [ '1.0.1' ],
3024 silly audit   '@csstools/postcss-is-pseudo-class': [ '2.0.7' ],
3024 silly audit   '@csstools/postcss-nested-calc': [ '1.0.0' ],
3024 silly audit   '@csstools/postcss-normalize-display-values': [ '1.0.1' ],
3024 silly audit   '@csstools/postcss-oklab-function': [ '1.1.1' ],
3024 silly audit   '@csstools/postcss-progressive-custom-properties': [ '1.3.0' ],
3024 silly audit   '@csstools/postcss-stepped-value-functions': [ '1.0.1' ],
3024 silly audit   '@csstools/postcss-text-decoration-shorthand': [ '1.0.0' ],
3024 silly audit   '@csstools/postcss-trigonometric-functions': [ '1.0.2' ],
3024 silly audit   '@csstools/postcss-unset-value': [ '1.0.2' ],
3024 silly audit   autoprefixer: [ '10.4.23' ],
3024 silly audit   'css-blank-pseudo': [ '3.0.3' ],
3024 silly audit   'css-has-pseudo': [ '3.0.4' ],
3024 silly audit   'css-prefers-color-scheme': [ '6.0.3' ],
3024 silly audit   cssdb: [ '7.11.2' ],
3024 silly audit   'postcss-attribute-case-insensitive': [ '5.0.2' ],
3024 silly audit   'postcss-clamp': [ '4.1.0' ],
3024 silly audit   'postcss-color-functional-notation': [ '4.2.4' ],
3024 silly audit   'postcss-color-hex-alpha': [ '8.0.4' ],
3024 silly audit   'postcss-color-rebeccapurple': [ '7.1.1' ],
3024 silly audit   'postcss-custom-media': [ '8.0.2' ],
3024 silly audit   'postcss-custom-properties': [ '12.1.11' ],
3024 silly audit   'postcss-custom-selectors': [ '6.0.3' ],
3024 silly audit   'postcss-dir-pseudo-class': [ '6.0.5' ],
3024 silly audit   'postcss-double-position-gradients': [ '3.1.2' ],
3024 silly audit   'postcss-env-function': [ '4.0.6' ],
3024 silly audit   'postcss-focus-visible': [ '6.0.4' ],
3024 silly audit   'postcss-focus-within': [ '5.0.4' ],
3024 silly audit   'postcss-font-variant': [ '5.0.0' ],
3024 silly audit   'postcss-gap-properties': [ '3.0.5' ],
3024 silly audit   'postcss-image-set-function': [ '4.0.7' ],
3024 silly audit   'postcss-initial': [ '4.0.1' ],
3024 silly audit   'postcss-lab-function': [ '4.2.1' ],
3024 silly audit   'postcss-logical': [ '5.0.4' ],
3024 silly audit   'postcss-media-minmax': [ '5.0.0' ],
3024 silly audit   'postcss-nesting': [ '10.2.0' ],
3024 silly audit   'postcss-opacity-percentage': [ '1.1.3' ],
3024 silly audit   'postcss-overflow-shorthand': [ '3.0.4' ],
3024 silly audit   'postcss-page-break': [ '3.0.4' ],
3024 silly audit   'postcss-place': [ '7.0.5' ],
3024 silly audit   'postcss-pseudo-class-any-link': [ '7.1.6' ],
3024 silly audit   'postcss-replace-overflow-wrap': [ '4.0.0' ],
3024 silly audit   'postcss-selector-not': [ '6.0.1' ],
3024 silly audit   '@csstools/selector-specificity': [ '2.2.0' ],
3024 silly audit   'fraction.js': [ '5.3.4' ],
3024 silly audit   cssesc: [ '3.0.0' ],
3024 silly audit   'err-code': [ '2.0.3' ],
3024 silly audit   retry: [ '0.12.0', '0.13.1' ],
3024 silly audit   pify: [ '2.3.0', '4.0.1' ],
3024 silly audit   'normalize-package-data': [ '4.0.1' ],
3024 silly audit   'is-core-module': [ '2.16.1' ],
3024 silly audit   'validate-npm-package-license': [ '3.0.4' ],
3024 silly audit   regenerate: [ '1.4.2' ],
3024 silly audit   'regenerate-unicode-properties': [ '10.2.2' ],
3024 silly audit   regjsgen: [ '0.8.0' ],
3024 silly audit   regjsparser: [ '0.13.0' ],
3024 silly audit   'unicode-match-property-ecmascript': [ '2.0.0' ],
3024 silly audit   'unicode-match-property-value-ecmascript': [ '2.2.1' ],
3024 silly audit   'path-parse': [ '1.0.7' ],
3024 silly audit   'supports-preserve-symlinks-flag': [ '1.0.0' ],
3024 silly audit   'queue-microtask': [ '1.2.3' ],
3024 silly audit   immutable: [ '4.3.7' ],
3024 silly audit   socks: [ '2.8.7' ],
3024 silly audit   'ip-address': [ '10.1.0' ],
3024 silly audit   'smart-buffer': [ '4.2.0' ],
3024 silly audit   abab: [ '2.0.6' ],
3024 silly audit   '@adobe/css-tools': [ '4.4.4' ],
3024 silly audit   'os-tmpdir': [ '1.0.2' ],
3024 silly audit   'unicode-canonical-property-names-ecmascript': [ '2.0.1' ],
3024 silly audit   'unicode-property-aliases-ecmascript': [ '2.2.0' ],
3024 silly audit   'unique-slug': [ '2.0.2' ],
3024 silly audit   imurmurhash: [ '0.1.4' ],
3024 silly audit   'spdx-correct': [ '3.2.0' ],
3024 silly audit   'spdx-expression-parse': [ '3.0.1' ],
3024 silly audit   'spdx-license-ids': [ '3.0.22' ],
3024 silly audit   'spdx-exceptions': [ '2.5.0' ],
3024 silly audit   builtins: [ '5.1.0' ],
3024 silly audit   colorette: [ '2.0.20' ],
3024 silly audit   memfs: [ '3.5.3' ],
3024 silly audit   'fs-monkey': [ '1.1.0' ],
3024 silly audit   '@types/bonjour': [ '3.5.13' ],
3024 silly audit   '@types/connect-history-api-fallback': [ '1.5.4' ],
3024 silly audit   '@types/express': [ '4.17.25' ],
3024 silly audit   '@types/serve-index': [ '1.9.4' ],
3024 silly audit   '@types/serve-static': [ '1.15.10' ],
3024 silly audit   '@types/sockjs': [ '0.3.36' ],
3024 silly audit   '@types/ws': [ '8.18.1' ],
3024 silly audit   'ansi-html-community': [ '0.0.8' ],
3024 silly audit   'bonjour-service': [ '1.3.0' ],
3024 silly audit   compression: [ '1.8.1' ],
3024 silly audit   'connect-history-api-fallback': [ '2.0.0' ],
3024 silly audit   'default-gateway': [ '6.0.3' ],
3024 silly audit   express: [ '4.22.1' ],
3024 silly audit   'html-entities': [ '2.6.0' ],
3024 silly audit   'http-proxy-middleware': [ '2.0.9' ],
3024 silly audit   'ipaddr.js': [ '2.3.0', '1.9.1' ],
3024 silly audit   'p-retry': [ '4.6.2' ],
3024 silly audit   selfsigned: [ '2.4.1' ],
3024 silly audit   'serve-index': [ '1.9.1' ],
3024 silly audit   sockjs: [ '0.3.24' ],
3024 silly audit   spdy: [ '4.0.2' ],
3024 silly audit   '@types/express-serve-static-core': [ '5.1.1', '4.19.8' ],
3024 silly audit   '@types/body-parser': [ '1.19.6' ],
3024 silly audit   '@types/qs': [ '6.14.0' ],
3024 silly audit   '@types/connect': [ '3.4.38' ],
3024 silly audit   '@types/range-parser': [ '1.2.7' ],
3024 silly audit   '@types/send': [ '1.2.1', '0.17.6' ],
3024 silly audit   '@types/http-errors': [ '2.0.5' ],
3024 silly audit   'multicast-dns': [ '7.2.5' ],
3024 silly audit   compressible: [ '2.0.18' ],
3024 silly audit   'on-headers': [ '1.1.0' ],
3024 silly audit   execa: [ '5.1.1' ],
3024 silly audit   'cross-spawn': [ '7.0.6' ],
3024 silly audit   'get-stream': [ '6.0.1' ],
3024 silly audit   'human-signals': [ '2.1.0' ],
3024 silly audit   'is-stream': [ '2.0.1' ],
3024 silly audit   'npm-run-path': [ '4.0.1' ],
3024 silly audit   'strip-final-newline': [ '2.0.0' ],
3024 silly audit   'path-key': [ '3.1.1' ],
3024 silly audit   'shebang-command': [ '2.0.0' ],
3024 silly audit   'array-flatten': [ '1.1.1' ],
3024 silly audit   'content-disposition': [ '0.5.4' ],
3024 silly audit   'cookie-signature': [ '1.0.7' ],
3024 silly audit   etag: [ '1.8.1' ],
3024 silly audit   fresh: [ '0.5.2' ],
3024 silly audit   'merge-descriptors': [ '1.0.3' ],
3024 silly audit   methods: [ '1.1.2' ],
3024 silly audit   'path-to-regexp': [ '0.1.12' ],
3024 silly audit   'proxy-addr': [ '2.0.7' ],
3024 silly audit   send: [ '0.19.2' ],
3024 silly audit   'serve-static': [ '1.16.3' ],
3024 silly audit   '@types/http-proxy': [ '1.17.17' ],
3024 silly audit   'is-plain-obj': [ '3.0.0' ],
3024 silly audit   'dns-packet': [ '5.6.1' ],
3024 silly audit   thunky: [ '1.1.0' ],
3024 silly audit   '@leichtgewicht/ip-codec': [ '2.0.5' ],
3024 silly audit   '@types/retry': [ '0.12.0' ],
3024 silly audit   forwarded: [ '0.2.0' ],
3024 silly audit   '@types/node-forge': [ '1.3.14' ],
3024 silly audit   'node-forge': [ '1.3.3' ],
3024 silly audit   batch: [ '0.6.1' ],
3024 silly audit   'shebang-regex': [ '3.0.0' ],
3024 silly audit   'faye-websocket': [ '0.11.4' ],
3024 silly audit   'websocket-driver': [ '0.7.4' ],
3024 silly audit   'handle-thing': [ '2.0.1' ],
3024 silly audit   'http-deceiver': [ '1.2.7' ],
3024 silly audit   'select-hose': [ '2.0.0' ],
3024 silly audit   'spdy-transport': [ '3.0.0' ],
3024 silly audit   'detect-node': [ '2.1.0' ],
3024 silly audit   'hpack.js': [ '2.1.6' ],
3024 silly audit   obuf: [ '1.1.2' ],
3024 silly audit   wbuf: [ '1.7.3' ],
3024 silly audit   'minimalistic-assert': [ '1.0.1' ],
3024 silly audit   'http-parser-js': [ '0.5.10' ],
3024 silly audit   'websocket-extensions': [ '0.1.4' ],
3024 silly audit   '@jridgewell/trace-mapping': [ '0.3.31' ],
3024 silly audit   '@types/mime': [ '1.3.5' ],
3024 silly audit   'core-util-is': [ '1.0.3' ],
3024 silly audit   isarray: [ '1.0.0' ],
3024 silly audit   'process-nextick-args': [ '2.0.1' ]
3024 silly audit }
3025 verbose reify failed optional dependency /Users/djiby/Documents/portfolio/portforlio/node_modules/esbuild-windows-arm64
3026 silly reify mark deleted [
3026 silly reify   '/Users/djiby/Documents/portfolio/portforlio/node_modules/esbuild-windows-arm64'
3026 silly reify ]
3027 verbose reify failed optional dependency /Users/djiby/Documents/portfolio/portforlio/node_modules/esbuild-windows-64
3028 silly reify mark deleted [
3028 silly reify   '/Users/djiby/Documents/portfolio/portforlio/node_modules/esbuild-windows-64'
3028 silly reify ]
3029 verbose reify failed optional dependency /Users/djiby/Documents/portfolio/portforlio/node_modules/esbuild-windows-32
3030 silly reify mark deleted [
3030 silly reify   '/Users/djiby/Documents/portfolio/portforlio/node_modules/esbuild-windows-32'
3030 silly reify ]
3031 verbose reify failed optional dependency /Users/djiby/Documents/portfolio/portforlio/node_modules/esbuild-sunos-64
3032 silly reify mark deleted [
3032 silly reify   '/Users/djiby/Documents/portfolio/portforlio/node_modules/esbuild-sunos-64'
3032 silly reify ]
3033 verbose reify failed optional dependency /Users/djiby/Documents/portfolio/portforlio/node_modules/esbuild-openbsd-64
3034 silly reify mark deleted [
3034 silly reify   '/Users/djiby/Documents/portfolio/portforlio/node_modules/esbuild-openbsd-64'
3034 silly reify ]
3035 verbose reify failed optional dependency /Users/djiby/Documents/portfolio/portforlio/node_modules/esbuild-netbsd-64
3036 silly reify mark deleted [
3036 silly reify   '/Users/djiby/Documents/portfolio/portforlio/node_modules/esbuild-netbsd-64'
3036 silly reify ]
3037 verbose reify failed optional dependency /Users/djiby/Documents/portfolio/portforlio/node_modules/esbuild-linux-s390x
3038 silly reify mark deleted [
3038 silly reify   '/Users/djiby/Documents/portfolio/portforlio/node_modules/esbuild-linux-s390x'
3038 silly reify ]
3039 verbose reify failed optional dependency /Users/djiby/Documents/portfolio/portforlio/node_modules/esbuild-linux-riscv64
3040 silly reify mark deleted [
3040 silly reify   '/Users/djiby/Documents/portfolio/portforlio/node_modules/esbuild-linux-riscv64'
3040 silly reify ]
3041 verbose reify failed optional dependency /Users/djiby/Documents/portfolio/portforlio/node_modules/esbuild-linux-ppc64le
3042 silly reify mark deleted [
3042 silly reify   '/Users/djiby/Documents/portfolio/portforlio/node_modules/esbuild-linux-ppc64le'
3042 silly reify ]
3043 verbose reify failed optional dependency /Users/djiby/Documents/portfolio/portforlio/node_modules/esbuild-linux-mips64le
3044 silly reify mark deleted [
3044 silly reify   '/Users/djiby/Documents/portfolio/portforlio/node_modules/esbuild-linux-mips64le'
3044 silly reify ]
3045 verbose reify failed optional dependency /Users/djiby/Documents/portfolio/portforlio/node_modules/esbuild-linux-arm64
3046 silly reify mark deleted [
3046 silly reify   '/Users/djiby/Documents/portfolio/portforlio/node_modules/esbuild-linux-arm64'
3046 silly reify ]
3047 verbose reify failed optional dependency /Users/djiby/Documents/portfolio/portforlio/node_modules/esbuild-linux-arm
3048 silly reify mark deleted [
3048 silly reify   '/Users/djiby/Documents/portfolio/portforlio/node_modules/esbuild-linux-arm'
3048 silly reify ]
3049 verbose reify failed optional dependency /Users/djiby/Documents/portfolio/portforlio/node_modules/esbuild-linux-64
3050 silly reify mark deleted [
3050 silly reify   '/Users/djiby/Documents/portfolio/portforlio/node_modules/esbuild-linux-64'
3050 silly reify ]
3051 verbose reify failed optional dependency /Users/djiby/Documents/portfolio/portforlio/node_modules/esbuild-linux-32
3052 silly reify mark deleted [
3052 silly reify   '/Users/djiby/Documents/portfolio/portforlio/node_modules/esbuild-linux-32'
3052 silly reify ]
3053 verbose reify failed optional dependency /Users/djiby/Documents/portfolio/portforlio/node_modules/esbuild-freebsd-arm64
3054 silly reify mark deleted [
3054 silly reify   '/Users/djiby/Documents/portfolio/portforlio/node_modules/esbuild-freebsd-arm64'
3054 silly reify ]
3055 verbose reify failed optional dependency /Users/djiby/Documents/portfolio/portforlio/node_modules/esbuild-freebsd-64
3056 silly reify mark deleted [
3056 silly reify   '/Users/djiby/Documents/portfolio/portforlio/node_modules/esbuild-freebsd-64'
3056 silly reify ]
3057 verbose reify failed optional dependency /Users/djiby/Documents/portfolio/portforlio/node_modules/esbuild-darwin-64
3058 silly reify mark deleted [
3058 silly reify   '/Users/djiby/Documents/portfolio/portforlio/node_modules/esbuild-darwin-64'
3058 silly reify ]
3059 verbose reify failed optional dependency /Users/djiby/Documents/portfolio/portforlio/node_modules/esbuild-android-arm64
3060 silly reify mark deleted [
3060 silly reify   '/Users/djiby/Documents/portfolio/portforlio/node_modules/esbuild-android-arm64'
3060 silly reify ]
3061 verbose reify failed optional dependency /Users/djiby/Documents/portfolio/portforlio/node_modules/esbuild-android-64
3062 silly reify mark deleted [
3062 silly reify   '/Users/djiby/Documents/portfolio/portforlio/node_modules/esbuild-android-64'
3062 silly reify ]
3063 verbose reify failed optional dependency /Users/djiby/Documents/portfolio/portforlio/node_modules/@esbuild/linux-loong64
3064 silly reify mark deleted [
3064 silly reify   '/Users/djiby/Documents/portfolio/portforlio/node_modules/@esbuild/linux-loong64'
3064 silly reify ]
3065 silly tarball no local data for process-nextick-args@https://registry.npmjs.org/process-nextick-args/-/process-nextick-args-2.0.1.tgz. Extracting by manifest.
3066 silly tarball no local data for @jridgewell/trace-mapping@https://registry.npmjs.org/@jridgewell/trace-mapping/-/trace-mapping-0.3.31.tgz. Extracting by manifest.
3067 silly tarball no local data for http-parser-js@https://registry.npmjs.org/http-parser-js/-/http-parser-js-0.5.10.tgz. Extracting by manifest.
3068 silly tarball no local data for @types/mime@https://registry.npmjs.org/@types/mime/-/mime-1.3.5.tgz. Extracting by manifest.
3069 silly tarball no local data for websocket-extensions@https://registry.npmjs.org/websocket-extensions/-/websocket-extensions-0.1.4.tgz. Extracting by manifest.
3070 silly tarball no local data for obuf@https://registry.npmjs.org/obuf/-/obuf-1.1.2.tgz. Extracting by manifest.
3071 silly tarball no local data for wbuf@https://registry.npmjs.org/wbuf/-/wbuf-1.7.3.tgz. Extracting by manifest.
3072 silly tarball no local data for minimalistic-assert@https://registry.npmjs.org/minimalistic-assert/-/minimalistic-assert-1.0.1.tgz. Extracting by manifest.
3073 silly tarball no local data for string_decoder@https://registry.npmjs.org/string_decoder/-/string_decoder-1.1.1.tgz. Extracting by manifest.
3074 silly tarball no local data for core-util-is@https://registry.npmjs.org/core-util-is/-/core-util-is-1.0.3.tgz. Extracting by manifest.
3075 silly tarball no local data for hpack.js@https://registry.npmjs.org/hpack.js/-/hpack.js-2.1.6.tgz. Extracting by manifest.
3076 silly tarball no local data for select-hose@https://registry.npmjs.org/select-hose/-/select-hose-2.0.0.tgz. Extracting by manifest.
3077 silly tarball no local data for handle-thing@https://registry.npmjs.org/handle-thing/-/handle-thing-2.0.1.tgz. Extracting by manifest.
3078 silly tarball no local data for faye-websocket@https://registry.npmjs.org/faye-websocket/-/faye-websocket-0.11.4.tgz. Extracting by manifest.
3079 silly tarball no local data for detect-node@https://registry.npmjs.org/detect-node/-/detect-node-2.1.0.tgz. Extracting by manifest.
3080 silly tarball no local data for safe-buffer@https://registry.npmjs.org/safe-buffer/-/safe-buffer-5.1.2.tgz. Extracting by manifest.
3081 silly tarball no local data for http-deceiver@https://registry.npmjs.org/http-deceiver/-/http-deceiver-1.2.7.tgz. Extracting by manifest.
3082 silly tarball no local data for websocket-driver@https://registry.npmjs.org/websocket-driver/-/websocket-driver-0.7.4.tgz. Extracting by manifest.
3083 silly tarball no local data for @types/node-forge@https://registry.npmjs.org/@types/node-forge/-/node-forge-1.3.14.tgz. Extracting by manifest.
3084 silly tarball no local data for shebang-regex@https://registry.npmjs.org/shebang-regex/-/shebang-regex-3.0.0.tgz. Extracting by manifest.
3085 silly tarball no local data for node-forge@https://registry.npmjs.org/node-forge/-/node-forge-1.3.3.tgz. Extracting by manifest.
3086 silly tarball no local data for readable-stream@https://registry.npmjs.org/readable-stream/-/readable-stream-2.3.8.tgz. Extracting by manifest.
3087 silly tarball no local data for forwarded@https://registry.npmjs.org/forwarded/-/forwarded-0.2.0.tgz. Extracting by manifest.
3088 silly tarball no local data for @types/retry@https://registry.npmjs.org/@types/retry/-/retry-0.12.0.tgz. Extracting by manifest.
3089 silly tarball no local data for batch@https://registry.npmjs.org/batch/-/batch-0.6.1.tgz. Extracting by manifest.
3090 silly tarball no local data for thunky@https://registry.npmjs.org/thunky/-/thunky-1.1.0.tgz. Extracting by manifest.
3091 silly tarball no local data for dns-packet@https://registry.npmjs.org/dns-packet/-/dns-packet-5.6.1.tgz. Extracting by manifest.
3092 silly tarball no local data for @types/http-proxy@https://registry.npmjs.org/@types/http-proxy/-/http-proxy-1.17.17.tgz. Extracting by manifest.
3093 silly tarball no local data for serve-static@https://registry.npmjs.org/serve-static/-/serve-static-1.16.3.tgz. Extracting by manifest.
3094 silly tarball no local data for is-plain-obj@https://registry.npmjs.org/is-plain-obj/-/is-plain-obj-3.0.0.tgz. Extracting by manifest.
3095 silly tarball no local data for statuses@https://registry.npmjs.org/statuses/-/statuses-2.0.2.tgz. Extracting by manifest.
3096 silly tarball no local data for ms@https://registry.npmjs.org/ms/-/ms-2.1.3.tgz. Extracting by manifest.
3097 silly tarball no local data for @leichtgewicht/ip-codec@https://registry.npmjs.org/@leichtgewicht/ip-codec/-/ip-codec-2.0.5.tgz. Extracting by manifest.
3098 silly tarball no local data for spdy-transport@https://registry.npmjs.org/spdy-transport/-/spdy-transport-3.0.0.tgz. Extracting by manifest.
3099 silly tarball no local data for http-errors@https://registry.npmjs.org/http-errors/-/http-errors-2.0.1.tgz. Extracting by manifest.
3100 silly tarball no local data for mime@https://registry.npmjs.org/mime/-/mime-1.6.0.tgz. Extracting by manifest.
3101 silly tarball no local data for debug@https://registry.npmjs.org/debug/-/debug-2.6.9.tgz. Extracting by manifest.
3102 silly tarball no local data for ms@https://registry.npmjs.org/ms/-/ms-2.0.0.tgz. Extracting by manifest.
3103 silly tarball no local data for path-to-regexp@https://registry.npmjs.org/path-to-regexp/-/path-to-regexp-0.1.12.tgz. Extracting by manifest.
3104 silly tarball no local data for isarray@https://registry.npmjs.org/isarray/-/isarray-1.0.0.tgz. Extracting by manifest.
3105 silly tarball no local data for encodeurl@https://registry.npmjs.org/encodeurl/-/encodeurl-2.0.0.tgz. Extracting by manifest.
3106 silly tarball no local data for send@https://registry.npmjs.org/send/-/send-0.19.2.tgz. Extracting by manifest.
3107 silly tarball no local data for encodeurl@https://registry.npmjs.org/encodeurl/-/encodeurl-2.0.0.tgz. Extracting by manifest.
3108 silly tarball no local data for methods@https://registry.npmjs.org/methods/-/methods-1.1.2.tgz. Extracting by manifest.
3109 silly tarball no local data for proxy-addr@https://registry.npmjs.org/proxy-addr/-/proxy-addr-2.0.7.tgz. Extracting by manifest.
3110 silly tarball no local data for etag@https://registry.npmjs.org/etag/-/etag-1.8.1.tgz. Extracting by manifest.
3111 silly tarball no local data for cookie-signature@https://registry.npmjs.org/cookie-signature/-/cookie-signature-1.0.7.tgz. Extracting by manifest.
3112 silly tarball no local data for array-flatten@https://registry.npmjs.org/array-flatten/-/array-flatten-1.1.1.tgz. Extracting by manifest.
3113 silly tarball no local data for shebang-command@https://registry.npmjs.org/shebang-command/-/shebang-command-2.0.0.tgz. Extracting by manifest.
3114 silly tarball no local data for content-disposition@https://registry.npmjs.org/content-disposition/-/content-disposition-0.5.4.tgz. Extracting by manifest.
3115 silly tarball no local data for npm-run-path@https://registry.npmjs.org/npm-run-path/-/npm-run-path-4.0.1.tgz. Extracting by manifest.
3116 silly tarball no local data for ipaddr.js@https://registry.npmjs.org/ipaddr.js/-/ipaddr.js-1.9.1.tgz. Extracting by manifest.
3117 silly tarball no local data for human-signals@https://registry.npmjs.org/human-signals/-/human-signals-2.1.0.tgz. Extracting by manifest.
3118 silly tarball no local data for path-key@https://registry.npmjs.org/path-key/-/path-key-3.1.1.tgz. Extracting by manifest.
3119 silly tarball no local data for get-stream@https://registry.npmjs.org/get-stream/-/get-stream-6.0.1.tgz. Extracting by manifest.
3120 silly tarball no local data for strip-final-newline@https://registry.npmjs.org/strip-final-newline/-/strip-final-newline-2.0.0.tgz. Extracting by manifest.
3121 silly tarball no local data for execa@https://registry.npmjs.org/execa/-/execa-5.1.1.tgz. Extracting by manifest.
3122 silly tarball no local data for merge-descriptors@https://registry.npmjs.org/merge-descriptors/-/merge-descriptors-1.0.3.tgz. Extracting by manifest.
3123 silly tarball no local data for cross-spawn@https://registry.npmjs.org/cross-spawn/-/cross-spawn-7.0.6.tgz. Extracting by manifest.
3124 silly tarball no local data for fresh@https://registry.npmjs.org/fresh/-/fresh-0.5.2.tgz. Extracting by manifest.
3125 silly tarball no local data for on-headers@https://registry.npmjs.org/on-headers/-/on-headers-1.1.0.tgz. Extracting by manifest.
3126 silly tarball no local data for multicast-dns@https://registry.npmjs.org/multicast-dns/-/multicast-dns-7.2.5.tgz. Extracting by manifest.
3127 silly tarball no local data for @types/range-parser@https://registry.npmjs.org/@types/range-parser/-/range-parser-1.2.7.tgz. Extracting by manifest.
3128 silly tarball no local data for @types/http-errors@https://registry.npmjs.org/@types/http-errors/-/http-errors-2.0.5.tgz. Extracting by manifest.
3129 silly tarball no local data for is-stream@https://registry.npmjs.org/is-stream/-/is-stream-2.0.1.tgz. Extracting by manifest.
3130 silly tarball no local data for @types/express-serve-static-core@https://registry.npmjs.org/@types/express-serve-static-core/-/express-serve-static-core-5.1.1.tgz. Extracting by manifest.
3131 silly tarball no local data for spdy@https://registry.npmjs.org/spdy/-/spdy-4.0.2.tgz. Extracting by manifest.
3132 silly tarball no local data for @types/send@https://registry.npmjs.org/@types/send/-/send-1.2.1.tgz. Extracting by manifest.
3133 silly tarball no local data for setprototypeof@https://registry.npmjs.org/setprototypeof/-/setprototypeof-1.1.0.tgz. Extracting by manifest.
3134 silly tarball no local data for @types/body-parser@https://registry.npmjs.org/@types/body-parser/-/body-parser-1.19.6.tgz. Extracting by manifest.
3135 silly tarball no local data for @types/qs@https://registry.npmjs.org/@types/qs/-/qs-6.14.0.tgz. Extracting by manifest.
3136 silly tarball no local data for serve-index@https://registry.npmjs.org/serve-index/-/serve-index-1.9.1.tgz. Extracting by manifest.
3137 silly tarball no local data for inherits@https://registry.npmjs.org/inherits/-/inherits-2.0.3.tgz. Extracting by manifest.
3138 silly tarball no local data for @types/connect@https://registry.npmjs.org/@types/connect/-/connect-3.4.38.tgz. Extracting by manifest.
3139 silly tarball no local data for debug@https://registry.npmjs.org/debug/-/debug-2.6.9.tgz. Extracting by manifest.
3140 silly tarball no local data for depd@https://registry.npmjs.org/depd/-/depd-1.1.2.tgz. Extracting by manifest.
3141 silly tarball no local data for http-errors@https://registry.npmjs.org/http-errors/-/http-errors-1.6.3.tgz. Extracting by manifest.
3142 silly tarball no local data for sockjs@https://registry.npmjs.org/sockjs/-/sockjs-0.3.24.tgz. Extracting by manifest.
3143 silly tarball no local data for p-retry@https://registry.npmjs.org/p-retry/-/p-retry-4.6.2.tgz. Extracting by manifest.
3144 silly tarball no local data for selfsigned@https://registry.npmjs.org/selfsigned/-/selfsigned-2.4.1.tgz. Extracting by manifest.
3145 silly tarball no local data for http-proxy-middleware@https://registry.npmjs.org/http-proxy-middleware/-/http-proxy-middleware-2.0.9.tgz. Extracting by manifest.
3146 silly tarball no local data for ipaddr.js@https://registry.npmjs.org/ipaddr.js/-/ipaddr.js-2.3.0.tgz. Extracting by manifest.
3147 silly tarball no local data for express@https://registry.npmjs.org/express/-/express-4.22.1.tgz. Extracting by manifest.
3148 silly tarball no local data for retry@https://registry.npmjs.org/retry/-/retry-0.13.1.tgz. Extracting by manifest.
3149 silly tarball no local data for statuses@https://registry.npmjs.org/statuses/-/statuses-2.0.2.tgz. Extracting by manifest.
3150 silly tarball no local data for ms@https://registry.npmjs.org/ms/-/ms-2.0.0.tgz. Extracting by manifest.
3151 silly tarball no local data for qs@https://registry.npmjs.org/qs/-/qs-6.14.1.tgz. Extracting by manifest.
3152 silly tarball no local data for ms@https://registry.npmjs.org/ms/-/ms-2.0.0.tgz. Extracting by manifest.
3153 silly tarball no local data for debug@https://registry.npmjs.org/debug/-/debug-2.6.9.tgz. Extracting by manifest.
3154 silly tarball no local data for default-gateway@https://registry.npmjs.org/default-gateway/-/default-gateway-6.0.3.tgz. Extracting by manifest.
3155 silly tarball no local data for finalhandler@https://registry.npmjs.org/finalhandler/-/finalhandler-1.3.2.tgz. Extracting by manifest.
3156 silly tarball no local data for connect-history-api-fallback@https://registry.npmjs.org/connect-history-api-fallback/-/connect-history-api-fallback-2.0.0.tgz. Extracting by manifest.
3157 silly tarball no local data for encodeurl@https://registry.npmjs.org/encodeurl/-/encodeurl-2.0.0.tgz. Extracting by manifest.
3158 silly tarball no local data for compression@https://registry.npmjs.org/compression/-/compression-1.8.1.tgz. Extracting by manifest.
3159 silly tarball no local data for bonjour-service@https://registry.npmjs.org/bonjour-service/-/bonjour-service-1.3.0.tgz. Extracting by manifest.
3160 silly tarball no local data for ms@https://registry.npmjs.org/ms/-/ms-2.0.0.tgz. Extracting by manifest.
3161 silly tarball no local data for debug@https://registry.npmjs.org/debug/-/debug-2.6.9.tgz. Extracting by manifest.
3162 silly tarball no local data for ansi-html-community@https://registry.npmjs.org/ansi-html-community/-/ansi-html-community-0.0.8.tgz. Extracting by manifest.
3163 silly tarball no local data for html-entities@https://registry.npmjs.org/html-entities/-/html-entities-2.6.0.tgz. Extracting by manifest.
3164 silly tarball no local data for @types/sockjs@https://registry.npmjs.org/@types/sockjs/-/sockjs-0.3.36.tgz. Extracting by manifest.
3165 silly tarball no local data for @types/serve-static@https://registry.npmjs.org/@types/serve-static/-/serve-static-1.15.10.tgz. Extracting by manifest.
3166 silly tarball no local data for @types/serve-index@https://registry.npmjs.org/@types/serve-index/-/serve-index-1.9.4.tgz. Extracting by manifest.
3167 silly tarball no local data for @types/express@https://registry.npmjs.org/@types/express/-/express-4.17.25.tgz. Extracting by manifest.
3168 silly tarball no local data for @types/send@https://registry.npmjs.org/@types/send/-/send-0.17.6.tgz. Extracting by manifest.
3169 silly tarball no local data for fs-monkey@https://registry.npmjs.org/fs-monkey/-/fs-monkey-1.1.0.tgz. Extracting by manifest.
3170 silly tarball no local data for @types/ws@https://registry.npmjs.org/@types/ws/-/ws-8.18.1.tgz. Extracting by manifest.
3171 silly tarball no local data for @types/bonjour@https://registry.npmjs.org/@types/bonjour/-/bonjour-3.5.13.tgz. Extracting by manifest.
3172 silly tarball no local data for @types/connect-history-api-fallback@https://registry.npmjs.org/@types/connect-history-api-fallback/-/connect-history-api-fallback-1.5.4.tgz. Extracting by manifest.
3173 silly tarball no local data for colorette@https://registry.npmjs.org/colorette/-/colorette-2.0.20.tgz. Extracting by manifest.
3174 silly tarball no local data for unique-slug@https://registry.npmjs.org/unique-slug/-/unique-slug-2.0.2.tgz. Extracting by manifest.
3175 silly tarball no local data for @adobe/css-tools@https://registry.npmjs.org/@adobe/css-tools/-/css-tools-4.4.4.tgz. Extracting by manifest.
3176 silly tarball no local data for unicode-canonical-property-names-ecmascript@https://registry.npmjs.org/unicode-canonical-property-names-ecmascript/-/unicode-canonical-property-names-ecmascript-2.0.1.tgz. Extracting by manifest.
3177 silly tarball no local data for memfs@https://registry.npmjs.org/memfs/-/memfs-3.5.3.tgz. Extracting by manifest.
3178 silly tarball no local data for unicode-property-aliases-ecmascript@https://registry.npmjs.org/unicode-property-aliases-ecmascript/-/unicode-property-aliases-ecmascript-2.2.0.tgz. Extracting by manifest.
3179 silly tarball no local data for abab@https://registry.npmjs.org/abab/-/abab-2.0.6.tgz. Extracting by manifest.
3180 silly tarball no local data for compressible@https://registry.npmjs.org/compressible/-/compressible-2.0.18.tgz. Extracting by manifest.
3181 silly tarball no local data for queue-microtask@https://registry.npmjs.org/queue-microtask/-/queue-microtask-1.2.3.tgz. Extracting by manifest.
3182 silly tarball no local data for unicode-match-property-ecmascript@https://registry.npmjs.org/unicode-match-property-ecmascript/-/unicode-match-property-ecmascript-2.0.0.tgz. Extracting by manifest.
3183 silly tarball no local data for unicode-match-property-value-ecmascript@https://registry.npmjs.org/unicode-match-property-value-ecmascript/-/unicode-match-property-value-ecmascript-2.2.1.tgz. Extracting by manifest.
3184 silly tarball no local data for jsesc@https://registry.npmjs.org/jsesc/-/jsesc-3.1.0.tgz. Extracting by manifest.
3185 silly tarball no local data for regenerate-unicode-properties@https://registry.npmjs.org/regenerate-unicode-properties/-/regenerate-unicode-properties-10.2.2.tgz. Extracting by manifest.
3186 silly tarball no local data for regjsparser@https://registry.npmjs.org/regjsparser/-/regjsparser-0.13.0.tgz. Extracting by manifest.
3187 silly tarball no local data for regjsgen@https://registry.npmjs.org/regjsgen/-/regjsgen-0.8.0.tgz. Extracting by manifest.
3188 silly tarball no local data for immutable@https://registry.npmjs.org/immutable/-/immutable-4.3.7.tgz. Extracting by manifest.
3189 silly tarball no local data for @types/express-serve-static-core@https://registry.npmjs.org/@types/express-serve-static-core/-/express-serve-static-core-4.19.8.tgz. Extracting by manifest.
3190 silly tarball no local data for regenerate@https://registry.npmjs.org/regenerate/-/regenerate-1.4.2.tgz. Extracting by manifest.
3191 silly tarball no local data for pify@https://registry.npmjs.org/pify/-/pify-2.3.0.tgz. Extracting by manifest.
3192 silly tarball no local data for cssesc@https://registry.npmjs.org/cssesc/-/cssesc-3.0.0.tgz. Extracting by manifest.
3193 silly tarball no local data for postcss-selector-parser@https://registry.npmjs.org/postcss-selector-parser/-/postcss-selector-parser-6.1.2.tgz. Extracting by manifest.
3194 silly tarball no local data for fraction.js@https://registry.npmjs.org/fraction.js/-/fraction.js-5.3.4.tgz. Extracting by manifest.
3195 silly tarball no local data for postcss-replace-overflow-wrap@https://registry.npmjs.org/postcss-replace-overflow-wrap/-/postcss-replace-overflow-wrap-4.0.0.tgz. Extracting by manifest.
3196 silly tarball no local data for postcss-place@https://registry.npmjs.org/postcss-place/-/postcss-place-7.0.5.tgz. Extracting by manifest.
3197 silly tarball no local data for postcss-pseudo-class-any-link@https://registry.npmjs.org/postcss-pseudo-class-any-link/-/postcss-pseudo-class-any-link-7.1.6.tgz. Extracting by manifest.
3198 silly tarball no local data for postcss-selector-not@https://registry.npmjs.org/postcss-selector-not/-/postcss-selector-not-6.0.1.tgz. Extracting by manifest.
3199 silly tarball no local data for postcss-page-break@https://registry.npmjs.org/postcss-page-break/-/postcss-page-break-3.0.4.tgz. Extracting by manifest.
3200 silly tarball no local data for postcss-selector-parser@https://registry.npmjs.org/postcss-selector-parser/-/postcss-selector-parser-6.1.2.tgz. Extracting by manifest.
3201 silly tarball no local data for postcss-overflow-shorthand@https://registry.npmjs.org/postcss-overflow-shorthand/-/postcss-overflow-shorthand-3.0.4.tgz. Extracting by manifest.
3202 silly tarball no local data for postcss-opacity-percentage@https://registry.npmjs.org/postcss-opacity-percentage/-/postcss-opacity-percentage-1.1.3.tgz. Extracting by manifest.
3203 silly tarball no local data for postcss-nesting@https://registry.npmjs.org/postcss-nesting/-/postcss-nesting-10.2.0.tgz. Extracting by manifest.
3204 silly tarball no local data for postcss-selector-parser@https://registry.npmjs.org/postcss-selector-parser/-/postcss-selector-parser-6.1.2.tgz. Extracting by manifest.
3205 silly tarball no local data for postcss-media-minmax@https://registry.npmjs.org/postcss-media-minmax/-/postcss-media-minmax-5.0.0.tgz. Extracting by manifest.
3206 silly tarball no local data for postcss-logical@https://registry.npmjs.org/postcss-logical/-/postcss-logical-5.0.4.tgz. Extracting by manifest.
3207 silly tarball no local data for postcss-initial@https://registry.npmjs.org/postcss-initial/-/postcss-initial-4.0.1.tgz. Extracting by manifest.
3208 silly tarball no local data for postcss-lab-function@https://registry.npmjs.org/postcss-lab-function/-/postcss-lab-function-4.2.1.tgz. Extracting by manifest.
3209 silly tarball no local data for postcss-gap-properties@https://registry.npmjs.org/postcss-gap-properties/-/postcss-gap-properties-3.0.5.tgz. Extracting by manifest.
3210 silly tarball no local data for postcss-font-variant@https://registry.npmjs.org/postcss-font-variant/-/postcss-font-variant-5.0.0.tgz. Extracting by manifest.
3211 silly tarball no local data for postcss-focus-within@https://registry.npmjs.org/postcss-focus-within/-/postcss-focus-within-5.0.4.tgz. Extracting by manifest.
3212 silly tarball no local data for postcss-selector-parser@https://registry.npmjs.org/postcss-selector-parser/-/postcss-selector-parser-6.1.2.tgz. Extracting by manifest.
3213 silly tarball no local data for postcss-focus-visible@https://registry.npmjs.org/postcss-focus-visible/-/postcss-focus-visible-6.0.4.tgz. Extracting by manifest.
3214 silly tarball no local data for postcss-image-set-function@https://registry.npmjs.org/postcss-image-set-function/-/postcss-image-set-function-4.0.7.tgz. Extracting by manifest.
3215 silly tarball no local data for postcss-env-function@https://registry.npmjs.org/postcss-env-function/-/postcss-env-function-4.0.6.tgz. Extracting by manifest.
3216 silly tarball no local data for postcss-selector-parser@https://registry.npmjs.org/postcss-selector-parser/-/postcss-selector-parser-6.1.2.tgz. Extracting by manifest.
3217 silly tarball no local data for postcss-double-position-gradients@https://registry.npmjs.org/postcss-double-position-gradients/-/postcss-double-position-gradients-3.1.2.tgz. Extracting by manifest.
3218 silly tarball no local data for postcss-dir-pseudo-class@https://registry.npmjs.org/postcss-dir-pseudo-class/-/postcss-dir-pseudo-class-6.0.5.tgz. Extracting by manifest.
3219 silly tarball no local data for @csstools/selector-specificity@https://registry.npmjs.org/@csstools/selector-specificity/-/selector-specificity-2.2.0.tgz. Extracting by manifest.
3220 silly tarball no local data for postcss-selector-parser@https://registry.npmjs.org/postcss-selector-parser/-/postcss-selector-parser-6.1.2.tgz. Extracting by manifest.
3221 silly tarball no local data for postcss-custom-selectors@https://registry.npmjs.org/postcss-custom-selectors/-/postcss-custom-selectors-6.0.3.tgz. Extracting by manifest.
3222 silly tarball no local data for postcss-selector-parser@https://registry.npmjs.org/postcss-selector-parser/-/postcss-selector-parser-6.1.2.tgz. Extracting by manifest.
3223 silly tarball no local data for postcss-custom-properties@https://registry.npmjs.org/postcss-custom-properties/-/postcss-custom-properties-12.1.11.tgz. Extracting by manifest.
3224 silly tarball no local data for postcss-custom-media@https://registry.npmjs.org/postcss-custom-media/-/postcss-custom-media-8.0.2.tgz. Extracting by manifest.
3225 silly tarball no local data for postcss-color-functional-notation@https://registry.npmjs.org/postcss-color-functional-notation/-/postcss-color-functional-notation-4.2.4.tgz. Extracting by manifest.
3226 silly tarball no local data for postcss-color-hex-alpha@https://registry.npmjs.org/postcss-color-hex-alpha/-/postcss-color-hex-alpha-8.0.4.tgz. Extracting by manifest.
3227 silly tarball no local data for postcss-clamp@https://registry.npmjs.org/postcss-clamp/-/postcss-clamp-4.1.0.tgz. Extracting by manifest.
3228 silly tarball no local data for cssdb@https://registry.npmjs.org/cssdb/-/cssdb-7.11.2.tgz. Extracting by manifest.
3229 silly tarball no local data for css-prefers-color-scheme@https://registry.npmjs.org/css-prefers-color-scheme/-/css-prefers-color-scheme-6.0.3.tgz. Extracting by manifest.
3230 silly tarball no local data for postcss-attribute-case-insensitive@https://registry.npmjs.org/postcss-attribute-case-insensitive/-/postcss-attribute-case-insensitive-5.0.2.tgz. Extracting by manifest.
3231 silly tarball no local data for postcss-selector-parser@https://registry.npmjs.org/postcss-selector-parser/-/postcss-selector-parser-6.1.2.tgz. Extracting by manifest.
3232 silly tarball no local data for css-has-pseudo@https://registry.npmjs.org/css-has-pseudo/-/css-has-pseudo-3.0.4.tgz. Extracting by manifest.
3233 silly tarball no local data for postcss-color-rebeccapurple@https://registry.npmjs.org/postcss-color-rebeccapurple/-/postcss-color-rebeccapurple-7.1.1.tgz. Extracting by manifest.
3234 silly tarball no local data for css-blank-pseudo@https://registry.npmjs.org/css-blank-pseudo/-/css-blank-pseudo-3.0.3.tgz. Extracting by manifest.
3235 silly tarball no local data for @csstools/postcss-unset-value@https://registry.npmjs.org/@csstools/postcss-unset-value/-/postcss-unset-value-1.0.2.tgz. Extracting by manifest.
3236 silly tarball no local data for autoprefixer@https://registry.npmjs.org/autoprefixer/-/autoprefixer-10.4.23.tgz. Extracting by manifest.
3237 silly tarball no local data for postcss-selector-parser@https://registry.npmjs.org/postcss-selector-parser/-/postcss-selector-parser-6.1.2.tgz. Extracting by manifest.
3238 silly tarball no local data for @csstools/postcss-oklab-function@https://registry.npmjs.org/@csstools/postcss-oklab-function/-/postcss-oklab-function-1.1.1.tgz. Extracting by manifest.
3239 silly tarball no local data for @csstools/postcss-progressive-custom-properties@https://registry.npmjs.org/@csstools/postcss-progressive-custom-properties/-/postcss-progressive-custom-properties-1.3.0.tgz. Extracting by manifest.
3240 silly tarball no local data for @csstools/postcss-nested-calc@https://registry.npmjs.org/@csstools/postcss-nested-calc/-/postcss-nested-calc-1.0.0.tgz. Extracting by manifest.
3241 silly tarball no local data for @csstools/postcss-is-pseudo-class@https://registry.npmjs.org/@csstools/postcss-is-pseudo-class/-/postcss-is-pseudo-class-2.0.7.tgz. Extracting by manifest.
3242 silly tarball no local data for @csstools/postcss-normalize-display-values@https://registry.npmjs.org/@csstools/postcss-normalize-display-values/-/postcss-normalize-display-values-1.0.1.tgz. Extracting by manifest.
3243 silly tarball no local data for postcss-selector-parser@https://registry.npmjs.org/postcss-selector-parser/-/postcss-selector-parser-6.1.2.tgz. Extracting by manifest.
3244 silly tarball no local data for @csstools/postcss-hwb-function@https://registry.npmjs.org/@csstools/postcss-hwb-function/-/postcss-hwb-function-1.0.2.tgz. Extracting by manifest.
3245 silly tarball no local data for @csstools/postcss-trigonometric-functions@https://registry.npmjs.org/@csstools/postcss-trigonometric-functions/-/postcss-trigonometric-functions-1.0.2.tgz. Extracting by manifest.
3246 silly tarball no local data for @csstools/selector-specificity@https://registry.npmjs.org/@csstools/selector-specificity/-/selector-specificity-2.2.0.tgz. Extracting by manifest.
3247 silly tarball no local data for @csstools/postcss-font-format-keywords@https://registry.npmjs.org/@csstools/postcss-font-format-keywords/-/postcss-font-format-keywords-1.0.1.tgz. Extracting by manifest.
3248 silly tarball no local data for @csstools/postcss-ic-unit@https://registry.npmjs.org/@csstools/postcss-ic-unit/-/postcss-ic-unit-1.0.1.tgz. Extracting by manifest.
3249 silly tarball no local data for postcss-selector-parser@https://registry.npmjs.org/postcss-selector-parser/-/postcss-selector-parser-6.1.2.tgz. Extracting by manifest.
3250 silly tarball no local data for @csstools/postcss-color-function@https://registry.npmjs.org/@csstools/postcss-color-function/-/postcss-color-function-1.1.1.tgz. Extracting by manifest.
3251 silly tarball no local data for @csstools/postcss-cascade-layers@https://registry.npmjs.org/@csstools/postcss-cascade-layers/-/postcss-cascade-layers-1.1.1.tgz. Extracting by manifest.
3252 silly tarball no local data for postcss-selector-parser@https://registry.npmjs.org/postcss-selector-parser/-/postcss-selector-parser-6.1.2.tgz. Extracting by manifest.
3253 silly tarball no local data for lines-and-columns@https://registry.npmjs.org/lines-and-columns/-/lines-and-columns-1.2.4.tgz. Extracting by manifest.
3254 silly tarball no local data for @csstools/selector-specificity@https://registry.npmjs.org/@csstools/selector-specificity/-/selector-specificity-2.2.0.tgz. Extracting by manifest.
3255 silly tarball no local data for is-arrayish@https://registry.npmjs.org/is-arrayish/-/is-arrayish-0.2.1.tgz. Extracting by manifest.
3256 silly tarball no local data for postcss-selector-parser@https://registry.npmjs.org/postcss-selector-parser/-/postcss-selector-parser-7.1.1.tgz. Extracting by manifest.
3257 silly tarball no local data for yaml@https://registry.npmjs.org/yaml/-/yaml-1.10.2.tgz. Extracting by manifest.
3258 silly tarball no local data for error-ex@https://registry.npmjs.org/error-ex/-/error-ex-1.3.4.tgz. Extracting by manifest.
3259 silly tarball no local data for @csstools/postcss-text-decoration-shorthand@https://registry.npmjs.org/@csstools/postcss-text-decoration-shorthand/-/postcss-text-decoration-shorthand-1.0.0.tgz. Extracting by manifest.
3260 silly tarball no local data for callsites@https://registry.npmjs.org/callsites/-/callsites-3.1.0.tgz. Extracting by manifest.
3261 silly tarball no local data for parent-module@https://registry.npmjs.org/parent-module/-/parent-module-1.0.1.tgz. Extracting by manifest.
3262 silly tarball no local data for resolve-from@https://registry.npmjs.org/resolve-from/-/resolve-from-4.0.0.tgz. Extracting by manifest.
3263 silly tarball no local data for read-cache@https://registry.npmjs.org/read-cache/-/read-cache-1.0.0.tgz. Extracting by manifest.
3264 silly tarball no local data for @types/parse-json@https://registry.npmjs.org/@types/parse-json/-/parse-json-4.0.2.tgz. Extracting by manifest.
3265 silly tarball no local data for cosmiconfig@https://registry.npmjs.org/cosmiconfig/-/cosmiconfig-7.1.0.tgz. Extracting by manifest.
3266 silly tarball no local data for import-fresh@https://registry.npmjs.org/import-fresh/-/import-fresh-3.3.1.tgz. Extracting by manifest.
3267 silly tarball no local data for parse-json@https://registry.npmjs.org/parse-json/-/parse-json-5.2.0.tgz. Extracting by manifest.
3268 silly tarball no local data for @csstools/postcss-stepped-value-functions@https://registry.npmjs.org/@csstools/postcss-stepped-value-functions/-/postcss-stepped-value-functions-1.0.1.tgz. Extracting by manifest.
3269 silly tarball no local data for sax@https://registry.npmjs.org/sax/-/sax-1.4.4.tgz. Extracting by manifest.
3270 silly tarball no local data for parse-node-version@https://registry.npmjs.org/parse-node-version/-/parse-node-version-1.0.1.tgz. Extracting by manifest.
3271 silly tarball no local data for is-what@https://registry.npmjs.org/is-what/-/is-what-3.14.1.tgz. Extracting by manifest.
3272 silly tarball no local data for copy-anything@https://registry.npmjs.org/copy-anything/-/copy-anything-2.0.6.tgz. Extracting by manifest.
3273 silly tarball no local data for prr@https://registry.npmjs.org/prr/-/prr-1.0.1.tgz. Extracting by manifest.
3274 silly tarball no local data for errno@https://registry.npmjs.org/errno/-/errno-0.1.8.tgz. Extracting by manifest.
3275 silly tarball no local data for klona@https://registry.npmjs.org/klona/-/klona-2.0.6.tgz. Extracting by manifest.
3276 silly tarball no local data for image-size@https://registry.npmjs.org/image-size/-/image-size-0.5.5.tgz. Extracting by manifest.
3277 silly tarball no local data for path-type@https://registry.npmjs.org/path-type/-/path-type-4.0.0.tgz. Extracting by manifest.
3278 silly tarball no local data for needle@https://registry.npmjs.org/needle/-/needle-3.3.1.tgz. Extracting by manifest.
3279 silly tarball no local data for dir-glob@https://registry.npmjs.org/dir-glob/-/dir-glob-3.0.1.tgz. Extracting by manifest.
3280 silly tarball no local data for fastq@https://registry.npmjs.org/fastq/-/fastq-1.20.1.tgz. Extracting by manifest.
3281 silly tarball no local data for ignore@https://registry.npmjs.org/ignore/-/ignore-5.3.2.tgz. Extracting by manifest.
3282 silly tarball no local data for @nodelib/fs.scandir@https://registry.npmjs.org/@nodelib/fs.scandir/-/fs.scandir-2.1.5.tgz. Extracting by manifest.
3283 silly tarball no local data for micromatch@https://registry.npmjs.org/micromatch/-/micromatch-4.0.8.tgz. Extracting by manifest.
3284 silly tarball no local data for reusify@https://registry.npmjs.org/reusify/-/reusify-1.1.0.tgz. Extracting by manifest.
3285 silly tarball no local data for run-parallel@https://registry.npmjs.org/run-parallel/-/run-parallel-1.2.0.tgz. Extracting by manifest.
3286 silly tarball no local data for merge2@https://registry.npmjs.org/merge2/-/merge2-1.4.1.tgz. Extracting by manifest.
3287 silly tarball no local data for @nodelib/fs.walk@https://registry.npmjs.org/@nodelib/fs.walk/-/fs.walk-1.2.8.tgz. Extracting by manifest.
3288 silly tarball no local data for @nodelib/fs.stat@https://registry.npmjs.org/@nodelib/fs.stat/-/fs.stat-2.0.5.tgz. Extracting by manifest.
3289 silly tarball no local data for postcss-value-parser@https://registry.npmjs.org/postcss-value-parser/-/postcss-value-parser-4.2.0.tgz. Extracting by manifest.
3290 silly tarball no local data for postcss-modules-scope@https://registry.npmjs.org/postcss-modules-scope/-/postcss-modules-scope-3.2.1.tgz. Extracting by manifest.
3291 silly tarball no local data for esbuild-darwin-arm64@https://registry.npmjs.org/esbuild-darwin-arm64/-/esbuild-darwin-arm64-0.15.5.tgz. Extracting by manifest.
3292 silly tarball no local data for postcss-modules-extract-imports@https://registry.npmjs.org/postcss-modules-extract-imports/-/postcss-modules-extract-imports-3.1.0.tgz. Extracting by manifest.
3293 silly tarball no local data for postcss-modules-values@https://registry.npmjs.org/postcss-modules-values/-/postcss-modules-values-4.0.0.tgz. Extracting by manifest.
3294 silly tarball no local data for electron-to-chromium@https://registry.npmjs.org/electron-to-chromium/-/electron-to-chromium-1.5.267.tgz. Extracting by manifest.
3295 silly tarball no local data for update-browserslist-db@https://registry.npmjs.org/update-browserslist-db/-/update-browserslist-db-1.2.3.tgz. Extracting by manifest.
3296 silly tarball no local data for caniuse-lite@https://registry.npmjs.org/caniuse-lite/-/caniuse-lite-1.0.30001765.tgz. Extracting by manifest.
3297 silly tarball no local data for icss-utils@https://registry.npmjs.org/icss-utils/-/icss-utils-5.1.0.tgz. Extracting by manifest.
3298 silly tarball no local data for postcss-modules-local-by-default@https://registry.npmjs.org/postcss-modules-local-by-default/-/postcss-modules-local-by-default-4.2.0.tgz. Extracting by manifest.
3299 silly tarball no local data for baseline-browser-mapping@https://registry.npmjs.org/baseline-browser-mapping/-/baseline-browser-mapping-2.9.15.tgz. Extracting by manifest.
3300 silly tarball no local data for globby@https://registry.npmjs.org/globby/-/globby-13.2.2.tgz. Extracting by manifest.
3301 silly tarball no local data for browserslist@https://registry.npmjs.org/browserslist/-/browserslist-4.28.1.tgz. Extracting by manifest.
3302 silly tarball no local data for node-releases@https://registry.npmjs.org/node-releases/-/node-releases-2.0.27.tgz. Extracting by manifest.
3303 silly tarball no local data for unique-filename@https://registry.npmjs.org/unique-filename/-/unique-filename-1.1.1.tgz. Extracting by manifest.
3304 silly tarball no local data for slash@https://registry.npmjs.org/slash/-/slash-4.0.0.tgz. Extracting by manifest.
3305 silly tarball no local data for fast-glob@https://registry.npmjs.org/fast-glob/-/fast-glob-3.3.3.tgz. Extracting by manifest.
3306 silly tarball no local data for @babel/code-frame@https://registry.npmjs.org/@babel/code-frame/-/code-frame-7.28.6.tgz. Extracting by manifest.
3307 silly tarball no local data for @babel/helper-string-parser@https://registry.npmjs.org/@babel/helper-string-parser/-/helper-string-parser-7.27.1.tgz. Extracting by manifest.
3308 silly tarball no local data for @babel/helper-define-polyfill-provider@https://registry.npmjs.org/@babel/helper-define-polyfill-provider/-/helper-define-polyfill-provider-0.3.3.tgz. Extracting by manifest.
3309 silly tarball no local data for @babel/helper-validator-identifier@https://registry.npmjs.org/@babel/helper-validator-identifier/-/helper-validator-identifier-7.28.5.tgz. Extracting by manifest.
3310 silly tarball no local data for @babel/parser@https://registry.npmjs.org/@babel/parser/-/parser-7.28.6.tgz. Extracting by manifest.
3311 silly tarball no local data for semver@https://registry.npmjs.org/semver/-/semver-6.3.1.tgz. Extracting by manifest.
3312 silly tarball no local data for @babel/helper-validator-option@https://registry.npmjs.org/@babel/helper-validator-option/-/helper-validator-option-7.27.1.tgz. Extracting by manifest.
3313 silly tarball no local data for esutils@https://registry.npmjs.org/esutils/-/esutils-2.0.3.tgz. Extracting by manifest.
3314 silly tarball no local data for @babel/compat-data@https://registry.npmjs.org/@babel/compat-data/-/compat-data-7.28.6.tgz. Extracting by manifest.
3315 silly tarball no local data for @babel/helper-module-imports@https://registry.npmjs.org/@babel/helper-module-imports/-/helper-module-imports-7.28.6.tgz. Extracting by manifest.
3316 silly tarball no local data for @babel/helper-globals@https://registry.npmjs.org/@babel/helper-globals/-/helper-globals-7.28.0.tgz. Extracting by manifest.
3317 silly tarball no local data for @babel/helper-module-transforms@https://registry.npmjs.org/@babel/helper-module-transforms/-/helper-module-transforms-7.28.6.tgz. Extracting by manifest.
3318 silly tarball no local data for semver@https://registry.npmjs.org/semver/-/semver-6.3.1.tgz. Extracting by manifest.
3319 silly tarball no local data for @babel/helper-create-regexp-features-plugin@https://registry.npmjs.org/@babel/helper-create-regexp-features-plugin/-/helper-create-regexp-features-plugin-7.28.5.tgz. Extracting by manifest.
3320 silly tarball no local data for @babel/helper-compilation-targets@https://registry.npmjs.org/@babel/helper-compilation-targets/-/helper-compilation-targets-7.28.6.tgz. Extracting by manifest.
3321 silly tarball no local data for semver@https://registry.npmjs.org/semver/-/semver-6.3.1.tgz. Extracting by manifest.
3322 silly tarball no local data for regexpu-core@https://registry.npmjs.org/regexpu-core/-/regexpu-core-6.4.0.tgz. Extracting by manifest.
3323 silly tarball no local data for @babel/helper-replace-supers@https://registry.npmjs.org/@babel/helper-replace-supers/-/helper-replace-supers-7.28.6.tgz. Extracting by manifest.
3324 silly tarball no local data for @babel/helper-optimise-call-expression@https://registry.npmjs.org/@babel/helper-optimise-call-expression/-/helper-optimise-call-expression-7.27.1.tgz. Extracting by manifest.
3325 silly tarball no local data for @babel/helper-member-expression-to-functions@https://registry.npmjs.org/@babel/helper-member-expression-to-functions/-/helper-member-expression-to-functions-7.28.5.tgz. Extracting by manifest.
3326 silly tarball no local data for @babel/helper-annotate-as-pure@https://registry.npmjs.org/@babel/helper-annotate-as-pure/-/helper-annotate-as-pure-7.27.3.tgz. Extracting by manifest.
3327 silly tarball no local data for @babel/helper-create-class-features-plugin@https://registry.npmjs.org/@babel/helper-create-class-features-plugin/-/helper-create-class-features-plugin-7.28.6.tgz. Extracting by manifest.
3328 silly tarball no local data for semver@https://registry.npmjs.org/semver/-/semver-6.3.1.tgz. Extracting by manifest.
3329 silly tarball no local data for @babel/plugin-transform-optional-chaining@https://registry.npmjs.org/@babel/plugin-transform-optional-chaining/-/plugin-transform-optional-chaining-7.28.6.tgz. Extracting by manifest.
3330 silly tarball no local data for @babel/helper-plugin-utils@https://registry.npmjs.org/@babel/helper-plugin-utils/-/helper-plugin-utils-7.28.6.tgz. Extracting by manifest.
3331 silly tarball no local data for core-js-compat@https://registry.npmjs.org/core-js-compat/-/core-js-compat-3.47.0.tgz. Extracting by manifest.
3332 silly tarball no local data for @babel/preset-modules@https://registry.npmjs.org/@babel/preset-modules/-/preset-modules-0.1.6.tgz. Extracting by manifest.
3333 silly tarball no local data for @babel/plugin-transform-template-literals@https://registry.npmjs.org/@babel/plugin-transform-template-literals/-/plugin-transform-template-literals-7.27.1.tgz. Extracting by manifest.
3334 silly tarball no local data for @babel/plugin-transform-typeof-symbol@https://registry.npmjs.org/@babel/plugin-transform-typeof-symbol/-/plugin-transform-typeof-symbol-7.27.1.tgz. Extracting by manifest.
3335 silly tarball no local data for @babel/plugin-transform-unicode-regex@https://registry.npmjs.org/@babel/plugin-transform-unicode-regex/-/plugin-transform-unicode-regex-7.27.1.tgz. Extracting by manifest.
3336 silly tarball no local data for @babel/helper-annotate-as-pure@https://registry.npmjs.org/@babel/helper-annotate-as-pure/-/helper-annotate-as-pure-7.27.3.tgz. Extracting by manifest.
3337 silly tarball no local data for @babel/helper-skip-transparent-expression-wrappers@https://registry.npmjs.org/@babel/helper-skip-transparent-expression-wrappers/-/helper-skip-transparent-expression-wrappers-7.27.1.tgz. Extracting by manifest.
3338 silly tarball no local data for @babel/plugin-transform-sticky-regex@https://registry.npmjs.org/@babel/plugin-transform-sticky-regex/-/plugin-transform-sticky-regex-7.27.1.tgz. Extracting by manifest.
3339 silly tarball no local data for @babel/plugin-transform-unicode-escapes@https://registry.npmjs.org/@babel/plugin-transform-unicode-escapes/-/plugin-transform-unicode-escapes-7.27.1.tgz. Extracting by manifest.
3340 silly tarball no local data for @babel/plugin-transform-regenerator@https://registry.npmjs.org/@babel/plugin-transform-regenerator/-/plugin-transform-regenerator-7.28.6.tgz. Extracting by manifest.
3341 silly tarball no local data for @babel/plugin-transform-reserved-words@https://registry.npmjs.org/@babel/plugin-transform-reserved-words/-/plugin-transform-reserved-words-7.27.1.tgz. Extracting by manifest.
3342 silly tarball no local data for @babel/plugin-transform-object-super@https://registry.npmjs.org/@babel/plugin-transform-object-super/-/plugin-transform-object-super-7.27.1.tgz. Extracting by manifest.
3343 silly tarball no local data for @babel/plugin-transform-shorthand-properties@https://registry.npmjs.org/@babel/plugin-transform-shorthand-properties/-/plugin-transform-shorthand-properties-7.27.1.tgz. Extracting by manifest.
3344 silly tarball no local data for @babel/plugin-transform-spread@https://registry.npmjs.org/@babel/plugin-transform-spread/-/plugin-transform-spread-7.28.6.tgz. Extracting by manifest.
3345 silly tarball no local data for @babel/plugin-transform-named-capturing-groups-regex@https://registry.npmjs.org/@babel/plugin-transform-named-capturing-groups-regex/-/plugin-transform-named-capturing-groups-regex-7.27.1.tgz. Extracting by manifest.
3346 silly tarball no local data for @babel/plugin-transform-new-target@https://registry.npmjs.org/@babel/plugin-transform-new-target/-/plugin-transform-new-target-7.27.1.tgz. Extracting by manifest.
3347 silly tarball no local data for @babel/plugin-transform-member-expression-literals@https://registry.npmjs.org/@babel/plugin-transform-member-expression-literals/-/plugin-transform-member-expression-literals-7.27.1.tgz. Extracting by manifest.
3348 silly tarball no local data for @babel/plugin-transform-modules-umd@https://registry.npmjs.org/@babel/plugin-transform-modules-umd/-/plugin-transform-modules-umd-7.27.1.tgz. Extracting by manifest.
3349 silly tarball no local data for @babel/plugin-transform-modules-amd@https://registry.npmjs.org/@babel/plugin-transform-modules-amd/-/plugin-transform-modules-amd-7.27.1.tgz. Extracting by manifest.
3350 silly tarball no local data for @babel/plugin-transform-literals@https://registry.npmjs.org/@babel/plugin-transform-literals/-/plugin-transform-literals-7.27.1.tgz. Extracting by manifest.
3351 silly tarball no local data for @babel/plugin-transform-parameters@https://registry.npmjs.org/@babel/plugin-transform-parameters/-/plugin-transform-parameters-7.27.7.tgz. Extracting by manifest.
3352 silly tarball no local data for @babel/plugin-transform-property-literals@https://registry.npmjs.org/@babel/plugin-transform-property-literals/-/plugin-transform-property-literals-7.27.1.tgz. Extracting by manifest.
3353 silly tarball no local data for @babel/plugin-transform-for-of@https://registry.npmjs.org/@babel/plugin-transform-for-of/-/plugin-transform-for-of-7.27.1.tgz. Extracting by manifest.
3354 silly tarball no local data for @babel/plugin-transform-function-name@https://registry.npmjs.org/@babel/plugin-transform-function-name/-/plugin-transform-function-name-7.27.1.tgz. Extracting by manifest.
3355 silly tarball no local data for @babel/plugin-transform-exponentiation-operator@https://registry.npmjs.org/@babel/plugin-transform-exponentiation-operator/-/plugin-transform-exponentiation-operator-7.28.6.tgz. Extracting by manifest.
3356 silly tarball no local data for @babel/plugin-transform-dotall-regex@https://registry.npmjs.org/@babel/plugin-transform-dotall-regex/-/plugin-transform-dotall-regex-7.28.6.tgz. Extracting by manifest.
3357 silly tarball no local data for @babel/plugin-transform-duplicate-keys@https://registry.npmjs.org/@babel/plugin-transform-duplicate-keys/-/plugin-transform-duplicate-keys-7.27.1.tgz. Extracting by manifest.
3358 silly tarball no local data for @babel/plugin-transform-computed-properties@https://registry.npmjs.org/@babel/plugin-transform-computed-properties/-/plugin-transform-computed-properties-7.28.6.tgz. Extracting by manifest.
3359 silly tarball no local data for @babel/plugin-transform-modules-systemjs@https://registry.npmjs.org/@babel/plugin-transform-modules-systemjs/-/plugin-transform-modules-systemjs-7.28.5.tgz. Extracting by manifest.
3360 silly tarball no local data for @babel/plugin-transform-destructuring@https://registry.npmjs.org/@babel/plugin-transform-destructuring/-/plugin-transform-destructuring-7.28.5.tgz. Extracting by manifest.
3361 silly tarball no local data for @babel/template@https://registry.npmjs.org/@babel/template/-/template-7.28.6.tgz. Extracting by manifest.
3362 silly tarball no local data for @babel/plugin-transform-block-scoping@https://registry.npmjs.org/@babel/plugin-transform-block-scoping/-/plugin-transform-block-scoping-7.28.6.tgz. Extracting by manifest.
3363 silly tarball no local data for @babel/helper-annotate-as-pure@https://registry.npmjs.org/@babel/helper-annotate-as-pure/-/helper-annotate-as-pure-7.27.3.tgz. Extracting by manifest.
3364 silly tarball no local data for @babel/plugin-transform-classes@https://registry.npmjs.org/@babel/plugin-transform-classes/-/plugin-transform-classes-7.28.6.tgz. Extracting by manifest.
3365 silly tarball no local data for @babel/plugin-transform-arrow-functions@https://registry.npmjs.org/@babel/plugin-transform-arrow-functions/-/plugin-transform-arrow-functions-7.27.1.tgz. Extracting by manifest.
3366 silly tarball no local data for @babel/plugin-transform-block-scoped-functions@https://registry.npmjs.org/@babel/plugin-transform-block-scoped-functions/-/plugin-transform-block-scoped-functions-7.27.1.tgz. Extracting by manifest.
3367 silly tarball no local data for @babel/plugin-transform-modules-commonjs@https://registry.npmjs.org/@babel/plugin-transform-modules-commonjs/-/plugin-transform-modules-commonjs-7.28.6.tgz. Extracting by manifest.
3368 silly tarball no local data for @babel/plugin-syntax-private-property-in-object@https://registry.npmjs.org/@babel/plugin-syntax-private-property-in-object/-/plugin-syntax-private-property-in-object-7.14.5.tgz. Extracting by manifest.
3369 silly tarball no local data for @babel/plugin-syntax-optional-chaining@https://registry.npmjs.org/@babel/plugin-syntax-optional-chaining/-/plugin-syntax-optional-chaining-7.8.3.tgz. Extracting by manifest.
3370 silly tarball no local data for @babel/plugin-syntax-optional-catch-binding@https://registry.npmjs.org/@babel/plugin-syntax-optional-catch-binding/-/plugin-syntax-optional-catch-binding-7.8.3.tgz. Extracting by manifest.
3371 silly tarball no local data for @babel/plugin-syntax-object-rest-spread@https://registry.npmjs.org/@babel/plugin-syntax-object-rest-spread/-/plugin-syntax-object-rest-spread-7.8.3.tgz. Extracting by manifest.
3372 silly tarball no local data for @babel/plugin-syntax-nullish-coalescing-operator@https://registry.npmjs.org/@babel/plugin-syntax-nullish-coalescing-operator/-/plugin-syntax-nullish-coalescing-operator-7.8.3.tgz. Extracting by manifest.
3373 silly tarball no local data for @babel/plugin-syntax-logical-assignment-operators@https://registry.npmjs.org/@babel/plugin-syntax-logical-assignment-operators/-/plugin-syntax-logical-assignment-operators-7.10.4.tgz. Extracting by manifest.
3374 silly tarball no local data for @babel/plugin-syntax-numeric-separator@https://registry.npmjs.org/@babel/plugin-syntax-numeric-separator/-/plugin-syntax-numeric-separator-7.10.4.tgz. Extracting by manifest.
3375 silly tarball no local data for @babel/plugin-syntax-json-strings@https://registry.npmjs.org/@babel/plugin-syntax-json-strings/-/plugin-syntax-json-strings-7.8.3.tgz. Extracting by manifest.
3376 silly tarball no local data for @babel/plugin-syntax-import-assertions@https://registry.npmjs.org/@babel/plugin-syntax-import-assertions/-/plugin-syntax-import-assertions-7.28.6.tgz. Extracting by manifest.
3377 silly tarball no local data for @babel/plugin-syntax-dynamic-import@https://registry.npmjs.org/@babel/plugin-syntax-dynamic-import/-/plugin-syntax-dynamic-import-7.8.3.tgz. Extracting by manifest.
3378 silly tarball no local data for @babel/plugin-syntax-export-namespace-from@https://registry.npmjs.org/@babel/plugin-syntax-export-namespace-from/-/plugin-syntax-export-namespace-from-7.8.3.tgz. Extracting by manifest.
3379 silly tarball no local data for @babel/plugin-syntax-top-level-await@https://registry.npmjs.org/@babel/plugin-syntax-top-level-await/-/plugin-syntax-top-level-await-7.14.5.tgz. Extracting by manifest.
3380 silly tarball no local data for @babel/plugin-proposal-unicode-property-regex@https://registry.npmjs.org/@babel/plugin-proposal-unicode-property-regex/-/plugin-proposal-unicode-property-regex-7.18.6.tgz. Extracting by manifest.
3381 silly tarball no local data for @babel/plugin-syntax-class-properties@https://registry.npmjs.org/@babel/plugin-syntax-class-properties/-/plugin-syntax-class-properties-7.12.13.tgz. Extracting by manifest.
3382 silly tarball no local data for @babel/plugin-proposal-private-property-in-object@https://registry.npmjs.org/@babel/plugin-proposal-private-property-in-object/-/plugin-proposal-private-property-in-object-7.21.11.tgz. Extracting by manifest.
3383 silly tarball no local data for @babel/plugin-proposal-private-methods@https://registry.npmjs.org/@babel/plugin-proposal-private-methods/-/plugin-proposal-private-methods-7.18.6.tgz. Extracting by manifest.
3384 silly tarball no local data for @babel/plugin-proposal-optional-chaining@https://registry.npmjs.org/@babel/plugin-proposal-optional-chaining/-/plugin-proposal-optional-chaining-7.21.0.tgz. Extracting by manifest.
3385 silly tarball no local data for @babel/plugin-syntax-class-static-block@https://registry.npmjs.org/@babel/plugin-syntax-class-static-block/-/plugin-syntax-class-static-block-7.14.5.tgz. Extracting by manifest.
3386 silly tarball no local data for @babel/plugin-proposal-numeric-separator@https://registry.npmjs.org/@babel/plugin-proposal-numeric-separator/-/plugin-proposal-numeric-separator-7.18.6.tgz. Extracting by manifest.
3387 silly tarball no local data for @babel/plugin-proposal-optional-catch-binding@https://registry.npmjs.org/@babel/plugin-proposal-optional-catch-binding/-/plugin-proposal-optional-catch-binding-7.18.6.tgz. Extracting by manifest.
3388 silly tarball no local data for @babel/plugin-proposal-dynamic-import@https://registry.npmjs.org/@babel/plugin-proposal-dynamic-import/-/plugin-proposal-dynamic-import-7.18.6.tgz. Extracting by manifest.
3389 silly tarball no local data for @babel/plugin-proposal-export-namespace-from@https://registry.npmjs.org/@babel/plugin-proposal-export-namespace-from/-/plugin-proposal-export-namespace-from-7.18.9.tgz. Extracting by manifest.
3390 silly tarball no local data for @babel/plugin-proposal-nullish-coalescing-operator@https://registry.npmjs.org/@babel/plugin-proposal-nullish-coalescing-operator/-/plugin-proposal-nullish-coalescing-operator-7.18.6.tgz. Extracting by manifest.
3391 silly tarball no local data for @babel/plugin-proposal-json-strings@https://registry.npmjs.org/@babel/plugin-proposal-json-strings/-/plugin-proposal-json-strings-7.18.6.tgz. Extracting by manifest.
3392 silly tarball no local data for @babel/plugin-proposal-logical-assignment-operators@https://registry.npmjs.org/@babel/plugin-proposal-logical-assignment-operators/-/plugin-proposal-logical-assignment-operators-7.20.7.tgz. Extracting by manifest.
3393 silly tarball no local data for @babel/plugin-proposal-class-properties@https://registry.npmjs.org/@babel/plugin-proposal-class-properties/-/plugin-proposal-class-properties-7.18.6.tgz. Extracting by manifest.
3394 silly tarball no local data for @babel/plugin-bugfix-v8-spread-parameters-in-optional-chaining@https://registry.npmjs.org/@babel/plugin-bugfix-v8-spread-parameters-in-optional-chaining/-/plugin-bugfix-v8-spread-parameters-in-optional-chaining-7.27.1.tgz. Extracting by manifest.
3395 silly tarball no local data for @babel/plugin-proposal-class-static-block@https://registry.npmjs.org/@babel/plugin-proposal-class-static-block/-/plugin-proposal-class-static-block-7.21.0.tgz. Extracting by manifest.
3396 silly tarball no local data for @babel/plugin-bugfix-safari-id-destructuring-collision-in-function-expression@https://registry.npmjs.org/@babel/plugin-bugfix-safari-id-destructuring-collision-in-function-expression/-/plugin-bugfix-safari-id-destructuring-collision-in-function-expression-7.27.1.tgz. Extracting by manifest.
3397 silly tarball no local data for @babel/types@https://registry.npmjs.org/@babel/types/-/types-7.28.6.tgz. Extracting by manifest.
3398 silly tarball no local data for @babel/plugin-proposal-object-rest-spread@https://registry.npmjs.org/@babel/plugin-proposal-object-rest-spread/-/plugin-proposal-object-rest-spread-7.20.7.tgz. Extracting by manifest.
3399 silly tarball no local data for semver@https://registry.npmjs.org/semver/-/semver-6.3.1.tgz. Extracting by manifest.
3400 silly tarball no local data for @babel/traverse@https://registry.npmjs.org/@babel/traverse/-/traverse-7.28.6.tgz. Extracting by manifest.
3401 silly tarball no local data for jsesc@https://registry.npmjs.org/jsesc/-/jsesc-3.1.0.tgz. Extracting by manifest.
3402 silly tarball no local data for babel-plugin-polyfill-corejs2@https://registry.npmjs.org/babel-plugin-polyfill-corejs2/-/babel-plugin-polyfill-corejs2-0.3.3.tgz. Extracting by manifest.
3403 silly tarball no local data for @jridgewell/gen-mapping@https://registry.npmjs.org/@jridgewell/gen-mapping/-/gen-mapping-0.3.13.tgz. Extracting by manifest.
3404 silly tarball no local data for @babel/template@https://registry.npmjs.org/@babel/template/-/template-7.28.6.tgz. Extracting by manifest.
3405 silly tarball no local data for babel-plugin-polyfill-regenerator@https://registry.npmjs.org/babel-plugin-polyfill-regenerator/-/babel-plugin-polyfill-regenerator-0.4.1.tgz. Extracting by manifest.
3406 silly tarball no local data for @babel/helper-wrap-function@https://registry.npmjs.org/@babel/helper-wrap-function/-/helper-wrap-function-7.28.6.tgz. Extracting by manifest.
3407 silly tarball no local data for @babel/template@https://registry.npmjs.org/@babel/template/-/template-7.28.6.tgz. Extracting by manifest.
3408 silly tarball no local data for @babel/generator@https://registry.npmjs.org/@babel/generator/-/generator-7.28.6.tgz. Extracting by manifest.
3409 silly tarball no local data for @babel/helper-annotate-as-pure@https://registry.npmjs.org/@babel/helper-annotate-as-pure/-/helper-annotate-as-pure-7.27.3.tgz. Extracting by manifest.
3410 silly tarball no local data for @babel/helper-environment-visitor@https://registry.npmjs.org/@babel/helper-environment-visitor/-/helper-environment-visitor-7.24.7.tgz. Extracting by manifest.
3411 silly tarball no local data for jsesc@https://registry.npmjs.org/jsesc/-/jsesc-2.5.2.tgz. Extracting by manifest.
3412 silly tarball no local data for @babel/helper-remap-async-to-generator@https://registry.npmjs.org/@babel/helper-remap-async-to-generator/-/helper-remap-async-to-generator-7.27.1.tgz. Extracting by manifest.
3413 silly tarball no local data for reflect-metadata@https://registry.npmjs.org/reflect-metadata/-/reflect-metadata-0.1.14.tgz. Extracting by manifest.
3414 silly tarball no local data for dependency-graph@https://registry.npmjs.org/dependency-graph/-/dependency-graph-0.11.0.tgz. Extracting by manifest.
3415 silly tarball no local data for @babel/plugin-syntax-async-generators@https://registry.npmjs.org/@babel/plugin-syntax-async-generators/-/plugin-syntax-async-generators-7.8.4.tgz. Extracting by manifest.
3416 silly tarball no local data for babel-plugin-polyfill-corejs3@https://registry.npmjs.org/babel-plugin-polyfill-corejs3/-/babel-plugin-polyfill-corejs3-0.5.3.tgz. Extracting by manifest.
3417 silly tarball no local data for ajv-keywords@https://registry.npmjs.org/ajv-keywords/-/ajv-keywords-5.1.0.tgz. Extracting by manifest.
3418 silly tarball no local data for webpack-dev-middleware@https://registry.npmjs.org/webpack-dev-middleware/-/webpack-dev-middleware-5.3.3.tgz. Extracting by manifest.
3419 silly tarball no local data for schema-utils@https://registry.npmjs.org/schema-utils/-/schema-utils-4.3.3.tgz. Extracting by manifest.
3420 silly tarball no local data for stylus-loader@https://registry.npmjs.org/stylus-loader/-/stylus-loader-7.0.0.tgz. Extracting by manifest.
3421 silly tarball no local data for ajv@https://registry.npmjs.org/ajv/-/ajv-8.17.1.tgz. Extracting by manifest.
3422 silly tarball no local data for stylus@https://registry.npmjs.org/stylus/-/stylus-0.59.0.tgz. Extracting by manifest.
3423 silly tarball no local data for @jridgewell/gen-mapping@https://registry.npmjs.org/@jridgewell/gen-mapping/-/gen-mapping-0.1.1.tgz. Extracting by manifest.
3424 silly tarball no local data for sax@https://registry.npmjs.org/sax/-/sax-1.2.4.tgz. Extracting by manifest.
3425 silly tarball no local data for sass@https://registry.npmjs.org/sass/-/sass-1.54.4.tgz. Extracting by manifest.
3426 silly tarball no local data for semver@https://registry.npmjs.org/semver/-/semver-7.7.3.tgz. Extracting by manifest.
3427 silly tarball no local data for sass-loader@https://registry.npmjs.org/sass-loader/-/sass-loader-13.0.2.tgz. Extracting by manifest.
3428 silly tarball no local data for regenerator-runtime@https://registry.npmjs.org/regenerator-runtime/-/regenerator-runtime-0.13.9.tgz. Extracting by manifest.
3429 silly tarball no local data for postcss-loader@https://registry.npmjs.org/postcss-loader/-/postcss-loader-7.0.1.tgz. Extracting by manifest.
3430 silly tarball no local data for postcss@https://registry.npmjs.org/postcss/-/postcss-8.4.31.tgz. Extracting by manifest.
3431 silly tarball no local data for postcss-import@https://registry.npmjs.org/postcss-import/-/postcss-import-15.0.0.tgz. Extracting by manifest.
3432 silly tarball no local data for postcss-preset-env@https://registry.npmjs.org/postcss-preset-env/-/postcss-preset-env-7.8.0.tgz. Extracting by manifest.
3433 silly tarball no local data for source-map-loader@https://registry.npmjs.org/source-map-loader/-/source-map-loader-4.0.0.tgz. Extracting by manifest.
3434 silly tarball no local data for mini-css-extract-plugin@https://registry.npmjs.org/mini-css-extract-plugin/-/mini-css-extract-plugin-2.6.1.tgz. Extracting by manifest.
3435 silly tarball no local data for schema-utils@https://registry.npmjs.org/schema-utils/-/schema-utils-4.3.3.tgz. Extracting by manifest.
3436 silly tarball no local data for ajv-keywords@https://registry.npmjs.org/ajv-keywords/-/ajv-keywords-5.1.0.tgz. Extracting by manifest.
3437 silly tarball no local data for less-loader@https://registry.npmjs.org/less-loader/-/less-loader-11.0.0.tgz. Extracting by manifest.
3438 silly tarball no local data for ajv@https://registry.npmjs.org/ajv/-/ajv-8.17.1.tgz. Extracting by manifest.
3439 silly tarball no local data for pify@https://registry.npmjs.org/pify/-/pify-4.0.1.tgz. Extracting by manifest.
3440 silly tarball no local data for make-dir@https://registry.npmjs.org/make-dir/-/make-dir-2.1.0.tgz. Extracting by manifest.
3441 silly tarball no local data for mime@https://registry.npmjs.org/mime/-/mime-1.6.0.tgz. Extracting by manifest.
3442 silly tarball no local data for source-map@https://registry.npmjs.org/source-map/-/source-map-0.6.1.tgz. Extracting by manifest.
3443 silly tarball no local data for semver@https://registry.npmjs.org/semver/-/semver-5.7.2.tgz. Extracting by manifest.
3444 silly tarball no local data for esbuild-wasm@https://registry.npmjs.org/esbuild-wasm/-/esbuild-wasm-0.15.5.tgz. Extracting by manifest.
3445 silly tarball no local data for copy-webpack-plugin@https://registry.npmjs.org/copy-webpack-plugin/-/copy-webpack-plugin-11.0.0.tgz. Extracting by manifest.
3446 silly tarball no local data for esbuild@https://registry.npmjs.org/esbuild/-/esbuild-0.15.5.tgz. Extracting by manifest.
3447 silly tarball no local data for css-loader@https://registry.npmjs.org/css-loader/-/css-loader-6.7.1.tgz. Extracting by manifest.
3448 silly tarball no local data for ajv-keywords@https://registry.npmjs.org/ajv-keywords/-/ajv-keywords-5.1.0.tgz. Extracting by manifest.
3449 silly tarball no local data for less@https://registry.npmjs.org/less/-/less-4.1.3.tgz. Extracting by manifest.
3450 silly tarball no local data for cacache@https://registry.npmjs.org/cacache/-/cacache-16.1.2.tgz. Extracting by manifest.
3451 silly tarball no local data for glob-parent@https://registry.npmjs.org/glob-parent/-/glob-parent-6.0.2.tgz. Extracting by manifest.
3452 silly tarball no local data for schema-utils@https://registry.npmjs.org/schema-utils/-/schema-utils-4.3.3.tgz. Extracting by manifest.
3453 silly tarball no local data for @ngtools/webpack@https://registry.npmjs.org/@ngtools/webpack/-/webpack-14.2.13.tgz. Extracting by manifest.
3454 silly tarball no local data for @babel/template@https://registry.npmjs.org/@babel/template/-/template-7.18.10.tgz. Extracting by manifest.
3455 silly tarball no local data for @babel/runtime@https://registry.npmjs.org/@babel/runtime/-/runtime-7.18.9.tgz. Extracting by manifest.
3456 silly tarball no local data for @babel/preset-env@https://registry.npmjs.org/@babel/preset-env/-/preset-env-7.18.10.tgz. Extracting by manifest.
3457 silly tarball no local data for @discoveryjs/json-ext@https://registry.npmjs.org/@discoveryjs/json-ext/-/json-ext-0.5.7.tgz. Extracting by manifest.
3458 silly tarball no local data for @babel/plugin-transform-runtime@https://registry.npmjs.org/@babel/plugin-transform-runtime/-/plugin-transform-runtime-7.18.10.tgz. Extracting by manifest.
3459 silly tarball no local data for semver@https://registry.npmjs.org/semver/-/semver-6.3.1.tgz. Extracting by manifest.
3460 silly tarball no local data for semver@https://registry.npmjs.org/semver/-/semver-6.3.1.tgz. Extracting by manifest.
3461 silly tarball no local data for @babel/plugin-transform-async-to-generator@https://registry.npmjs.org/@babel/plugin-transform-async-to-generator/-/plugin-transform-async-to-generator-7.18.6.tgz. Extracting by manifest.
3462 silly tarball no local data for ajv@https://registry.npmjs.org/ajv/-/ajv-8.17.1.tgz. Extracting by manifest.
3463 silly tarball no local data for @babel/helper-annotate-as-pure@https://registry.npmjs.org/@babel/helper-annotate-as-pure/-/helper-annotate-as-pure-7.18.6.tgz. Extracting by manifest.
3464 silly tarball no local data for @babel/plugin-proposal-async-generator-functions@https://registry.npmjs.org/@babel/plugin-proposal-async-generator-functions/-/plugin-proposal-async-generator-functions-7.18.10.tgz. Extracting by manifest.
3465 silly tarball no local data for @babel/generator@https://registry.npmjs.org/@babel/generator/-/generator-7.18.12.tgz. Extracting by manifest.
3466 silly tarball no local data for @babel/core@https://registry.npmjs.org/@babel/core/-/core-7.18.10.tgz. Extracting by manifest.
3467 silly tarball no local data for semver@https://registry.npmjs.org/semver/-/semver-6.3.1.tgz. Extracting by manifest.
3468 silly tarball no local data for @jridgewell/gen-mapping@https://registry.npmjs.org/@jridgewell/gen-mapping/-/gen-mapping-0.3.13.tgz. Extracting by manifest.
3469 silly tarball no local data for webpack-dev-server@https://registry.npmjs.org/webpack-dev-server/-/webpack-dev-server-4.11.0.tgz. Extracting by manifest.
3470 silly tarball no local data for ajv-keywords@https://registry.npmjs.org/ajv-keywords/-/ajv-keywords-5.1.0.tgz. Extracting by manifest.
3471 silly tarball no local data for ajv@https://registry.npmjs.org/ajv/-/ajv-8.17.1.tgz. Extracting by manifest.
3472 silly tarball no local data for @angular-devkit/build-webpack@https://registry.npmjs.org/@angular-devkit/build-webpack/-/build-webpack-0.1402.13.tgz. Extracting by manifest.
3473 silly tarball no local data for schema-utils@https://registry.npmjs.org/schema-utils/-/schema-utils-4.3.3.tgz. Extracting by manifest.
3474 silly tarball no local data for @ampproject/remapping@https://registry.npmjs.org/@ampproject/remapping/-/remapping-2.2.0.tgz. Extracting by manifest.
3475 silly tarball no local data for @angular/router@https://registry.npmjs.org/@angular/router/-/router-14.3.0.tgz. Extracting by manifest.
3476 silly tarball no local data for @angular/platform-browser@https://registry.npmjs.org/@angular/platform-browser/-/platform-browser-14.3.0.tgz. Extracting by manifest.
3477 silly tarball no local data for @angular/platform-browser-dynamic@https://registry.npmjs.org/@angular/platform-browser-dynamic/-/platform-browser-dynamic-14.3.0.tgz. Extracting by manifest.
3478 silly tarball no local data for @angular/forms@https://registry.npmjs.org/@angular/forms/-/forms-14.3.0.tgz. Extracting by manifest.
3479 silly tarball no local data for @angular/common@https://registry.npmjs.org/@angular/common/-/common-14.3.0.tgz. Extracting by manifest.
3480 silly tarball no local data for @angular/animations@https://registry.npmjs.org/@angular/animations/-/animations-14.3.0.tgz. Extracting by manifest.
3481 silly tarball no local data for @angular/core@https://registry.npmjs.org/@angular/core/-/core-14.3.0.tgz. Extracting by manifest.
3482 silly tarball no local data for @angular/compiler@https://registry.npmjs.org/@angular/compiler/-/compiler-14.3.0.tgz. Extracting by manifest.
3483 silly tarball no local data for @angular/compiler-cli@https://registry.npmjs.org/@angular/compiler-cli/-/compiler-cli-14.3.0.tgz. Extracting by manifest.
3484 silly tarball no local data for tslib@https://registry.npmjs.org/tslib/-/tslib-2.4.0.tgz. Extracting by manifest.
3485 silly tarball no local data for minimatch@https://registry.npmjs.org/minimatch/-/minimatch-5.1.0.tgz. Extracting by manifest.
3486 silly tarball no local data for glob@https://registry.npmjs.org/glob/-/glob-8.0.3.tgz. Extracting by manifest.
3487 silly tarball no local data for zone.js@https://registry.npmjs.org/zone.js/-/zone.js-0.11.8.tgz. Extracting by manifest.
3488 silly tarball no local data for yallist@https://registry.npmjs.org/yallist/-/yallist-3.1.1.tgz. Extracting by manifest.
3489 silly tarball no local data for @angular-devkit/build-angular@https://registry.npmjs.org/@angular-devkit/build-angular/-/build-angular-14.2.13.tgz. Extracting by manifest.
3490 silly tarball no local data for ws@https://registry.npmjs.org/ws/-/ws-8.17.1.tgz. Extracting by manifest.
3491 silly tarball no local data for wildcard@https://registry.npmjs.org/wildcard/-/wildcard-2.0.1.tgz. Extracting by manifest.
3492 silly tarball no local data for which@https://registry.npmjs.org/which/-/which-1.3.1.tgz. Extracting by manifest.
3493 silly tarball no local data for webpack-subresource-integrity@https://registry.npmjs.org/webpack-subresource-integrity/-/webpack-subresource-integrity-5.1.0.tgz. Extracting by manifest.
3494 silly tarball no local data for webpack-merge@https://registry.npmjs.org/webpack-merge/-/webpack-merge-5.8.0.tgz. Extracting by manifest.
3495 silly tarball no local data for webpack@https://registry.npmjs.org/webpack/-/webpack-5.76.1.tgz. Extracting by manifest.
3496 silly tarball no local data for schema-utils@https://registry.npmjs.org/schema-utils/-/schema-utils-3.3.0.tgz. Extracting by manifest.
3497 silly tarball no local data for watchpack@https://registry.npmjs.org/watchpack/-/watchpack-2.4.2.tgz. Extracting by manifest.
3498 silly tarball no local data for void-elements@https://registry.npmjs.org/void-elements/-/void-elements-2.0.1.tgz. Extracting by manifest.
3499 silly tarball no local data for vary@https://registry.npmjs.org/vary/-/vary-1.1.2.tgz. Extracting by manifest.
3500 silly tarball no local data for utils-merge@https://registry.npmjs.org/utils-merge/-/utils-merge-1.0.1.tgz. Extracting by manifest.
3501 silly tarball no local data for webpack-sources@https://registry.npmjs.org/webpack-sources/-/webpack-sources-3.2.3.tgz. Extracting by manifest.
3502 silly tarball no local data for unpipe@https://registry.npmjs.org/unpipe/-/unpipe-1.0.0.tgz. Extracting by manifest.
3503 silly tarball no local data for universalify@https://registry.npmjs.org/universalify/-/universalify-0.1.2.tgz. Extracting by manifest.
3504 silly tarball no local data for typescript@https://registry.npmjs.org/typescript/-/typescript-4.6.4.tgz. Extracting by manifest.
3505 silly tarball no local data for typed-assert@https://registry.npmjs.org/typed-assert/-/typed-assert-1.0.9.tgz. Extracting by manifest.
3506 silly tarball no local data for ua-parser-js@https://registry.npmjs.org/ua-parser-js/-/ua-parser-js-0.7.40.tgz. Extracting by manifest.
3507 silly tarball no local data for type-is@https://registry.npmjs.org/type-is/-/type-is-1.6.18.tgz. Extracting by manifest.
3508 silly tarball no local data for tree-kill@https://registry.npmjs.org/tree-kill/-/tree-kill-1.2.2.tgz. Extracting by manifest.
3509 silly tarball no local data for toidentifier@https://registry.npmjs.org/toidentifier/-/toidentifier-1.0.1.tgz. Extracting by manifest.
3510 silly tarball no local data for to-regex-range@https://registry.npmjs.org/to-regex-range/-/to-regex-range-5.0.1.tgz. Extracting by manifest.
3511 silly tarball no local data for text-table@https://registry.npmjs.org/text-table/-/text-table-0.2.0.tgz. Extracting by manifest.
3512 silly tarball no local data for terser-webpack-plugin@https://registry.npmjs.org/terser-webpack-plugin/-/terser-webpack-plugin-5.3.14.tgz. Extracting by manifest.
3513 silly tarball no local data for test-exclude@https://registry.npmjs.org/test-exclude/-/test-exclude-6.0.0.tgz. Extracting by manifest.
3514 silly tarball no local data for schema-utils@https://registry.npmjs.org/schema-utils/-/schema-utils-4.3.0.tgz. Extracting by manifest.
3515 silly tarball no local data for terser@https://registry.npmjs.org/terser/-/terser-5.39.0.tgz. Extracting by manifest.
3516 silly tarball no local data for ajv-keywords@https://registry.npmjs.org/ajv-keywords/-/ajv-keywords-5.1.0.tgz. Extracting by manifest.
3517 silly tarball no local data for ajv@https://registry.npmjs.org/ajv/-/ajv-8.17.1.tgz. Extracting by manifest.
3518 silly tarball no local data for terser@https://registry.npmjs.org/terser/-/terser-5.14.2.tgz. Extracting by manifest.
3519 silly tarball no local data for tapable@https://registry.npmjs.org/tapable/-/tapable-2.2.1.tgz. Extracting by manifest.
3520 silly tarball no local data for streamroller@https://registry.npmjs.org/streamroller/-/streamroller-3.1.5.tgz. Extracting by manifest.
3521 silly tarball no local data for ms@https://registry.npmjs.org/ms/-/ms-2.1.3.tgz. Extracting by manifest.
3522 silly tarball no local data for debug@https://registry.npmjs.org/debug/-/debug-4.4.0.tgz. Extracting by manifest.
3523 silly tarball no local data for statuses@https://registry.npmjs.org/statuses/-/statuses-1.5.0.tgz. Extracting by manifest.
3524 silly tarball no local data for source-map-support@https://registry.npmjs.org/source-map-support/-/source-map-support-0.5.21.tgz. Extracting by manifest.
3525 silly tarball no local data for sprintf-js@https://registry.npmjs.org/sprintf-js/-/sprintf-js-1.0.3.tgz. Extracting by manifest.
3526 silly tarball no local data for source-map@https://registry.npmjs.org/source-map/-/source-map-0.6.1.tgz. Extracting by manifest.
3527 silly tarball no local data for socket.io-adapter@https://registry.npmjs.org/socket.io-adapter/-/socket.io-adapter-2.5.5.tgz. Extracting by manifest.
3528 silly tarball no local data for ms@https://registry.npmjs.org/ms/-/ms-2.1.3.tgz. Extracting by manifest.
3529 silly tarball no local data for debug@https://registry.npmjs.org/debug/-/debug-4.3.7.tgz. Extracting by manifest.
3530 silly tarball no local data for source-map-js@https://registry.npmjs.org/source-map-js/-/source-map-js-1.2.1.tgz. Extracting by manifest.
3531 silly tarball no local data for socket.io@https://registry.npmjs.org/socket.io/-/socket.io-4.8.1.tgz. Extracting by manifest.
3532 silly tarball no local data for side-channel-weakmap@https://registry.npmjs.org/side-channel-weakmap/-/side-channel-weakmap-1.0.2.tgz. Extracting by manifest.
3533 silly tarball no local data for side-channel-map@https://registry.npmjs.org/side-channel-map/-/side-channel-map-1.0.1.tgz. Extracting by manifest.
3534 silly tarball no local data for side-channel@https://registry.npmjs.org/side-channel/-/side-channel-1.1.0.tgz. Extracting by manifest.
3535 silly tarball no local data for shallow-clone@https://registry.npmjs.org/shallow-clone/-/shallow-clone-3.0.1.tgz. Extracting by manifest.
3536 silly tarball no local data for setprototypeof@https://registry.npmjs.org/setprototypeof/-/setprototypeof-1.2.0.tgz. Extracting by manifest.
3537 silly tarball no local data for serialize-javascript@https://registry.npmjs.org/serialize-javascript/-/serialize-javascript-6.0.2.tgz. Extracting by manifest.
3538 silly tarball no local data for semver@https://registry.npmjs.org/semver/-/semver-7.3.5.tgz. Extracting by manifest.
3539 silly tarball no local data for schema-utils@https://registry.npmjs.org/schema-utils/-/schema-utils-2.7.1.tgz. Extracting by manifest.
3540 silly tarball no local data for safe-regex-test@https://registry.npmjs.org/safe-regex-test/-/safe-regex-test-1.1.0.tgz. Extracting by manifest.
3541 silly tarball no local data for socket.io-parser@https://registry.npmjs.org/socket.io-parser/-/socket.io-parser-4.2.4.tgz. Extracting by manifest.
3542 silly tarball no local data for side-channel-list@https://registry.npmjs.org/side-channel-list/-/side-channel-list-1.0.0.tgz. Extracting by manifest.
3543 silly tarball no local data for rxjs@https://registry.npmjs.org/rxjs/-/rxjs-7.5.7.tgz. Extracting by manifest.
3544 silly tarball no local data for rfdc@https://registry.npmjs.org/rfdc/-/rfdc-1.4.1.tgz. Extracting by manifest.
3545 silly tarball no local data for resolve-url-loader@https://registry.npmjs.org/resolve-url-loader/-/resolve-url-loader-5.0.0.tgz. Extracting by manifest.
3546 silly tarball no local data for source-map@https://registry.npmjs.org/source-map/-/source-map-0.6.1.tgz. Extracting by manifest.
3547 silly tarball no local data for loader-utils@https://registry.npmjs.org/loader-utils/-/loader-utils-2.0.4.tgz. Extracting by manifest.
3548 silly tarball no local data for resolve-from@https://registry.npmjs.org/resolve-from/-/resolve-from-5.0.0.tgz. Extracting by manifest.
3549 silly tarball no local data for requires-port@https://registry.npmjs.org/requires-port/-/requires-port-1.0.0.tgz. Extracting by manifest.
3550 silly tarball no local data for regex-parser@https://registry.npmjs.org/regex-parser/-/regex-parser-2.3.1.tgz. Extracting by manifest.
3551 silly tarball no local data for readdirp@https://registry.npmjs.org/readdirp/-/readdirp-3.6.0.tgz. Extracting by manifest.
3552 silly tarball no local data for raw-body@https://registry.npmjs.org/raw-body/-/raw-body-2.5.2.tgz. Extracting by manifest.
3553 silly tarball no local data for randombytes@https://registry.npmjs.org/randombytes/-/randombytes-2.1.0.tgz. Extracting by manifest.
3554 silly tarball no local data for range-parser@https://registry.npmjs.org/range-parser/-/range-parser-1.2.1.tgz. Extracting by manifest.
3555 silly tarball no local data for qs@https://registry.npmjs.org/qs/-/qs-6.13.0.tgz. Extracting by manifest.
3556 silly tarball no local data for pretty-bytes@https://registry.npmjs.org/pretty-bytes/-/pretty-bytes-5.6.0.tgz. Extracting by manifest.
3557 silly tarball no local data for pkg-dir@https://registry.npmjs.org/pkg-dir/-/pkg-dir-4.2.0.tgz. Extracting by manifest.
3558 silly tarball no local data for qjobs@https://registry.npmjs.org/qjobs/-/qjobs-1.2.0.tgz. Extracting by manifest.
3559 silly tarball no local data for punycode@https://registry.npmjs.org/punycode/-/punycode-1.4.1.tgz. Extracting by manifest.
3560 silly tarball no local data for piscina@https://registry.npmjs.org/piscina/-/piscina-3.2.0.tgz. Extracting by manifest.
3561 silly tarball no local data for picomatch@https://registry.npmjs.org/picomatch/-/picomatch-2.3.1.tgz. Extracting by manifest.
3562 silly tarball no local data for picocolors@https://registry.npmjs.org/picocolors/-/picocolors-1.1.1.tgz. Extracting by manifest.
3563 silly tarball no local data for path-exists@https://registry.npmjs.org/path-exists/-/path-exists-4.0.0.tgz. Extracting by manifest.
3564 silly tarball no local data for parseurl@https://registry.npmjs.org/parseurl/-/parseurl-1.3.3.tgz. Extracting by manifest.
3565 silly tarball no local data for parse5-html-rewriting-stream@https://registry.npmjs.org/parse5-html-rewriting-stream/-/parse5-html-rewriting-stream-6.0.1.tgz. Extracting by manifest.
3566 silly tarball no local data for parse5-sax-parser@https://registry.npmjs.org/parse5-sax-parser/-/parse5-sax-parser-6.0.1.tgz. Extracting by manifest.
3567 silly tarball no local data for parse5@https://registry.npmjs.org/parse5/-/parse5-6.0.1.tgz. Extracting by manifest.
3568 silly tarball no local data for pako@https://registry.npmjs.org/pako/-/pako-1.0.11.tgz. Extracting by manifest.
3569 silly tarball no local data for parse5-htmlparser2-tree-adapter@https://registry.npmjs.org/parse5-htmlparser2-tree-adapter/-/parse5-htmlparser2-tree-adapter-6.0.1.tgz. Extracting by manifest.
3570 silly tarball no local data for p-locate@https://registry.npmjs.org/p-locate/-/p-locate-4.1.0.tgz. Extracting by manifest.
3571 silly tarball no local data for p-limit@https://registry.npmjs.org/p-limit/-/p-limit-2.3.0.tgz. Extracting by manifest.
3572 silly tarball no local data for p-try@https://registry.npmjs.org/p-try/-/p-try-2.2.0.tgz. Extracting by manifest.
3573 silly tarball no local data for on-finished@https://registry.npmjs.org/on-finished/-/on-finished-2.4.1.tgz. Extracting by manifest.
3574 silly tarball no local data for object-assign@https://registry.npmjs.org/object-assign/-/object-assign-4.1.1.tgz. Extracting by manifest.
3575 silly tarball no local data for object-inspect@https://registry.npmjs.org/object-inspect/-/object-inspect-1.13.4.tgz. Extracting by manifest.
3576 silly tarball no local data for nth-check@https://registry.npmjs.org/nth-check/-/nth-check-2.1.1.tgz. Extracting by manifest.
3577 silly tarball no local data for normalize-path@https://registry.npmjs.org/normalize-path/-/normalize-path-3.0.0.tgz. Extracting by manifest.
3578 silly tarball no local data for node-gyp-build@https://registry.npmjs.org/node-gyp-build/-/node-gyp-build-4.8.4.tgz. Extracting by manifest.
3579 silly tarball no local data for nice-napi@https://registry.npmjs.org/nice-napi/-/nice-napi-1.0.2.tgz. Extracting by manifest.
3580 silly tarball no local data for node-addon-api@https://registry.npmjs.org/node-addon-api/-/node-addon-api-3.2.1.tgz. Extracting by manifest.
3581 silly tarball no local data for neo-async@https://registry.npmjs.org/neo-async/-/neo-async-2.6.2.tgz. Extracting by manifest.
3582 silly tarball no local data for nanoid@https://registry.npmjs.org/nanoid/-/nanoid-3.3.11.tgz. Extracting by manifest.
3583 silly tarball no local data for minimist@https://registry.npmjs.org/minimist/-/minimist-1.2.8.tgz. Extracting by manifest.
3584 silly tarball no local data for minimatch@https://registry.npmjs.org/minimatch/-/minimatch-3.0.5.tgz. Extracting by manifest.
3585 silly tarball no local data for mime-types@https://registry.npmjs.org/mime-types/-/mime-types-2.1.35.tgz. Extracting by manifest.
3586 silly tarball no local data for mime-db@https://registry.npmjs.org/mime-db/-/mime-db-1.52.0.tgz. Extracting by manifest.
3587 silly tarball no local data for merge-stream@https://registry.npmjs.org/merge-stream/-/merge-stream-2.0.0.tgz. Extracting by manifest.
3588 silly tarball no local data for mime@https://registry.npmjs.org/mime/-/mime-2.6.0.tgz. Extracting by manifest.
3589 silly tarball no local data for media-typer@https://registry.npmjs.org/media-typer/-/media-typer-0.3.0.tgz. Extracting by manifest.
3590 silly tarball no local data for math-intrinsics@https://registry.npmjs.org/math-intrinsics/-/math-intrinsics-1.1.0.tgz. Extracting by manifest.
3591 silly tarball no local data for make-dir@https://registry.npmjs.org/make-dir/-/make-dir-3.1.0.tgz. Extracting by manifest.
3592 silly tarball no local data for semver@https://registry.npmjs.org/semver/-/semver-6.3.1.tgz. Extracting by manifest.
3593 silly tarball no local data for lru-cache@https://registry.npmjs.org/lru-cache/-/lru-cache-5.1.1.tgz. Extracting by manifest.
3594 silly tarball no local data for log4js@https://registry.npmjs.org/log4js/-/log4js-6.9.1.tgz. Extracting by manifest.
3595 silly tarball no local data for ms@https://registry.npmjs.org/ms/-/ms-2.1.3.tgz. Extracting by manifest.
3596 silly tarball no local data for debug@https://registry.npmjs.org/debug/-/debug-4.4.0.tgz. Extracting by manifest.
3597 silly tarball no local data for lodash.debounce@https://registry.npmjs.org/lodash.debounce/-/lodash.debounce-4.0.8.tgz. Extracting by manifest.
3598 silly tarball no local data for locate-path@https://registry.npmjs.org/locate-path/-/locate-path-5.0.0.tgz. Extracting by manifest.
3599 silly tarball no local data for loader-utils@https://registry.npmjs.org/loader-utils/-/loader-utils-3.2.1.tgz. Extracting by manifest.
3600 silly tarball no local data for loader-runner@https://registry.npmjs.org/loader-runner/-/loader-runner-4.3.0.tgz. Extracting by manifest.
3601 silly tarball no local data for kind-of@https://registry.npmjs.org/kind-of/-/kind-of-6.0.3.tgz. Extracting by manifest.
3602 silly tarball no local data for license-webpack-plugin@https://registry.npmjs.org/license-webpack-plugin/-/license-webpack-plugin-4.0.2.tgz. Extracting by manifest.
3603 silly tarball no local data for karma-source-map-support@https://registry.npmjs.org/karma-source-map-support/-/karma-source-map-support-1.4.0.tgz. Extracting by manifest.
3604 silly tarball no local data for lodash.throttle@https://registry.npmjs.org/lodash.throttle/-/lodash.throttle-4.1.1.tgz. Extracting by manifest.
3605 silly tarball no local data for karma-jasmine-html-reporter@https://registry.npmjs.org/karma-jasmine-html-reporter/-/karma-jasmine-html-reporter-1.7.0.tgz. Extracting by manifest.
3606 silly tarball no local data for karma-jasmine@https://registry.npmjs.org/karma-jasmine/-/karma-jasmine-4.0.2.tgz. Extracting by manifest.
3607 silly tarball no local data for jasmine-core@https://registry.npmjs.org/jasmine-core/-/jasmine-core-3.99.1.tgz. Extracting by manifest.
3608 silly tarball no local data for karma-coverage@https://registry.npmjs.org/karma-coverage/-/karma-coverage-2.1.1.tgz. Extracting by manifest.
3609 silly tarball no local data for semver@https://registry.npmjs.org/semver/-/semver-6.3.1.tgz. Extracting by manifest.
3610 silly tarball no local data for istanbul-lib-instrument@https://registry.npmjs.org/istanbul-lib-instrument/-/istanbul-lib-instrument-4.0.3.tgz. Extracting by manifest.
3611 silly tarball no local data for karma-chrome-launcher@https://registry.npmjs.org/karma-chrome-launcher/-/karma-chrome-launcher-3.1.1.tgz. Extracting by manifest.
3612 silly tarball no local data for karma@https://registry.npmjs.org/karma/-/karma-6.3.20.tgz. Extracting by manifest.
3613 silly tarball no local data for yargs-parser@https://registry.npmjs.org/yargs-parser/-/yargs-parser-20.2.9.tgz. Extracting by manifest.
3614 silly tarball no local data for yargs@https://registry.npmjs.org/yargs/-/yargs-16.2.0.tgz. Extracting by manifest.
3615 silly tarball no local data for source-map@https://registry.npmjs.org/source-map/-/source-map-0.6.1.tgz. Extracting by manifest.
3616 silly tarball no local data for mkdirp@https://registry.npmjs.org/mkdirp/-/mkdirp-0.5.6.tgz. Extracting by manifest.
3617 silly tarball no local data for jsonfile@https://registry.npmjs.org/jsonfile/-/jsonfile-4.0.0.tgz. Extracting by manifest.
3618 silly tarball no local data for json5@https://registry.npmjs.org/json5/-/json5-2.2.3.tgz. Extracting by manifest.
3619 silly tarball no local data for json-schema-traverse@https://registry.npmjs.org/json-schema-traverse/-/json-schema-traverse-0.4.1.tgz. Extracting by manifest.
3620 silly tarball no local data for js-yaml@https://registry.npmjs.org/js-yaml/-/js-yaml-3.14.1.tgz. Extracting by manifest.
3621 silly tarball no local data for jasmine-core@https://registry.npmjs.org/jasmine-core/-/jasmine-core-4.0.1.tgz. Extracting by manifest.
3622 silly tarball no local data for supports-color@https://registry.npmjs.org/supports-color/-/supports-color-8.1.1.tgz. Extracting by manifest.
3623 silly tarball no local data for istanbul-reports@https://registry.npmjs.org/istanbul-reports/-/istanbul-reports-3.1.7.tgz. Extracting by manifest.
3624 silly tarball no local data for istanbul-lib-source-maps@https://registry.npmjs.org/istanbul-lib-source-maps/-/istanbul-lib-source-maps-4.0.1.tgz. Extracting by manifest.
3625 silly tarball no local data for istanbul-lib-report@https://registry.npmjs.org/istanbul-lib-report/-/istanbul-lib-report-3.0.1.tgz. Extracting by manifest.
3626 silly tarball no local data for semver@https://registry.npmjs.org/semver/-/semver-7.7.1.tgz. Extracting by manifest.
3627 silly tarball no local data for jest-worker@https://registry.npmjs.org/jest-worker/-/jest-worker-27.5.1.tgz. Extracting by manifest.
3628 silly tarball no local data for istanbul-lib-instrument@https://registry.npmjs.org/istanbul-lib-instrument/-/istanbul-lib-instrument-5.2.1.tgz. Extracting by manifest.
3629 silly tarball no local data for js-tokens@https://registry.npmjs.org/js-tokens/-/js-tokens-4.0.0.tgz. Extracting by manifest.
3630 silly tarball no local data for semver@https://registry.npmjs.org/semver/-/semver-6.3.1.tgz. Extracting by manifest.
3631 silly tarball no local data for istanbul-lib-coverage@https://registry.npmjs.org/istanbul-lib-coverage/-/istanbul-lib-coverage-3.2.2.tgz. Extracting by manifest.
3632 silly tarball no local data for tmp@https://registry.npmjs.org/tmp/-/tmp-0.2.3.tgz. Extracting by manifest.
3633 silly tarball no local data for isobject@https://registry.npmjs.org/isobject/-/isobject-3.0.1.tgz. Extracting by manifest.
3634 silly tarball no local data for isbinaryfile@https://registry.npmjs.org/isbinaryfile/-/isbinaryfile-4.0.10.tgz. Extracting by manifest.
3635 silly tarball no local data for source-map@https://registry.npmjs.org/source-map/-/source-map-0.6.1.tgz. Extracting by manifest.
3636 silly tarball no local data for is-plain-object@https://registry.npmjs.org/is-plain-object/-/is-plain-object-2.0.4.tgz. Extracting by manifest.
3637 silly tarball no local data for make-dir@https://registry.npmjs.org/make-dir/-/make-dir-4.0.0.tgz. Extracting by manifest.
3638 silly tarball no local data for is-glob@https://registry.npmjs.org/is-glob/-/is-glob-4.0.3.tgz. Extracting by manifest.
3639 silly tarball no local data for is-number@https://registry.npmjs.org/is-number/-/is-number-7.0.0.tgz. Extracting by manifest.
3640 silly tarball no local data for is-regex@https://registry.npmjs.org/is-regex/-/is-regex-1.2.1.tgz. Extracting by manifest.
3641 silly tarball no local data for is-extglob@https://registry.npmjs.org/is-extglob/-/is-extglob-2.1.1.tgz. Extracting by manifest.
3642 silly tarball no local data for http-proxy@https://registry.npmjs.org/http-proxy/-/http-proxy-1.18.1.tgz. Extracting by manifest.
3643 silly tarball no local data for statuses@https://registry.npmjs.org/statuses/-/statuses-2.0.1.tgz. Extracting by manifest.
3644 silly tarball no local data for http-errors@https://registry.npmjs.org/http-errors/-/http-errors-2.0.0.tgz. Extracting by manifest.
3645 silly tarball no local data for is-binary-path@https://registry.npmjs.org/is-binary-path/-/is-binary-path-2.1.0.tgz. Extracting by manifest.
3646 silly tarball no local data for html-escaper@https://registry.npmjs.org/html-escaper/-/html-escaper-2.0.2.tgz. Extracting by manifest.
3647 silly tarball no local data for hdr-histogram-percentiles-obj@https://registry.npmjs.org/hdr-histogram-percentiles-obj/-/hdr-histogram-percentiles-obj-3.0.0.tgz. Extracting by manifest.
3648 silly tarball no local data for has-tostringtag@https://registry.npmjs.org/has-tostringtag/-/has-tostringtag-1.0.2.tgz. Extracting by manifest.
3649 silly tarball no local data for hdr-histogram-js@https://registry.npmjs.org/hdr-histogram-js/-/hdr-histogram-js-2.0.3.tgz. Extracting by manifest.
3650 silly tarball no local data for has-symbols@https://registry.npmjs.org/has-symbols/-/has-symbols-1.1.0.tgz. Extracting by manifest.
3651 silly tarball no local data for gopd@https://registry.npmjs.org/gopd/-/gopd-1.2.0.tgz. Extracting by manifest.
3652 silly tarball no local data for gsap@https://registry.npmjs.org/gsap/-/gsap-3.13.0.tgz. Extracting by manifest.
3653 silly tarball no local data for glob-to-regexp@https://registry.npmjs.org/glob-to-regexp/-/glob-to-regexp-0.4.1.tgz. Extracting by manifest.
3654 silly tarball no local data for glob-parent@https://registry.npmjs.org/glob-parent/-/glob-parent-5.1.2.tgz. Extracting by manifest.
3655 silly tarball no local data for get-proto@https://registry.npmjs.org/get-proto/-/get-proto-1.0.1.tgz. Extracting by manifest.
3656 silly tarball no local data for get-package-type@https://registry.npmjs.org/get-package-type/-/get-package-type-0.1.0.tgz. Extracting by manifest.
3657 silly tarball no local data for get-intrinsic@https://registry.npmjs.org/get-intrinsic/-/get-intrinsic-1.3.0.tgz. Extracting by manifest.
3658 silly tarball no local data for gensync@https://registry.npmjs.org/gensync/-/gensync-1.0.0-beta.2.tgz. Extracting by manifest.
3659 silly tarball no local data for fs-extra@https://registry.npmjs.org/fs-extra/-/fs-extra-8.1.0.tgz. Extracting by manifest.
3660 silly tarball no local data for follow-redirects@https://registry.npmjs.org/follow-redirects/-/follow-redirects-1.15.9.tgz. Extracting by manifest.
3661 silly tarball no local data for flatted@https://registry.npmjs.org/flatted/-/flatted-3.3.3.tgz. Extracting by manifest.
3662 silly tarball no local data for fsevents@https://registry.npmjs.org/fsevents/-/fsevents-2.3.3.tgz. Extracting by manifest.
3663 silly tarball no local data for glob@https://registry.npmjs.org/glob/-/glob-7.2.0.tgz. Extracting by manifest.
3664 silly tarball no local data for find-up@https://registry.npmjs.org/find-up/-/find-up-4.1.0.tgz. Extracting by manifest.
3665 silly tarball no local data for find-cache-dir@https://registry.npmjs.org/find-cache-dir/-/find-cache-dir-3.3.2.tgz. Extracting by manifest.
3666 silly tarball no local data for on-finished@https://registry.npmjs.org/on-finished/-/on-finished-2.3.0.tgz. Extracting by manifest.
3667 silly tarball no local data for ms@https://registry.npmjs.org/ms/-/ms-2.0.0.tgz. Extracting by manifest.
3668 silly tarball no local data for fast-uri@https://registry.npmjs.org/fast-uri/-/fast-uri-3.0.6.tgz. Extracting by manifest.
3669 silly tarball no local data for fill-range@https://registry.npmjs.org/fill-range/-/fill-range-7.1.1.tgz. Extracting by manifest.
3670 silly tarball no local data for fast-json-stable-stringify@https://registry.npmjs.org/fast-json-stable-stringify/-/fast-json-stable-stringify-2.1.0.tgz. Extracting by manifest.
3671 silly tarball no local data for extend@https://registry.npmjs.org/extend/-/extend-3.0.2.tgz. Extracting by manifest.
3672 silly tarball no local data for finalhandler@https://registry.npmjs.org/finalhandler/-/finalhandler-1.1.2.tgz. Extracting by manifest.
3673 silly tarball no local data for debug@https://registry.npmjs.org/debug/-/debug-2.6.9.tgz. Extracting by manifest.
3674 silly tarball no local data for eventemitter3@https://registry.npmjs.org/eventemitter3/-/eventemitter3-4.0.7.tgz. Extracting by manifest.
3675 silly tarball no local data for eventemitter-asyncresource@https://registry.npmjs.org/eventemitter-asyncresource/-/eventemitter-asyncresource-1.0.0.tgz. Extracting by manifest.
3676 silly tarball no local data for events@https://registry.npmjs.org/events/-/events-3.3.0.tgz. Extracting by manifest.
3677 silly tarball no local data for esrecurse@https://registry.npmjs.org/esrecurse/-/esrecurse-4.3.0.tgz. Extracting by manifest.
3678 silly tarball no local data for estraverse@https://registry.npmjs.org/estraverse/-/estraverse-4.3.0.tgz. Extracting by manifest.
3679 silly tarball no local data for esprima@https://registry.npmjs.org/esprima/-/esprima-4.0.1.tgz. Extracting by manifest.
3680 silly tarball no local data for eslint-scope@https://registry.npmjs.org/eslint-scope/-/eslint-scope-5.1.1.tgz. Extracting by manifest.
3681 silly tarball no local data for estraverse@https://registry.npmjs.org/estraverse/-/estraverse-5.3.0.tgz. Extracting by manifest.
3682 silly tarball no local data for escape-html@https://registry.npmjs.org/escape-html/-/escape-html-1.0.3.tgz. Extracting by manifest.
3683 silly tarball no local data for es-module-lexer@https://registry.npmjs.org/es-module-lexer/-/es-module-lexer-0.9.3.tgz. Extracting by manifest.
3684 silly tarball no local data for es-errors@https://registry.npmjs.org/es-errors/-/es-errors-1.3.0.tgz. Extracting by manifest.
3685 silly tarball no local data for es-define-property@https://registry.npmjs.org/es-define-property/-/es-define-property-1.0.1.tgz. Extracting by manifest.
3686 silly tarball no local data for entities@https://registry.npmjs.org/entities/-/entities-2.2.0.tgz. Extracting by manifest.
3687 silly tarball no local data for ent@https://registry.npmjs.org/ent/-/ent-2.2.2.tgz. Extracting by manifest.
3688 silly tarball no local data for engine.io-parser@https://registry.npmjs.org/engine.io-parser/-/engine.io-parser-5.2.3.tgz. Extracting by manifest.
3689 silly tarball no local data for engine.io@https://registry.npmjs.org/engine.io/-/engine.io-6.6.4.tgz. Extracting by manifest.
3690 silly tarball no local data for es-object-atoms@https://registry.npmjs.org/es-object-atoms/-/es-object-atoms-1.1.1.tgz. Extracting by manifest.
3691 silly tarball no local data for enhanced-resolve@https://registry.npmjs.org/enhanced-resolve/-/enhanced-resolve-5.18.1.tgz. Extracting by manifest.
3692 silly tarball no local data for encodeurl@https://registry.npmjs.org/encodeurl/-/encodeurl-1.0.2.tgz. Extracting by manifest.
3693 silly tarball no local data for dunder-proto@https://registry.npmjs.org/dunder-proto/-/dunder-proto-1.0.1.tgz. Extracting by manifest.
3694 silly tarball no local data for ee-first@https://registry.npmjs.org/ee-first/-/ee-first-1.1.1.tgz. Extracting by manifest.
3695 silly tarball no local data for emojis-list@https://registry.npmjs.org/emojis-list/-/emojis-list-3.0.0.tgz. Extracting by manifest.
3696 silly tarball no local data for domhandler@https://registry.npmjs.org/domhandler/-/domhandler-4.3.1.tgz. Extracting by manifest.
3697 silly tarball no local data for domelementtype@https://registry.npmjs.org/domelementtype/-/domelementtype-2.3.0.tgz. Extracting by manifest.
3698 silly tarball no local data for dom-serializer@https://registry.npmjs.org/dom-serializer/-/dom-serializer-1.4.1.tgz. Extracting by manifest.
3699 silly tarball no local data for domutils@https://registry.npmjs.org/domutils/-/domutils-2.8.0.tgz. Extracting by manifest.
3700 silly tarball no local data for dom-serialize@https://registry.npmjs.org/dom-serialize/-/dom-serialize-2.2.1.tgz. Extracting by manifest.
3701 silly tarball no local data for di@https://registry.npmjs.org/di/-/di-0.0.1.tgz. Extracting by manifest.
3702 silly tarball no local data for depd@https://registry.npmjs.org/depd/-/depd-2.0.0.tgz. Extracting by manifest.
3703 silly tarball no local data for destroy@https://registry.npmjs.org/destroy/-/destroy-1.2.0.tgz. Extracting by manifest.
3704 silly tarball no local data for date-format@https://registry.npmjs.org/date-format/-/date-format-4.0.14.tgz. Extracting by manifest.
3705 silly tarball no local data for custom-event@https://registry.npmjs.org/custom-event/-/custom-event-1.0.1.tgz. Extracting by manifest.
3706 silly tarball no local data for css-select@https://registry.npmjs.org/css-select/-/css-select-4.3.0.tgz. Extracting by manifest.
3707 silly tarball no local data for css-what@https://registry.npmjs.org/css-what/-/css-what-6.1.0.tgz. Extracting by manifest.
3708 silly tarball no local data for critters@https://registry.npmjs.org/critters/-/critters-0.0.16.tgz. Extracting by manifest.
3709 silly tarball no local data for convert-source-map@https://registry.npmjs.org/convert-source-map/-/convert-source-map-1.9.0.tgz. Extracting by manifest.
3710 silly tarball no local data for cookie@https://registry.npmjs.org/cookie/-/cookie-0.7.2.tgz. Extracting by manifest.
3711 silly tarball no local data for content-type@https://registry.npmjs.org/content-type/-/content-type-1.0.5.tgz. Extracting by manifest.
3712 silly tarball no local data for cors@https://registry.npmjs.org/cors/-/cors-2.8.5.tgz. Extracting by manifest.
3713 silly tarball no local data for debug@https://registry.npmjs.org/debug/-/debug-2.6.9.tgz. Extracting by manifest.
3714 silly tarball no local data for connect@https://registry.npmjs.org/connect/-/connect-3.7.0.tgz. Extracting by manifest.
3715 silly tarball no local data for ms@https://registry.npmjs.org/ms/-/ms-2.0.0.tgz. Extracting by manifest.
3716 silly tarball no local data for commondir@https://registry.npmjs.org/commondir/-/commondir-1.0.1.tgz. Extracting by manifest.
3717 silly tarball no local data for commander@https://registry.npmjs.org/commander/-/commander-2.20.3.tgz. Extracting by manifest.
3718 silly tarball no local data for clone-deep@https://registry.npmjs.org/clone-deep/-/clone-deep-4.0.1.tgz. Extracting by manifest.
3719 silly tarball no local data for classlist-polyfill@https://registry.npmjs.org/classlist-polyfill/-/classlist-polyfill-1.2.0.tgz. Extracting by manifest.
3720 silly tarball no local data for chrome-trace-event@https://registry.npmjs.org/chrome-trace-event/-/chrome-trace-event-1.0.4.tgz. Extracting by manifest.
3721 silly tarball no local data for camelcase@https://registry.npmjs.org/camelcase/-/camelcase-5.3.1.tgz. Extracting by manifest.
3722 silly tarball no local data for call-bind-apply-helpers@https://registry.npmjs.org/call-bind-apply-helpers/-/call-bind-apply-helpers-1.0.2.tgz. Extracting by manifest.
3723 silly tarball no local data for call-bound@https://registry.npmjs.org/call-bound/-/call-bound-1.0.4.tgz. Extracting by manifest.
3724 silly tarball no local data for bytes@https://registry.npmjs.org/bytes/-/bytes-3.1.2.tgz. Extracting by manifest.
3725 silly tarball no local data for buffer-from@https://registry.npmjs.org/buffer-from/-/buffer-from-1.1.2.tgz. Extracting by manifest.
3726 silly tarball no local data for braces@https://registry.npmjs.org/braces/-/braces-3.0.3.tgz. Extracting by manifest.
3727 silly tarball no local data for brace-expansion@https://registry.npmjs.org/brace-expansion/-/brace-expansion-1.1.11.tgz. Extracting by manifest.
3728 silly tarball no local data for boolbase@https://registry.npmjs.org/boolbase/-/boolbase-1.0.0.tgz. Extracting by manifest.
3729 silly tarball no local data for body-parser@https://registry.npmjs.org/body-parser/-/body-parser-1.20.3.tgz. Extracting by manifest.
3730 silly tarball no local data for ms@https://registry.npmjs.org/ms/-/ms-2.0.0.tgz. Extracting by manifest.
3731 silly tarball no local data for chokidar@https://registry.npmjs.org/chokidar/-/chokidar-3.6.0.tgz. Extracting by manifest.
3732 silly tarball no local data for binary-extensions@https://registry.npmjs.org/binary-extensions/-/binary-extensions-2.3.0.tgz. Extracting by manifest.
3733 silly tarball no local data for big.js@https://registry.npmjs.org/big.js/-/big.js-5.2.2.tgz. Extracting by manifest.
3734 silly tarball no local data for debug@https://registry.npmjs.org/debug/-/debug-2.6.9.tgz. Extracting by manifest.
3735 silly tarball no local data for base64id@https://registry.npmjs.org/base64id/-/base64id-2.0.0.tgz. Extracting by manifest.
3736 silly tarball no local data for babel-plugin-istanbul@https://registry.npmjs.org/babel-plugin-istanbul/-/babel-plugin-istanbul-6.1.1.tgz. Extracting by manifest.
3737 silly tarball no local data for babel-loader@https://registry.npmjs.org/babel-loader/-/babel-loader-8.2.5.tgz. Extracting by manifest.
3738 silly tarball no local data for loader-utils@https://registry.npmjs.org/loader-utils/-/loader-utils-2.0.4.tgz. Extracting by manifest.
3739 silly tarball no local data for argparse@https://registry.npmjs.org/argparse/-/argparse-1.0.10.tgz. Extracting by manifest.
3740 silly tarball no local data for aos@https://registry.npmjs.org/aos/-/aos-2.3.4.tgz. Extracting by manifest.
3741 silly tarball no local data for anymatch@https://registry.npmjs.org/anymatch/-/anymatch-3.1.3.tgz. Extracting by manifest.
3742 silly tarball no local data for ajv-keywords@https://registry.npmjs.org/ajv-keywords/-/ajv-keywords-3.5.2.tgz. Extracting by manifest.
3743 silly tarball no local data for ajv@https://registry.npmjs.org/ajv/-/ajv-8.17.1.tgz. Extracting by manifest.
3744 silly tarball no local data for ajv@https://registry.npmjs.org/ajv/-/ajv-6.12.6.tgz. Extracting by manifest.
3745 silly tarball no local data for adjust-sourcemap-loader@https://registry.npmjs.org/adjust-sourcemap-loader/-/adjust-sourcemap-loader-4.0.0.tgz. Extracting by manifest.
3746 silly tarball no local data for loader-utils@https://registry.npmjs.org/loader-utils/-/loader-utils-2.0.4.tgz. Extracting by manifest.
3747 silly tarball no local data for acorn-import-assertions@https://registry.npmjs.org/acorn-import-assertions/-/acorn-import-assertions-1.9.0.tgz. Extracting by manifest.
3748 silly tarball no local data for acorn@https://registry.npmjs.org/acorn/-/acorn-8.14.1.tgz. Extracting by manifest.
3749 silly tarball no local data for accepts@https://registry.npmjs.org/accepts/-/accepts-1.3.8.tgz. Extracting by manifest.
3750 silly tarball no local data for negotiator@https://registry.npmjs.org/negotiator/-/negotiator-0.6.3.tgz. Extracting by manifest.
3751 silly tarball no local data for @xtuc/long@https://registry.npmjs.org/@xtuc/long/-/long-4.2.2.tgz. Extracting by manifest.
3752 silly tarball no local data for @xtuc/ieee754@https://registry.npmjs.org/@xtuc/ieee754/-/ieee754-1.2.0.tgz. Extracting by manifest.
3753 silly tarball no local data for @webassemblyjs/wast-printer@https://registry.npmjs.org/@webassemblyjs/wast-printer/-/wast-printer-1.11.1.tgz. Extracting by manifest.
3754 silly tarball no local data for @webassemblyjs/wasm-parser@https://registry.npmjs.org/@webassemblyjs/wasm-parser/-/wasm-parser-1.11.1.tgz. Extracting by manifest.
3755 silly tarball no local data for @webassemblyjs/wasm-opt@https://registry.npmjs.org/@webassemblyjs/wasm-opt/-/wasm-opt-1.11.1.tgz. Extracting by manifest.
3756 silly tarball no local data for @webassemblyjs/wasm-gen@https://registry.npmjs.org/@webassemblyjs/wasm-gen/-/wasm-gen-1.11.1.tgz. Extracting by manifest.
3757 silly tarball no local data for @webassemblyjs/wasm-edit@https://registry.npmjs.org/@webassemblyjs/wasm-edit/-/wasm-edit-1.11.1.tgz. Extracting by manifest.
3758 silly tarball no local data for @webassemblyjs/utf8@https://registry.npmjs.org/@webassemblyjs/utf8/-/utf8-1.11.1.tgz. Extracting by manifest.
3759 silly tarball no local data for @webassemblyjs/leb128@https://registry.npmjs.org/@webassemblyjs/leb128/-/leb128-1.11.1.tgz. Extracting by manifest.
3760 silly tarball no local data for @webassemblyjs/ieee754@https://registry.npmjs.org/@webassemblyjs/ieee754/-/ieee754-1.11.1.tgz. Extracting by manifest.
3761 silly tarball no local data for @webassemblyjs/helper-wasm-section@https://registry.npmjs.org/@webassemblyjs/helper-wasm-section/-/helper-wasm-section-1.11.1.tgz. Extracting by manifest.
3762 silly tarball no local data for @webassemblyjs/helper-wasm-bytecode@https://registry.npmjs.org/@webassemblyjs/helper-wasm-bytecode/-/helper-wasm-bytecode-1.11.1.tgz. Extracting by manifest.
3763 silly tarball no local data for @webassemblyjs/helper-numbers@https://registry.npmjs.org/@webassemblyjs/helper-numbers/-/helper-numbers-1.11.1.tgz. Extracting by manifest.
3764 silly tarball no local data for @webassemblyjs/helper-buffer@https://registry.npmjs.org/@webassemblyjs/helper-buffer/-/helper-buffer-1.11.1.tgz. Extracting by manifest.
3765 silly tarball no local data for @webassemblyjs/helper-api-error@https://registry.npmjs.org/@webassemblyjs/helper-api-error/-/helper-api-error-1.11.1.tgz. Extracting by manifest.
3766 silly tarball no local data for @webassemblyjs/floating-point-hex-parser@https://registry.npmjs.org/@webassemblyjs/floating-point-hex-parser/-/floating-point-hex-parser-1.11.1.tgz. Extracting by manifest.
3767 silly tarball no local data for @webassemblyjs/ast@https://registry.npmjs.org/@webassemblyjs/ast/-/ast-1.11.1.tgz. Extracting by manifest.
3768 silly tarball no local data for @types/node@https://registry.npmjs.org/@types/node/-/node-12.20.55.tgz. Extracting by manifest.
3769 silly tarball no local data for @types/json-schema@https://registry.npmjs.org/@types/json-schema/-/json-schema-7.0.15.tgz. Extracting by manifest.
3770 silly tarball no local data for @types/jasmine@https://registry.npmjs.org/@types/jasmine/-/jasmine-3.10.18.tgz. Extracting by manifest.
3771 silly tarball no local data for @types/estree@https://registry.npmjs.org/@types/estree/-/estree-0.0.51.tgz. Extracting by manifest.
3772 silly tarball no local data for @types/eslint-scope@https://registry.npmjs.org/@types/eslint-scope/-/eslint-scope-3.7.7.tgz. Extracting by manifest.
3773 silly tarball no local data for @types/eslint@https://registry.npmjs.org/@types/eslint/-/eslint-9.6.1.tgz. Extracting by manifest.
3774 silly tarball no local data for @types/cors@https://registry.npmjs.org/@types/cors/-/cors-2.8.17.tgz. Extracting by manifest.
3775 silly tarball no local data for @types/aos@https://registry.npmjs.org/@types/aos/-/aos-3.0.7.tgz. Extracting by manifest.
3776 silly tarball no local data for @socket.io/component-emitter@https://registry.npmjs.org/@socket.io/component-emitter/-/component-emitter-3.1.2.tgz. Extracting by manifest.
3777 silly tarball no local data for @jridgewell/sourcemap-codec@https://registry.npmjs.org/@jridgewell/sourcemap-codec/-/sourcemap-codec-1.5.0.tgz. Extracting by manifest.
3778 silly tarball no local data for @jridgewell/source-map@https://registry.npmjs.org/@jridgewell/source-map/-/source-map-0.3.6.tgz. Extracting by manifest.
3779 silly tarball no local data for @jridgewell/set-array@https://registry.npmjs.org/@jridgewell/set-array/-/set-array-1.2.1.tgz. Extracting by manifest.
3780 silly tarball no local data for @jridgewell/gen-mapping@https://registry.npmjs.org/@jridgewell/gen-mapping/-/gen-mapping-0.3.8.tgz. Extracting by manifest.
3781 silly tarball no local data for @jridgewell/resolve-uri@https://registry.npmjs.org/@jridgewell/resolve-uri/-/resolve-uri-3.1.2.tgz. Extracting by manifest.
3782 silly tarball no local data for @istanbuljs/load-nyc-config@https://registry.npmjs.org/@istanbuljs/load-nyc-config/-/load-nyc-config-1.1.0.tgz. Extracting by manifest.
3783 silly tarball no local data for @istanbuljs/schema@https://registry.npmjs.org/@istanbuljs/schema/-/schema-0.1.3.tgz. Extracting by manifest.
3784 silly tarball no local data for @colors/colors@https://registry.npmjs.org/@colors/colors/-/colors-1.5.0.tgz. Extracting by manifest.
3785 silly tarball no local data for @babel/helpers@https://registry.npmjs.org/@babel/helpers/-/helpers-7.27.0.tgz. Extracting by manifest.
3786 silly tarball no local data for @babel/template@https://registry.npmjs.org/@babel/template/-/template-7.27.0.tgz. Extracting by manifest.
3787 silly tarball no local data for @assemblyscript/loader@https://registry.npmjs.org/@assemblyscript/loader/-/loader-0.10.1.tgz. Extracting by manifest.
3788 warn deprecated inflight@1.0.6: This module is not supported, and leaks memory. Do not use it. Check out lru-cache if you want a good and tested way to coalesce async requests by a key value, which is much more comprehensive and powerful.
3789 warn deprecated read-package-json@5.0.2: This package is no longer supported. Please use @npmcli/package-json instead.
3790 warn deprecated @npmcli/move-file@2.0.1: This functionality has been moved to @npmcli/fs
3791 warn deprecated npmlog@6.0.2: This package is no longer supported.
3792 warn deprecated rimraf@3.0.2: Rimraf versions prior to v4 are no longer supported
3793 warn deprecated are-we-there-yet@3.0.1: This package is no longer supported.
3794 warn deprecated glob@8.1.0: Glob versions prior to v9 are no longer supported
3795 warn deprecated glob@8.1.0: Glob versions prior to v9 are no longer supported
3796 warn deprecated glob@8.1.0: Glob versions prior to v9 are no longer supported
3797 warn deprecated sourcemap-codec@1.4.8: Please use @jridgewell/sourcemap-codec instead
3798 http fetch GET 200 https://registry.npmjs.org/process-nextick-args/-/process-nextick-args-2.0.1.tgz 635ms (cache miss)
3799 http fetch GET 200 https://registry.npmjs.org/minimalistic-assert/-/minimalistic-assert-1.0.1.tgz 637ms (cache miss)
3800 http fetch GET 200 https://registry.npmjs.org/core-util-is/-/core-util-is-1.0.3.tgz 637ms (cache miss)
3801 http fetch GET 200 https://registry.npmjs.org/detect-node/-/detect-node-2.1.0.tgz 642ms (cache miss)
3802 http fetch GET 200 https://registry.npmjs.org/handle-thing/-/handle-thing-2.0.1.tgz 644ms (cache miss)
3803 http fetch GET 200 https://registry.npmjs.org/obuf/-/obuf-1.1.2.tgz 648ms (cache miss)
3804 http fetch GET 200 https://registry.npmjs.org/wbuf/-/wbuf-1.7.3.tgz 649ms (cache miss)
3805 http fetch GET 200 https://registry.npmjs.org/string_decoder/-/string_decoder-1.1.1.tgz 646ms (cache miss)
3806 http fetch GET 200 https://registry.npmjs.org/shebang-regex/-/shebang-regex-3.0.0.tgz 647ms (cache miss)
3807 http fetch GET 200 https://registry.npmjs.org/select-hose/-/select-hose-2.0.0.tgz 649ms (cache miss)
3808 warn deprecated gauge@4.0.4: This package is no longer supported.
3809 http fetch GET 200 https://registry.npmjs.org/http-deceiver/-/http-deceiver-1.2.7.tgz 651ms (cache miss)
3810 http fetch GET 200 https://registry.npmjs.org/http-parser-js/-/http-parser-js-0.5.10.tgz 658ms (cache miss)
3811 http fetch GET 200 https://registry.npmjs.org/forwarded/-/forwarded-0.2.0.tgz 654ms (cache miss)
3812 http fetch GET 200 https://registry.npmjs.org/is-plain-obj/-/is-plain-obj-3.0.0.tgz 654ms (cache miss)
3813 http fetch GET 200 https://registry.npmjs.org/batch/-/batch-0.6.1.tgz 656ms (cache miss)
3814 http fetch GET 200 https://registry.npmjs.org/thunky/-/thunky-1.1.0.tgz 657ms (cache miss)
3815 http fetch GET 200 https://registry.npmjs.org/safe-buffer/-/safe-buffer-5.1.2.tgz 661ms (cache miss)
3816 http fetch GET 200 https://registry.npmjs.org/ms/-/ms-2.1.3.tgz 662ms (cache miss)
3817 http fetch GET 200 https://registry.npmjs.org/statuses/-/statuses-2.0.2.tgz 666ms (cache miss)
3818 http fetch GET 200 https://registry.npmjs.org/serve-static/-/serve-static-1.16.3.tgz 669ms (cache miss)
3819 http fetch GET 200 https://registry.npmjs.org/path-to-regexp/-/path-to-regexp-0.1.12.tgz 673ms (cache miss)
3820 http fetch GET 200 https://registry.npmjs.org/encodeurl/-/encodeurl-2.0.0.tgz 674ms (cache miss)
3821 http fetch GET 200 https://registry.npmjs.org/websocket-extensions/-/websocket-extensions-0.1.4.tgz 686ms (cache miss)
3822 http fetch GET 200 https://registry.npmjs.org/http-errors/-/http-errors-2.0.1.tgz 678ms (cache miss)
3823 http fetch GET 200 https://registry.npmjs.org/ms/-/ms-2.0.0.tgz 678ms (cache miss)
3824 http fetch GET 200 https://registry.npmjs.org/isarray/-/isarray-1.0.0.tgz 678ms (cache miss)
3825 http fetch GET 200 https://registry.npmjs.org/dns-packet/-/dns-packet-5.6.1.tgz 682ms (cache miss)
3826 warn deprecated tar@6.2.1: Old versions of tar are not supported, and contain widely publicized security vulnerabilities, which have been fixed in the current version. Please update. Support for old versions may be purchased (at exhorbitant rates) by contacting i@izs.me
3827 http fetch GET 200 https://registry.npmjs.org/methods/-/methods-1.1.2.tgz 686ms (cache miss)
3828 http fetch GET 200 https://registry.npmjs.org/faye-websocket/-/faye-websocket-0.11.4.tgz 694ms (cache miss)
3829 http fetch GET 200 https://registry.npmjs.org/encodeurl/-/encodeurl-2.0.0.tgz 687ms (cache miss)
3830 http fetch GET 200 https://registry.npmjs.org/cookie-signature/-/cookie-signature-1.0.7.tgz 687ms (cache miss)
3831 http fetch GET 200 https://registry.npmjs.org/send/-/send-0.19.2.tgz 692ms (cache miss)
3832 http fetch GET 200 https://registry.npmjs.org/array-flatten/-/array-flatten-1.1.1.tgz 691ms (cache miss)
3833 http fetch GET 200 https://registry.npmjs.org/shebang-command/-/shebang-command-2.0.0.tgz 693ms (cache miss)
3834 http fetch GET 200 https://registry.npmjs.org/proxy-addr/-/proxy-addr-2.0.7.tgz 696ms (cache miss)
3835 http fetch GET 200 https://registry.npmjs.org/etag/-/etag-1.8.1.tgz 697ms (cache miss)
3836 http fetch GET 200 https://registry.npmjs.org/mime/-/mime-1.6.0.tgz 708ms (cache miss)
3837 http fetch GET 200 https://registry.npmjs.org/npm-run-path/-/npm-run-path-4.0.1.tgz 705ms (cache miss)
3838 http fetch GET 200 https://registry.npmjs.org/hpack.js/-/hpack.js-2.1.6.tgz 718ms (cache miss)
3839 http fetch GET 200 https://registry.npmjs.org/content-disposition/-/content-disposition-0.5.4.tgz 710ms (cache miss)
3840 http fetch GET 200 https://registry.npmjs.org/strip-final-newline/-/strip-final-newline-2.0.0.tgz 750ms (cache miss)
3841 http fetch GET 200 https://registry.npmjs.org/path-key/-/path-key-3.1.1.tgz 751ms (cache miss)
3842 http fetch POST 200 https://registry.npmjs.org/-/npm/v1/security/advisories/bulk 851ms
3843 silly audit report {
3843 silly audit report   semver: [
3843 silly audit report     {
3843 silly audit report       id: 1101088,
3843 silly audit report       url: 'https://github.com/advisories/GHSA-c2qf-rxjj-qqgw',
3843 silly audit report       title: 'semver vulnerable to Regular Expression Denial of Service',
3843 silly audit report       severity: 'high',
3843 silly audit report       vulnerable_versions: '>=7.0.0 <7.5.2',
3843 silly audit report       cwe: [Array],
3843 silly audit report       cvss: [Object]
3843 silly audit report     }
3843 silly audit report   ],
3843 silly audit report   'brace-expansion': [
3843 silly audit report     {
3843 silly audit report       id: 1105443,
3843 silly audit report       url: 'https://github.com/advisories/GHSA-v6h2-p8h4-qcjw',
3843 silly audit report       title: 'brace-expansion Regular Expression Denial of Service vulnerability',
3843 silly audit report       severity: 'low',
3843 silly audit report       vulnerable_versions: '>=1.0.0 <=1.1.11',
3843 silly audit report       cwe: [Array],
3843 silly audit report       cvss: [Object]
3843 silly audit report     }
3843 silly audit report   ],
3843 silly audit report   'js-yaml': [
3843 silly audit report     {
3843 silly audit report       id: 1109801,
3843 silly audit report       url: 'https://github.com/advisories/GHSA-mh29-5h37-fv8m',
3843 silly audit report       title: 'js-yaml has prototype pollution in merge (<<)',
3843 silly audit report       severity: 'moderate',
3843 silly audit report       vulnerable_versions: '<3.14.2',
3843 silly audit report       cwe: [Array],
3843 silly audit report       cvss: [Object]
3843 silly audit report     }
3843 silly audit report   ],
3843 silly audit report   tmp: [
3843 silly audit report     {
3843 silly audit report       id: 1109537,
3843 silly audit report       url: 'https://github.com/advisories/GHSA-52f5-9888-hmc6',
3843 silly audit report       title: 'tmp allows arbitrary temporary file / directory write via symbolic link `dir` parameter',
3843 silly audit report       severity: 'low',
3843 silly audit report       vulnerable_versions: '<=0.2.3',
3843 silly audit report       cwe: [Array],
3843 silly audit report       cvss: [Object]
3843 silly audit report     }
3843 silly audit report   ],
3843 silly audit report   qs: [
3843 silly audit report     {
3843 silly audit report       id: 1111755,
3843 silly audit report       url: 'https://github.com/advisories/GHSA-6rw7-vpxm-498p',
3843 silly audit report       title: "qs's arrayLimit bypass in its bracket notation allows DoS via memory exhaustion",
3843 silly audit report       severity: 'high',
3843 silly audit report       vulnerable_versions: '<6.14.1',
3843 silly audit report       cwe: [Array],
3843 silly audit report       cvss: [Object]
3843 silly audit report     }
3843 silly audit report   ],
3843 silly audit report   webpack: [
3843 silly audit report     {
3843 silly audit report       id: 1099351,
3843 silly audit report       url: 'https://github.com/advisories/GHSA-4vvj-4cpr-p986',
3843 silly audit report       title: "Webpack's AutoPublicPathRuntimeModule has a DOM Clobbering Gadget that leads to XSS",
3843 silly audit report       severity: 'moderate',
3843 silly audit report       vulnerable_versions: '>=5.0.0-alpha.0 <5.94.0',
3843 silly audit report       cwe: [Array],
3843 silly audit report       cvss: [Object]
3843 silly audit report     }
3843 silly audit report   ],
3843 silly audit report   '@angular/compiler': [
3843 silly audit report     {
3843 silly audit report       id: 1111180,
3843 silly audit report       url: 'https://github.com/advisories/GHSA-v4hv-rgfq-gp49',
3843 silly audit report       title: 'Angular Stored XSS Vulnerability via SVG Animation, SVG URL and MathML Attributes',
3843 silly audit report       severity: 'high',
3843 silly audit report       vulnerable_versions: '<=18.2.14',
3843 silly audit report       cwe: [Array],
3843 silly audit report       cvss: [Object]
3843 silly audit report     },
3843 silly audit report     {
3843 silly audit report       id: 1112156,
3843 silly audit report       url: 'https://github.com/advisories/GHSA-jrmj-c5cx-3cw6',
3843 silly audit report       title: 'Angular has XSS Vulnerability via Unsanitized SVG Script Attributes',
3843 silly audit report       severity: 'high',
3843 silly audit report       vulnerable_versions: '<=18.2.14',
3843 silly audit report       cwe: [Array],
3843 silly audit report       cvss: [Object]
3843 silly audit report     }
3843 silly audit report   ],
3843 silly audit report   '@angular/core': [
3843 silly audit report     {
3843 silly audit report       id: 1112155,
3843 silly audit report       url: 'https://github.com/advisories/GHSA-jrmj-c5cx-3cw6',
3843 silly audit report       title: 'Angular has XSS Vulnerability via Unsanitized SVG Script Attributes',
3843 silly audit report       severity: 'high',
3843 silly audit report       vulnerable_versions: '<=18.2.14',
3843 silly audit report       cwe: [Array],
3843 silly audit report       cvss: [Object]
3843 silly audit report     }
3843 silly audit report   ],
3843 silly audit report   '@angular/common': [
3843 silly audit report     {
3843 silly audit report       id: 1111063,
3843 silly audit report       url: 'https://github.com/advisories/GHSA-58c5-g7wp-6w37',
3843 silly audit report       title: 'Angular is Vulnerable to XSRF Token Leakage via Protocol-Relative URLs in Angular HTTP Client',
3843 silly audit report       severity: 'high',
3843 silly audit report       vulnerable_versions: '<19.2.16',
3843 silly audit report       cwe: [Array],
3843 silly audit report       cvss: [Object]
3843 silly audit report     }
3843 silly audit report   ],
3843 silly audit report   'webpack-dev-server': [
3843 silly audit report     {
3843 silly audit report       id: 1108429,
3843 silly audit report       url: 'https://github.com/advisories/GHSA-9jgg-88mc-972h',
3843 silly audit report       title: "webpack-dev-server users' source code may be stolen when they access a malicious web site with non-Chromium based browser",
3843 silly audit report       severity: 'moderate',
3843 silly audit report       vulnerable_versions: '<=5.2.0',
3843 silly audit report       cwe: [Array],
3843 silly audit report       cvss: [Object]
3843 silly audit report     },
3843 silly audit report     {
3843 silly audit report       id: 1108430,
3843 silly audit report       url: 'https://github.com/advisories/GHSA-4v9v-hfq4-rm2v',
3843 silly audit report       title: "webpack-dev-server users' source code may be stolen when they access a malicious web site",
3843 silly audit report       severity: 'moderate',
3843 silly audit report       vulnerable_versions: '<=5.2.0',
3843 silly audit report       cwe: [Array],
3843 silly audit report       cvss: [Object]
3843 silly audit report     }
3843 silly audit report   ],
3843 silly audit report   '@babel/runtime': [
3843 silly audit report     {
3843 silly audit report       id: 1104000,
3843 silly audit report       url: 'https://github.com/advisories/GHSA-968p-4wvh-cqc8',
3843 silly audit report       title: 'Babel has inefficient RegExp complexity in generated code with .replace when transpiling named capturing groups',
3843 silly audit report       severity: 'moderate',
3843 silly audit report       vulnerable_versions: '<7.26.10',
3843 silly audit report       cwe: [Array],
3843 silly audit report       cvss: [Object]
3843 silly audit report     }
3843 silly audit report   ],
3843 silly audit report   esbuild: [
3843 silly audit report     {
3843 silly audit report       id: 1102341,
3843 silly audit report       url: 'https://github.com/advisories/GHSA-67mh-4wv8-2f99',
3843 silly audit report       title: 'esbuild enables any website to send any requests to the development server and read the response',
3843 silly audit report       severity: 'moderate',
3843 silly audit report       vulnerable_versions: '<=0.24.2',
3843 silly audit report       cwe: [Array],
3843 silly audit report       cvss: [Object]
3843 silly audit report     }
3843 silly audit report   ],
3843 silly audit report   'webpack-dev-middleware': [
3843 silly audit report     {
3843 silly audit report       id: 1096729,
3843 silly audit report       url: 'https://github.com/advisories/GHSA-wr3j-pwj9-hqq6',
3843 silly audit report       title: 'Path traversal in webpack-dev-middleware',
3843 silly audit report       severity: 'high',
3843 silly audit report       vulnerable_versions: '<=5.3.3',
3843 silly audit report       cwe: [Array],
3843 silly audit report       cvss: [Object]
3843 silly audit report     }
3843 silly audit report   ],
3843 silly audit report   tar: [
3843 silly audit report     {
3843 silly audit report       id: 1112255,
3843 silly audit report       url: 'https://github.com/advisories/GHSA-8qq5-rm4j-mr97',
3843 silly audit report       title: 'node-tar is Vulnerable to Arbitrary File Overwrite and Symlink Poisoning via Insufficient Path Sanitization',
3843 silly audit report       severity: 'high',
3843 silly audit report       vulnerable_versions: '<=7.5.2',
3843 silly audit report       cwe: [Array],
3843 silly audit report       cvss: [Object]
3843 silly audit report     }
3843 silly audit report   ]
3843 silly audit report }
3844 silly packumentCache corgi:https://registry.npmjs.org/semver cache-miss
3845 silly packumentCache corgi:https://registry.npmjs.org/brace-expansion cache-miss
3846 silly packumentCache corgi:https://registry.npmjs.org/js-yaml cache-miss
3847 silly packumentCache corgi:https://registry.npmjs.org/tmp cache-miss
3848 silly packumentCache corgi:https://registry.npmjs.org/qs cache-miss
3849 silly packumentCache corgi:https://registry.npmjs.org/webpack cache-miss
3850 silly packumentCache corgi:https://registry.npmjs.org/@angular%2fcompiler cache-miss
3851 silly packumentCache corgi:https://registry.npmjs.org/@angular%2fcore cache-miss
3852 silly packumentCache corgi:https://registry.npmjs.org/@angular%2fcommon cache-miss
3853 silly packumentCache corgi:https://registry.npmjs.org/webpack-dev-server cache-miss
3854 silly packumentCache corgi:https://registry.npmjs.org/@babel%2fruntime cache-miss
3855 silly packumentCache corgi:https://registry.npmjs.org/esbuild cache-miss
3856 silly packumentCache corgi:https://registry.npmjs.org/webpack-dev-middleware cache-miss
3857 silly packumentCache corgi:https://registry.npmjs.org/tar cache-miss
3858 http fetch GET 200 https://registry.npmjs.org/websocket-driver/-/websocket-driver-0.7.4.tgz 765ms (cache miss)
3859 http fetch GET 200 https://registry.npmjs.org/debug/-/debug-2.6.9.tgz 776ms (cache miss)
3860 http fetch GET 200 https://registry.npmjs.org/readable-stream/-/readable-stream-2.3.8.tgz 779ms (cache miss)
3861 http fetch GET 200 https://registry.npmjs.org/get-stream/-/get-stream-6.0.1.tgz 773ms (cache miss)
3862 http fetch GET 200 https://registry.npmjs.org/merge-descriptors/-/merge-descriptors-1.0.3.tgz 776ms (cache miss)
3863 http fetch GET 200 https://registry.npmjs.org/ipaddr.js/-/ipaddr.js-1.9.1.tgz 793ms (cache miss)
3864 http fetch GET 200 https://registry.npmjs.org/cross-spawn/-/cross-spawn-7.0.6.tgz 792ms (cache miss)
3865 http fetch GET 200 https://registry.npmjs.org/execa/-/execa-5.1.1.tgz 800ms (cache miss)
3866 http fetch GET 200 https://registry.npmjs.org/@types/http-errors/-/http-errors-2.0.5.tgz 804ms (cache miss)
3867 http fetch GET 200 https://registry.npmjs.org/on-headers/-/on-headers-1.1.0.tgz 811ms (cache miss)
3868 http fetch GET 200 https://registry.npmjs.org/is-stream/-/is-stream-2.0.1.tgz 810ms (cache miss)
3869 http fetch GET 200 https://registry.npmjs.org/@types/send/-/send-1.2.1.tgz 810ms (cache miss)
3870 http fetch GET 200 https://registry.npmjs.org/fresh/-/fresh-0.5.2.tgz 813ms (cache miss)
3871 http fetch GET 200 https://registry.npmjs.org/@types/express-serve-static-core/-/express-serve-static-core-5.1.1.tgz 813ms (cache miss)
3872 http fetch GET 200 https://registry.npmjs.org/setprototypeof/-/setprototypeof-1.1.0.tgz 813ms (cache miss)
3873 http fetch GET 200 https://registry.npmjs.org/inherits/-/inherits-2.0.3.tgz 812ms (cache miss)
3874 http fetch GET 200 https://registry.npmjs.org/@types/qs/-/qs-6.14.0.tgz 818ms (cache miss)
3875 http fetch GET 200 https://registry.npmjs.org/multicast-dns/-/multicast-dns-7.2.5.tgz 822ms (cache miss)
3876 http fetch GET 200 https://registry.npmjs.org/tmp 68ms (cache hit)
3877 silly packumentCache corgi:https://registry.npmjs.org/tmp set size:23979 disposed:false
3878 http fetch GET 200 https://registry.npmjs.org/tar 68ms (cache hit)
3879 silly packumentCache corgi:https://registry.npmjs.org/tar set size:190166 disposed:false
3880 http fetch GET 200 https://registry.npmjs.org/@types/body-parser/-/body-parser-1.19.6.tgz 823ms (cache miss)
3881 http fetch GET 200 https://registry.npmjs.org/http-errors/-/http-errors-1.6.3.tgz 823ms (cache miss)
3882 http fetch GET 200 https://registry.npmjs.org/human-signals/-/human-signals-2.1.0.tgz 829ms (cache miss)
3883 http fetch GET 200 https://registry.npmjs.org/@types/connect/-/connect-3.4.38.tgz 832ms (cache miss)
3884 http fetch GET 200 https://registry.npmjs.org/p-retry/-/p-retry-4.6.2.tgz 839ms (cache miss)
3885 http fetch GET 200 https://registry.npmjs.org/depd/-/depd-1.1.2.tgz 842ms (cache miss)
3886 http fetch GET 200 https://registry.npmjs.org/spdy/-/spdy-4.0.2.tgz 846ms (cache miss)
3887 http fetch GET 200 https://registry.npmjs.org/spdy-transport/-/spdy-transport-3.0.0.tgz 854ms (cache miss)
3888 http fetch GET 200 https://registry.npmjs.org/selfsigned/-/selfsigned-2.4.1.tgz 843ms (cache miss)
3889 http fetch GET 200 https://registry.npmjs.org/retry/-/retry-0.13.1.tgz 843ms (cache miss)
3890 http fetch GET 200 https://registry.npmjs.org/ms/-/ms-2.0.0.tgz 845ms (cache miss)
3891 http fetch GET 200 https://registry.npmjs.org/statuses/-/statuses-2.0.2.tgz 847ms (cache miss)
3892 http fetch GET 200 https://registry.npmjs.org/ms/-/ms-2.0.0.tgz 846ms (cache miss)
3893 http fetch GET 200 https://registry.npmjs.org/connect-history-api-fallback/-/connect-history-api-fallback-2.0.0.tgz 853ms (cache miss)
3894 http fetch GET 200 https://registry.npmjs.org/default-gateway/-/default-gateway-6.0.3.tgz 855ms (cache miss)
3895 http fetch GET 200 https://registry.npmjs.org/ipaddr.js/-/ipaddr.js-2.3.0.tgz 859ms (cache miss)
3896 http fetch GET 200 https://registry.npmjs.org/compression/-/compression-1.8.1.tgz 858ms (cache miss)
3897 http fetch GET 200 https://registry.npmjs.org/encodeurl/-/encodeurl-2.0.0.tgz 858ms (cache miss)
3898 http fetch GET 200 https://registry.npmjs.org/ms/-/ms-2.0.0.tgz 858ms (cache miss)
3899 http fetch GET 200 https://registry.npmjs.org/debug/-/debug-2.6.9.tgz 863ms (cache miss)
3900 http fetch GET 200 https://registry.npmjs.org/finalhandler/-/finalhandler-1.3.2.tgz 860ms (cache miss)
3901 http fetch GET 200 https://registry.npmjs.org/@types/http-proxy/-/http-proxy-1.17.17.tgz 875ms (cache miss)
3902 http fetch GET 200 https://registry.npmjs.org/ansi-html-community/-/ansi-html-community-0.0.8.tgz 860ms (cache miss)
3903 http fetch GET 200 https://registry.npmjs.org/@types/node-forge/-/node-forge-1.3.14.tgz 877ms (cache miss)
3904 http fetch GET 200 https://registry.npmjs.org/debug/-/debug-2.6.9.tgz 866ms (cache miss)
3905 http fetch GET 200 https://registry.npmjs.org/sockjs/-/sockjs-0.3.24.tgz 869ms (cache miss)
3906 http fetch GET 200 https://registry.npmjs.org/colorette/-/colorette-2.0.20.tgz 870ms (cache miss)
3907 http fetch GET 200 https://registry.npmjs.org/debug/-/debug-2.6.9.tgz 873ms (cache miss)
3908 http fetch GET 200 https://registry.npmjs.org/express/-/express-4.22.1.tgz 882ms (cache miss)
3909 http fetch GET 200 https://registry.npmjs.org/fs-monkey/-/fs-monkey-1.1.0.tgz 878ms (cache miss)
3910 http fetch GET 200 https://registry.npmjs.org/unique-slug/-/unique-slug-2.0.2.tgz 878ms (cache miss)
3911 http fetch GET 200 https://registry.npmjs.org/http-proxy-middleware/-/http-proxy-middleware-2.0.9.tgz 887ms (cache miss)
3912 http fetch GET 200 https://registry.npmjs.org/qs/-/qs-6.14.1.tgz 888ms (cache miss)
3913 http fetch GET 200 https://registry.npmjs.org/bonjour-service/-/bonjour-service-1.3.0.tgz 890ms (cache miss)
3914 http fetch GET 200 https://registry.npmjs.org/unicode-canonical-property-names-ecmascript/-/unicode-canonical-property-names-ecmascript-2.0.1.tgz 898ms (cache miss)
3915 http fetch GET 200 https://registry.npmjs.org/html-entities/-/html-entities-2.6.0.tgz 906ms (cache miss)
3916 http fetch GET 200 https://registry.npmjs.org/unicode-property-aliases-ecmascript/-/unicode-property-aliases-ecmascript-2.2.0.tgz 919ms (cache miss)
3917 http fetch GET 200 https://registry.npmjs.org/serve-index/-/serve-index-1.9.1.tgz 931ms (cache miss)
3918 http fetch GET 200 https://registry.npmjs.org/@jridgewell/trace-mapping/-/trace-mapping-0.3.31.tgz 952ms (cache miss)
3919 http fetch GET 200 https://registry.npmjs.org/@leichtgewicht/ip-codec/-/ip-codec-2.0.5.tgz 951ms (cache miss)
3920 http fetch GET 200 https://registry.npmjs.org/abab/-/abab-2.0.6.tgz 934ms (cache miss)
3921 warn deprecated abab@2.0.6: Use your platform's native atob() and btoa() methods instead
3922 http fetch GET 200 https://registry.npmjs.org/memfs/-/memfs-3.5.3.tgz 947ms (cache miss)
3923 http fetch GET 200 https://registry.npmjs.org/compressible/-/compressible-2.0.18.tgz 948ms (cache miss)
3924 http fetch GET 200 https://registry.npmjs.org/@types/range-parser/-/range-parser-1.2.7.tgz 971ms (cache miss)
3925 http fetch GET 200 https://registry.npmjs.org/unicode-match-property-ecmascript/-/unicode-match-property-ecmascript-2.0.0.tgz 960ms (cache miss)
3926 http fetch GET 200 https://registry.npmjs.org/queue-microtask/-/queue-microtask-1.2.3.tgz 960ms (cache miss)
3927 http fetch GET 200 https://registry.npmjs.org/unicode-match-property-value-ecmascript/-/unicode-match-property-value-ecmascript-2.2.1.tgz 967ms (cache miss)
3928 http fetch GET 200 https://registry.npmjs.org/jsesc/-/jsesc-3.1.0.tgz 985ms (cache miss)
3929 http fetch GET 200 https://registry.npmjs.org/regjsparser/-/regjsparser-0.13.0.tgz 986ms (cache miss)
3930 http fetch GET 200 https://registry.npmjs.org/node-forge/-/node-forge-1.3.3.tgz 1008ms (cache miss)
3931 http fetch GET 200 https://registry.npmjs.org/regjsgen/-/regjsgen-0.8.0.tgz 992ms (cache miss)
3932 http fetch GET 200 https://registry.npmjs.org/pify/-/pify-2.3.0.tgz 1004ms (cache miss)
3933 http fetch GET 200 https://registry.npmjs.org/regenerate/-/regenerate-1.4.2.tgz 1031ms (cache miss)
3934 http fetch GET 200 https://registry.npmjs.org/cssesc/-/cssesc-3.0.0.tgz 1032ms (cache miss)
3935 http fetch GET 200 https://registry.npmjs.org/immutable/-/immutable-4.3.7.tgz 1039ms (cache miss)
3936 http fetch GET 200 https://registry.npmjs.org/postcss-replace-overflow-wrap/-/postcss-replace-overflow-wrap-4.0.0.tgz 1083ms (cache miss)
3937 http fetch GET 200 https://registry.npmjs.org/postcss-place/-/postcss-place-7.0.5.tgz 1085ms (cache miss)
3938 http fetch GET 200 https://registry.npmjs.org/postcss-selector-not/-/postcss-selector-not-6.0.1.tgz 1097ms (cache miss)
3939 http fetch GET 200 https://registry.npmjs.org/@types/serve-static/-/serve-static-1.15.10.tgz 1106ms (cache miss)
3940 http fetch GET 200 https://registry.npmjs.org/postcss-pseudo-class-any-link/-/postcss-pseudo-class-any-link-7.1.6.tgz 1101ms (cache miss)
3941 http fetch GET 200 https://registry.npmjs.org/@types/serve-index/-/serve-index-1.9.4.tgz 1109ms (cache miss)
3942 http fetch GET 200 https://registry.npmjs.org/postcss-page-break/-/postcss-page-break-3.0.4.tgz 1102ms (cache miss)
3943 http fetch GET 200 https://registry.npmjs.org/@types/send/-/send-0.17.6.tgz 1113ms (cache miss)
3944 http fetch GET 200 https://registry.npmjs.org/@types/express/-/express-4.17.25.tgz 1126ms (cache miss)
3945 http fetch GET 200 https://registry.npmjs.org/postcss-opacity-percentage/-/postcss-opacity-percentage-1.1.3.tgz 1127ms (cache miss)
3946 http fetch GET 200 https://registry.npmjs.org/postcss-media-minmax/-/postcss-media-minmax-5.0.0.tgz 1131ms (cache miss)
3947 http fetch GET 200 https://registry.npmjs.org/postcss-overflow-shorthand/-/postcss-overflow-shorthand-3.0.4.tgz 1134ms (cache miss)
3948 http fetch GET 200 https://registry.npmjs.org/@types/ws/-/ws-8.18.1.tgz 1142ms (cache miss)
3949 http fetch GET 200 https://registry.npmjs.org/postcss-initial/-/postcss-initial-4.0.1.tgz 1137ms (cache miss)
3950 http fetch GET 200 https://registry.npmjs.org/fraction.js/-/fraction.js-5.3.4.tgz 1148ms (cache miss)
3951 http fetch GET 200 https://registry.npmjs.org/postcss-gap-properties/-/postcss-gap-properties-3.0.5.tgz 1146ms (cache miss)
3952 http fetch GET 200 https://registry.npmjs.org/postcss-selector-parser/-/postcss-selector-parser-6.1.2.tgz 1153ms (cache miss)
3953 http fetch GET 200 https://registry.npmjs.org/postcss-font-variant/-/postcss-font-variant-5.0.0.tgz 1150ms (cache miss)
3954 http fetch GET 200 https://registry.npmjs.org/postcss-nesting/-/postcss-nesting-10.2.0.tgz 1155ms (cache miss)
3955 http fetch GET 200 https://registry.npmjs.org/postcss-focus-within/-/postcss-focus-within-5.0.4.tgz 1155ms (cache miss)
3956 http fetch GET 200 https://registry.npmjs.org/postcss-focus-visible/-/postcss-focus-visible-6.0.4.tgz 1155ms (cache miss)
3957 http fetch GET 200 https://registry.npmjs.org/postcss-logical/-/postcss-logical-5.0.4.tgz 1160ms (cache miss)
3958 http fetch GET 200 https://registry.npmjs.org/postcss-env-function/-/postcss-env-function-4.0.6.tgz 1158ms (cache miss)
3959 http fetch GET 200 https://registry.npmjs.org/postcss-double-position-gradients/-/postcss-double-position-gradients-3.1.2.tgz 1167ms (cache miss)
3960 http fetch GET 200 https://registry.npmjs.org/postcss-lab-function/-/postcss-lab-function-4.2.1.tgz 1173ms (cache miss)
3961 http fetch GET 200 https://registry.npmjs.org/postcss-image-set-function/-/postcss-image-set-function-4.0.7.tgz 1173ms (cache miss)
3962 http fetch GET 200 https://registry.npmjs.org/postcss-custom-selectors/-/postcss-custom-selectors-6.0.3.tgz 1172ms (cache miss)
3963 http fetch GET 200 https://registry.npmjs.org/@types/mime/-/mime-1.3.5.tgz 1208ms (cache miss)
3964 http fetch GET 200 https://registry.npmjs.org/postcss-dir-pseudo-class/-/postcss-dir-pseudo-class-6.0.5.tgz 1177ms (cache miss)
3965 http fetch GET 200 https://registry.npmjs.org/postcss-selector-parser/-/postcss-selector-parser-6.1.2.tgz 1183ms (cache miss)
3966 http fetch GET 200 https://registry.npmjs.org/postcss-custom-media/-/postcss-custom-media-8.0.2.tgz 1179ms (cache miss)
3967 http fetch GET 200 https://registry.npmjs.org/postcss-custom-properties/-/postcss-custom-properties-12.1.11.tgz 1183ms (cache miss)
3968 http fetch GET 200 https://registry.npmjs.org/postcss-color-functional-notation/-/postcss-color-functional-notation-4.2.4.tgz 1182ms (cache miss)
3969 http fetch GET 200 https://registry.npmjs.org/postcss-clamp/-/postcss-clamp-4.1.0.tgz 1185ms (cache miss)
3970 http fetch GET 200 https://registry.npmjs.org/postcss-color-hex-alpha/-/postcss-color-hex-alpha-8.0.4.tgz 1185ms (cache miss)
3971 http fetch GET 200 https://registry.npmjs.org/postcss-selector-parser/-/postcss-selector-parser-6.1.2.tgz 1195ms (cache miss)
3972 http fetch GET 200 https://registry.npmjs.org/postcss-selector-parser/-/postcss-selector-parser-6.1.2.tgz 1198ms (cache miss)
3973 http fetch GET 200 https://registry.npmjs.org/postcss-attribute-case-insensitive/-/postcss-attribute-case-insensitive-5.0.2.tgz 1195ms (cache miss)
3974 http fetch GET 200 https://registry.npmjs.org/postcss-selector-parser/-/postcss-selector-parser-6.1.2.tgz 1199ms (cache miss)
3975 http fetch GET 200 https://registry.npmjs.org/postcss-selector-parser/-/postcss-selector-parser-6.1.2.tgz 1198ms (cache miss)
3976 http fetch GET 200 https://registry.npmjs.org/cssdb/-/cssdb-7.11.2.tgz 1200ms (cache miss)
3977 http fetch GET 200 https://registry.npmjs.org/css-has-pseudo/-/css-has-pseudo-3.0.4.tgz 1202ms (cache miss)
3978 http fetch GET 200 https://registry.npmjs.org/@adobe/css-tools/-/css-tools-4.4.4.tgz 1215ms (cache miss)
3979 http fetch GET 200 https://registry.npmjs.org/postcss-selector-parser/-/postcss-selector-parser-6.1.2.tgz 1209ms (cache miss)
3980 http fetch GET 200 https://registry.npmjs.org/css-prefers-color-scheme/-/css-prefers-color-scheme-6.0.3.tgz 1213ms (cache miss)
3981 http fetch GET 200 https://registry.npmjs.org/css-blank-pseudo/-/css-blank-pseudo-3.0.3.tgz 1214ms (cache miss)
3982 http fetch GET 200 https://registry.npmjs.org/@types/retry/-/retry-0.12.0.tgz 1250ms (cache miss)
3983 http fetch GET 200 https://registry.npmjs.org/postcss-selector-parser/-/postcss-selector-parser-6.1.2.tgz 1225ms (cache miss)
3984 http fetch GET 200 https://registry.npmjs.org/postcss-selector-parser/-/postcss-selector-parser-6.1.2.tgz 1236ms (cache miss)
3985 http fetch GET 200 https://registry.npmjs.org/postcss-selector-parser/-/postcss-selector-parser-6.1.2.tgz 1244ms (cache miss)
3986 http fetch GET 200 https://registry.npmjs.org/autoprefixer/-/autoprefixer-10.4.23.tgz 1247ms (cache miss)
3987 http fetch GET 200 https://registry.npmjs.org/postcss-color-rebeccapurple/-/postcss-color-rebeccapurple-7.1.1.tgz 1281ms (cache miss)
3988 http fetch GET 200 https://registry.npmjs.org/regenerate-unicode-properties/-/regenerate-unicode-properties-10.2.2.tgz 1321ms (cache miss)
3989 http fetch GET 200 https://registry.npmjs.org/@types/sockjs/-/sockjs-0.3.36.tgz 1495ms (cache miss)
3990 http fetch GET 200 https://registry.npmjs.org/@types/bonjour/-/bonjour-3.5.13.tgz 1512ms (cache miss)
3991 http fetch GET 200 https://registry.npmjs.org/@csstools/postcss-oklab-function/-/postcss-oklab-function-1.1.1.tgz 1518ms (cache miss)
3992 http fetch GET 200 https://registry.npmjs.org/@csstools/postcss-unset-value/-/postcss-unset-value-1.0.2.tgz 1520ms (cache miss)
3993 http fetch GET 200 https://registry.npmjs.org/@csstools/postcss-nested-calc/-/postcss-nested-calc-1.0.0.tgz 1523ms (cache miss)
3994 http fetch GET 200 https://registry.npmjs.org/@csstools/postcss-progressive-custom-properties/-/postcss-progressive-custom-properties-1.3.0.tgz 1527ms (cache miss)
3995 http fetch GET 200 https://registry.npmjs.org/@types/connect-history-api-fallback/-/connect-history-api-fallback-1.5.4.tgz 1548ms (cache miss)
3996 http fetch GET 200 https://registry.npmjs.org/@csstools/postcss-trigonometric-functions/-/postcss-trigonometric-functions-1.0.2.tgz 1541ms (cache miss)
3997 http fetch GET 200 https://registry.npmjs.org/lines-and-columns/-/lines-and-columns-1.2.4.tgz 1540ms (cache miss)
3998 http fetch GET 200 https://registry.npmjs.org/postcss-selector-parser/-/postcss-selector-parser-6.1.2.tgz 1542ms (cache miss)
3999 http fetch GET 200 https://registry.npmjs.org/@csstools/postcss-hwb-function/-/postcss-hwb-function-1.0.2.tgz 1547ms (cache miss)
4000 http fetch GET 200 https://registry.npmjs.org/is-arrayish/-/is-arrayish-0.2.1.tgz 1556ms (cache miss)
4001 http fetch GET 200 https://registry.npmjs.org/postcss-selector-parser/-/postcss-selector-parser-6.1.2.tgz 1566ms (cache miss)
4002 http fetch GET 200 https://registry.npmjs.org/error-ex/-/error-ex-1.3.4.tgz 1587ms (cache miss)
4003 http fetch GET 200 https://registry.npmjs.org/parent-module/-/parent-module-1.0.1.tgz 1597ms (cache miss)
4004 http fetch GET 200 https://registry.npmjs.org/callsites/-/callsites-3.1.0.tgz 1598ms (cache miss)
4005 http fetch GET 200 https://registry.npmjs.org/resolve-from/-/resolve-from-4.0.0.tgz 1597ms (cache miss)
4006 http fetch GET 200 https://registry.npmjs.org/read-cache/-/read-cache-1.0.0.tgz 1598ms (cache miss)
4007 http fetch GET 200 https://registry.npmjs.org/@csstools/postcss-font-format-keywords/-/postcss-font-format-keywords-1.0.1.tgz 1606ms (cache miss)
4008 http fetch GET 200 https://registry.npmjs.org/parse-json/-/parse-json-5.2.0.tgz 1606ms (cache miss)
4009 http fetch GET 200 https://registry.npmjs.org/postcss-selector-parser/-/postcss-selector-parser-7.1.1.tgz 1610ms (cache miss)
4010 http fetch GET 200 https://registry.npmjs.org/import-fresh/-/import-fresh-3.3.1.tgz 1609ms (cache miss)
4011 http fetch GET 200 https://registry.npmjs.org/sax/-/sax-1.4.4.tgz 1620ms (cache miss)
4012 http fetch GET 200 https://registry.npmjs.org/yaml/-/yaml-1.10.2.tgz 1624ms (cache miss)
4013 http fetch GET 200 https://registry.npmjs.org/cosmiconfig/-/cosmiconfig-7.1.0.tgz 1623ms (cache miss)
4014 http fetch GET 200 https://registry.npmjs.org/parse-node-version/-/parse-node-version-1.0.1.tgz 1629ms (cache miss)
4015 http fetch GET 200 https://registry.npmjs.org/copy-anything/-/copy-anything-2.0.6.tgz 1641ms (cache miss)
4016 http fetch GET 200 https://registry.npmjs.org/is-what/-/is-what-3.14.1.tgz 1647ms (cache miss)
4017 http fetch GET 200 https://registry.npmjs.org/prr/-/prr-1.0.1.tgz 1649ms (cache miss)
4018 http fetch GET 200 https://registry.npmjs.org/@csstools/postcss-normalize-display-values/-/postcss-normalize-display-values-1.0.1.tgz 1676ms (cache miss)
4019 http fetch GET 200 https://registry.npmjs.org/errno/-/errno-0.1.8.tgz 1669ms (cache miss)
4020 http fetch GET 200 https://registry.npmjs.org/@types/express-serve-static-core/-/express-serve-static-core-4.19.8.tgz 1692ms (cache miss)
4021 http fetch GET 200 https://registry.npmjs.org/image-size/-/image-size-0.5.5.tgz 1671ms (cache miss)
4022 http fetch GET 200 https://registry.npmjs.org/klona/-/klona-2.0.6.tgz 1673ms (cache miss)
4023 http fetch GET 200 https://registry.npmjs.org/path-type/-/path-type-4.0.0.tgz 1685ms (cache miss)
4024 http fetch GET 200 https://registry.npmjs.org/ignore/-/ignore-5.3.2.tgz 1698ms (cache miss)
4025 http fetch GET 200 https://registry.npmjs.org/dir-glob/-/dir-glob-3.0.1.tgz 1698ms (cache miss)
4026 http fetch GET 200 https://registry.npmjs.org/fastq/-/fastq-1.20.1.tgz 1699ms (cache miss)
4027 http fetch GET 200 https://registry.npmjs.org/micromatch/-/micromatch-4.0.8.tgz 1717ms (cache miss)
4028 http fetch GET 200 https://registry.npmjs.org/run-parallel/-/run-parallel-1.2.0.tgz 1719ms (cache miss)
4029 http fetch GET 200 https://registry.npmjs.org/merge2/-/merge2-1.4.1.tgz 1719ms (cache miss)
4030 http fetch GET 200 https://registry.npmjs.org/reusify/-/reusify-1.1.0.tgz 1721ms (cache miss)
4031 http fetch GET 200 https://registry.npmjs.org/needle/-/needle-3.3.1.tgz 1725ms (cache miss)
4032 http fetch GET 200 https://registry.npmjs.org/postcss-modules-scope/-/postcss-modules-scope-3.2.1.tgz 1739ms (cache miss)
4033 http fetch GET 200 https://registry.npmjs.org/postcss-value-parser/-/postcss-value-parser-4.2.0.tgz 1744ms (cache miss)
4034 http fetch GET 200 https://registry.npmjs.org/postcss-modules-extract-imports/-/postcss-modules-extract-imports-3.1.0.tgz 1891ms (cache miss)
4035 http fetch GET 200 https://registry.npmjs.org/@nodelib/fs.walk/-/fs.walk-1.2.8.tgz 2011ms (cache miss)
4036 http fetch GET 200 https://registry.npmjs.org/@csstools/selector-specificity/-/selector-specificity-2.2.0.tgz 2019ms (cache miss)
4037 http fetch GET 200 https://registry.npmjs.org/@types/parse-json/-/parse-json-4.0.2.tgz 2017ms (cache miss)
4038 http fetch GET 200 https://registry.npmjs.org/postcss-modules-values/-/postcss-modules-values-4.0.0.tgz 2011ms (cache miss)
4039 http fetch GET 200 https://registry.npmjs.org/@csstools/postcss-text-decoration-shorthand/-/postcss-text-decoration-shorthand-1.0.0.tgz 2020ms (cache miss)
4040 http fetch GET 200 https://registry.npmjs.org/@csstools/postcss-ic-unit/-/postcss-ic-unit-1.0.1.tgz 2026ms (cache miss)
4041 http fetch GET 200 https://registry.npmjs.org/@csstools/selector-specificity/-/selector-specificity-2.2.0.tgz 2027ms (cache miss)
4042 http fetch GET 200 https://registry.npmjs.org/@csstools/selector-specificity/-/selector-specificity-2.2.0.tgz 2033ms (cache miss)
4043 http fetch GET 200 https://registry.npmjs.org/icss-utils/-/icss-utils-5.1.0.tgz 2018ms (cache miss)
4044 http fetch GET 200 https://registry.npmjs.org/update-browserslist-db/-/update-browserslist-db-1.2.3.tgz 2019ms (cache miss)
4045 http fetch GET 200 https://registry.npmjs.org/slash/-/slash-4.0.0.tgz 2020ms (cache miss)
4046 http fetch GET 200 https://registry.npmjs.org/node-releases/-/node-releases-2.0.27.tgz 2021ms (cache miss)
4047 http fetch GET 200 https://registry.npmjs.org/postcss-modules-local-by-default/-/postcss-modules-local-by-default-4.2.0.tgz 2023ms (cache miss)
4048 http fetch GET 200 https://registry.npmjs.org/@csstools/postcss-stepped-value-functions/-/postcss-stepped-value-functions-1.0.1.tgz 2030ms (cache miss)
4049 http fetch GET 200 https://registry.npmjs.org/globby/-/globby-13.2.2.tgz 2022ms (cache miss)
4050 http fetch GET 200 https://registry.npmjs.org/semver/-/semver-6.3.1.tgz 2021ms (cache miss)
4051 http fetch GET 200 https://registry.npmjs.org/@nodelib/fs.stat/-/fs.stat-2.0.5.tgz 2027ms (cache miss)
4052 http fetch GET 200 https://registry.npmjs.org/esutils/-/esutils-2.0.3.tgz 2027ms (cache miss)
4053 http fetch GET 200 https://registry.npmjs.org/semver/-/semver-6.3.1.tgz 2027ms (cache miss)
4054 http fetch GET 200 https://registry.npmjs.org/@csstools/postcss-color-function/-/postcss-color-function-1.1.1.tgz 2054ms (cache miss)
4055 http fetch GET 200 https://registry.npmjs.org/@csstools/postcss-is-pseudo-class/-/postcss-is-pseudo-class-2.0.7.tgz 2055ms (cache miss)
4056 http fetch GET 200 https://registry.npmjs.org/browserslist/-/browserslist-4.28.1.tgz 2042ms (cache miss)
4057 http fetch GET 200 https://registry.npmjs.org/baseline-browser-mapping/-/baseline-browser-mapping-2.9.15.tgz 2044ms (cache miss)
4058 http fetch GET 200 https://registry.npmjs.org/electron-to-chromium/-/electron-to-chromium-1.5.267.tgz 2046ms (cache miss)
4059 http fetch GET 200 https://registry.npmjs.org/unique-filename/-/unique-filename-1.1.1.tgz 2052ms (cache miss)
4060 http fetch GET 200 https://registry.npmjs.org/@nodelib/fs.scandir/-/fs.scandir-2.1.5.tgz 2059ms (cache miss)
4061 http fetch GET 200 https://registry.npmjs.org/semver/-/semver-6.3.1.tgz 2049ms (cache miss)
4062 http fetch GET 200 https://registry.npmjs.org/regexpu-core/-/regexpu-core-6.4.0.tgz 2066ms (cache miss)
4063 http fetch GET 200 https://registry.npmjs.org/fast-glob/-/fast-glob-3.3.3.tgz 2094ms (cache miss)
4064 http fetch GET 200 https://registry.npmjs.org/@babel/code-frame/-/code-frame-7.28.6.tgz 2181ms (cache miss)
4065 http fetch GET 200 https://registry.npmjs.org/@babel/helper-string-parser/-/helper-string-parser-7.27.1.tgz 2186ms (cache miss)
4066 http fetch GET 200 https://registry.npmjs.org/@babel/helper-define-polyfill-provider/-/helper-define-polyfill-provider-0.3.3.tgz 2193ms (cache miss)
4067 http fetch GET 200 https://registry.npmjs.org/@babel/helper-validator-option/-/helper-validator-option-7.27.1.tgz 2203ms (cache miss)
4068 http fetch GET 200 https://registry.npmjs.org/@babel/helper-validator-identifier/-/helper-validator-identifier-7.28.5.tgz 2208ms (cache miss)
4069 http fetch GET 200 https://registry.npmjs.org/@babel/helper-globals/-/helper-globals-7.28.0.tgz 2227ms (cache miss)
4070 http fetch GET 200 https://registry.npmjs.org/@babel/helper-module-imports/-/helper-module-imports-7.28.6.tgz 2229ms (cache miss)
4071 http fetch GET 200 https://registry.npmjs.org/@babel/helper-create-regexp-features-plugin/-/helper-create-regexp-features-plugin-7.28.5.tgz 2236ms (cache miss)
4072 http fetch GET 200 https://registry.npmjs.org/@babel/parser/-/parser-7.28.6.tgz 2244ms (cache miss)
4073 http fetch GET 200 https://registry.npmjs.org/@babel/helper-module-transforms/-/helper-module-transforms-7.28.6.tgz 2248ms (cache miss)
4074 http fetch GET 200 https://registry.npmjs.org/semver/-/semver-6.3.1.tgz 2247ms (cache miss)
4075 http fetch GET 200 https://registry.npmjs.org/@csstools/postcss-cascade-layers/-/postcss-cascade-layers-1.1.1.tgz 2270ms (cache miss)
4076 http fetch GET 200 https://registry.npmjs.org/@babel/helper-plugin-utils/-/helper-plugin-utils-7.28.6.tgz 2265ms (cache miss)
4077 http fetch GET 200 https://registry.npmjs.org/@babel/plugin-transform-optional-chaining/-/plugin-transform-optional-chaining-7.28.6.tgz 2268ms (cache miss)
4078 http fetch GET 200 https://registry.npmjs.org/@babel/plugin-transform-template-literals/-/plugin-transform-template-literals-7.27.1.tgz 2270ms (cache miss)
4079 http fetch GET 200 https://registry.npmjs.org/@babel/helper-compilation-targets/-/helper-compilation-targets-7.28.6.tgz 2279ms (cache miss)
4080 http fetch GET 200 https://registry.npmjs.org/@babel/plugin-transform-unicode-regex/-/plugin-transform-unicode-regex-7.27.1.tgz 2282ms (cache miss)
4081 http fetch GET 200 https://registry.npmjs.org/core-js-compat/-/core-js-compat-3.47.0.tgz 2290ms (cache miss)
4082 http fetch GET 200 https://registry.npmjs.org/@babel/plugin-transform-sticky-regex/-/plugin-transform-sticky-regex-7.27.1.tgz 2292ms (cache miss)
4083 http fetch GET 200 https://registry.npmjs.org/@babel/helper-replace-supers/-/helper-replace-supers-7.28.6.tgz 2299ms (cache miss)
4084 http fetch GET 200 https://registry.npmjs.org/@babel/plugin-transform-regenerator/-/plugin-transform-regenerator-7.28.6.tgz 2304ms (cache miss)
4085 http fetch GET 200 https://registry.npmjs.org/@babel/plugin-transform-spread/-/plugin-transform-spread-7.28.6.tgz 2340ms (cache miss)
4086 http fetch GET 200 https://registry.npmjs.org/@babel/plugin-transform-named-capturing-groups-regex/-/plugin-transform-named-capturing-groups-regex-7.27.1.tgz 2345ms (cache miss)
4087 http fetch GET 200 https://registry.npmjs.org/esbuild-darwin-arm64/-/esbuild-darwin-arm64-0.15.5.tgz 2371ms (cache miss)
4088 http fetch GET 200 https://registry.npmjs.org/@babel/helper-annotate-as-pure/-/helper-annotate-as-pure-7.27.3.tgz 2420ms (cache miss)
4089 http fetch GET 200 https://registry.npmjs.org/@babel/helper-member-expression-to-functions/-/helper-member-expression-to-functions-7.28.5.tgz 2427ms (cache miss)
4090 http fetch GET 200 https://registry.npmjs.org/@babel/helper-annotate-as-pure/-/helper-annotate-as-pure-7.27.3.tgz 2430ms (cache miss)
4091 http fetch GET 200 https://registry.npmjs.org/@babel/helper-optimise-call-expression/-/helper-optimise-call-expression-7.27.1.tgz 2432ms (cache miss)
4092 http fetch GET 200 https://registry.npmjs.org/@babel/helper-create-class-features-plugin/-/helper-create-class-features-plugin-7.28.6.tgz 2456ms (cache miss)
4093 http fetch GET 200 https://registry.npmjs.org/@babel/plugin-transform-parameters/-/plugin-transform-parameters-7.27.7.tgz 2457ms (cache miss)
4094 http fetch GET 200 https://registry.npmjs.org/@babel/plugin-transform-typeof-symbol/-/plugin-transform-typeof-symbol-7.27.1.tgz 2529ms (cache miss)
4095 http fetch GET 200 https://registry.npmjs.org/@babel/helper-skip-transparent-expression-wrappers/-/helper-skip-transparent-expression-wrappers-7.27.1.tgz 2530ms (cache miss)
4096 http fetch GET 200 https://registry.npmjs.org/@babel/plugin-transform-function-name/-/plugin-transform-function-name-7.27.1.tgz 2531ms (cache miss)
4097 http fetch GET 200 https://registry.npmjs.org/@babel/plugin-transform-unicode-escapes/-/plugin-transform-unicode-escapes-7.27.1.tgz 2535ms (cache miss)
4098 http fetch GET 200 https://registry.npmjs.org/@babel/plugin-transform-reserved-words/-/plugin-transform-reserved-words-7.27.1.tgz 2538ms (cache miss)
4099 http fetch GET 200 https://registry.npmjs.org/@babel/preset-modules/-/preset-modules-0.1.6.tgz 2548ms (cache miss)
4100 http fetch GET 200 https://registry.npmjs.org/@babel/plugin-transform-computed-properties/-/plugin-transform-computed-properties-7.28.6.tgz 2557ms (cache miss)
4101 http fetch GET 200 https://registry.npmjs.org/@babel/plugin-transform-shorthand-properties/-/plugin-transform-shorthand-properties-7.27.1.tgz 2561ms (cache miss)
4102 http fetch GET 200 https://registry.npmjs.org/@babel/plugin-transform-new-target/-/plugin-transform-new-target-7.27.1.tgz 2569ms (cache miss)
4103 http fetch GET 200 https://registry.npmjs.org/caniuse-lite/-/caniuse-lite-1.0.30001765.tgz 2582ms (cache miss)
4104 http fetch GET 200 https://registry.npmjs.org/@babel/plugin-transform-member-expression-literals/-/plugin-transform-member-expression-literals-7.27.1.tgz 2582ms (cache miss)
4105 http fetch GET 200 https://registry.npmjs.org/@babel/plugin-transform-block-scoping/-/plugin-transform-block-scoping-7.28.6.tgz 2601ms (cache miss)
4106 http fetch GET 200 https://registry.npmjs.org/@babel/helper-annotate-as-pure/-/helper-annotate-as-pure-7.27.3.tgz 2602ms (cache miss)
4107 http fetch GET 200 https://registry.npmjs.org/@babel/compat-data/-/compat-data-7.28.6.tgz 2624ms (cache miss)
4108 http fetch GET 200 https://registry.npmjs.org/@babel/plugin-transform-classes/-/plugin-transform-classes-7.28.6.tgz 2623ms (cache miss)
4109 http fetch GET 200 https://registry.npmjs.org/@babel/plugin-transform-arrow-functions/-/plugin-transform-arrow-functions-7.27.1.tgz 2626ms (cache miss)
4110 http fetch GET 200 https://registry.npmjs.org/@babel/plugin-transform-modules-commonjs/-/plugin-transform-modules-commonjs-7.28.6.tgz 2661ms (cache miss)
4111 http fetch GET 200 https://registry.npmjs.org/@babel/plugin-transform-literals/-/plugin-transform-literals-7.27.1.tgz 2674ms (cache miss)
4112 http fetch GET 200 https://registry.npmjs.org/@babel/plugin-syntax-private-property-in-object/-/plugin-syntax-private-property-in-object-7.14.5.tgz 2672ms (cache miss)
4113 http fetch GET 200 https://registry.npmjs.org/@babel/plugin-transform-modules-amd/-/plugin-transform-modules-amd-7.27.1.tgz 2680ms (cache miss)
4114 http fetch GET 200 https://registry.npmjs.org/@babel/plugin-transform-property-literals/-/plugin-transform-property-literals-7.27.1.tgz 2684ms (cache miss)
4115 http fetch GET 200 https://registry.npmjs.org/@babel/plugin-transform-modules-umd/-/plugin-transform-modules-umd-7.27.1.tgz 2686ms (cache miss)
4116 http fetch GET 200 https://registry.npmjs.org/@babel/plugin-syntax-object-rest-spread/-/plugin-syntax-object-rest-spread-7.8.3.tgz 2690ms (cache miss)
4117 http fetch GET 200 https://registry.npmjs.org/@babel/plugin-syntax-nullish-coalescing-operator/-/plugin-syntax-nullish-coalescing-operator-7.8.3.tgz 2696ms (cache miss)
4118 http fetch GET 200 https://registry.npmjs.org/@babel/plugin-syntax-logical-assignment-operators/-/plugin-syntax-logical-assignment-operators-7.10.4.tgz 2701ms (cache miss)
4119 http fetch GET 200 https://registry.npmjs.org/@babel/plugin-syntax-numeric-separator/-/plugin-syntax-numeric-separator-7.10.4.tgz 2701ms (cache miss)
4120 http fetch GET 200 https://registry.npmjs.org/@babel/plugin-transform-for-of/-/plugin-transform-for-of-7.27.1.tgz 2708ms (cache miss)
4121 http fetch GET 200 https://registry.npmjs.org/@babel/plugin-syntax-json-strings/-/plugin-syntax-json-strings-7.8.3.tgz 2708ms (cache miss)
4122 http fetch GET 200 https://registry.npmjs.org/@babel/plugin-syntax-top-level-await/-/plugin-syntax-top-level-await-7.14.5.tgz 2728ms (cache miss)
4123 http fetch GET 200 https://registry.npmjs.org/@babel/plugin-transform-exponentiation-operator/-/plugin-transform-exponentiation-operator-7.28.6.tgz 2752ms (cache miss)
4124 http fetch GET 200 https://registry.npmjs.org/@babel/plugin-transform-dotall-regex/-/plugin-transform-dotall-regex-7.28.6.tgz 2752ms (cache miss)
4125 http fetch GET 200 https://registry.npmjs.org/@babel/plugin-transform-duplicate-keys/-/plugin-transform-duplicate-keys-7.27.1.tgz 2765ms (cache miss)
4126 http fetch GET 200 https://registry.npmjs.org/@babel/plugin-syntax-class-properties/-/plugin-syntax-class-properties-7.12.13.tgz 2758ms (cache miss)
4127 http fetch GET 200 https://registry.npmjs.org/@babel/plugin-transform-modules-systemjs/-/plugin-transform-modules-systemjs-7.28.5.tgz 2783ms (cache miss)
4128 http fetch GET 200 https://registry.npmjs.org/@babel/plugin-syntax-class-static-block/-/plugin-syntax-class-static-block-7.14.5.tgz 2789ms (cache miss)
4129 http fetch GET 200 https://registry.npmjs.org/@babel/plugin-transform-destructuring/-/plugin-transform-destructuring-7.28.5.tgz 2809ms (cache miss)
4130 http fetch GET 200 https://registry.npmjs.org/@babel/template/-/template-7.28.6.tgz 2820ms (cache miss)
4131 http fetch GET 200 https://registry.npmjs.org/@babel/plugin-transform-block-scoped-functions/-/plugin-transform-block-scoped-functions-7.27.1.tgz 2859ms (cache miss)
4132 http fetch GET 200 https://registry.npmjs.org/@babel/plugin-syntax-optional-catch-binding/-/plugin-syntax-optional-catch-binding-7.8.3.tgz 2897ms (cache miss)
4133 http fetch GET 200 https://registry.npmjs.org/@babel/plugin-syntax-optional-chaining/-/plugin-syntax-optional-chaining-7.8.3.tgz 2900ms (cache miss)
4134 http fetch GET 200 https://registry.npmjs.org/@babel/plugin-syntax-import-assertions/-/plugin-syntax-import-assertions-7.28.6.tgz 2929ms (cache miss)
4135 http fetch GET 200 https://registry.npmjs.org/@babel/plugin-syntax-dynamic-import/-/plugin-syntax-dynamic-import-7.8.3.tgz 2943ms (cache miss)
4136 http fetch GET 200 https://registry.npmjs.org/@babel/plugin-syntax-export-namespace-from/-/plugin-syntax-export-namespace-from-7.8.3.tgz 2946ms (cache miss)
4137 http fetch GET 200 https://registry.npmjs.org/@babel/plugin-transform-object-super/-/plugin-transform-object-super-7.27.1.tgz 2964ms (cache miss)
4138 http fetch GET 200 https://registry.npmjs.org/@babel/plugin-proposal-unicode-property-regex/-/plugin-proposal-unicode-property-regex-7.18.6.tgz 2962ms (cache miss)
4139 warn deprecated @babel/plugin-proposal-unicode-property-regex@7.18.6: This proposal has been merged to the ECMAScript standard and thus this plugin is no longer maintained. Please use @babel/plugin-transform-unicode-property-regex instead.
4140 http fetch GET 200 https://registry.npmjs.org/@babel/plugin-proposal-private-property-in-object/-/plugin-proposal-private-property-in-object-7.21.11.tgz 2982ms (cache miss)
4141 warn deprecated @babel/plugin-proposal-private-property-in-object@7.21.11: This proposal has been merged to the ECMAScript standard and thus this plugin is no longer maintained. Please use @babel/plugin-transform-private-property-in-object instead.
4142 http fetch GET 200 https://registry.npmjs.org/@babel/plugin-proposal-optional-chaining/-/plugin-proposal-optional-chaining-7.21.0.tgz 3009ms (cache miss)
4143 warn deprecated @babel/plugin-proposal-optional-chaining@7.21.0: This proposal has been merged to the ECMAScript standard and thus this plugin is no longer maintained. Please use @babel/plugin-transform-optional-chaining instead.
4144 http fetch GET 200 https://registry.npmjs.org/@babel/plugin-proposal-private-methods/-/plugin-proposal-private-methods-7.18.6.tgz 3009ms (cache miss)
4145 warn deprecated @babel/plugin-proposal-private-methods@7.18.6: This proposal has been merged to the ECMAScript standard and thus this plugin is no longer maintained. Please use @babel/plugin-transform-private-methods instead.
4146 http fetch GET 200 https://registry.npmjs.org/@babel/plugin-proposal-numeric-separator/-/plugin-proposal-numeric-separator-7.18.6.tgz 3025ms (cache miss)
4147 warn deprecated @babel/plugin-proposal-numeric-separator@7.18.6: This proposal has been merged to the ECMAScript standard and thus this plugin is no longer maintained. Please use @babel/plugin-transform-numeric-separator instead.
4148 http fetch GET 200 https://registry.npmjs.org/semver/-/semver-6.3.1.tgz 3025ms (cache miss)
4149 http fetch GET 200 https://registry.npmjs.org/@babel/plugin-proposal-dynamic-import/-/plugin-proposal-dynamic-import-7.18.6.tgz 3036ms (cache miss)
4150 warn deprecated @babel/plugin-proposal-dynamic-import@7.18.6: This proposal has been merged to the ECMAScript standard and thus this plugin is no longer maintained. Please use @babel/plugin-transform-dynamic-import instead.
4151 http fetch GET 200 https://registry.npmjs.org/jsesc/-/jsesc-3.1.0.tgz 3046ms (cache miss)
4152 http fetch GET 200 https://registry.npmjs.org/babel-plugin-polyfill-corejs2/-/babel-plugin-polyfill-corejs2-0.3.3.tgz 3049ms (cache miss)
4153 http fetch GET 200 https://registry.npmjs.org/babel-plugin-polyfill-regenerator/-/babel-plugin-polyfill-regenerator-0.4.1.tgz 3064ms (cache miss)
4154 http fetch GET 200 https://registry.npmjs.org/@babel/template/-/template-7.28.6.tgz 3075ms (cache miss)
4155 http fetch GET 200 https://registry.npmjs.org/@babel/helper-wrap-function/-/helper-wrap-function-7.28.6.tgz 3091ms (cache miss)
4156 http fetch GET 200 https://registry.npmjs.org/@babel/plugin-proposal-nullish-coalescing-operator/-/plugin-proposal-nullish-coalescing-operator-7.18.6.tgz 3103ms (cache miss)
4157 warn deprecated @babel/plugin-proposal-nullish-coalescing-operator@7.18.6: This proposal has been merged to the ECMAScript standard and thus this plugin is no longer maintained. Please use @babel/plugin-transform-nullish-coalescing-operator instead.
4158 http fetch GET 200 https://registry.npmjs.org/@babel/template/-/template-7.28.6.tgz 3102ms (cache miss)
4159 http fetch GET 200 https://registry.npmjs.org/@babel/helper-annotate-as-pure/-/helper-annotate-as-pure-7.27.3.tgz 3124ms (cache miss)
4160 http fetch GET 200 https://registry.npmjs.org/jsesc/-/jsesc-2.5.2.tgz 3124ms (cache miss)
4161 http fetch GET 200 https://registry.npmjs.org/@babel/plugin-proposal-json-strings/-/plugin-proposal-json-strings-7.18.6.tgz 3137ms (cache miss)
4162 warn deprecated @babel/plugin-proposal-json-strings@7.18.6: This proposal has been merged to the ECMAScript standard and thus this plugin is no longer maintained. Please use @babel/plugin-transform-json-strings instead.
4163 http fetch GET 200 https://registry.npmjs.org/@babel/plugin-proposal-logical-assignment-operators/-/plugin-proposal-logical-assignment-operators-7.20.7.tgz 3144ms (cache miss)
4164 warn deprecated @babel/plugin-proposal-logical-assignment-operators@7.20.7: This proposal has been merged to the ECMAScript standard and thus this plugin is no longer maintained. Please use @babel/plugin-transform-logical-assignment-operators instead.
4165 http fetch GET 200 https://registry.npmjs.org/@babel/helper-remap-async-to-generator/-/helper-remap-async-to-generator-7.27.1.tgz 3150ms (cache miss)
4166 http fetch GET 200 https://registry.npmjs.org/reflect-metadata/-/reflect-metadata-0.1.14.tgz 3154ms (cache miss)
4167 http fetch GET 200 https://registry.npmjs.org/dependency-graph/-/dependency-graph-0.11.0.tgz 3163ms (cache miss)
4168 http fetch GET 200 https://registry.npmjs.org/@babel/plugin-proposal-class-properties/-/plugin-proposal-class-properties-7.18.6.tgz 3173ms (cache miss)
4169 warn deprecated @babel/plugin-proposal-class-properties@7.18.6: This proposal has been merged to the ECMAScript standard and thus this plugin is no longer maintained. Please use @babel/plugin-transform-class-properties instead.
4170 http fetch GET 200 https://registry.npmjs.org/babel-plugin-polyfill-corejs3/-/babel-plugin-polyfill-corejs3-0.5.3.tgz 3176ms (cache miss)
4171 http fetch GET 200 https://registry.npmjs.org/@babel/plugin-bugfix-safari-id-destructuring-collision-in-function-expression/-/plugin-bugfix-safari-id-destructuring-collision-in-function-expression-7.27.1.tgz 3190ms (cache miss)
4172 http fetch GET 200 https://registry.npmjs.org/@babel/plugin-proposal-class-static-block/-/plugin-proposal-class-static-block-7.21.0.tgz 3193ms (cache miss)
4173 warn deprecated @babel/plugin-proposal-class-static-block@7.21.0: This proposal has been merged to the ECMAScript standard and thus this plugin is no longer maintained. Please use @babel/plugin-transform-class-static-block instead.
4174 http fetch GET 200 https://registry.npmjs.org/@babel/plugin-bugfix-v8-spread-parameters-in-optional-chaining/-/plugin-bugfix-v8-spread-parameters-in-optional-chaining-7.27.1.tgz 3196ms (cache miss)
4175 http fetch GET 200 https://registry.npmjs.org/ajv-keywords/-/ajv-keywords-5.1.0.tgz 3199ms (cache miss)
4176 http fetch GET 200 https://registry.npmjs.org/webpack-dev-middleware/-/webpack-dev-middleware-5.3.3.tgz 3201ms (cache miss)
4177 http fetch GET 200 https://registry.npmjs.org/schema-utils/-/schema-utils-4.3.3.tgz 3202ms (cache miss)
4178 http fetch GET 200 https://registry.npmjs.org/stylus-loader/-/stylus-loader-7.0.0.tgz 3234ms (cache miss)
4179 http fetch GET 200 https://registry.npmjs.org/sax/-/sax-1.2.4.tgz 3233ms (cache miss)
4180 http fetch GET 200 https://registry.npmjs.org/@babel/plugin-proposal-object-rest-spread/-/plugin-proposal-object-rest-spread-7.20.7.tgz 3241ms (cache miss)
4181 warn deprecated @babel/plugin-proposal-object-rest-spread@7.20.7: This proposal has been merged to the ECMAScript standard and thus this plugin is no longer maintained. Please use @babel/plugin-transform-object-rest-spread instead.
4182 http fetch GET 200 https://registry.npmjs.org/regenerator-runtime/-/regenerator-runtime-0.13.9.tgz 3255ms (cache miss)
4183 http fetch GET 200 https://registry.npmjs.org/postcss-loader/-/postcss-loader-7.0.1.tgz 3254ms (cache miss)
4184 http fetch GET 200 https://registry.npmjs.org/sass-loader/-/sass-loader-13.0.2.tgz 3255ms (cache miss)
4185 http fetch GET 200 https://registry.npmjs.org/@babel/types/-/types-7.28.6.tgz 3269ms (cache miss)
4186 http fetch GET 200 https://registry.npmjs.org/semver/-/semver-7.7.3.tgz 3276ms (cache miss)
4187 http fetch GET 200 https://registry.npmjs.org/source-map-loader/-/source-map-loader-4.0.0.tgz 3278ms (cache miss)
4188 http fetch GET 200 https://registry.npmjs.org/postcss/-/postcss-8.4.31.tgz 3281ms (cache miss)
4189 http fetch GET 200 https://registry.npmjs.org/stylus/-/stylus-0.59.0.tgz 3284ms (cache miss)
4190 http fetch GET 200 https://registry.npmjs.org/mini-css-extract-plugin/-/mini-css-extract-plugin-2.6.1.tgz 3284ms (cache miss)
4191 http fetch GET 200 https://registry.npmjs.org/schema-utils/-/schema-utils-4.3.3.tgz 3285ms (cache miss)
4192 http fetch GET 200 https://registry.npmjs.org/@babel/traverse/-/traverse-7.28.6.tgz 3306ms (cache miss)
4193 http fetch GET 200 https://registry.npmjs.org/make-dir/-/make-dir-2.1.0.tgz 3304ms (cache miss)
4194 http fetch GET 200 https://registry.npmjs.org/pify/-/pify-4.0.1.tgz 3305ms (cache miss)
4195 http fetch GET 200 https://registry.npmjs.org/less-loader/-/less-loader-11.0.0.tgz 3305ms (cache miss)
4196 http fetch GET 200 https://registry.npmjs.org/mime/-/mime-1.6.0.tgz 3304ms (cache miss)
4197 http fetch GET 200 https://registry.npmjs.org/ajv-keywords/-/ajv-keywords-5.1.0.tgz 3311ms (cache miss)
4198 http fetch GET 200 https://registry.npmjs.org/source-map/-/source-map-0.6.1.tgz 3327ms (cache miss)
4199 http fetch GET 200 https://registry.npmjs.org/semver/-/semver-5.7.2.tgz 3329ms (cache miss)
4200 http fetch GET 200 https://registry.npmjs.org/copy-webpack-plugin/-/copy-webpack-plugin-11.0.0.tgz 3328ms (cache miss)
4201 http fetch GET 200 https://registry.npmjs.org/esbuild/-/esbuild-0.15.5.tgz 3329ms (cache miss)
4202 http fetch GET 200 https://registry.npmjs.org/ajv/-/ajv-8.17.1.tgz 3355ms (cache miss)
4203 http fetch GET 200 https://registry.npmjs.org/css-loader/-/css-loader-6.7.1.tgz 3360ms (cache miss)
4204 http fetch GET 200 https://registry.npmjs.org/@babel/generator/-/generator-7.28.6.tgz 3370ms (cache miss)
4205 http fetch GET 200 https://registry.npmjs.org/@jridgewell/gen-mapping/-/gen-mapping-0.3.13.tgz 3377ms (cache miss)
4206 http fetch GET 200 https://registry.npmjs.org/ajv/-/ajv-8.17.1.tgz 3378ms (cache miss)
4207 http fetch GET 200 https://registry.npmjs.org/ajv-keywords/-/ajv-keywords-5.1.0.tgz 3379ms (cache miss)
4208 http fetch GET 200 https://registry.npmjs.org/@babel/helper-environment-visitor/-/helper-environment-visitor-7.24.7.tgz 3409ms (cache miss)
4209 http fetch GET 200 https://registry.npmjs.org/glob-parent/-/glob-parent-6.0.2.tgz 3400ms (cache miss)
4210 http fetch GET 200 https://registry.npmjs.org/schema-utils/-/schema-utils-4.3.3.tgz 3403ms (cache miss)
4211 http fetch GET 200 https://registry.npmjs.org/@babel/plugin-syntax-async-generators/-/plugin-syntax-async-generators-7.8.4.tgz 3425ms (cache miss)
4212 http fetch GET 200 https://registry.npmjs.org/less/-/less-4.1.3.tgz 3418ms (cache miss)
4213 http fetch GET 200 https://registry.npmjs.org/@babel/plugin-proposal-optional-catch-binding/-/plugin-proposal-optional-catch-binding-7.18.6.tgz 3456ms (cache miss)
4214 warn deprecated @babel/plugin-proposal-optional-catch-binding@7.18.6: This proposal has been merged to the ECMAScript standard and thus this plugin is no longer maintained. Please use @babel/plugin-transform-optional-catch-binding instead.
4215 http fetch GET 200 https://registry.npmjs.org/@jridgewell/gen-mapping/-/gen-mapping-0.1.1.tgz 3450ms (cache miss)
4216 http fetch GET 200 https://registry.npmjs.org/semver/-/semver-6.3.1.tgz 3459ms (cache miss)
4217 http fetch GET 200 https://registry.npmjs.org/postcss-import/-/postcss-import-15.0.0.tgz 3493ms (cache miss)
4218 http fetch GET 200 https://registry.npmjs.org/sass/-/sass-1.54.4.tgz 3495ms (cache miss)
4219 http fetch GET 200 https://registry.npmjs.org/semver/-/semver-6.3.1.tgz 3487ms (cache miss)
4220 http fetch GET 200 https://registry.npmjs.org/postcss-preset-env/-/postcss-preset-env-7.8.0.tgz 3502ms (cache miss)
4221 http fetch GET 200 https://registry.npmjs.org/@babel/plugin-proposal-export-namespace-from/-/plugin-proposal-export-namespace-from-7.18.9.tgz 3522ms (cache miss)
4222 warn deprecated @babel/plugin-proposal-export-namespace-from@7.18.9: This proposal has been merged to the ECMAScript standard and thus this plugin is no longer maintained. Please use @babel/plugin-transform-export-namespace-from instead.
4223 http fetch GET 200 https://registry.npmjs.org/esbuild-wasm/-/esbuild-wasm-0.15.5.tgz 3521ms (cache miss)
4224 http fetch GET 200 https://registry.npmjs.org/semver/-/semver-6.3.1.tgz 3526ms (cache miss)
4225 http fetch GET 200 https://registry.npmjs.org/ajv/-/ajv-8.17.1.tgz 3532ms (cache miss)
4226 http fetch GET 200 https://registry.npmjs.org/webpack-dev-server/-/webpack-dev-server-4.11.0.tgz 3538ms (cache miss)
4227 http fetch GET 200 https://registry.npmjs.org/@jridgewell/gen-mapping/-/gen-mapping-0.3.13.tgz 3551ms (cache miss)
4228 http fetch GET 200 https://registry.npmjs.org/ajv-keywords/-/ajv-keywords-5.1.0.tgz 3562ms (cache miss)
4229 http fetch GET 200 https://registry.npmjs.org/cacache/-/cacache-16.1.2.tgz 3584ms (cache miss)
4230 http fetch GET 200 https://registry.npmjs.org/schema-utils/-/schema-utils-4.3.3.tgz 3579ms (cache miss)
4231 http fetch GET 200 https://registry.npmjs.org/ajv/-/ajv-8.17.1.tgz 3610ms (cache miss)
4232 http fetch GET 200 https://registry.npmjs.org/@babel/template/-/template-7.18.10.tgz 3623ms (cache miss)
4233 http fetch GET 200 https://registry.npmjs.org/@babel/preset-env/-/preset-env-7.18.10.tgz 3653ms (cache miss)
4234 http fetch GET 200 https://registry.npmjs.org/@babel/runtime/-/runtime-7.18.9.tgz 3661ms (cache miss)
4235 http fetch GET 200 https://registry.npmjs.org/@ngtools/webpack/-/webpack-14.2.13.tgz 3691ms (cache miss)
4236 http fetch GET 200 https://registry.npmjs.org/@discoveryjs/json-ext/-/json-ext-0.5.7.tgz 3723ms (cache miss)
4237 http fetch GET 200 https://registry.npmjs.org/@babel/helper-annotate-as-pure/-/helper-annotate-as-pure-7.18.6.tgz 3749ms (cache miss)
4238 http fetch GET 200 https://registry.npmjs.org/@babel/plugin-proposal-async-generator-functions/-/plugin-proposal-async-generator-functions-7.18.10.tgz 3748ms (cache miss)
4239 warn deprecated @babel/plugin-proposal-async-generator-functions@7.18.10: This proposal has been merged to the ECMAScript standard and thus this plugin is no longer maintained. Please use @babel/plugin-transform-async-generator-functions instead.
4240 http fetch GET 200 https://registry.npmjs.org/@babel/generator/-/generator-7.18.12.tgz 3755ms (cache miss)
4241 http fetch GET 200 https://registry.npmjs.org/@babel/core/-/core-7.18.10.tgz 3765ms (cache miss)
4242 http fetch GET 200 https://registry.npmjs.org/minimatch/-/minimatch-5.1.0.tgz 3774ms (cache miss)
4243 http fetch GET 200 https://registry.npmjs.org/tslib/-/tslib-2.4.0.tgz 3776ms (cache miss)
4244 http fetch GET 200 https://registry.npmjs.org/glob/-/glob-8.0.3.tgz 3803ms (cache miss)
4245 warn deprecated glob@8.0.3: Glob versions prior to v9 are no longer supported
4246 http fetch GET 200 https://registry.npmjs.org/yallist/-/yallist-3.1.1.tgz 3843ms (cache miss)
4247 http fetch GET 200 https://registry.npmjs.org/@angular/platform-browser/-/platform-browser-14.3.0.tgz 3857ms (cache miss)
4248 http fetch GET 200 https://registry.npmjs.org/zone.js/-/zone.js-0.11.8.tgz 3873ms (cache miss)
4249 http fetch GET 200 https://registry.npmjs.org/wildcard/-/wildcard-2.0.1.tgz 3887ms (cache miss)
4250 http fetch GET 200 https://registry.npmjs.org/ws/-/ws-8.17.1.tgz 3887ms (cache miss)
4251 http fetch GET 200 https://registry.npmjs.org/@ampproject/remapping/-/remapping-2.2.0.tgz 3904ms (cache miss)
4252 http fetch GET 200 https://registry.npmjs.org/webpack-subresource-integrity/-/webpack-subresource-integrity-5.1.0.tgz 3903ms (cache miss)
4253 http fetch GET 200 https://registry.npmjs.org/which/-/which-1.3.1.tgz 3910ms (cache miss)
4254 http fetch GET 200 https://registry.npmjs.org/webpack-merge/-/webpack-merge-5.8.0.tgz 3931ms (cache miss)
4255 http fetch GET 200 https://registry.npmjs.org/watchpack/-/watchpack-2.4.2.tgz 3970ms (cache miss)
4256 http fetch GET 200 https://registry.npmjs.org/schema-utils/-/schema-utils-3.3.0.tgz 3972ms (cache miss)
4257 http fetch GET 200 https://registry.npmjs.org/@angular/animations/-/animations-14.3.0.tgz 3995ms (cache miss)
4258 http fetch GET 200 https://registry.npmjs.org/void-elements/-/void-elements-2.0.1.tgz 3999ms (cache miss)
4259 http fetch GET 200 https://registry.npmjs.org/vary/-/vary-1.1.2.tgz 4002ms (cache miss)
4260 http fetch GET 200 https://registry.npmjs.org/utils-merge/-/utils-merge-1.0.1.tgz 4010ms (cache miss)
4261 http fetch GET 200 https://registry.npmjs.org/webpack/-/webpack-5.76.1.tgz 4015ms (cache miss)
4262 http fetch GET 200 https://registry.npmjs.org/webpack-sources/-/webpack-sources-3.2.3.tgz 4017ms (cache miss)
4263 http fetch GET 200 https://registry.npmjs.org/universalify/-/universalify-0.1.2.tgz 4023ms (cache miss)
4264 http fetch GET 200 https://registry.npmjs.org/unpipe/-/unpipe-1.0.0.tgz 4023ms (cache miss)
4265 http fetch GET 200 https://registry.npmjs.org/typed-assert/-/typed-assert-1.0.9.tgz 4048ms (cache miss)
4266 http fetch GET 200 https://registry.npmjs.org/type-is/-/type-is-1.6.18.tgz 4053ms (cache miss)
4267 http fetch GET 200 https://registry.npmjs.org/ua-parser-js/-/ua-parser-js-0.7.40.tgz 4053ms (cache miss)
4268 http fetch GET 200 https://registry.npmjs.org/tree-kill/-/tree-kill-1.2.2.tgz 4087ms (cache miss)
4269 http fetch GET 200 https://registry.npmjs.org/toidentifier/-/toidentifier-1.0.1.tgz 4091ms (cache miss)
4270 http fetch GET 200 https://registry.npmjs.org/to-regex-range/-/to-regex-range-5.0.1.tgz 4091ms (cache miss)
4271 http fetch GET 200 https://registry.npmjs.org/@angular/platform-browser-dynamic/-/platform-browser-dynamic-14.3.0.tgz 4119ms (cache miss)
4272 http fetch GET 200 https://registry.npmjs.org/text-table/-/text-table-0.2.0.tgz 4119ms (cache miss)
4273 http fetch GET 200 https://registry.npmjs.org/test-exclude/-/test-exclude-6.0.0.tgz 4122ms (cache miss)
4274 http fetch GET 200 https://registry.npmjs.org/@babel/plugin-transform-async-to-generator/-/plugin-transform-async-to-generator-7.18.6.tgz 4157ms (cache miss)
4275 http fetch GET 200 https://registry.npmjs.org/schema-utils/-/schema-utils-4.3.0.tgz 4159ms (cache miss)
4276 http fetch GET 200 https://registry.npmjs.org/ajv-keywords/-/ajv-keywords-5.1.0.tgz 4177ms (cache miss)
4277 http fetch GET 200 https://registry.npmjs.org/terser/-/terser-5.39.0.tgz 4185ms (cache miss)
4278 http fetch GET 200 https://registry.npmjs.org/terser-webpack-plugin/-/terser-webpack-plugin-5.3.14.tgz 4219ms (cache miss)
4279 http fetch GET 200 https://registry.npmjs.org/ajv/-/ajv-8.17.1.tgz 4222ms (cache miss)
4280 http fetch GET 200 https://registry.npmjs.org/tapable/-/tapable-2.2.1.tgz 4229ms (cache miss)
4281 http fetch GET 200 https://registry.npmjs.org/streamroller/-/streamroller-3.1.5.tgz 4237ms (cache miss)
4282 http fetch GET 200 https://registry.npmjs.org/ms/-/ms-2.1.3.tgz 4258ms (cache miss)
4283 http fetch GET 200 https://registry.npmjs.org/debug/-/debug-4.4.0.tgz 4275ms (cache miss)
4284 http fetch GET 200 https://registry.npmjs.org/statuses/-/statuses-1.5.0.tgz 4288ms (cache miss)
4285 http fetch GET 200 https://registry.npmjs.org/source-map-support/-/source-map-support-0.5.21.tgz 4300ms (cache miss)
4286 http fetch GET 200 https://registry.npmjs.org/sprintf-js/-/sprintf-js-1.0.3.tgz 4324ms (cache miss)
4287 http fetch GET 200 https://registry.npmjs.org/@babel/plugin-transform-runtime/-/plugin-transform-runtime-7.18.10.tgz 4372ms (cache miss)
4288 http fetch GET 200 https://registry.npmjs.org/ms/-/ms-2.1.3.tgz 4381ms (cache miss)
4289 http fetch GET 200 https://registry.npmjs.org/socket.io-adapter/-/socket.io-adapter-2.5.5.tgz 4384ms (cache miss)
4290 http fetch GET 200 https://registry.npmjs.org/debug/-/debug-4.3.7.tgz 4385ms (cache miss)
4291 http fetch GET 200 https://registry.npmjs.org/@angular-devkit/build-angular/-/build-angular-14.2.13.tgz 4403ms (cache miss)
4292 http fetch GET 200 https://registry.npmjs.org/source-map-js/-/source-map-js-1.2.1.tgz 4413ms (cache miss)
4293 http fetch GET 200 https://registry.npmjs.org/side-channel-weakmap/-/side-channel-weakmap-1.0.2.tgz 4441ms (cache miss)
4294 http fetch GET 200 https://registry.npmjs.org/side-channel-map/-/side-channel-map-1.0.1.tgz 4441ms (cache miss)
4295 http fetch GET 200 https://registry.npmjs.org/side-channel/-/side-channel-1.1.0.tgz 4448ms (cache miss)
4296 http fetch GET 200 https://registry.npmjs.org/shallow-clone/-/shallow-clone-3.0.1.tgz 4453ms (cache miss)
4297 http fetch GET 200 https://registry.npmjs.org/@angular/compiler-cli/-/compiler-cli-14.3.0.tgz 4467ms (cache miss)
4298 http fetch GET 200 https://registry.npmjs.org/setprototypeof/-/setprototypeof-1.2.0.tgz 4477ms (cache miss)
4299 http fetch GET 200 https://registry.npmjs.org/serialize-javascript/-/serialize-javascript-6.0.2.tgz 4498ms (cache miss)
4300 http fetch GET 200 https://registry.npmjs.org/semver/-/semver-7.3.5.tgz 4503ms (cache miss)
4301 http fetch GET 200 https://registry.npmjs.org/safe-regex-test/-/safe-regex-test-1.1.0.tgz 4508ms (cache miss)
4302 http fetch GET 200 https://registry.npmjs.org/schema-utils/-/schema-utils-2.7.1.tgz 4509ms (cache miss)
4303 http fetch GET 200 https://registry.npmjs.org/socket.io-parser/-/socket.io-parser-4.2.4.tgz 4536ms (cache miss)
4304 http fetch GET 200 https://registry.npmjs.org/terser/-/terser-5.14.2.tgz 4547ms (cache miss)
4305 http fetch GET 200 https://registry.npmjs.org/side-channel-list/-/side-channel-list-1.0.0.tgz 4555ms (cache miss)
4306 http fetch GET 200 https://registry.npmjs.org/rfdc/-/rfdc-1.4.1.tgz 4569ms (cache miss)
4307 http fetch GET 200 https://registry.npmjs.org/resolve-url-loader/-/resolve-url-loader-5.0.0.tgz 4573ms (cache miss)
4308 http fetch GET 200 https://registry.npmjs.org/loader-utils/-/loader-utils-2.0.4.tgz 4607ms (cache miss)
4309 http fetch GET 200 https://registry.npmjs.org/resolve-from/-/resolve-from-5.0.0.tgz 4616ms (cache miss)
4310 http fetch GET 200 https://registry.npmjs.org/regex-parser/-/regex-parser-2.3.1.tgz 4625ms (cache miss)
4311 http fetch GET 200 https://registry.npmjs.org/socket.io/-/socket.io-4.8.1.tgz 4686ms (cache miss)
4312 http fetch GET 200 https://registry.npmjs.org/randombytes/-/randombytes-2.1.0.tgz 4688ms (cache miss)
4313 http fetch GET 200 https://registry.npmjs.org/@angular-devkit/build-webpack/-/build-webpack-0.1402.13.tgz 4715ms (cache miss)
4314 http fetch GET 200 https://registry.npmjs.org/source-map/-/source-map-0.6.1.tgz 4732ms (cache miss)
4315 http fetch GET 200 https://registry.npmjs.org/range-parser/-/range-parser-1.2.1.tgz 4747ms (cache miss)
4316 http fetch GET 200 https://registry.npmjs.org/pretty-bytes/-/pretty-bytes-5.6.0.tgz 4746ms (cache miss)
4317 http fetch GET 200 https://registry.npmjs.org/readdirp/-/readdirp-3.6.0.tgz 4756ms (cache miss)
4318 http fetch GET 200 https://registry.npmjs.org/qs/-/qs-6.13.0.tgz 4754ms (cache miss)
4319 http fetch GET 200 https://registry.npmjs.org/pkg-dir/-/pkg-dir-4.2.0.tgz 4777ms (cache miss)
4320 http fetch GET 200 https://registry.npmjs.org/@angular/forms/-/forms-14.3.0.tgz 4804ms (cache miss)
4321 http fetch GET 200 https://registry.npmjs.org/requires-port/-/requires-port-1.0.0.tgz 4791ms (cache miss)
4322 http fetch GET 200 https://registry.npmjs.org/@angular/router/-/router-14.3.0.tgz 4810ms (cache miss)
4323 http fetch GET 200 https://registry.npmjs.org/qjobs/-/qjobs-1.2.0.tgz 4800ms (cache miss)
4324 http fetch GET 200 https://registry.npmjs.org/punycode/-/punycode-1.4.1.tgz 4813ms (cache miss)
4325 http fetch GET 200 https://registry.npmjs.org/piscina/-/piscina-3.2.0.tgz 4825ms (cache miss)
4326 http fetch GET 200 https://registry.npmjs.org/picocolors/-/picocolors-1.1.1.tgz 4827ms (cache miss)
4327 http fetch GET 200 https://registry.npmjs.org/picomatch/-/picomatch-2.3.1.tgz 4832ms (cache miss)
4328 http fetch GET 200 https://registry.npmjs.org/parseurl/-/parseurl-1.3.3.tgz 4840ms (cache miss)
4329 http fetch GET 200 https://registry.npmjs.org/parse5-html-rewriting-stream/-/parse5-html-rewriting-stream-6.0.1.tgz 4840ms (cache miss)
4330 http fetch GET 200 https://registry.npmjs.org/path-exists/-/path-exists-4.0.0.tgz 4863ms (cache miss)
4331 http fetch GET 200 https://registry.npmjs.org/parse5-sax-parser/-/parse5-sax-parser-6.0.1.tgz 4862ms (cache miss)
4332 http fetch GET 200 https://registry.npmjs.org/parse5/-/parse5-6.0.1.tgz 4874ms (cache miss)
4333 http fetch GET 200 https://registry.npmjs.org/parse5-htmlparser2-tree-adapter/-/parse5-htmlparser2-tree-adapter-6.0.1.tgz 4884ms (cache miss)
4334 http fetch GET 200 https://registry.npmjs.org/p-limit/-/p-limit-2.3.0.tgz 4894ms (cache miss)
4335 http fetch GET 200 https://registry.npmjs.org/p-locate/-/p-locate-4.1.0.tgz 4894ms (cache miss)
4336 http fetch GET 200 https://registry.npmjs.org/p-try/-/p-try-2.2.0.tgz 4900ms (cache miss)
4337 http fetch GET 200 https://registry.npmjs.org/on-finished/-/on-finished-2.4.1.tgz 4901ms (cache miss)
4338 http fetch GET 200 https://registry.npmjs.org/object-assign/-/object-assign-4.1.1.tgz 4925ms (cache miss)
4339 http fetch GET 200 https://registry.npmjs.org/object-inspect/-/object-inspect-1.13.4.tgz 4933ms (cache miss)
4340 http fetch GET 200 https://registry.npmjs.org/rxjs/-/rxjs-7.5.7.tgz 4945ms (cache miss)
4341 http fetch GET 200 https://registry.npmjs.org/normalize-path/-/normalize-path-3.0.0.tgz 4940ms (cache miss)
4342 http fetch GET 200 https://registry.npmjs.org/node-gyp-build/-/node-gyp-build-4.8.4.tgz 4949ms (cache miss)
4343 http fetch GET 200 https://registry.npmjs.org/nth-check/-/nth-check-2.1.1.tgz 4951ms (cache miss)
4344 http fetch GET 200 https://registry.npmjs.org/source-map/-/source-map-0.6.1.tgz 4974ms (cache miss)
4345 http fetch GET 200 https://registry.npmjs.org/pako/-/pako-1.0.11.tgz 4969ms (cache miss)
4346 http fetch GET 200 https://registry.npmjs.org/raw-body/-/raw-body-2.5.2.tgz 4974ms (cache miss)
4347 http fetch GET 200 https://registry.npmjs.org/nanoid/-/nanoid-3.3.11.tgz 4978ms (cache miss)
4348 http fetch GET 200 https://registry.npmjs.org/minimist/-/minimist-1.2.8.tgz 4980ms (cache miss)
4349 http fetch GET 200 https://registry.npmjs.org/mime-types/-/mime-types-2.1.35.tgz 4986ms (cache miss)
4350 http fetch GET 200 https://registry.npmjs.org/minimatch/-/minimatch-3.0.5.tgz 4988ms (cache miss)
4351 http fetch GET 200 https://registry.npmjs.org/mime-db/-/mime-db-1.52.0.tgz 4988ms (cache miss)
4352 http fetch GET 200 https://registry.npmjs.org/neo-async/-/neo-async-2.6.2.tgz 4991ms (cache miss)
4353 http fetch GET 200 https://registry.npmjs.org/nice-napi/-/nice-napi-1.0.2.tgz 4992ms (cache miss)
4354 http fetch GET 200 https://registry.npmjs.org/@angular/compiler/-/compiler-14.3.0.tgz 5023ms (cache miss)
4355 http fetch GET 200 https://registry.npmjs.org/media-typer/-/media-typer-0.3.0.tgz 5005ms (cache miss)
4356 http fetch GET 200 https://registry.npmjs.org/merge-stream/-/merge-stream-2.0.0.tgz 5005ms (cache miss)
4357 http fetch GET 200 https://registry.npmjs.org/make-dir/-/make-dir-3.1.0.tgz 5011ms (cache miss)
4358 http fetch GET 200 https://registry.npmjs.org/mime/-/mime-2.6.0.tgz 5012ms (cache miss)
4359 http fetch GET 200 https://registry.npmjs.org/semver/-/semver-6.3.1.tgz 5012ms (cache miss)
4360 http fetch GET 200 https://registry.npmjs.org/math-intrinsics/-/math-intrinsics-1.1.0.tgz 5014ms (cache miss)
4361 http fetch GET 200 https://registry.npmjs.org/lru-cache/-/lru-cache-5.1.1.tgz 5018ms (cache miss)
4362 http fetch GET 200 https://registry.npmjs.org/ms/-/ms-2.1.3.tgz 5022ms (cache miss)
4363 http fetch GET 200 https://registry.npmjs.org/log4js/-/log4js-6.9.1.tgz 5024ms (cache miss)
4364 http fetch GET 200 https://registry.npmjs.org/locate-path/-/locate-path-5.0.0.tgz 5032ms (cache miss)
4365 http fetch GET 200 https://registry.npmjs.org/lodash.debounce/-/lodash.debounce-4.0.8.tgz 5032ms (cache miss)
4366 http fetch GET 200 https://registry.npmjs.org/debug/-/debug-4.4.0.tgz 5042ms (cache miss)
4367 http fetch GET 200 https://registry.npmjs.org/loader-runner/-/loader-runner-4.3.0.tgz 5043ms (cache miss)
4368 http fetch GET 200 https://registry.npmjs.org/loader-utils/-/loader-utils-3.2.1.tgz 5050ms (cache miss)
4369 http fetch GET 200 https://registry.npmjs.org/karma-source-map-support/-/karma-source-map-support-1.4.0.tgz 5052ms (cache miss)
4370 http fetch GET 200 https://registry.npmjs.org/kind-of/-/kind-of-6.0.3.tgz 5058ms (cache miss)
4371 http fetch GET 200 https://registry.npmjs.org/lodash.throttle/-/lodash.throttle-4.1.1.tgz 5057ms (cache miss)
4372 http fetch GET 200 https://registry.npmjs.org/karma-jasmine/-/karma-jasmine-4.0.2.tgz 5074ms (cache miss)
4373 http fetch GET 200 https://registry.npmjs.org/karma-jasmine-html-reporter/-/karma-jasmine-html-reporter-1.7.0.tgz 5078ms (cache miss)
4374 http fetch GET 200 https://registry.npmjs.org/karma-chrome-launcher/-/karma-chrome-launcher-3.1.1.tgz 5081ms (cache miss)
4375 http fetch GET 200 https://registry.npmjs.org/karma-coverage/-/karma-coverage-2.1.1.tgz 5082ms (cache miss)
4376 http fetch GET 200 https://registry.npmjs.org/license-webpack-plugin/-/license-webpack-plugin-4.0.2.tgz 5083ms (cache miss)
4377 http fetch GET 200 https://registry.npmjs.org/node-addon-api/-/node-addon-api-3.2.1.tgz 5089ms (cache miss)
4378 http fetch GET 200 https://registry.npmjs.org/istanbul-lib-instrument/-/istanbul-lib-instrument-4.0.3.tgz 5083ms (cache miss)
4379 http fetch GET 200 https://registry.npmjs.org/yargs-parser/-/yargs-parser-20.2.9.tgz 5081ms (cache miss)
4380 http fetch GET 200 https://registry.npmjs.org/semver/-/semver-6.3.1.tgz 5112ms (cache miss)
4381 http fetch GET 200 https://registry.npmjs.org/jasmine-core/-/jasmine-core-3.99.1.tgz 5113ms (cache miss)
4382 http fetch GET 200 https://registry.npmjs.org/jsonfile/-/jsonfile-4.0.0.tgz 5110ms (cache miss)
4383 http fetch GET 200 https://registry.npmjs.org/json-schema-traverse/-/json-schema-traverse-0.4.1.tgz 5110ms (cache miss)
4384 http fetch GET 200 https://registry.npmjs.org/mkdirp/-/mkdirp-0.5.6.tgz 5111ms (cache miss)
4385 http fetch GET 200 https://registry.npmjs.org/supports-color/-/supports-color-8.1.1.tgz 5111ms (cache miss)
4386 http fetch GET 200 https://registry.npmjs.org/source-map/-/source-map-0.6.1.tgz 5112ms (cache miss)
4387 http fetch GET 200 https://registry.npmjs.org/json5/-/json5-2.2.3.tgz 5118ms (cache miss)
4388 http fetch GET 200 https://registry.npmjs.org/istanbul-lib-source-maps/-/istanbul-lib-source-maps-4.0.1.tgz 5124ms (cache miss)
4389 http fetch GET 200 https://registry.npmjs.org/istanbul-lib-report/-/istanbul-lib-report-3.0.1.tgz 5125ms (cache miss)
4390 http fetch GET 200 https://registry.npmjs.org/jasmine-core/-/jasmine-core-4.0.1.tgz 5129ms (cache miss)
4391 http fetch GET 200 https://registry.npmjs.org/js-tokens/-/js-tokens-4.0.0.tgz 5128ms (cache miss)
4392 http fetch GET 200 https://registry.npmjs.org/js-yaml/-/js-yaml-3.14.1.tgz 5131ms (cache miss)
4393 http fetch GET 200 https://registry.npmjs.org/istanbul-lib-instrument/-/istanbul-lib-instrument-5.2.1.tgz 5132ms (cache miss)
4394 http fetch GET 200 https://registry.npmjs.org/yargs/-/yargs-16.2.0.tgz 5135ms (cache miss)
4395 http fetch GET 200 https://registry.npmjs.org/semver/-/semver-7.7.1.tgz 5138ms (cache miss)
4396 http fetch GET 200 https://registry.npmjs.org/istanbul-lib-coverage/-/istanbul-lib-coverage-3.2.2.tgz 5144ms (cache miss)
4397 http fetch GET 200 https://registry.npmjs.org/tmp/-/tmp-0.2.3.tgz 5144ms (cache miss)
4398 http fetch GET 200 https://registry.npmjs.org/isbinaryfile/-/isbinaryfile-4.0.10.tgz 5144ms (cache miss)
4399 http fetch GET 200 https://registry.npmjs.org/semver/-/semver-6.3.1.tgz 5145ms (cache miss)
4400 http fetch GET 200 https://registry.npmjs.org/is-plain-object/-/is-plain-object-2.0.4.tgz 5145ms (cache miss)
4401 http fetch GET 200 https://registry.npmjs.org/jest-worker/-/jest-worker-27.5.1.tgz 5148ms (cache miss)
4402 http fetch GET 200 https://registry.npmjs.org/istanbul-reports/-/istanbul-reports-3.1.7.tgz 5150ms (cache miss)
4403 http fetch GET 200 https://registry.npmjs.org/is-glob/-/is-glob-4.0.3.tgz 5152ms (cache miss)
4404 http fetch GET 200 https://registry.npmjs.org/isobject/-/isobject-3.0.1.tgz 5153ms (cache miss)
4405 http fetch GET 200 https://registry.npmjs.org/make-dir/-/make-dir-4.0.0.tgz 5155ms (cache miss)
4406 http fetch GET 200 https://registry.npmjs.org/is-number/-/is-number-7.0.0.tgz 5155ms (cache miss)
4407 http fetch GET 200 https://registry.npmjs.org/source-map/-/source-map-0.6.1.tgz 5156ms (cache miss)
4408 http fetch GET 200 https://registry.npmjs.org/is-extglob/-/is-extglob-2.1.1.tgz 5156ms (cache miss)
4409 http fetch GET 200 https://registry.npmjs.org/is-regex/-/is-regex-1.2.1.tgz 5157ms (cache miss)
4410 http fetch GET 200 https://registry.npmjs.org/karma/-/karma-6.3.20.tgz 5164ms (cache miss)
4411 http fetch GET 200 https://registry.npmjs.org/hdr-histogram-percentiles-obj/-/hdr-histogram-percentiles-obj-3.0.0.tgz 5164ms (cache miss)
4412 http fetch GET 200 https://registry.npmjs.org/statuses/-/statuses-2.0.1.tgz 5167ms (cache miss)
4413 http fetch GET 200 https://registry.npmjs.org/http-errors/-/http-errors-2.0.0.tgz 5172ms (cache miss)
4414 http fetch GET 200 https://registry.npmjs.org/html-escaper/-/html-escaper-2.0.2.tgz 5176ms (cache miss)
4415 http fetch GET 200 https://registry.npmjs.org/is-binary-path/-/is-binary-path-2.1.0.tgz 5178ms (cache miss)
4416 http fetch GET 200 https://registry.npmjs.org/has-symbols/-/has-symbols-1.1.0.tgz 5180ms (cache miss)
4417 http fetch GET 200 https://registry.npmjs.org/has-tostringtag/-/has-tostringtag-1.0.2.tgz 5180ms (cache miss)
4418 http fetch GET 200 https://registry.npmjs.org/glob-to-regexp/-/glob-to-regexp-0.4.1.tgz 5180ms (cache miss)
4419 http fetch GET 200 https://registry.npmjs.org/http-proxy/-/http-proxy-1.18.1.tgz 5186ms (cache miss)
4420 http fetch GET 200 https://registry.npmjs.org/gopd/-/gopd-1.2.0.tgz 5183ms (cache miss)
4421 http fetch GET 200 https://registry.npmjs.org/glob-parent/-/glob-parent-5.1.2.tgz 5183ms (cache miss)
4422 http fetch GET 200 https://registry.npmjs.org/get-proto/-/get-proto-1.0.1.tgz 5184ms (cache miss)
4423 http fetch GET 200 https://registry.npmjs.org/get-intrinsic/-/get-intrinsic-1.3.0.tgz 5184ms (cache miss)
4424 http fetch GET 200 https://registry.npmjs.org/get-package-type/-/get-package-type-0.1.0.tgz 5187ms (cache miss)
4425 http fetch GET 200 https://registry.npmjs.org/gensync/-/gensync-1.0.0-beta.2.tgz 5194ms (cache miss)
4426 http fetch GET 200 https://registry.npmjs.org/flatted/-/flatted-3.3.3.tgz 5195ms (cache miss)
4427 http fetch GET 200 https://registry.npmjs.org/glob/-/glob-7.2.0.tgz 5196ms (cache miss)
4428 warn deprecated glob@7.2.0: Glob versions prior to v9 are no longer supported
4429 http fetch GET 200 https://registry.npmjs.org/find-up/-/find-up-4.1.0.tgz 5196ms (cache miss)
4430 http fetch GET 200 https://registry.npmjs.org/fsevents/-/fsevents-2.3.3.tgz 5199ms (cache miss)
4431 http fetch GET 200 https://registry.npmjs.org/follow-redirects/-/follow-redirects-1.15.9.tgz 5200ms (cache miss)
4432 http fetch GET 200 https://registry.npmjs.org/ms/-/ms-2.0.0.tgz 5205ms (cache miss)
4433 http fetch GET 200 https://registry.npmjs.org/on-finished/-/on-finished-2.3.0.tgz 5205ms (cache miss)
4434 http fetch GET 200 https://registry.npmjs.org/find-cache-dir/-/find-cache-dir-3.3.2.tgz 5207ms (cache miss)
4435 http fetch GET 200 https://registry.npmjs.org/fill-range/-/fill-range-7.1.1.tgz 5209ms (cache miss)
4436 http fetch GET 200 https://registry.npmjs.org/typescript/-/typescript-4.6.4.tgz 5248ms (cache miss)
4437 http fetch GET 200 https://registry.npmjs.org/fast-json-stable-stringify/-/fast-json-stable-stringify-2.1.0.tgz 5215ms (cache miss)
4438 http fetch GET 200 https://registry.npmjs.org/eventemitter3/-/eventemitter3-4.0.7.tgz 5215ms (cache miss)
4439 http fetch GET 200 https://registry.npmjs.org/eventemitter-asyncresource/-/eventemitter-asyncresource-1.0.0.tgz 5215ms (cache miss)
4440 http fetch GET 200 https://registry.npmjs.org/fast-uri/-/fast-uri-3.0.6.tgz 5222ms (cache miss)
4441 http fetch GET 200 https://registry.npmjs.org/finalhandler/-/finalhandler-1.1.2.tgz 5222ms (cache miss)
4442 http fetch GET 200 https://registry.npmjs.org/debug/-/debug-2.6.9.tgz 5222ms (cache miss)
4443 http fetch GET 200 https://registry.npmjs.org/extend/-/extend-3.0.2.tgz 5225ms (cache miss)
4444 http fetch GET 200 https://registry.npmjs.org/fs-extra/-/fs-extra-8.1.0.tgz 5229ms (cache miss)
4445 http fetch GET 200 https://registry.npmjs.org/estraverse/-/estraverse-4.3.0.tgz 5239ms (cache miss)
4446 http fetch GET 200 https://registry.npmjs.org/esrecurse/-/esrecurse-4.3.0.tgz 5244ms (cache miss)
4447 http fetch GET 200 https://registry.npmjs.org/escape-html/-/escape-html-1.0.3.tgz 5243ms (cache miss)
4448 http fetch GET 200 https://registry.npmjs.org/es-errors/-/es-errors-1.3.0.tgz 5244ms (cache miss)
4449 http fetch GET 200 https://registry.npmjs.org/es-define-property/-/es-define-property-1.0.1.tgz 5245ms (cache miss)
4450 http fetch GET 200 https://registry.npmjs.org/es-module-lexer/-/es-module-lexer-0.9.3.tgz 5245ms (cache miss)
4451 http fetch GET 200 https://registry.npmjs.org/eslint-scope/-/eslint-scope-5.1.1.tgz 5247ms (cache miss)
4452 http fetch GET 200 https://registry.npmjs.org/estraverse/-/estraverse-5.3.0.tgz 5247ms (cache miss)
4453 http fetch GET 200 https://registry.npmjs.org/esprima/-/esprima-4.0.1.tgz 5248ms (cache miss)
4454 http fetch GET 200 https://registry.npmjs.org/ent/-/ent-2.2.2.tgz 5248ms (cache miss)
4455 http fetch GET 200 https://registry.npmjs.org/entities/-/entities-2.2.0.tgz 5250ms (cache miss)
4456 http fetch GET 200 https://registry.npmjs.org/events/-/events-3.3.0.tgz 5252ms (cache miss)
4457 http fetch GET 200 https://registry.npmjs.org/es-object-atoms/-/es-object-atoms-1.1.1.tgz 5270ms (cache miss)
4458 http fetch GET 200 https://registry.npmjs.org/encodeurl/-/encodeurl-1.0.2.tgz 5270ms (cache miss)
4459 http fetch GET 200 https://registry.npmjs.org/dunder-proto/-/dunder-proto-1.0.1.tgz 5270ms (cache miss)
4460 http fetch GET 200 https://registry.npmjs.org/engine.io-parser/-/engine.io-parser-5.2.3.tgz 5271ms (cache miss)
4461 http fetch GET 200 https://registry.npmjs.org/ee-first/-/ee-first-1.1.1.tgz 5270ms (cache miss)
4462 http fetch GET 200 https://registry.npmjs.org/domelementtype/-/domelementtype-2.3.0.tgz 5271ms (cache miss)
4463 http fetch GET 200 https://registry.npmjs.org/dom-serializer/-/dom-serializer-1.4.1.tgz 5271ms (cache miss)
4464 http fetch GET 200 https://registry.npmjs.org/emojis-list/-/emojis-list-3.0.0.tgz 5271ms (cache miss)
4465 http fetch GET 200 https://registry.npmjs.org/domutils/-/domutils-2.8.0.tgz 5270ms (cache miss)
4466 http fetch GET 200 https://registry.npmjs.org/domhandler/-/domhandler-4.3.1.tgz 5271ms (cache miss)
4467 http fetch GET 200 https://registry.npmjs.org/convert-source-map/-/convert-source-map-1.9.0.tgz 5288ms (cache miss)
4468 http fetch GET 200 https://registry.npmjs.org/custom-event/-/custom-event-1.0.1.tgz 5290ms (cache miss)
4469 http fetch GET 200 https://registry.npmjs.org/destroy/-/destroy-1.2.0.tgz 5292ms (cache miss)
4470 http fetch GET 200 https://registry.npmjs.org/css-what/-/css-what-6.1.0.tgz 5290ms (cache miss)
4471 http fetch GET 200 https://registry.npmjs.org/engine.io/-/engine.io-6.6.4.tgz 5295ms (cache miss)
4472 http fetch GET 200 https://registry.npmjs.org/hdr-histogram-js/-/hdr-histogram-js-2.0.3.tgz 5305ms (cache miss)
4473 http fetch GET 200 https://registry.npmjs.org/dom-serialize/-/dom-serialize-2.2.1.tgz 5294ms (cache miss)
4474 http fetch GET 200 https://registry.npmjs.org/date-format/-/date-format-4.0.14.tgz 5292ms (cache miss)
4475 http fetch GET 200 https://registry.npmjs.org/depd/-/depd-2.0.0.tgz 5294ms (cache miss)
4476 http fetch GET 200 https://registry.npmjs.org/cookie/-/cookie-0.7.2.tgz 5291ms (cache miss)
4477 http fetch GET 200 https://registry.npmjs.org/content-type/-/content-type-1.0.5.tgz 5291ms (cache miss)
4478 http fetch GET 200 https://registry.npmjs.org/di/-/di-0.0.1.tgz 5294ms (cache miss)
4479 http fetch GET 200 https://registry.npmjs.org/critters/-/critters-0.0.16.tgz 5294ms (cache miss)
4480 http fetch GET 200 https://registry.npmjs.org/cors/-/cors-2.8.5.tgz 5294ms (cache miss)
4481 http fetch GET 200 https://registry.npmjs.org/enhanced-resolve/-/enhanced-resolve-5.18.1.tgz 5303ms (cache miss)
4482 http fetch GET 200 https://registry.npmjs.org/ms/-/ms-2.0.0.tgz 5311ms (cache miss)
4483 http fetch GET 200 https://registry.npmjs.org/commander/-/commander-2.20.3.tgz 5312ms (cache miss)
4484 http fetch GET 200 https://registry.npmjs.org/commondir/-/commondir-1.0.1.tgz 5313ms (cache miss)
4485 http fetch GET 200 https://registry.npmjs.org/camelcase/-/camelcase-5.3.1.tgz 5324ms (cache miss)
4486 http fetch GET 200 https://registry.npmjs.org/classlist-polyfill/-/classlist-polyfill-1.2.0.tgz 5326ms (cache miss)
4487 http fetch GET 200 https://registry.npmjs.org/chrome-trace-event/-/chrome-trace-event-1.0.4.tgz 5328ms (cache miss)
4488 http fetch GET 200 https://registry.npmjs.org/connect/-/connect-3.7.0.tgz 5330ms (cache miss)
4489 http fetch GET 200 https://registry.npmjs.org/clone-deep/-/clone-deep-4.0.1.tgz 5330ms (cache miss)
4490 http fetch GET 200 https://registry.npmjs.org/call-bound/-/call-bound-1.0.4.tgz 5329ms (cache miss)
4491 http fetch GET 200 https://registry.npmjs.org/bytes/-/bytes-3.1.2.tgz 5329ms (cache miss)
4492 http fetch GET 200 https://registry.npmjs.org/debug/-/debug-2.6.9.tgz 5335ms (cache miss)
4493 http fetch GET 200 https://registry.npmjs.org/buffer-from/-/buffer-from-1.1.2.tgz 5341ms (cache miss)
4494 http fetch GET 200 https://registry.npmjs.org/css-select/-/css-select-4.3.0.tgz 5345ms (cache miss)
4495 http fetch GET 200 https://registry.npmjs.org/boolbase/-/boolbase-1.0.0.tgz 5343ms (cache miss)
4496 http fetch GET 200 https://registry.npmjs.org/brace-expansion/-/brace-expansion-1.1.11.tgz 5344ms (cache miss)
4497 http fetch GET 200 https://registry.npmjs.org/call-bind-apply-helpers/-/call-bind-apply-helpers-1.0.2.tgz 5345ms (cache miss)
4498 http fetch GET 200 https://registry.npmjs.org/ms/-/ms-2.0.0.tgz 5346ms (cache miss)
4499 http fetch GET 200 https://registry.npmjs.org/binary-extensions/-/binary-extensions-2.3.0.tgz 5346ms (cache miss)
4500 http fetch GET 200 https://registry.npmjs.org/braces/-/braces-3.0.3.tgz 5348ms (cache miss)
4501 http fetch GET 200 https://registry.npmjs.org/big.js/-/big.js-5.2.2.tgz 5348ms (cache miss)
4502 http fetch GET 200 https://registry.npmjs.org/body-parser/-/body-parser-1.20.3.tgz 5350ms (cache miss)
4503 http fetch GET 200 https://registry.npmjs.org/babel-loader/-/babel-loader-8.2.5.tgz 5352ms (cache miss)
4504 http fetch GET 200 https://registry.npmjs.org/base64id/-/base64id-2.0.0.tgz 5352ms (cache miss)
4505 http fetch GET 200 https://registry.npmjs.org/babel-plugin-istanbul/-/babel-plugin-istanbul-6.1.1.tgz 5352ms (cache miss)
4506 http fetch GET 200 https://registry.npmjs.org/chokidar/-/chokidar-3.6.0.tgz 5355ms (cache miss)
4507 http fetch GET 200 https://registry.npmjs.org/debug/-/debug-2.6.9.tgz 5362ms (cache miss)
4508 http fetch GET 200 https://registry.npmjs.org/adjust-sourcemap-loader/-/adjust-sourcemap-loader-4.0.0.tgz 5365ms (cache miss)
4509 http fetch GET 200 https://registry.npmjs.org/loader-utils/-/loader-utils-2.0.4.tgz 5365ms (cache miss)
4510 http fetch GET 200 https://registry.npmjs.org/loader-utils/-/loader-utils-2.0.4.tgz 5367ms (cache miss)
4511 http fetch GET 200 https://registry.npmjs.org/acorn-import-assertions/-/acorn-import-assertions-1.9.0.tgz 5366ms (cache miss)
4512 warn deprecated acorn-import-assertions@1.9.0: package has been renamed to acorn-import-attributes
4513 http fetch GET 200 https://registry.npmjs.org/anymatch/-/anymatch-3.1.3.tgz 5367ms (cache miss)
4514 http fetch GET 200 https://registry.npmjs.org/negotiator/-/negotiator-0.6.3.tgz 5366ms (cache miss)
4515 http fetch GET 200 https://registry.npmjs.org/accepts/-/accepts-1.3.8.tgz 5367ms (cache miss)
4516 http fetch GET 200 https://registry.npmjs.org/argparse/-/argparse-1.0.10.tgz 5373ms (cache miss)
4517 http fetch GET 200 https://registry.npmjs.org/ajv-keywords/-/ajv-keywords-3.5.2.tgz 5374ms (cache miss)
4518 http fetch GET 200 https://registry.npmjs.org/aos/-/aos-2.3.4.tgz 5378ms (cache miss)
4519 http fetch GET 200 https://registry.npmjs.org/@angular/common/-/common-14.3.0.tgz 5474ms (cache miss)
4520 http fetch GET 200 https://registry.npmjs.org/ajv/-/ajv-6.12.6.tgz 5418ms (cache miss)
4521 http fetch GET 200 https://registry.npmjs.org/ajv/-/ajv-8.17.1.tgz 5454ms (cache miss)
4522 http fetch GET 200 https://registry.npmjs.org/acorn/-/acorn-8.14.1.tgz 5460ms (cache miss)
4523 http fetch GET 200 https://registry.npmjs.org/@webassemblyjs/wasm-opt/-/wasm-opt-1.11.1.tgz 5599ms (cache miss)
4524 http fetch GET 200 https://registry.npmjs.org/@webassemblyjs/wasm-gen/-/wasm-gen-1.11.1.tgz 5603ms (cache miss)
4525 http fetch GET 200 https://registry.npmjs.org/@webassemblyjs/wast-printer/-/wast-printer-1.11.1.tgz 5612ms (cache miss)
4526 http fetch GET 200 https://registry.npmjs.org/@webassemblyjs/wasm-edit/-/wasm-edit-1.11.1.tgz 5612ms (cache miss)
4527 http fetch GET 200 https://registry.npmjs.org/@webassemblyjs/utf8/-/utf8-1.11.1.tgz 5614ms (cache miss)
4528 http fetch GET 200 https://registry.npmjs.org/@webassemblyjs/leb128/-/leb128-1.11.1.tgz 5614ms (cache miss)
4529 http fetch GET 200 https://registry.npmjs.org/@webassemblyjs/helper-wasm-section/-/helper-wasm-section-1.11.1.tgz 5767ms (cache miss)
4530 http fetch GET 200 https://registry.npmjs.org/@webassemblyjs/helper-wasm-bytecode/-/helper-wasm-bytecode-1.11.1.tgz 5771ms (cache miss)
4531 http fetch GET 200 https://registry.npmjs.org/@xtuc/long/-/long-4.2.2.tgz 5793ms (cache miss)
4532 http fetch GET 200 https://registry.npmjs.org/@webassemblyjs/helper-buffer/-/helper-buffer-1.11.1.tgz 5844ms (cache miss)
4533 http fetch GET 200 https://registry.npmjs.org/@webassemblyjs/floating-point-hex-parser/-/floating-point-hex-parser-1.11.1.tgz 5864ms (cache miss)
4534 http fetch GET 200 https://registry.npmjs.org/@webassemblyjs/helper-api-error/-/helper-api-error-1.11.1.tgz 5878ms (cache miss)
4535 http fetch GET 200 https://registry.npmjs.org/@types/node/-/node-12.20.55.tgz 5931ms (cache miss)
4536 http fetch GET 200 https://registry.npmjs.org/@types/jasmine/-/jasmine-3.10.18.tgz 5931ms (cache miss)
4537 http fetch GET 200 https://registry.npmjs.org/gsap/-/gsap-3.13.0.tgz 5964ms (cache miss)
4538 http fetch GET 200 https://registry.npmjs.org/@types/eslint-scope/-/eslint-scope-3.7.7.tgz 5952ms (cache miss)
4539 http fetch GET 200 https://registry.npmjs.org/@types/estree/-/estree-0.0.51.tgz 5964ms (cache miss)
4540 http fetch GET 200 https://registry.npmjs.org/@socket.io/component-emitter/-/component-emitter-3.1.2.tgz 5970ms (cache miss)
4541 http fetch GET 200 https://registry.npmjs.org/@angular/core/-/core-14.3.0.tgz 6065ms (cache miss)
4542 http fetch GET 200 https://registry.npmjs.org/@jridgewell/set-array/-/set-array-1.2.1.tgz 6021ms (cache miss)
4543 http fetch GET 200 https://registry.npmjs.org/@types/eslint/-/eslint-9.6.1.tgz 6024ms (cache miss)
4544 http fetch GET 200 https://registry.npmjs.org/@webassemblyjs/wasm-parser/-/wasm-parser-1.11.1.tgz 6057ms (cache miss)
4545 http fetch GET 200 https://registry.npmjs.org/@jridgewell/resolve-uri/-/resolve-uri-3.1.2.tgz 6058ms (cache miss)
4546 http fetch GET 200 https://registry.npmjs.org/@webassemblyjs/ieee754/-/ieee754-1.11.1.tgz 6073ms (cache miss)
4547 http fetch GET 200 https://registry.npmjs.org/@xtuc/ieee754/-/ieee754-1.2.0.tgz 6077ms (cache miss)
4548 http fetch GET 200 https://registry.npmjs.org/@types/cors/-/cors-2.8.17.tgz 6090ms (cache miss)
4549 http fetch GET 200 https://registry.npmjs.org/js-yaml 5501ms (cache miss)
4550 silly packumentCache corgi:https://registry.npmjs.org/js-yaml set size:undefined disposed:false
4551 http fetch GET 200 https://registry.npmjs.org/qs 5515ms (cache miss)
4552 silly packumentCache corgi:https://registry.npmjs.org/qs set size:undefined disposed:false
4553 http fetch GET 200 https://registry.npmjs.org/@istanbuljs/schema/-/schema-0.1.3.tgz 6127ms (cache miss)
4554 http fetch GET 200 https://registry.npmjs.org/@types/aos/-/aos-3.0.7.tgz 6134ms (cache miss)
4555 http fetch GET 200 https://registry.npmjs.org/webpack 5543ms (cache miss)
4556 silly packumentCache corgi:https://registry.npmjs.org/webpack set size:undefined disposed:false
4557 http fetch GET 200 https://registry.npmjs.org/@webassemblyjs/helper-numbers/-/helper-numbers-1.11.1.tgz 6191ms (cache miss)
4558 http fetch GET 200 https://registry.npmjs.org/@angular%2fcompiler 5595ms (cache miss)
4559 silly packumentCache corgi:https://registry.npmjs.org/@angular%2fcompiler set size:undefined disposed:false
4560 http fetch GET 200 https://registry.npmjs.org/@angular%2fcore 5642ms (cache miss)
4561 silly packumentCache corgi:https://registry.npmjs.org/@angular%2fcore set size:undefined disposed:false
4562 http fetch GET 200 https://registry.npmjs.org/brace-expansion 5661ms (cache miss)
4563 silly packumentCache corgi:https://registry.npmjs.org/brace-expansion set size:undefined disposed:false
4564 http fetch GET 200 https://registry.npmjs.org/@jridgewell/gen-mapping/-/gen-mapping-0.3.8.tgz 6262ms (cache miss)
4565 http fetch GET 200 https://registry.npmjs.org/@jridgewell/sourcemap-codec/-/sourcemap-codec-1.5.0.tgz 6264ms (cache miss)
4566 http fetch GET 200 https://registry.npmjs.org/@babel%2fruntime 5671ms (cache miss)
4567 silly packumentCache corgi:https://registry.npmjs.org/@babel%2fruntime set size:undefined disposed:false
4568 http fetch GET 200 https://registry.npmjs.org/@jridgewell/source-map/-/source-map-0.3.6.tgz 6281ms (cache miss)
4569 http fetch GET 200 https://registry.npmjs.org/webpack-dev-middleware 5685ms (cache miss)
4570 silly packumentCache corgi:https://registry.npmjs.org/webpack-dev-middleware set size:undefined disposed:false
4571 http fetch GET 200 https://registry.npmjs.org/@istanbuljs/load-nyc-config/-/load-nyc-config-1.1.0.tgz 6299ms (cache miss)
4572 http fetch GET 200 https://registry.npmjs.org/webpack-dev-server 5703ms (cache miss)
4573 silly packumentCache corgi:https://registry.npmjs.org/webpack-dev-server set size:undefined disposed:false
4574 http fetch GET 200 https://registry.npmjs.org/@angular%2fcommon 5713ms (cache miss)
4575 silly packumentCache corgi:https://registry.npmjs.org/@angular%2fcommon set size:undefined disposed:false
4576 http fetch GET 200 https://registry.npmjs.org/esbuild 5733ms (cache miss)
4577 silly packumentCache corgi:https://registry.npmjs.org/esbuild set size:undefined disposed:false
4578 http fetch GET 200 https://registry.npmjs.org/@types/json-schema/-/json-schema-7.0.15.tgz 6352ms (cache miss)
4579 http fetch GET 200 https://registry.npmjs.org/@webassemblyjs/ast/-/ast-1.11.1.tgz 6358ms (cache miss)
4580 http fetch GET 200 https://registry.npmjs.org/@assemblyscript/loader/-/loader-0.10.1.tgz 6389ms (cache miss)
4581 http fetch GET 200 https://registry.npmjs.org/@babel/helpers/-/helpers-7.27.0.tgz 6405ms (cache miss)
4582 http fetch GET 200 https://registry.npmjs.org/@babel/template/-/template-7.27.0.tgz 6733ms (cache miss)
4583 http fetch GET 200 https://registry.npmjs.org/@colors/colors/-/colors-1.5.0.tgz 6761ms (cache miss)
4584 info run nice-napi@1.0.2 install node_modules/nice-napi node-gyp-build
4585 http fetch GET 200 https://registry.npmjs.org/semver 6294ms (cache miss)
4586 silly packumentCache corgi:https://registry.npmjs.org/semver set size:undefined disposed:false
4587 silly packumentCache corgi:https://registry.npmjs.org/@angular%2fcompiler-cli cache-miss
4588 silly packumentCache corgi:https://registry.npmjs.org/css-loader cache-miss
4589 silly packumentCache corgi:https://registry.npmjs.org/npm-package-arg cache-miss
4590 silly packumentCache corgi:https://registry.npmjs.org/npm-pick-manifest cache-miss
4591 silly packumentCache corgi:https://registry.npmjs.org/@npmcli%2ffs cache-miss
4592 silly packumentCache corgi:https://registry.npmjs.org/npm-install-checks cache-miss
4593 silly packumentCache corgi:https://registry.npmjs.org/@npmcli%2fgit cache-miss
4594 silly packumentCache corgi:https://registry.npmjs.org/node-gyp cache-miss
4595 silly packumentCache corgi:https://registry.npmjs.org/normalize-package-data cache-miss
4596 silly packumentCache corgi:https://registry.npmjs.org/builtins cache-miss
4597 http fetch GET 200 https://registry.npmjs.org/node-gyp 15ms (cache hit)
4598 silly packumentCache corgi:https://registry.npmjs.org/node-gyp set size:156213 disposed:false
4599 http fetch GET 200 https://registry.npmjs.org/css-loader 43ms (cache miss)
4600 silly packumentCache corgi:https://registry.npmjs.org/css-loader set size:undefined disposed:false
4601 http fetch GET 200 https://registry.npmjs.org/npm-pick-manifest 254ms (cache miss)
4602 silly packumentCache corgi:https://registry.npmjs.org/npm-pick-manifest set size:undefined disposed:false
4603 http fetch GET 200 https://registry.npmjs.org/npm-package-arg 257ms (cache miss)
4604 silly packumentCache corgi:https://registry.npmjs.org/npm-package-arg set size:undefined disposed:false
4605 http fetch GET 200 https://registry.npmjs.org/builtins 257ms (cache miss)
4606 silly packumentCache corgi:https://registry.npmjs.org/builtins set size:undefined disposed:false
4607 http fetch GET 200 https://registry.npmjs.org/npm-install-checks 268ms (cache miss)
4608 silly packumentCache corgi:https://registry.npmjs.org/npm-install-checks set size:undefined disposed:false
4609 http fetch GET 200 https://registry.npmjs.org/@npmcli%2fgit 567ms (cache miss)
4610 silly packumentCache corgi:https://registry.npmjs.org/@npmcli%2fgit set size:undefined disposed:false
4611 http fetch GET 200 https://registry.npmjs.org/@npmcli%2ffs 602ms (cache miss)
4612 silly packumentCache corgi:https://registry.npmjs.org/@npmcli%2ffs set size:undefined disposed:false
4613 http fetch GET 200 https://registry.npmjs.org/@angular%2fcompiler-cli 656ms (cache miss)
4614 silly packumentCache corgi:https://registry.npmjs.org/@angular%2fcompiler-cli set size:undefined disposed:false
4615 http fetch GET 200 https://registry.npmjs.org/normalize-package-data 713ms (cache miss)
4616 silly packumentCache corgi:https://registry.npmjs.org/normalize-package-data set size:undefined disposed:false
4617 silly packumentCache corgi:https://registry.npmjs.org/minimatch cache-miss
4618 http fetch GET 200 https://registry.npmjs.org/minimatch 25ms (cache miss)
4619 silly packumentCache corgi:https://registry.npmjs.org/minimatch set size:undefined disposed:false
4620 silly packumentCache corgi:https://registry.npmjs.org/@istanbuljs%2fload-nyc-config cache-miss
4621 http fetch GET 200 https://registry.npmjs.org/@istanbuljs%2fload-nyc-config 41ms (cache miss)
4622 silly packumentCache corgi:https://registry.npmjs.org/@istanbuljs%2fload-nyc-config set size:undefined disposed:false
4623 silly packumentCache corgi:https://registry.npmjs.org/karma cache-miss
4624 silly packumentCache corgi:https://registry.npmjs.org/external-editor cache-miss
4625 http fetch GET 200 https://registry.npmjs.org/external-editor 3ms (cache hit)
4626 silly packumentCache corgi:https://registry.npmjs.org/external-editor set size:17808 disposed:false
4627 http fetch GET 200 https://registry.npmjs.org/karma 704ms (cache miss)
4628 silly packumentCache corgi:https://registry.npmjs.org/karma set size:undefined disposed:false
4629 silly packumentCache corgi:https://registry.npmjs.org/body-parser cache-miss
4630 http fetch GET 200 https://registry.npmjs.org/body-parser 26ms (cache miss)
4631 silly packumentCache corgi:https://registry.npmjs.org/body-parser set size:undefined disposed:false
4632 silly packumentCache corgi:https://registry.npmjs.org/babel-loader cache-miss
4633 silly packumentCache corgi:https://registry.npmjs.org/terser-webpack-plugin cache-miss
4634 silly packumentCache corgi:https://registry.npmjs.org/webpack-subresource-integrity cache-miss
4635 silly packumentCache corgi:https://registry.npmjs.org/@angular-devkit%2fbuild-angular cache-miss
4636 silly packumentCache corgi:https://registry.npmjs.org/@angular-devkit%2fbuild-webpack cache-miss
4637 silly packumentCache corgi:https://registry.npmjs.org/@ngtools%2fwebpack cache-miss
4638 silly packumentCache corgi:https://registry.npmjs.org/copy-webpack-plugin cache-miss
4639 silly packumentCache corgi:https://registry.npmjs.org/less-loader cache-miss
4640 silly packumentCache corgi:https://registry.npmjs.org/mini-css-extract-plugin cache-miss
4641 silly packumentCache corgi:https://registry.npmjs.org/postcss-loader cache-miss
4642 silly packumentCache corgi:https://registry.npmjs.org/sass-loader cache-miss
4643 silly packumentCache corgi:https://registry.npmjs.org/source-map-loader cache-miss
4644 silly packumentCache corgi:https://registry.npmjs.org/stylus-loader cache-miss
4645 http fetch GET 200 https://registry.npmjs.org/babel-loader 63ms (cache miss)
4646 silly packumentCache corgi:https://registry.npmjs.org/babel-loader set size:undefined disposed:false
4647 http fetch GET 200 https://registry.npmjs.org/less-loader 77ms (cache miss)
4648 silly packumentCache corgi:https://registry.npmjs.org/less-loader set size:undefined disposed:false
4649 http fetch GET 200 https://registry.npmjs.org/sass-loader 81ms (cache miss)
4650 silly packumentCache corgi:https://registry.npmjs.org/sass-loader set size:undefined disposed:false
4651 http fetch GET 200 https://registry.npmjs.org/@ngtools%2fwebpack 118ms (cache miss)
4652 silly packumentCache corgi:https://registry.npmjs.org/@ngtools%2fwebpack set size:undefined disposed:false
4653 http fetch GET 200 https://registry.npmjs.org/webpack-subresource-integrity 279ms (cache miss)
4654 silly packumentCache corgi:https://registry.npmjs.org/webpack-subresource-integrity set size:undefined disposed:false
4655 http fetch GET 200 https://registry.npmjs.org/postcss-loader 292ms (cache miss)
4656 silly packumentCache corgi:https://registry.npmjs.org/postcss-loader set size:undefined disposed:false
4657 http fetch GET 200 https://registry.npmjs.org/terser-webpack-plugin 295ms (cache miss)
4658 silly packumentCache corgi:https://registry.npmjs.org/terser-webpack-plugin set size:undefined disposed:false
4659 http fetch GET 200 https://registry.npmjs.org/source-map-loader 301ms (cache miss)
4660 silly packumentCache corgi:https://registry.npmjs.org/source-map-loader set size:undefined disposed:false
4661 http fetch GET 200 https://registry.npmjs.org/mini-css-extract-plugin 305ms (cache miss)
4662 silly packumentCache corgi:https://registry.npmjs.org/mini-css-extract-plugin set size:undefined disposed:false
4663 http fetch GET 200 https://registry.npmjs.org/copy-webpack-plugin 310ms (cache miss)
4664 silly packumentCache corgi:https://registry.npmjs.org/copy-webpack-plugin set size:undefined disposed:false
4665 http fetch GET 200 https://registry.npmjs.org/@angular-devkit%2fbuild-angular 311ms (cache miss)
4666 silly packumentCache corgi:https://registry.npmjs.org/@angular-devkit%2fbuild-angular set size:undefined disposed:false
4667 http fetch GET 200 https://registry.npmjs.org/@angular-devkit%2fbuild-webpack 603ms (cache miss)
4668 silly packumentCache corgi:https://registry.npmjs.org/@angular-devkit%2fbuild-webpack set size:undefined disposed:false
4669 http fetch GET 200 https://registry.npmjs.org/stylus-loader 709ms (cache miss)
4670 silly packumentCache corgi:https://registry.npmjs.org/stylus-loader set size:undefined disposed:false
4671 silly packumentCache corgi:https://registry.npmjs.org/@angular%2fplatform-browser-dynamic cache-miss
4672 http fetch GET 200 https://registry.npmjs.org/@angular%2fplatform-browser-dynamic 1174ms (cache miss)
4673 silly packumentCache corgi:https://registry.npmjs.org/@angular%2fplatform-browser-dynamic set size:undefined disposed:false
4674 silly packumentCache corgi:https://registry.npmjs.org/@angular%2fanimations cache-miss
4675 silly packumentCache corgi:https://registry.npmjs.org/@angular%2fforms cache-miss
4676 silly packumentCache corgi:https://registry.npmjs.org/@angular%2fplatform-browser cache-miss
4677 silly packumentCache corgi:https://registry.npmjs.org/@angular%2frouter cache-miss
4678 http fetch GET 200 https://registry.npmjs.org/@angular%2fanimations 1204ms (cache miss)
4679 silly packumentCache corgi:https://registry.npmjs.org/@angular%2fanimations set size:undefined disposed:false
4680 http fetch GET 200 https://registry.npmjs.org/@angular%2fplatform-browser 1348ms (cache miss)
4681 silly packumentCache corgi:https://registry.npmjs.org/@angular%2fplatform-browser set size:undefined disposed:false
4682 http fetch GET 200 https://registry.npmjs.org/@angular%2fforms 1396ms (cache miss)
4683 silly packumentCache corgi:https://registry.npmjs.org/@angular%2fforms set size:undefined disposed:false
4684 info run nice-napi@1.0.2 install { code: 0, signal: null }
4685 info run esbuild@0.15.5 postinstall node_modules/esbuild node install.js
4686 info run esbuild@0.15.5 postinstall { code: 0, signal: null }
4687 verbose stack Error: EACCES: permission denied, open '/Users/djiby/Documents/portfolio/portforlio/package-lock.json'
4687 verbose stack     at async open (node:internal/fs/promises:639:25)
4687 verbose stack     at async writeFile (node:internal/fs/promises:1216:14)
4687 verbose stack     at async Promise.all (index 0)
4687 verbose stack     at async [saveIdealTree] (/opt/homebrew/Cellar/node@20/20.19.6/lib/node_modules/npm/node_modules/@npmcli/arborist/lib/arborist/reify.js:1526:7)
4687 verbose stack     at async Arborist.reify (/opt/homebrew/Cellar/node@20/20.19.6/lib/node_modules/npm/node_modules/@npmcli/arborist/lib/arborist/reify.js:148:5)
4687 verbose stack     at async Install.exec (/opt/homebrew/Cellar/node@20/20.19.6/lib/node_modules/npm/lib/commands/install.js:150:5)
4687 verbose stack     at async Npm.exec (/opt/homebrew/Cellar/node@20/20.19.6/lib/node_modules/npm/lib/npm.js:207:9)
4687 verbose stack     at async module.exports (/opt/homebrew/Cellar/node@20/20.19.6/lib/node_modules/npm/lib/cli/entry.js:74:5)
4688 error code EACCES
4689 error syscall open
4690 error path /Users/djiby/Documents/portfolio/portforlio/package-lock.json
4691 error errno -13
4692 error Error: EACCES: permission denied, open '/Users/djiby/Documents/portfolio/portforlio/package-lock.json'
4692 error     at async open (node:internal/fs/promises:639:25)
4692 error     at async writeFile (node:internal/fs/promises:1216:14)
4692 error     at async Promise.all (index 0)
4692 error     at async [saveIdealTree] (/opt/homebrew/Cellar/node@20/20.19.6/lib/node_modules/npm/node_modules/@npmcli/arborist/lib/arborist/reify.js:1526:7)
4692 error     at async Arborist.reify (/opt/homebrew/Cellar/node@20/20.19.6/lib/node_modules/npm/node_modules/@npmcli/arborist/lib/arborist/reify.js:148:5)
4692 error     at async Install.exec (/opt/homebrew/Cellar/node@20/20.19.6/lib/node_modules/npm/lib/commands/install.js:150:5)
4692 error     at async Npm.exec (/opt/homebrew/Cellar/node@20/20.19.6/lib/node_modules/npm/lib/npm.js:207:9)
4692 error     at async module.exports (/opt/homebrew/Cellar/node@20/20.19.6/lib/node_modules/npm/lib/cli/entry.js:74:5) {
4692 error   errno: -13,
4692 error   code: 'EACCES',
4692 error   syscall: 'open',
4692 error   path: '/Users/djiby/Documents/portfolio/portforlio/package-lock.json'
4692 error }
4693 error
4693 error The operation was rejected by your operating system.
4693 error It is likely you do not have the permissions to access this file as the current user
4693 error
4693 error If you believe this might be a permissions issue, please double-check the
4693 error permissions of the file and its containing directories, or try running
4693 error the command again as root/Administrator.
4694 silly unfinished npm timer reify 1768910598730
4695 silly unfinished npm timer reify:audit 1768910600839
4696 silly unfinished npm timer auditReport:init 1768910601694
4697 silly unfinished npm timer metavuln:calculate:security-advisory:@angular/router:WqDOWzyoxkk48ZgVUeLHNjNqUiMx+MRka4egcRxz8WSdwdGTxyr/OUGfeKGzd+8+Qw2kRsSflyDSHWVt5Cv8Bw== 1768910611461
4698 silly unfinished npm timer metavuln:packument:@angular/router 1768910611461
4699 silly unfinished npm timer reify:save 1768910613326
4700 verbose cwd /Users/djiby/Documents/portfolio/portforlio
4701 verbose os Darwin 24.1.0
4702 verbose node v20.19.6
4703 verbose npm  v10.8.2
4704 verbose exit -13
4705 verbose code -13
4706 error A complete log of this run can be found in: /Users/djiby/Documents/portfolio/portforlio/.npm-cache/_logs/2026-01-20T12_03_18_531Z-debug-0.log
