0 verbose cli /opt/homebrew/Cellar/node@20/20.19.6/bin/node /opt/homebrew/bin/npm
1 info using npm@10.8.2
2 info using node@v20.19.6
3 silly config load:file:/opt/homebrew/Cellar/node@20/20.19.6/lib/node_modules/npm/npmrc
4 silly config load:file:/Users/djiby/Documents/portfolio/portforlio/.npmrc
5 silly config load:file:/Users/djiby/.npmrc
6 silly config load:file:/opt/homebrew/etc/npmrc
7 verbose title npm install
8 verbose argv "install" "--force"
9 verbose logfile logs-max:10 dir:/Users/djiby/Documents/portfolio/portforlio/.npm-cache/_logs/2026-01-20T12_09_41_126Z-
10 verbose logfile /Users/djiby/Documents/portfolio/portforlio/.npm-cache/_logs/2026-01-20T12_09_41_126Z-debug-0.log
11 warn using --force Recommended protections disabled.
12 silly packumentCache heap:4345298944 maxSize:1086324736 maxEntrySize:543162368
13 silly logfile start cleaning logs, removing 1 files
14 silly idealTree buildDeps
15 silly fetch manifest @angular/animations@~15.2.10
16 silly packumentCache full:https://registry.npmjs.org/@angular%2fanimations cache-miss
17 silly logfile done cleaning log files
18 http fetch GET 200 https://registry.npmjs.org/@angular%2fanimations 105ms (cache revalidated)
19 silly packumentCache full:https://registry.npmjs.org/@angular%2fanimations set size:2692534 disposed:false
20 silly fetch manifest @angular/core@~15.2.10
21 silly packumentCache full:https://registry.npmjs.org/@angular%2fcore cache-miss
22 http fetch GET 200 https://registry.npmjs.org/@angular%2fcore 37ms (cache revalidated)
23 silly packumentCache full:https://registry.npmjs.org/@angular%2fcore set size:2838843 disposed:false
24 silly fetch manifest rxjs@~7.5.0
25 silly packumentCache full:https://registry.npmjs.org/rxjs cache-miss
26 http fetch GET 200 https://registry.npmjs.org/rxjs 4ms (cache hit)
27 silly packumentCache full:https://registry.npmjs.org/rxjs set size:980097 disposed:false
28 silly fetch manifest zone.js@~0.11.4
29 silly packumentCache full:https://registry.npmjs.org/zone.js cache-miss
30 http fetch GET 200 https://registry.npmjs.org/zone.js 34ms (cache revalidated)
31 silly packumentCache full:https://registry.npmjs.org/zone.js set size:372304 disposed:false
32 silly fetch manifest @angular/common@~15.2.10
33 silly packumentCache full:https://registry.npmjs.org/@angular%2fcommon cache-miss
34 http fetch GET 200 https://registry.npmjs.org/@angular%2fcommon 50ms (cache revalidated)
35 silly packumentCache full:https://registry.npmjs.org/@angular%2fcommon set size:2972963 disposed:false
36 silly fetch manifest @angular/compiler@~15.2.10
37 silly packumentCache full:https://registry.npmjs.org/@angular%2fcompiler cache-miss
38 http fetch GET 200 https://registry.npmjs.org/@angular%2fcompiler 31ms (cache revalidated)
39 silly packumentCache full:https://registry.npmjs.org/@angular%2fcompiler set size:2598980 disposed:false
40 silly fetch manifest @angular/forms@~15.2.10
41 silly packumentCache full:https://registry.npmjs.org/@angular%2fforms cache-miss
42 http fetch GET 200 https://registry.npmjs.org/@angular%2fforms 33ms (cache revalidated)
43 silly packumentCache full:https://registry.npmjs.org/@angular%2fforms set size:2631021 disposed:false
44 silly fetch manifest @angular/platform-browser@~15.2.10
45 silly packumentCache full:https://registry.npmjs.org/@angular%2fplatform-browser cache-miss
46 http fetch GET 200 https://registry.npmjs.org/@angular%2fplatform-browser 32ms (cache revalidated)
47 silly packumentCache full:https://registry.npmjs.org/@angular%2fplatform-browser set size:2968666 disposed:false
48 silly fetch manifest @angular/platform-browser-dynamic@~15.2.10
49 silly packumentCache full:https://registry.npmjs.org/@angular%2fplatform-browser-dynamic cache-miss
50 http fetch GET 200 https://registry.npmjs.org/@angular%2fplatform-browser-dynamic 37ms (cache revalidated)
51 silly packumentCache full:https://registry.npmjs.org/@angular%2fplatform-browser-dynamic set size:2973492 disposed:false
52 silly fetch manifest @angular/router@~15.2.10
53 silly packumentCache full:https://registry.npmjs.org/@angular%2frouter cache-miss
54 http fetch GET 200 https://registry.npmjs.org/@angular%2frouter 32ms (cache revalidated)
55 silly packumentCache full:https://registry.npmjs.org/@angular%2frouter set size:2869751 disposed:false
56 silly fetch manifest @angular-devkit/build-angular@~15.2.11
57 silly packumentCache full:https://registry.npmjs.org/@angular-devkit%2fbuild-angular cache-miss
58 http fetch GET 200 https://registry.npmjs.org/@angular-devkit%2fbuild-angular 37ms (cache revalidated)
59 silly packumentCache full:https://registry.npmjs.org/@angular-devkit%2fbuild-angular set size:3894917 disposed:false
60 silly fetch manifest @angular/compiler-cli@~15.2.10
61 silly packumentCache full:https://registry.npmjs.org/@angular%2fcompiler-cli cache-miss
62 http fetch GET 200 https://registry.npmjs.org/@angular%2fcompiler-cli 26ms (cache revalidated)
63 silly packumentCache full:https://registry.npmjs.org/@angular%2fcompiler-cli set size:3134456 disposed:false
64 silly fetch manifest typescript@~4.9.5
65 silly packumentCache full:https://registry.npmjs.org/typescript cache-miss
66 http fetch GET 200 https://registry.npmjs.org/typescript 37ms (cache revalidated)
67 silly packumentCache full:https://registry.npmjs.org/typescript set size:15148409 disposed:false
68 silly fetch manifest @angular/localize@^15.0.0
69 silly packumentCache full:https://registry.npmjs.org/@angular%2flocalize cache-miss
70 http fetch GET 200 https://registry.npmjs.org/@angular%2flocalize 35ms (cache revalidated)
71 silly packumentCache full:https://registry.npmjs.org/@angular%2flocalize set size:2256510 disposed:false
72 silly fetch manifest @angular/platform-server@^15.0.0
73 silly packumentCache full:https://registry.npmjs.org/@angular%2fplatform-server cache-miss
74 http fetch GET 200 https://registry.npmjs.org/@angular%2fplatform-server 68ms (cache miss)
75 silly packumentCache full:https://registry.npmjs.org/@angular%2fplatform-server set size:undefined disposed:false
76 silly fetch manifest @angular/service-worker@^15.0.0
77 silly packumentCache full:https://registry.npmjs.org/@angular%2fservice-worker cache-miss
78 http fetch GET 200 https://registry.npmjs.org/@angular%2fservice-worker 31ms (cache revalidated)
79 silly packumentCache full:https://registry.npmjs.org/@angular%2fservice-worker set size:2787713 disposed:false
80 silly fetch manifest karma@~6.3.0
81 silly packumentCache full:https://registry.npmjs.org/karma cache-miss
82 http fetch GET 200 https://registry.npmjs.org/karma 27ms (cache revalidated)
83 silly packumentCache full:https://registry.npmjs.org/karma set size:3361521 disposed:false
84 silly fetch manifest ng-packagr@^15.0.0
85 silly packumentCache full:https://registry.npmjs.org/ng-packagr cache-miss
86 http fetch GET 200 https://registry.npmjs.org/ng-packagr 21ms (cache revalidated)
87 silly packumentCache full:https://registry.npmjs.org/ng-packagr set size:1080091 disposed:false
88 silly fetch manifest tailwindcss@^2.0.0 || ^3.0.0
89 silly packumentCache full:https://registry.npmjs.org/tailwindcss cache-miss
90 http fetch GET 200 https://registry.npmjs.org/tailwindcss 32ms (cache revalidated)
91 silly packumentCache full:https://registry.npmjs.org/tailwindcss set size:10106959 disposed:false
92 silly fetch manifest tslib@^2.3.0
93 silly packumentCache full:https://registry.npmjs.org/tslib cache-miss
94 http fetch GET 200 https://registry.npmjs.org/tslib 2ms (cache hit)
95 silly packumentCache full:https://registry.npmjs.org/tslib set size:108760 disposed:false
96 silly fetch manifest protractor@^7.0.0
97 silly packumentCache full:https://registry.npmjs.org/protractor cache-miss
98 http fetch GET 200 https://registry.npmjs.org/protractor 268ms (cache revalidated)
99 silly packumentCache full:https://registry.npmjs.org/protractor set size:265914 disposed:false
100 silly fetch manifest @angular/cli@~15.2.11
101 silly packumentCache full:https://registry.npmjs.org/@angular%2fcli cache-miss
102 http fetch GET 200 https://registry.npmjs.org/@angular%2fcli 5ms (cache hit)
103 silly packumentCache full:https://registry.npmjs.org/@angular%2fcli set size:2997909 disposed:false
104 silly placeDep ROOT @angular-devkit/build-angular@15.2.11 CONFLICT for: portforlio@0.0.0 want: ~15.2.11
105 silly placeDep ROOT typescript@4.9.5 OK for: @angular-devkit/build-angular@15.2.11 want: >=4.8.2 <5.0
106 silly placeDep ROOT @angular/compiler-cli@15.2.10 OK for: @angular-devkit/build-angular@15.2.11 want: ^15.0.0
107 silly placeDep ROOT @angular/compiler@15.2.10 REPLACE for: @angular/compiler-cli@15.2.10 want: 15.2.10
108 silly placeDep ROOT @angular/core@15.2.10 REPLACE for: @angular/compiler@15.2.10 want: 15.2.10
109 silly placeDep ROOT @angular/animations@15.2.10 REPLACE for: portforlio@0.0.0 want: ~15.2.10
110 silly placeDep ROOT @angular/cli@15.2.11 REPLACE for: portforlio@0.0.0 want: ~15.2.11
111 silly placeDep ROOT @angular/common@15.2.10 REPLACE for: portforlio@0.0.0 want: ~15.2.10
112 silly placeDep ROOT @angular/forms@15.2.10 REPLACE for: portforlio@0.0.0 want: ~15.2.10
113 silly placeDep ROOT @angular/platform-browser@15.2.10 REPLACE for: @angular/forms@15.2.10 want: 15.2.10
114 silly placeDep ROOT @angular/platform-browser-dynamic@15.2.10 REPLACE for: portforlio@0.0.0 want: ~15.2.10
115 silly placeDep ROOT @angular/router@15.2.10 REPLACE for: portforlio@0.0.0 want: ~15.2.10
116 silly fetch manifest glob@8.1.0
117 silly packumentCache full:https://registry.npmjs.org/glob cache-miss
118 silly fetch manifest less@4.1.3
119 silly packumentCache full:https://registry.npmjs.org/less cache-miss
120 silly fetch manifest open@8.4.1
121 silly packumentCache full:https://registry.npmjs.org/open cache-miss
122 silly fetch manifest sass@1.58.1
123 silly packumentCache full:https://registry.npmjs.org/sass cache-miss
124 silly fetch manifest tslib@2.5.0
125 silly packumentCache full:https://registry.npmjs.org/tslib cache-hit
126 silly fetch manifest terser@5.16.3
127 silly packumentCache full:https://registry.npmjs.org/terser cache-miss
128 silly fetch manifest cacache@17.0.4
129 silly packumentCache full:https://registry.npmjs.org/cacache cache-miss
130 silly fetch manifest chokidar@3.5.3
131 silly packumentCache full:https://registry.npmjs.org/chokidar cache-miss
132 silly fetch manifest css-loader@6.7.3
133 silly packumentCache full:https://registry.npmjs.org/css-loader cache-miss
134 silly fetch manifest @babel/core@7.20.12
135 silly packumentCache full:https://registry.npmjs.org/@babel%2fcore cache-miss
136 silly fetch manifest less-loader@11.1.0
137 silly packumentCache full:https://registry.npmjs.org/less-loader cache-miss
138 silly fetch manifest sass-loader@13.2.0
139 silly packumentCache full:https://registry.npmjs.org/sass-loader cache-miss
140 http fetch GET 200 https://registry.npmjs.org/open 10ms (cache hit)
141 silly packumentCache full:https://registry.npmjs.org/open set size:136392 disposed:false
142 silly fetch manifest autoprefixer@10.4.13
143 silly packumentCache full:https://registry.npmjs.org/autoprefixer cache-miss
144 http fetch GET 200 https://registry.npmjs.org/terser 12ms (cache hit)
145 silly packumentCache full:https://registry.npmjs.org/terser set size:786629 disposed:false
146 silly fetch manifest babel-loader@9.1.2
147 silly packumentCache full:https://registry.npmjs.org/babel-loader cache-miss
148 http fetch GET 200 https://registry.npmjs.org/cacache 15ms (cache hit)
149 silly packumentCache full:https://registry.npmjs.org/cacache set size:379664 disposed:false
150 silly fetch manifest browserslist@4.21.5
151 silly packumentCache full:https://registry.npmjs.org/browserslist cache-miss
152 http fetch GET 200 https://registry.npmjs.org/glob 20ms (cache hit)
153 silly packumentCache full:https://registry.npmjs.org/glob set size:415427 disposed:false
154 silly fetch manifest esbuild-wasm@0.17.8
155 silly packumentCache full:https://registry.npmjs.org/esbuild-wasm cache-miss
156 http fetch GET 200 https://registry.npmjs.org/chokidar 22ms (cache hit)
157 silly packumentCache full:https://registry.npmjs.org/chokidar set size:255902 disposed:false
158 silly fetch manifest jsonc-parser@3.2.0
159 silly packumentCache full:https://registry.npmjs.org/jsonc-parser cache-miss
160 http fetch GET 200 https://registry.npmjs.org/sass 30ms (cache revalidated)
161 silly packumentCache full:https://registry.npmjs.org/sass set size:719969 disposed:false
162 silly fetch manifest magic-string@0.29.0
163 silly packumentCache full:https://registry.npmjs.org/magic-string cache-miss
164 http fetch GET 200 https://registry.npmjs.org/babel-loader 18ms (cache hit)
165 silly packumentCache full:https://registry.npmjs.org/babel-loader set size:251164 disposed:false
166 silly fetch manifest @babel/runtime@7.20.13
167 silly packumentCache full:https://registry.npmjs.org/@babel%2fruntime cache-miss
168 http fetch GET 200 https://registry.npmjs.org/jsonc-parser 15ms (cache hit)
169 silly packumentCache full:https://registry.npmjs.org/jsonc-parser set size:122648 disposed:false
170 silly fetch manifest postcss-loader@7.0.2
171 silly packumentCache full:https://registry.npmjs.org/postcss-loader cache-miss
172 http fetch GET 200 https://registry.npmjs.org/magic-string 10ms (cache hit)
173 silly packumentCache full:https://registry.npmjs.org/magic-string set size:331817 disposed:false
174 silly fetch manifest @babel/template@7.20.7
175 silly packumentCache full:https://registry.npmjs.org/@babel%2ftemplate cache-miss
176 http fetch GET 200 https://registry.npmjs.org/less 62ms (cache revalidated)
177 silly packumentCache full:https://registry.npmjs.org/less set size:430648 disposed:false
178 silly fetch manifest @babel/generator@7.20.14
179 silly packumentCache full:https://registry.npmjs.org/@babel%2fgenerator cache-miss
180 http fetch GET 200 https://registry.npmjs.org/css-loader 66ms (cache revalidated)
181 silly packumentCache full:https://registry.npmjs.org/css-loader set size:512155 disposed:false
182 silly fetch manifest @ngtools/webpack@15.2.11
183 silly packumentCache full:https://registry.npmjs.org/@ngtools%2fwebpack cache-miss
184 http fetch GET 200 https://registry.npmjs.org/browserslist 63ms (cache revalidated)
185 silly packumentCache full:https://registry.npmjs.org/browserslist set size:502989 disposed:false
186 silly fetch manifest @babel/preset-env@7.20.2
187 silly packumentCache full:https://registry.npmjs.org/@babel%2fpreset-env cache-miss
188 http fetch GET 200 https://registry.npmjs.org/@babel%2fgenerator 31ms (cache revalidated)
189 silly packumentCache full:https://registry.npmjs.org/@babel%2fgenerator set size:496498 disposed:false
190 silly fetch manifest source-map-loader@4.0.1
191 silly packumentCache full:https://registry.npmjs.org/source-map-loader cache-miss
192 http fetch GET 200 https://registry.npmjs.org/@babel%2fcore 99ms (cache revalidated)
193 silly packumentCache full:https://registry.npmjs.org/@babel%2fcore set size:745002 disposed:false
194 silly fetch manifest webpack-dev-server@4.11.1
195 silly packumentCache full:https://registry.npmjs.org/webpack-dev-server cache-miss
196 http fetch GET 200 https://registry.npmjs.org/@babel%2ftemplate 63ms (cache revalidated)
197 silly packumentCache full:https://registry.npmjs.org/@babel%2ftemplate set size:221398 disposed:false
198 silly fetch manifest @angular-devkit/core@15.2.11
199 silly packumentCache full:https://registry.npmjs.org/@angular-devkit%2fcore cache-miss
200 http fetch GET 200 https://registry.npmjs.org/@angular-devkit%2fcore 3ms (cache hit)
201 silly packumentCache full:https://registry.npmjs.org/@angular-devkit%2fcore set size:2240704 disposed:false
202 silly fetch manifest webpack-dev-middleware@6.1.2
203 silly packumentCache full:https://registry.npmjs.org/webpack-dev-middleware cache-miss
204 http fetch GET 200 https://registry.npmjs.org/webpack-dev-middleware 24ms (cache revalidated)
205 silly packumentCache full:https://registry.npmjs.org/webpack-dev-middleware set size:357747 disposed:false
206 silly fetch manifest mini-css-extract-plugin@2.7.2
207 silly packumentCache full:https://registry.npmjs.org/mini-css-extract-plugin cache-miss
208 http fetch GET 200 https://registry.npmjs.org/autoprefixer 275ms (cache revalidated)
209 silly packumentCache full:https://registry.npmjs.org/autoprefixer set size:1261581 disposed:false
210 silly fetch manifest @angular-devkit/architect@0.1502.11
211 silly packumentCache full:https://registry.npmjs.org/@angular-devkit%2farchitect cache-miss
212 http fetch GET 200 https://registry.npmjs.org/@angular-devkit%2farchitect 3ms (cache hit)
213 silly packumentCache full:https://registry.npmjs.org/@angular-devkit%2farchitect set size:2054585 disposed:false
214 silly fetch manifest parse5-html-rewriting-stream@7.0.0
215 silly packumentCache full:https://registry.npmjs.org/parse5-html-rewriting-stream cache-miss
216 http fetch GET 200 https://registry.npmjs.org/less-loader 300ms (cache revalidated)
217 silly packumentCache full:https://registry.npmjs.org/less-loader set size:210110 disposed:false
218 silly fetch manifest @angular-devkit/build-webpack@0.1502.11
219 silly packumentCache full:https://registry.npmjs.org/@angular-devkit%2fbuild-webpack cache-miss
220 http fetch GET 200 https://registry.npmjs.org/parse5-html-rewriting-stream 3ms (cache hit)
221 silly packumentCache full:https://registry.npmjs.org/parse5-html-rewriting-stream set size:21573 disposed:false
222 silly fetch manifest @babel/helper-annotate-as-pure@7.18.6
223 silly packumentCache full:https://registry.npmjs.org/@babel%2fhelper-annotate-as-pure cache-miss
224 http fetch GET 200 https://registry.npmjs.org/sass-loader 305ms (cache revalidated)
225 silly packumentCache full:https://registry.npmjs.org/sass-loader set size:418808 disposed:false
226 silly fetch manifest @babel/plugin-transform-runtime@7.19.6
227 silly packumentCache full:https://registry.npmjs.org/@babel%2fplugin-transform-runtime cache-miss
228 http fetch GET 200 https://registry.npmjs.org/esbuild-wasm 290ms (cache revalidated)
229 silly packumentCache full:https://registry.npmjs.org/esbuild-wasm set size:1032624 disposed:false
230 silly fetch manifest @babel/helper-split-export-declaration@7.18.6
231 silly packumentCache full:https://registry.npmjs.org/@babel%2fhelper-split-export-declaration cache-miss
232 http fetch GET 200 https://registry.npmjs.org/@babel%2fhelper-annotate-as-pure 30ms (cache revalidated)
233 silly packumentCache full:https://registry.npmjs.org/@babel%2fhelper-annotate-as-pure set size:165818 disposed:false
234 silly fetch manifest @babel/plugin-transform-async-to-generator@7.20.7
235 silly packumentCache full:https://registry.npmjs.org/@babel%2fplugin-transform-async-to-generator cache-miss
236 http fetch GET 200 https://registry.npmjs.org/webpack-dev-server 239ms (cache revalidated)
237 silly packumentCache full:https://registry.npmjs.org/webpack-dev-server set size:846408 disposed:false
238 silly fetch manifest @babel/plugin-proposal-async-generator-functions@7.20.7
239 silly packumentCache full:https://registry.npmjs.org/@babel%2fplugin-proposal-async-generator-functions cache-miss
240 http fetch GET 200 https://registry.npmjs.org/@babel%2fhelper-split-export-declaration 36ms (cache miss)
241 silly packumentCache full:https://registry.npmjs.org/@babel%2fhelper-split-export-declaration set size:undefined disposed:false
242 silly fetch manifest esbuild@0.17.8
243 silly packumentCache full:https://registry.npmjs.org/esbuild cache-miss
244 http fetch GET 200 https://registry.npmjs.org/esbuild 26ms (cache revalidated)
245 silly packumentCache full:https://registry.npmjs.org/esbuild set size:1239695 disposed:false
246 silly fetch manifest @babel/core@7.19.3
247 silly packumentCache full:https://registry.npmjs.org/@babel%2fcore cache-hit
248 silly fetch manifest magic-string@^0.27.0
249 silly packumentCache full:https://registry.npmjs.org/magic-string cache-hit
250 silly fetch manifest dependency-graph@^0.11.0
251 silly packumentCache full:https://registry.npmjs.org/dependency-graph cache-miss
252 http fetch GET 200 https://registry.npmjs.org/mini-css-extract-plugin 243ms (cache revalidated)
253 silly packumentCache full:https://registry.npmjs.org/mini-css-extract-plugin set size:396581 disposed:false
254 silly fetch manifest reflect-metadata@^0.1.2
255 silly packumentCache full:https://registry.npmjs.org/reflect-metadata cache-miss
256 http fetch GET 200 https://registry.npmjs.org/reflect-metadata 29ms (cache revalidated)
257 silly packumentCache full:https://registry.npmjs.org/reflect-metadata set size:61305 disposed:false
258 silly fetch manifest ini@3.0.1
259 silly packumentCache full:https://registry.npmjs.org/ini cache-miss
260 http fetch GET 200 https://registry.npmjs.org/ini 2ms (cache hit)
261 silly packumentCache full:https://registry.npmjs.org/ini set size:57019 disposed:false
262 silly fetch manifest yargs@17.6.2
263 silly packumentCache full:https://registry.npmjs.org/yargs cache-miss
264 http fetch GET 200 https://registry.npmjs.org/yargs 2ms (cache hit)
265 silly packumentCache full:https://registry.npmjs.org/yargs set size:743056 disposed:false
266 silly fetch manifest pacote@15.1.0
267 silly packumentCache full:https://registry.npmjs.org/pacote cache-miss
268 http fetch GET 200 https://registry.npmjs.org/pacote 3ms (cache hit)
269 silly packumentCache full:https://registry.npmjs.org/pacote set size:734587 disposed:false
270 silly fetch manifest npm-package-arg@10.1.0
271 silly packumentCache full:https://registry.npmjs.org/npm-package-arg cache-miss
272 http fetch GET 200 https://registry.npmjs.org/npm-package-arg 2ms (cache hit)
273 silly packumentCache full:https://registry.npmjs.org/npm-package-arg set size:131455 disposed:false
274 silly fetch manifest npm-pick-manifest@8.0.1
275 silly packumentCache full:https://registry.npmjs.org/npm-pick-manifest cache-miss
276 http fetch GET 200 https://registry.npmjs.org/npm-pick-manifest 2ms (cache hit)
277 silly packumentCache full:https://registry.npmjs.org/npm-pick-manifest set size:102383 disposed:false
278 silly fetch manifest @schematics/angular@15.2.11
279 silly packumentCache full:https://registry.npmjs.org/@schematics%2fangular cache-miss
280 http fetch GET 200 https://registry.npmjs.org/@schematics%2fangular 3ms (cache hit)
281 silly packumentCache full:https://registry.npmjs.org/@schematics%2fangular set size:2257358 disposed:false
282 silly fetch manifest @angular-devkit/schematics@15.2.11
283 silly packumentCache full:https://registry.npmjs.org/@angular-devkit%2fschematics cache-miss
284 http fetch GET 200 https://registry.npmjs.org/@angular-devkit%2fschematics 3ms (cache hit)
285 silly packumentCache full:https://registry.npmjs.org/@angular-devkit%2fschematics set size:2218802 disposed:false
286 http fetch GET 200 https://registry.npmjs.org/@babel%2fruntime 517ms (cache revalidated)
287 silly packumentCache full:https://registry.npmjs.org/@babel%2fruntime set size:3289397 disposed:false
288 http fetch GET 200 https://registry.npmjs.org/@babel%2fpreset-env 479ms (cache revalidated)
289 silly packumentCache full:https://registry.npmjs.org/@babel%2fpreset-env set size:1128060 disposed:false
290 http fetch GET 200 https://registry.npmjs.org/@babel%2fplugin-transform-runtime 262ms (cache revalidated)
291 silly packumentCache full:https://registry.npmjs.org/@babel%2fplugin-transform-runtime set size:441671 disposed:false
292 http fetch GET 200 https://registry.npmjs.org/@babel%2fplugin-transform-async-to-generator 246ms (cache revalidated)
293 silly packumentCache full:https://registry.npmjs.org/@babel%2fplugin-transform-async-to-generator set size:228496 disposed:false
294 http fetch GET 200 https://registry.npmjs.org/dependency-graph 254ms (cache revalidated)
295 silly packumentCache full:https://registry.npmjs.org/dependency-graph set size:40812 disposed:false
296 http fetch GET 200 https://registry.npmjs.org/postcss-loader 728ms (cache revalidated)
297 silly packumentCache full:https://registry.npmjs.org/postcss-loader set size:278121 disposed:false
298 http fetch GET 200 https://registry.npmjs.org/source-map-loader 700ms (cache revalidated)
299 silly packumentCache full:https://registry.npmjs.org/source-map-loader set size:100772 disposed:false
300 http fetch GET 200 https://registry.npmjs.org/@babel%2fplugin-proposal-async-generator-functions 479ms (cache revalidated)
301 silly packumentCache full:https://registry.npmjs.org/@babel%2fplugin-proposal-async-generator-functions set size:213309 disposed:false
302 http fetch GET 200 https://registry.npmjs.org/@angular-devkit%2fbuild-webpack 546ms (cache revalidated)
303 silly packumentCache full:https://registry.npmjs.org/@angular-devkit%2fbuild-webpack set size:2133657 disposed:false
304 http fetch GET 200 https://registry.npmjs.org/@ngtools%2fwebpack 1018ms (cache revalidated)
305 silly packumentCache full:https://registry.npmjs.org/@ngtools%2fwebpack set size:2353106 disposed:false
306 silly fetch manifest webpack@5.76.1
307 silly packumentCache full:https://registry.npmjs.org/webpack cache-miss
308 http fetch GET 200 https://registry.npmjs.org/webpack 6ms (cache hit)
309 silly packumentCache full:https://registry.npmjs.org/webpack set size:4926367 disposed:false
310 silly fetch manifest fibers@>= 3.1.0
311 silly packumentCache full:https://registry.npmjs.org/fibers cache-miss
312 http fetch GET 200 https://registry.npmjs.org/fibers 246ms (cache revalidated)
313 silly packumentCache full:https://registry.npmjs.org/fibers set size:131396 disposed:false
314 silly fetch manifest node-sass@^4.0.0 || ^5.0.0 || ^6.0.0 || ^7.0.0 || ^8.0.0
315 silly packumentCache full:https://registry.npmjs.org/node-sass cache-miss
316 http fetch GET 200 https://registry.npmjs.org/node-sass 245ms (cache revalidated)
317 silly packumentCache full:https://registry.npmjs.org/node-sass set size:494960 disposed:false
318 silly fetch manifest sass-embedded@*
319 silly packumentCache full:https://registry.npmjs.org/sass-embedded cache-miss
320 http fetch GET 200 https://registry.npmjs.org/sass-embedded 31ms (cache revalidated)
321 silly packumentCache full:https://registry.npmjs.org/sass-embedded set size:403302 disposed:false
322 silly fetch manifest postcss@8.4.31
323 silly packumentCache full:https://registry.npmjs.org/postcss cache-miss
324 http fetch GET 200 https://registry.npmjs.org/postcss 25ms (cache revalidated)
325 silly packumentCache full:https://registry.npmjs.org/postcss set size:696248 disposed:false
326 silly fetch manifest @angular/compiler-cli@^15.0.0
327 silly packumentCache full:https://registry.npmjs.org/@angular%2fcompiler-cli cache-miss
328 http fetch GET 200 https://registry.npmjs.org/@angular%2fcompiler-cli 6ms (cache hit)
329 silly packumentCache full:https://registry.npmjs.org/@angular%2fcompiler-cli set size:3134456 disposed:false
330 silly fetch manifest @angular/compiler@15.2.10
331 silly packumentCache full:https://registry.npmjs.org/@angular%2fcompiler cache-miss
332 http fetch GET 200 https://registry.npmjs.org/@angular%2fcompiler 3ms (cache hit)
333 silly packumentCache full:https://registry.npmjs.org/@angular%2fcompiler set size:2598980 disposed:false
334 silly fetch manifest @angular/core@15.2.10
335 silly packumentCache full:https://registry.npmjs.org/@angular%2fcore cache-miss
336 http fetch GET 200 https://registry.npmjs.org/@angular%2fcore 4ms (cache hit)
337 silly packumentCache full:https://registry.npmjs.org/@angular%2fcore set size:2838843 disposed:false
338 silly fetch manifest rxjs@6.6.7
339 silly packumentCache full:https://registry.npmjs.org/rxjs cache-hit
340 silly fetch manifest zone.js@~0.11.4 || ~0.12.0 || ~0.13.0
341 silly packumentCache full:https://registry.npmjs.org/zone.js cache-hit
342 silly fetch manifest typescript@>=4.8.2 <5.0
343 silly packumentCache full:https://registry.npmjs.org/typescript cache-miss
344 http fetch GET 200 https://registry.npmjs.org/typescript 12ms (cache hit)
345 silly packumentCache full:https://registry.npmjs.org/typescript set size:15148409 disposed:false
346 silly placeDep ROOT @angular-devkit/architect@0.1502.11 OK for: @angular-devkit/build-angular@15.2.11 want: 0.1502.11
347 silly placeDep ROOT @angular-devkit/build-webpack@0.1502.11 OK for: @angular-devkit/build-angular@15.2.11 want: 0.1502.11
348 silly placeDep ROOT webpack-dev-server@4.11.1 OK for: @angular-devkit/build-webpack@0.1502.11 want: ^4.0.0
349 silly placeDep ROOT @angular-devkit/core@15.2.11 OK for: @angular-devkit/build-angular@15.2.11 want: 15.2.11
350 silly placeDep node_modules/@angular-devkit/build-angular @babel/core@7.20.12 OK for: @angular-devkit/build-angular@15.2.11 want: 7.20.12
351 silly placeDep ROOT @babel/generator@7.20.14 REPLACE for: @angular-devkit/build-angular@15.2.11 want: 7.20.14
352 silly placeDep ROOT @babel/helper-annotate-as-pure@7.18.6 OK for: @angular-devkit/build-angular@15.2.11 want: 7.18.6
353 silly placeDep ROOT @babel/helper-split-export-declaration@7.18.6 OK for: @angular-devkit/build-angular@15.2.11 want: 7.18.6
354 silly placeDep ROOT @babel/plugin-proposal-async-generator-functions@7.20.7 OK for: @angular-devkit/build-angular@15.2.11 want: 7.20.7
355 silly placeDep ROOT @babel/plugin-transform-async-to-generator@7.20.7 OK for: @angular-devkit/build-angular@15.2.11 want: 7.20.7
356 silly placeDep ROOT @babel/plugin-transform-runtime@7.19.6 OK for: @angular-devkit/build-angular@15.2.11 want: 7.19.6
357 silly placeDep ROOT @babel/preset-env@7.20.2 OK for: @angular-devkit/build-angular@15.2.11 want: 7.20.2
358 silly placeDep ROOT @babel/runtime@7.20.13 OK for: @angular-devkit/build-angular@15.2.11 want: 7.20.13
359 silly placeDep ROOT @babel/template@7.20.7 REPLACE for: @angular-devkit/build-angular@15.2.11 want: 7.20.7
360 silly placeDep ROOT @ngtools/webpack@15.2.11 OK for: @angular-devkit/build-angular@15.2.11 want: 15.2.11
361 silly placeDep ROOT autoprefixer@10.4.13 OK for: @angular-devkit/build-angular@15.2.11 want: 10.4.13
362 silly placeDep ROOT babel-loader@9.1.2 OK for: @angular-devkit/build-angular@15.2.11 want: 9.1.2
363 silly placeDep node_modules/@angular-devkit/build-angular browserslist@4.21.5 OK for: @angular-devkit/build-angular@15.2.11 want: 4.21.5
364 silly placeDep ROOT cacache@17.0.4 OK for: @angular-devkit/build-angular@15.2.11 want: 17.0.4
365 silly placeDep node_modules/@angular-devkit/build-angular chokidar@3.5.3 OK for: @angular-devkit/build-angular@15.2.11 want: 3.5.3
366 silly placeDep ROOT css-loader@6.7.3 OK for: @angular-devkit/build-angular@15.2.11 want: 6.7.3
367 silly placeDep ROOT esbuild@0.17.8 OK for: @angular-devkit/build-angular@15.2.11 want: 0.17.8
368 silly placeDep ROOT esbuild-wasm@0.17.8 OK for: @angular-devkit/build-angular@15.2.11 want: 0.17.8
369 silly placeDep ROOT glob@8.1.0 OK for: @angular-devkit/build-angular@15.2.11 want: 8.1.0
370 silly placeDep ROOT jsonc-parser@3.2.0 OK for: @angular-devkit/build-angular@15.2.11 want: 3.2.0
371 silly placeDep ROOT less@4.1.3 OK for: @angular-devkit/build-angular@15.2.11 want: 4.1.3
372 silly placeDep ROOT less-loader@11.1.0 OK for: @angular-devkit/build-angular@15.2.11 want: 11.1.0
373 silly placeDep ROOT magic-string@0.29.0 OK for: @angular-devkit/build-angular@15.2.11 want: 0.29.0
374 silly placeDep ROOT mini-css-extract-plugin@2.7.2 OK for: @angular-devkit/build-angular@15.2.11 want: 2.7.2
375 silly placeDep ROOT open@8.4.1 OK for: @angular-devkit/build-angular@15.2.11 want: 8.4.1
376 silly placeDep ROOT parse5-html-rewriting-stream@7.0.0 OK for: @angular-devkit/build-angular@15.2.11 want: 7.0.0
377 silly placeDep ROOT postcss-loader@7.0.2 OK for: @angular-devkit/build-angular@15.2.11 want: 7.0.2
378 silly placeDep ROOT sass@1.58.1 OK for: @angular-devkit/build-angular@15.2.11 want: 1.58.1
379 silly placeDep ROOT sass-loader@13.2.0 OK for: @angular-devkit/build-angular@15.2.11 want: 13.2.0
380 silly placeDep ROOT source-map-loader@4.0.1 OK for: @angular-devkit/build-angular@15.2.11 want: 4.0.1
381 silly placeDep ROOT terser@5.16.3 OK for: @angular-devkit/build-angular@15.2.11 want: 5.16.3
382 silly placeDep node_modules/@angular-devkit/build-angular tslib@2.5.0 OK for: @angular-devkit/build-angular@15.2.11 want: 2.5.0
383 silly placeDep ROOT webpack-dev-middleware@6.1.2 OK for: @angular-devkit/build-angular@15.2.11 want: 6.1.2
384 silly fetch manifest open@^8.0.9
385 silly packumentCache full:https://registry.npmjs.org/open cache-hit
386 silly fetch manifest spdy@^4.0.2
387 silly packumentCache full:https://registry.npmjs.org/spdy cache-miss
388 silly fetch manifest sockjs@^0.3.24
389 silly packumentCache full:https://registry.npmjs.org/sockjs cache-miss
390 silly fetch manifest express@^4.17.3
391 silly packumentCache full:https://registry.npmjs.org/express cache-miss
392 silly fetch manifest p-retry@^4.5.0
393 silly packumentCache full:https://registry.npmjs.org/p-retry cache-miss
394 silly fetch manifest @types/ws@^8.5.1
395 silly packumentCache full:https://registry.npmjs.org/@types%2fws cache-miss
396 silly fetch manifest colorette@^2.0.10
397 silly packumentCache full:https://registry.npmjs.org/colorette cache-miss
398 silly fetch manifest ipaddr.js@^2.0.1
399 silly packumentCache full:https://registry.npmjs.org/ipaddr.js cache-miss
400 silly fetch manifest selfsigned@^2.1.1
401 silly packumentCache full:https://registry.npmjs.org/selfsigned cache-miss
402 silly fetch manifest compression@^1.7.4
403 silly packumentCache full:https://registry.npmjs.org/compression cache-miss
404 silly fetch manifest serve-index@^1.9.1
405 silly packumentCache full:https://registry.npmjs.org/serve-index cache-miss
406 silly fetch manifest schema-utils@^4.0.0
407 silly packumentCache full:https://registry.npmjs.org/schema-utils cache-miss
408 http fetch GET 200 https://registry.npmjs.org/compression 28ms (cache revalidated)
409 silly packumentCache full:https://registry.npmjs.org/compression set size:98467 disposed:false
410 silly fetch manifest @types/sockjs@^0.3.33
411 silly packumentCache full:https://registry.npmjs.org/@types%2fsockjs cache-miss
412 http fetch GET 200 https://registry.npmjs.org/selfsigned 30ms (cache revalidated)
413 silly packumentCache full:https://registry.npmjs.org/selfsigned set size:100477 disposed:false
414 silly fetch manifest html-entities@^2.3.2
415 silly packumentCache full:https://registry.npmjs.org/html-entities cache-miss
416 http fetch GET 200 https://registry.npmjs.org/spdy 33ms (cache revalidated)
417 silly packumentCache full:https://registry.npmjs.org/spdy set size:358688 disposed:false
418 silly fetch manifest @types/bonjour@^3.5.9
419 silly packumentCache full:https://registry.npmjs.org/@types%2fbonjour cache-miss
420 http fetch GET 200 https://registry.npmjs.org/p-retry 35ms (cache revalidated)
421 silly packumentCache full:https://registry.npmjs.org/p-retry set size:69543 disposed:false
422 silly fetch manifest @types/express@^4.17.13
423 silly packumentCache full:https://registry.npmjs.org/@types%2fexpress cache-miss
424 http fetch GET 200 https://registry.npmjs.org/ipaddr.js 35ms (cache revalidated)
425 silly packumentCache full:https://registry.npmjs.org/ipaddr.js set size:67857 disposed:false
426 silly fetch manifest bonjour-service@^1.0.11
427 silly packumentCache full:https://registry.npmjs.org/bonjour-service cache-miss
428 http fetch GET 200 https://registry.npmjs.org/serve-index 36ms (cache revalidated)
429 silly packumentCache full:https://registry.npmjs.org/serve-index set size:68878 disposed:false
430 silly fetch manifest default-gateway@^6.0.3
431 silly packumentCache full:https://registry.npmjs.org/default-gateway cache-miss
432 http fetch GET 200 https://registry.npmjs.org/colorette 38ms (cache revalidated)
433 silly packumentCache full:https://registry.npmjs.org/colorette set size:92733 disposed:false
434 silly fetch manifest @types/serve-index@^1.9.1
435 silly packumentCache full:https://registry.npmjs.org/@types%2fserve-index cache-miss
436 http fetch GET 200 https://registry.npmjs.org/@types%2fws 38ms (cache revalidated)
437 silly packumentCache full:https://registry.npmjs.org/@types%2fws set size:167959 disposed:false
438 silly fetch manifest @types/serve-static@^1.13.10
439 silly packumentCache full:https://registry.npmjs.org/@types%2fserve-static cache-miss
440 http fetch GET 200 https://registry.npmjs.org/sockjs 39ms (cache revalidated)
441 silly packumentCache full:https://registry.npmjs.org/sockjs set size:78786 disposed:false
442 silly fetch manifest ansi-html-community@^0.0.8
443 silly packumentCache full:https://registry.npmjs.org/ansi-html-community cache-miss
444 http fetch GET 200 https://registry.npmjs.org/ansi-html-community 26ms (cache revalidated)
445 silly packumentCache full:https://registry.npmjs.org/ansi-html-community set size:4862 disposed:false
446 silly fetch manifest http-proxy-middleware@^2.0.3
447 silly packumentCache full:https://registry.npmjs.org/http-proxy-middleware cache-miss
448 http fetch GET 200 https://registry.npmjs.org/default-gateway 30ms (cache revalidated)
449 silly packumentCache full:https://registry.npmjs.org/default-gateway set size:110170 disposed:false
450 silly fetch manifest webpack-dev-middleware@^5.3.1
451 silly packumentCache full:https://registry.npmjs.org/webpack-dev-middleware cache-hit
452 silly fetch manifest connect-history-api-fallback@^2.0.0
453 silly packumentCache full:https://registry.npmjs.org/connect-history-api-fallback cache-miss
454 http fetch GET 200 https://registry.npmjs.org/html-entities 36ms (cache revalidated)
455 silly packumentCache full:https://registry.npmjs.org/html-entities set size:145148 disposed:false
456 silly fetch manifest @types/connect-history-api-fallback@^1.3.5
457 silly packumentCache full:https://registry.npmjs.org/@types%2fconnect-history-api-fallback cache-miss
458 http fetch GET 200 https://registry.npmjs.org/@types%2fbonjour 36ms (cache revalidated)
459 silly packumentCache full:https://registry.npmjs.org/@types%2fbonjour set size:24290 disposed:false
460 silly fetch manifest ajv@8.12.0
461 silly packumentCache full:https://registry.npmjs.org/ajv cache-miss
462 http fetch GET 200 https://registry.npmjs.org/@types%2fexpress 35ms (cache revalidated)
463 silly packumentCache full:https://registry.npmjs.org/@types%2fexpress set size:111364 disposed:false
464 silly fetch manifest source-map@0.7.4
465 silly packumentCache full:https://registry.npmjs.org/source-map cache-miss
466 http fetch GET 200 https://registry.npmjs.org/@types%2fsockjs 43ms (cache revalidated)
467 silly packumentCache full:https://registry.npmjs.org/@types%2fsockjs set size:29384 disposed:false
468 silly fetch manifest semver@^6.3.0
469 silly packumentCache full:https://registry.npmjs.org/semver cache-miss
470 http fetch GET 200 https://registry.npmjs.org/@types%2fserve-static 35ms (cache revalidated)
471 silly packumentCache full:https://registry.npmjs.org/@types%2fserve-static set size:70859 disposed:false
472 silly fetch manifest @babel/template@^7.20.7
473 silly packumentCache full:https://registry.npmjs.org/@babel%2ftemplate cache-hit
474 silly fetch manifest @babel/generator@^7.20.7
475 silly packumentCache full:https://registry.npmjs.org/@babel%2fgenerator cache-hit
476 silly fetch manifest @babel/helper-environment-visitor@^7.18.9
477 silly packumentCache full:https://registry.npmjs.org/@babel%2fhelper-environment-visitor cache-miss
478 http fetch GET 200 https://registry.npmjs.org/source-map 6ms (cache hit)
479 silly packumentCache full:https://registry.npmjs.org/source-map set size:226141 disposed:false
480 silly fetch manifest @babel/helper-remap-async-to-generator@^7.18.9
481 silly packumentCache full:https://registry.npmjs.org/@babel%2fhelper-remap-async-to-generator cache-miss
482 http fetch GET 200 https://registry.npmjs.org/ajv 9ms (cache hit)
483 silly packumentCache full:https://registry.npmjs.org/ajv set size:1126055 disposed:false
484 silly fetch manifest @babel/plugin-syntax-async-generators@^7.8.4
485 silly packumentCache full:https://registry.npmjs.org/@babel%2fplugin-syntax-async-generators cache-miss
486 http fetch GET 200 https://registry.npmjs.org/semver 9ms (cache hit)
487 silly packumentCache full:https://registry.npmjs.org/semver set size:226907 disposed:false
488 silly fetch manifest @babel/helper-remap-async-to-generator@^7.18.9
489 silly packumentCache full:https://registry.npmjs.org/@babel%2fhelper-remap-async-to-generator cache-miss
490 http fetch GET 200 https://registry.npmjs.org/http-proxy-middleware 27ms (cache revalidated)
491 silly packumentCache full:https://registry.npmjs.org/http-proxy-middleware set size:316066 disposed:false
492 silly fetch manifest babel-plugin-polyfill-corejs2@^0.3.3
493 silly packumentCache full:https://registry.npmjs.org/babel-plugin-polyfill-corejs2 cache-miss
494 http fetch GET 200 https://registry.npmjs.org/@types%2fconnect-history-api-fallback 33ms (cache revalidated)
495 silly packumentCache full:https://registry.npmjs.org/@types%2fconnect-history-api-fallback set size:23738 disposed:false
496 silly fetch manifest babel-plugin-polyfill-corejs3@^0.6.0
497 silly packumentCache full:https://registry.npmjs.org/babel-plugin-polyfill-corejs3 cache-miss
498 http fetch GET 200 https://registry.npmjs.org/babel-plugin-polyfill-corejs2 23ms (cache revalidated)
499 silly packumentCache full:https://registry.npmjs.org/babel-plugin-polyfill-corejs2 set size:110236 disposed:false
500 silly fetch manifest babel-plugin-polyfill-regenerator@^0.4.1
501 silly packumentCache full:https://registry.npmjs.org/babel-plugin-polyfill-regenerator cache-miss
502 http fetch GET 200 https://registry.npmjs.org/babel-plugin-polyfill-corejs3 21ms (cache revalidated)
503 silly packumentCache full:https://registry.npmjs.org/babel-plugin-polyfill-corejs3 set size:140660 disposed:false
504 silly fetch manifest core-js-compat@^3.25.1
505 silly packumentCache full:https://registry.npmjs.org/core-js-compat cache-miss
506 http fetch GET 200 https://registry.npmjs.org/babel-plugin-polyfill-regenerator 22ms (cache revalidated)
507 silly packumentCache full:https://registry.npmjs.org/babel-plugin-polyfill-regenerator set size:89229 disposed:false
508 silly fetch manifest @babel/preset-modules@^0.1.5
509 silly packumentCache full:https://registry.npmjs.org/@babel%2fpreset-modules cache-miss
510 http fetch GET 200 https://registry.npmjs.org/@babel%2fpreset-modules 25ms (cache revalidated)
511 silly packumentCache full:https://registry.npmjs.org/@babel%2fpreset-modules set size:44565 disposed:false
512 silly fetch manifest @babel/plugin-transform-for-of@^7.18.8
513 silly packumentCache full:https://registry.npmjs.org/@babel%2fplugin-transform-for-of cache-miss
514 http fetch GET 200 https://registry.npmjs.org/@babel%2fplugin-transform-for-of 26ms (cache revalidated)
515 silly packumentCache full:https://registry.npmjs.org/@babel%2fplugin-transform-for-of set size:226707 disposed:false
516 silly fetch manifest @babel/plugin-transform-spread@^7.19.0
517 silly packumentCache full:https://registry.npmjs.org/@babel%2fplugin-transform-spread cache-miss
518 http fetch GET 200 https://registry.npmjs.org/express 265ms (cache revalidated)
519 silly packumentCache full:https://registry.npmjs.org/express set size:801203 disposed:false
520 silly fetch manifest @babel/plugin-transform-classes@^7.20.2
521 silly packumentCache full:https://registry.npmjs.org/@babel%2fplugin-transform-classes cache-miss
522 http fetch GET 200 https://registry.npmjs.org/bonjour-service 244ms (cache revalidated)
523 silly packumentCache full:https://registry.npmjs.org/bonjour-service set size:59755 disposed:false
524 silly fetch manifest @babel/plugin-transform-literals@^7.18.9
525 silly packumentCache full:https://registry.npmjs.org/@babel%2fplugin-transform-literals cache-miss
526 http fetch GET 200 https://registry.npmjs.org/@types%2fserve-index 258ms (cache revalidated)
527 silly packumentCache full:https://registry.npmjs.org/@types%2fserve-index set size:29301 disposed:false
528 silly fetch manifest @babel/plugin-syntax-json-strings@^7.8.3
529 silly packumentCache full:https://registry.npmjs.org/@babel%2fplugin-syntax-json-strings cache-miss
530 http fetch GET 200 https://registry.npmjs.org/@babel%2fplugin-transform-literals 34ms (cache revalidated)
531 silly packumentCache full:https://registry.npmjs.org/@babel%2fplugin-transform-literals set size:189136 disposed:false
532 silly fetch manifest @babel/plugin-transform-new-target@^7.18.6
533 silly packumentCache full:https://registry.npmjs.org/@babel%2fplugin-transform-new-target cache-miss
534 http fetch GET 200 https://registry.npmjs.org/connect-history-api-fallback 249ms (cache revalidated)
535 silly packumentCache full:https://registry.npmjs.org/connect-history-api-fallback set size:30068 disposed:false
536 silly fetch manifest @babel/plugin-transform-parameters@^7.20.1
537 silly packumentCache full:https://registry.npmjs.org/@babel%2fplugin-transform-parameters cache-miss
538 http fetch GET 200 https://registry.npmjs.org/@babel%2fplugin-syntax-json-strings 25ms (cache revalidated)
539 silly packumentCache full:https://registry.npmjs.org/@babel%2fplugin-syntax-json-strings set size:50036 disposed:false
540 silly fetch manifest @babel/plugin-proposal-json-strings@^7.18.6
541 silly packumentCache full:https://registry.npmjs.org/@babel%2fplugin-proposal-json-strings cache-miss
542 http fetch GET 200 https://registry.npmjs.org/@babel%2fplugin-syntax-async-generators 246ms (cache revalidated)
543 silly packumentCache full:https://registry.npmjs.org/@babel%2fplugin-syntax-async-generators set size:82646 disposed:false
544 silly fetch manifest @babel/plugin-syntax-dynamic-import@^7.8.3
545 silly packumentCache full:https://registry.npmjs.org/@babel%2fplugin-syntax-dynamic-import cache-miss
546 http fetch GET 200 https://registry.npmjs.org/@babel%2fhelper-remap-async-to-generator 258ms (cache revalidated)
547 silly packumentCache full:https://registry.npmjs.org/@babel%2fhelper-remap-async-to-generator set size:211253 disposed:false
548 silly fetch manifest @babel/plugin-transform-modules-amd@^7.19.6
549 silly packumentCache full:https://registry.npmjs.org/@babel%2fplugin-transform-modules-amd cache-miss
550 http fetch GET 200 https://registry.npmjs.org/@babel%2fhelper-remap-async-to-generator 268ms (cache revalidated)
551 silly packumentCache full:https://registry.npmjs.org/@babel%2fhelper-remap-async-to-generator set size:211253 disposed:false
552 silly packumentCache full:https://registry.npmjs.org/@babel%2fhelper-remap-async-to-generator dispose
553 silly fetch manifest @babel/plugin-transform-modules-umd@^7.18.6
554 silly packumentCache full:https://registry.npmjs.org/@babel%2fplugin-transform-modules-umd cache-miss
555 http fetch GET 200 https://registry.npmjs.org/core-js-compat 240ms (cache revalidated)
556 silly packumentCache full:https://registry.npmjs.org/core-js-compat set size:342644 disposed:false
557 silly fetch manifest @babel/plugin-transform-regenerator@^7.18.6
558 silly packumentCache full:https://registry.npmjs.org/@babel%2fplugin-transform-regenerator cache-miss
559 http fetch GET 200 https://registry.npmjs.org/@babel%2fplugin-transform-modules-amd 25ms (cache revalidated)
560 silly packumentCache full:https://registry.npmjs.org/@babel%2fplugin-transform-modules-amd set size:231923 disposed:false
561 silly fetch manifest @babel/plugin-syntax-top-level-await@^7.14.5
562 silly packumentCache full:https://registry.npmjs.org/@babel%2fplugin-syntax-top-level-await cache-miss
563 http fetch GET 200 https://registry.npmjs.org/@babel%2fplugin-transform-modules-umd 35ms (cache revalidated)
564 silly packumentCache full:https://registry.npmjs.org/@babel%2fplugin-transform-modules-umd set size:209237 disposed:false
565 silly fetch manifest @babel/plugin-transform-dotall-regex@^7.18.6
566 silly packumentCache full:https://registry.npmjs.org/@babel%2fplugin-transform-dotall-regex cache-miss
567 http fetch GET 200 https://registry.npmjs.org/@babel%2fplugin-transform-spread 245ms (cache revalidated)
568 silly packumentCache full:https://registry.npmjs.org/@babel%2fplugin-transform-spread set size:213569 disposed:false
569 silly fetch manifest @babel/plugin-transform-object-super@^7.18.6
570 silly packumentCache full:https://registry.npmjs.org/@babel%2fplugin-transform-object-super cache-miss
571 http fetch GET 200 https://registry.npmjs.org/@babel%2fplugin-transform-object-super 31ms (cache revalidated)
572 silly packumentCache full:https://registry.npmjs.org/@babel%2fplugin-transform-object-super set size:192551 disposed:false
573 silly fetch manifest @babel/plugin-transform-sticky-regex@^7.18.6
574 silly packumentCache full:https://registry.npmjs.org/@babel%2fplugin-transform-sticky-regex cache-miss
575 http fetch GET 200 https://registry.npmjs.org/@babel%2fplugin-transform-sticky-regex 31ms (cache revalidated)
576 silly packumentCache full:https://registry.npmjs.org/@babel%2fplugin-transform-sticky-regex set size:188423 disposed:false
577 silly fetch manifest @babel/plugin-proposal-dynamic-import@^7.18.6
578 silly packumentCache full:https://registry.npmjs.org/@babel%2fplugin-proposal-dynamic-import cache-miss
579 http fetch GET 200 https://registry.npmjs.org/@babel%2fplugin-transform-classes 255ms (cache revalidated)
580 silly packumentCache full:https://registry.npmjs.org/@babel%2fplugin-transform-classes set size:319443 disposed:false
581 silly fetch manifest @babel/plugin-syntax-class-properties@^7.12.13
582 silly packumentCache full:https://registry.npmjs.org/@babel%2fplugin-syntax-class-properties cache-miss
583 http fetch GET 200 https://registry.npmjs.org/@babel%2fplugin-syntax-class-properties 27ms (cache revalidated)
584 silly packumentCache full:https://registry.npmjs.org/@babel%2fplugin-syntax-class-properties set size:92860 disposed:false
585 silly fetch manifest @babel/plugin-transform-block-scoping@^7.20.2
586 silly packumentCache full:https://registry.npmjs.org/@babel%2fplugin-transform-block-scoping cache-miss
587 http fetch GET 200 https://registry.npmjs.org/@babel%2fplugin-transform-new-target 251ms (cache revalidated)
588 silly packumentCache full:https://registry.npmjs.org/@babel%2fplugin-transform-new-target set size:203978 disposed:false
589 silly fetch manifest @babel/plugin-transform-destructuring@^7.20.2
590 silly packumentCache full:https://registry.npmjs.org/@babel%2fplugin-transform-destructuring cache-miss
591 http fetch GET 200 https://registry.npmjs.org/@babel%2fhelper-environment-visitor 494ms (cache revalidated)
592 silly packumentCache full:https://registry.npmjs.org/@babel%2fhelper-environment-visitor set size:61477 disposed:false
593 silly fetch manifest @babel/plugin-transform-function-name@^7.18.9
594 silly packumentCache full:https://registry.npmjs.org/@babel%2fplugin-transform-function-name cache-miss
595 http fetch GET 200 https://registry.npmjs.org/@babel%2fplugin-transform-parameters 256ms (cache revalidated)
596 silly packumentCache full:https://registry.npmjs.org/@babel%2fplugin-transform-parameters set size:263162 disposed:false
597 silly fetch manifest @babel/plugin-transform-typeof-symbol@^7.18.9
598 silly packumentCache full:https://registry.npmjs.org/@babel%2fplugin-transform-typeof-symbol cache-miss
599 http fetch GET 200 https://registry.npmjs.org/@babel%2fplugin-transform-function-name 33ms (cache revalidated)
600 silly packumentCache full:https://registry.npmjs.org/@babel%2fplugin-transform-function-name set size:210455 disposed:false
601 silly fetch manifest @babel/plugin-transform-unicode-regex@^7.18.6
602 silly packumentCache full:https://registry.npmjs.org/@babel%2fplugin-transform-unicode-regex cache-miss
603 http fetch GET 200 https://registry.npmjs.org/@babel%2fplugin-transform-typeof-symbol 31ms (cache revalidated)
604 silly packumentCache full:https://registry.npmjs.org/@babel%2fplugin-transform-typeof-symbol set size:215761 disposed:false
605 silly fetch manifest @babel/plugin-proposal-private-methods@^7.18.6
606 silly packumentCache full:https://registry.npmjs.org/@babel%2fplugin-proposal-private-methods cache-miss
607 http fetch GET 200 https://registry.npmjs.org/@babel%2fplugin-transform-regenerator 244ms (cache revalidated)
608 silly packumentCache full:https://registry.npmjs.org/@babel%2fplugin-transform-regenerator set size:253889 disposed:false
609 silly fetch manifest @babel/plugin-syntax-import-assertions@^7.20.0
610 silly packumentCache full:https://registry.npmjs.org/@babel%2fplugin-syntax-import-assertions cache-miss
611 http fetch GET 200 https://registry.npmjs.org/@babel%2fplugin-transform-unicode-regex 34ms (cache revalidated)
612 silly packumentCache full:https://registry.npmjs.org/@babel%2fplugin-transform-unicode-regex set size:201210 disposed:false
613 silly fetch manifest @babel/plugin-syntax-numeric-separator@^7.10.4
614 silly packumentCache full:https://registry.npmjs.org/@babel%2fplugin-syntax-numeric-separator cache-miss
615 http fetch GET 200 https://registry.npmjs.org/@babel%2fplugin-transform-dotall-regex 256ms (cache revalidated)
616 silly packumentCache full:https://registry.npmjs.org/@babel%2fplugin-transform-dotall-regex set size:206485 disposed:false
617 silly fetch manifest @babel/plugin-syntax-optional-chaining@^7.8.3
618 silly packumentCache full:https://registry.npmjs.org/@babel%2fplugin-syntax-optional-chaining cache-miss
619 http fetch GET 200 https://registry.npmjs.org/@babel%2fplugin-syntax-import-assertions 36ms (cache revalidated)
620 silly packumentCache full:https://registry.npmjs.org/@babel%2fplugin-syntax-import-assertions set size:101184 disposed:false
621 silly fetch manifest @babel/plugin-transform-duplicate-keys@^7.18.9
622 silly packumentCache full:https://registry.npmjs.org/@babel%2fplugin-transform-duplicate-keys cache-miss
623 http fetch GET 200 https://registry.npmjs.org/@babel%2fplugin-syntax-numeric-separator 30ms (cache revalidated)
624 silly packumentCache full:https://registry.npmjs.org/@babel%2fplugin-syntax-numeric-separator set size:91054 disposed:false
625 silly fetch manifest @babel/plugin-transform-reserved-words@^7.18.6
626 silly packumentCache full:https://registry.npmjs.org/@babel%2fplugin-transform-reserved-words cache-miss
627 http fetch GET 200 https://registry.npmjs.org/@babel%2fplugin-transform-reserved-words 26ms (cache revalidated)
628 silly packumentCache full:https://registry.npmjs.org/@babel%2fplugin-transform-reserved-words set size:186415 disposed:false
629 silly fetch manifest @babel/plugin-proposal-class-properties@^7.18.6
630 silly packumentCache full:https://registry.npmjs.org/@babel%2fplugin-proposal-class-properties cache-miss
631 http fetch GET 200 https://registry.npmjs.org/schema-utils 707ms (cache revalidated)
632 silly packumentCache full:https://registry.npmjs.org/schema-utils set size:166364 disposed:false
633 silly fetch manifest @babel/plugin-syntax-class-static-block@^7.14.5
634 silly packumentCache full:https://registry.npmjs.org/@babel%2fplugin-syntax-class-static-block cache-miss
635 http fetch GET 200 https://registry.npmjs.org/@babel%2fplugin-proposal-json-strings 480ms (cache revalidated)
636 silly packumentCache full:https://registry.npmjs.org/@babel%2fplugin-proposal-json-strings set size:108561 disposed:false
637 silly fetch manifest @babel/plugin-syntax-object-rest-spread@^7.8.3
638 silly packumentCache full:https://registry.npmjs.org/@babel%2fplugin-syntax-object-rest-spread cache-miss
639 http fetch GET 200 https://registry.npmjs.org/@babel%2fplugin-transform-destructuring 256ms (cache revalidated)
640 silly packumentCache full:https://registry.npmjs.org/@babel%2fplugin-transform-destructuring set size:282438 disposed:false
641 silly fetch manifest @babel/plugin-transform-arrow-functions@^7.18.6
642 silly packumentCache full:https://registry.npmjs.org/@babel%2fplugin-transform-arrow-functions cache-miss
643 http fetch GET 200 https://registry.npmjs.org/@babel%2fplugin-syntax-object-rest-spread 27ms (cache revalidated)
644 silly packumentCache full:https://registry.npmjs.org/@babel%2fplugin-syntax-object-rest-spread set size:82808 disposed:false
645 silly fetch manifest @babel/plugin-transform-unicode-escapes@^7.18.10
646 silly packumentCache full:https://registry.npmjs.org/@babel%2fplugin-transform-unicode-escapes cache-miss
647 http fetch GET 200 https://registry.npmjs.org/@babel%2fplugin-syntax-top-level-await 481ms (cache revalidated)
648 silly packumentCache full:https://registry.npmjs.org/@babel%2fplugin-syntax-top-level-await set size:25370 disposed:false
649 silly fetch manifest @babel/plugin-proposal-numeric-separator@^7.18.6
650 silly packumentCache full:https://registry.npmjs.org/@babel%2fplugin-proposal-numeric-separator cache-miss
651 http fetch GET 200 https://registry.npmjs.org/@babel%2fplugin-transform-arrow-functions 28ms (cache revalidated)
652 silly packumentCache full:https://registry.npmjs.org/@babel%2fplugin-transform-arrow-functions set size:199232 disposed:false
653 silly fetch manifest @babel/plugin-proposal-optional-chaining@^7.18.9
654 silly packumentCache full:https://registry.npmjs.org/@babel%2fplugin-proposal-optional-chaining cache-miss
655 http fetch GET 200 https://registry.npmjs.org/@babel%2fplugin-syntax-optional-chaining 258ms (cache revalidated)
656 silly packumentCache full:https://registry.npmjs.org/@babel%2fplugin-syntax-optional-chaining set size:82606 disposed:false
657 silly fetch manifest @babel/plugin-transform-modules-commonjs@^7.19.6
658 silly packumentCache full:https://registry.npmjs.org/@babel%2fplugin-transform-modules-commonjs cache-miss
659 http fetch GET 200 https://registry.npmjs.org/@babel%2fplugin-transform-duplicate-keys 264ms (cache revalidated)
660 silly packumentCache full:https://registry.npmjs.org/@babel%2fplugin-transform-duplicate-keys set size:193473 disposed:false
661 silly fetch manifest @babel/plugin-transform-modules-systemjs@^7.19.6
662 silly packumentCache full:https://registry.npmjs.org/@babel%2fplugin-transform-modules-systemjs cache-miss
663 http fetch GET 200 https://registry.npmjs.org/@babel%2fplugin-proposal-dynamic-import 464ms (cache revalidated)
664 silly packumentCache full:https://registry.npmjs.org/@babel%2fplugin-proposal-dynamic-import set size:64685 disposed:false
665 silly fetch manifest @babel/plugin-proposal-class-static-block@^7.18.6
666 silly packumentCache full:https://registry.npmjs.org/@babel%2fplugin-proposal-class-static-block cache-miss
667 http fetch GET 200 https://registry.npmjs.org/@babel%2fplugin-transform-block-scoping 478ms (cache revalidated)
668 silly packumentCache full:https://registry.npmjs.org/@babel%2fplugin-transform-block-scoping set size:306387 disposed:false
669 silly fetch manifest @babel/plugin-proposal-object-rest-spread@^7.20.2
670 silly packumentCache full:https://registry.npmjs.org/@babel%2fplugin-proposal-object-rest-spread cache-miss
671 http fetch GET 200 https://registry.npmjs.org/@babel%2fplugin-transform-unicode-escapes 256ms (cache revalidated)
672 silly packumentCache full:https://registry.npmjs.org/@babel%2fplugin-transform-unicode-escapes set size:110829 disposed:false
673 silly fetch manifest @babel/plugin-transform-property-literals@^7.18.6
674 silly packumentCache full:https://registry.npmjs.org/@babel%2fplugin-transform-property-literals cache-miss
675 http fetch GET 200 https://registry.npmjs.org/@babel%2fplugin-proposal-numeric-separator 262ms (cache revalidated)
676 silly packumentCache full:https://registry.npmjs.org/@babel%2fplugin-proposal-numeric-separator set size:149998 disposed:false
677 silly fetch manifest @babel/plugin-transform-template-literals@^7.18.9
678 silly packumentCache full:https://registry.npmjs.org/@babel%2fplugin-transform-template-literals cache-miss
679 http fetch GET 200 https://registry.npmjs.org/@babel%2fplugin-proposal-optional-chaining 262ms (cache revalidated)
680 silly packumentCache full:https://registry.npmjs.org/@babel%2fplugin-proposal-optional-chaining set size:196573 disposed:false
681 silly fetch manifest @babel/plugin-syntax-export-namespace-from@^7.8.3
682 silly packumentCache full:https://registry.npmjs.org/@babel%2fplugin-syntax-export-namespace-from cache-miss
683 http fetch GET 200 https://registry.npmjs.org/@babel%2fplugin-transform-property-literals 29ms (cache revalidated)
684 silly packumentCache full:https://registry.npmjs.org/@babel%2fplugin-transform-property-literals set size:187133 disposed:false
685 silly fetch manifest @babel/plugin-syntax-optional-catch-binding@^7.8.3
686 silly packumentCache full:https://registry.npmjs.org/@babel%2fplugin-syntax-optional-catch-binding cache-miss
687 http fetch GET 200 https://registry.npmjs.org/@babel%2fplugin-transform-template-literals 37ms (cache revalidated)
688 silly packumentCache full:https://registry.npmjs.org/@babel%2fplugin-transform-template-literals set size:210130 disposed:false
689 silly fetch manifest @babel/plugin-transform-computed-properties@^7.18.9
690 silly packumentCache full:https://registry.npmjs.org/@babel%2fplugin-transform-computed-properties cache-miss
691 http fetch GET 200 https://registry.npmjs.org/@babel%2fplugin-transform-modules-commonjs 255ms (cache revalidated)
692 silly packumentCache full:https://registry.npmjs.org/@babel%2fplugin-transform-modules-commonjs set size:293097 disposed:false
693 silly fetch manifest @babel/plugin-proposal-export-namespace-from@^7.18.9
694 silly packumentCache full:https://registry.npmjs.org/@babel%2fplugin-proposal-export-namespace-from cache-miss
695 http fetch GET 200 https://registry.npmjs.org/@babel%2fplugin-transform-modules-systemjs 252ms (cache revalidated)
696 silly packumentCache full:https://registry.npmjs.org/@babel%2fplugin-transform-modules-systemjs set size:285445 disposed:false
697 silly fetch manifest @babel/plugin-transform-shorthand-properties@^7.18.6
698 silly packumentCache full:https://registry.npmjs.org/@babel%2fplugin-transform-shorthand-properties cache-miss
699 http fetch GET 200 https://registry.npmjs.org/@babel%2fplugin-transform-computed-properties 27ms (cache revalidated)
700 silly packumentCache full:https://registry.npmjs.org/@babel%2fplugin-transform-computed-properties set size:206887 disposed:false
701 silly fetch manifest @babel/plugin-proposal-optional-catch-binding@^7.18.6
702 silly packumentCache full:https://registry.npmjs.org/@babel%2fplugin-proposal-optional-catch-binding cache-miss
703 http fetch GET 200 https://registry.npmjs.org/@babel%2fplugin-transform-shorthand-properties 33ms (cache revalidated)
704 silly packumentCache full:https://registry.npmjs.org/@babel%2fplugin-transform-shorthand-properties set size:187310 disposed:false
705 silly fetch manifest @babel/plugin-proposal-unicode-property-regex@^7.18.6
706 silly packumentCache full:https://registry.npmjs.org/@babel%2fplugin-proposal-unicode-property-regex cache-miss
707 http fetch GET 200 https://registry.npmjs.org/@babel%2fplugin-syntax-class-static-block 502ms (cache revalidated)
708 silly packumentCache full:https://registry.npmjs.org/@babel%2fplugin-syntax-class-static-block set size:11519 disposed:false
709 silly fetch manifest @babel/plugin-transform-block-scoped-functions@^7.18.6
710 silly packumentCache full:https://registry.npmjs.org/@babel%2fplugin-transform-block-scoped-functions cache-miss
711 http fetch GET 200 https://registry.npmjs.org/@babel%2fplugin-transform-block-scoped-functions 34ms (cache revalidated)
712 silly packumentCache full:https://registry.npmjs.org/@babel%2fplugin-transform-block-scoped-functions set size:193386 disposed:false
713 silly fetch manifest @babel/plugin-syntax-private-property-in-object@^7.14.5
714 silly packumentCache full:https://registry.npmjs.org/@babel%2fplugin-syntax-private-property-in-object cache-miss
715 http fetch GET 200 https://registry.npmjs.org/@babel%2fplugin-proposal-private-methods 681ms (cache revalidated)
716 silly packumentCache full:https://registry.npmjs.org/@babel%2fplugin-proposal-private-methods set size:98762 disposed:false
717 silly fetch manifest @babel/plugin-transform-exponentiation-operator@^7.18.6
718 silly packumentCache full:https://registry.npmjs.org/@babel%2fplugin-transform-exponentiation-operator cache-miss
719 http fetch GET 200 https://registry.npmjs.org/@babel%2fplugin-transform-exponentiation-operator 32ms (cache revalidated)
720 silly packumentCache full:https://registry.npmjs.org/@babel%2fplugin-transform-exponentiation-operator set size:203672 disposed:false
721 silly fetch manifest @babel/plugin-syntax-nullish-coalescing-operator@^7.8.3
722 silly packumentCache full:https://registry.npmjs.org/@babel%2fplugin-syntax-nullish-coalescing-operator cache-miss
723 http fetch GET 200 https://registry.npmjs.org/@babel%2fplugin-syntax-nullish-coalescing-operator 40ms (cache revalidated)
724 silly packumentCache full:https://registry.npmjs.org/@babel%2fplugin-syntax-nullish-coalescing-operator set size:85378 disposed:false
725 silly fetch manifest @babel/plugin-proposal-private-property-in-object@^7.18.6
726 silly packumentCache full:https://registry.npmjs.org/@babel%2fplugin-proposal-private-property-in-object cache-miss
727 http fetch GET 200 https://registry.npmjs.org/@babel%2fplugin-syntax-optional-catch-binding 254ms (cache revalidated)
728 silly packumentCache full:https://registry.npmjs.org/@babel%2fplugin-syntax-optional-catch-binding set size:83975 disposed:false
729 silly fetch manifest @babel/plugin-syntax-logical-assignment-operators@^7.10.4
730 silly packumentCache full:https://registry.npmjs.org/@babel%2fplugin-syntax-logical-assignment-operators cache-miss
731 http fetch GET 200 https://registry.npmjs.org/@babel%2fplugin-syntax-logical-assignment-operators 30ms (cache revalidated)
732 silly packumentCache full:https://registry.npmjs.org/@babel%2fplugin-syntax-logical-assignment-operators set size:72392 disposed:false
733 silly fetch manifest @babel/plugin-proposal-nullish-coalescing-operator@^7.18.6
734 silly packumentCache full:https://registry.npmjs.org/@babel%2fplugin-proposal-nullish-coalescing-operator cache-miss
735 http fetch GET 200 https://registry.npmjs.org/@babel%2fplugin-proposal-class-static-block 459ms (cache revalidated)
736 silly packumentCache full:https://registry.npmjs.org/@babel%2fplugin-proposal-class-static-block set size:66352 disposed:false
737 silly fetch manifest @babel/plugin-transform-member-expression-literals@^7.18.6
738 silly packumentCache full:https://registry.npmjs.org/@babel%2fplugin-transform-member-expression-literals cache-miss
739 http fetch GET 200 https://registry.npmjs.org/@babel%2fplugin-syntax-private-property-in-object 262ms (cache revalidated)
740 silly packumentCache full:https://registry.npmjs.org/@babel%2fplugin-syntax-private-property-in-object set size:6479 disposed:false
741 silly fetch manifest @babel/plugin-proposal-logical-assignment-operators@^7.18.9
742 silly packumentCache full:https://registry.npmjs.org/@babel%2fplugin-proposal-logical-assignment-operators cache-miss
743 http fetch GET 200 https://registry.npmjs.org/@babel%2fplugin-proposal-object-rest-spread 503ms (cache revalidated)
744 silly packumentCache full:https://registry.npmjs.org/@babel%2fplugin-proposal-object-rest-spread set size:249794 disposed:false
745 silly fetch manifest @babel/plugin-transform-named-capturing-groups-regex@^7.19.1
746 silly packumentCache full:https://registry.npmjs.org/@babel%2fplugin-transform-named-capturing-groups-regex cache-miss
747 http fetch GET 200 https://registry.npmjs.org/@babel%2fplugin-transform-named-capturing-groups-regex 29ms (cache revalidated)
748 silly packumentCache full:https://registry.npmjs.org/@babel%2fplugin-transform-named-capturing-groups-regex set size:172986 disposed:false
749 silly fetch manifest @babel/plugin-bugfix-v8-spread-parameters-in-optional-chaining@^7.18.9
750 silly packumentCache full:https://registry.npmjs.org/@babel%2fplugin-bugfix-v8-spread-parameters-in-optional-chaining cache-miss
751 http fetch GET 200 https://registry.npmjs.org/@babel%2fplugin-bugfix-v8-spread-parameters-in-optional-chaining 28ms (cache revalidated)
752 silly packumentCache full:https://registry.npmjs.org/@babel%2fplugin-bugfix-v8-spread-parameters-in-optional-chaining set size:126586 disposed:false
753 silly fetch manifest @babel/plugin-bugfix-safari-id-destructuring-collision-in-function-expression@^7.18.6
754 silly packumentCache full:https://registry.npmjs.org/@babel%2fplugin-bugfix-safari-id-destructuring-collision-in-function-expression cache-miss
755 http fetch GET 200 https://registry.npmjs.org/@babel%2fplugin-proposal-export-namespace-from 458ms (cache revalidated)
756 silly packumentCache full:https://registry.npmjs.org/@babel%2fplugin-proposal-export-namespace-from set size:145189 disposed:false
757 silly fetch manifest regenerator-runtime@^0.13.11
758 silly packumentCache full:https://registry.npmjs.org/regenerator-runtime cache-miss
759 http fetch GET 200 https://registry.npmjs.org/@babel%2fplugin-proposal-class-properties 930ms (cache revalidated)
760 silly packumentCache full:https://registry.npmjs.org/@babel%2fplugin-proposal-class-properties set size:191045 disposed:false
761 silly fetch manifest fraction.js@^4.2.0
762 silly packumentCache full:https://registry.npmjs.org/fraction.js cache-miss
763 http fetch GET 200 https://registry.npmjs.org/@babel%2fplugin-bugfix-safari-id-destructuring-collision-in-function-expression 34ms (cache revalidated)
764 silly packumentCache full:https://registry.npmjs.org/@babel%2fplugin-bugfix-safari-id-destructuring-collision-in-function-expression set size:111583 disposed:false
765 silly fetch manifest normalize-range@^0.1.2
766 silly packumentCache full:https://registry.npmjs.org/normalize-range cache-miss
767 http fetch GET 200 https://registry.npmjs.org/regenerator-runtime 23ms (cache revalidated)
768 silly packumentCache full:https://registry.npmjs.org/regenerator-runtime set size:59671 disposed:false
769 silly fetch manifest postcss-value-parser@^4.2.0
770 silly packumentCache full:https://registry.npmjs.org/postcss-value-parser cache-miss
771 http fetch GET 200 https://registry.npmjs.org/@babel%2fplugin-syntax-dynamic-import 1314ms (cache revalidated)
772 silly packumentCache full:https://registry.npmjs.org/@babel%2fplugin-syntax-dynamic-import set size:81432 disposed:false
773 silly fetch manifest find-cache-dir@^3.3.2
774 silly packumentCache full:https://registry.npmjs.org/find-cache-dir cache-miss
775 http fetch GET 200 https://registry.npmjs.org/find-cache-dir 2ms (cache hit)
776 silly packumentCache full:https://registry.npmjs.org/find-cache-dir set size:35762 disposed:false
777 silly fetch manifest tar@^6.1.11
778 silly packumentCache full:https://registry.npmjs.org/tar cache-miss
779 http fetch GET 200 https://registry.npmjs.org/tar 1ms (cache hit)
780 silly packumentCache full:https://registry.npmjs.org/tar set size:469766 disposed:false
781 silly fetch manifest glob@^8.0.1
782 silly packumentCache full:https://registry.npmjs.org/glob cache-hit
783 silly fetch manifest ssri@^10.0.0
784 silly packumentCache full:https://registry.npmjs.org/ssri cache-miss
785 http fetch GET 200 https://registry.npmjs.org/@babel%2fplugin-proposal-optional-catch-binding 470ms (cache revalidated)
786 silly packumentCache full:https://registry.npmjs.org/@babel%2fplugin-proposal-optional-catch-binding set size:143831 disposed:false
787 silly fetch manifest p-map@^4.0.0
788 silly packumentCache full:https://registry.npmjs.org/p-map cache-miss
789 http fetch GET 200 https://registry.npmjs.org/ssri 2ms (cache hit)
790 silly packumentCache full:https://registry.npmjs.org/ssri set size:133159 disposed:false
791 silly fetch manifest minipass@^4.0.0
792 silly packumentCache full:https://registry.npmjs.org/minipass cache-miss
793 http fetch GET 200 https://registry.npmjs.org/p-map 3ms (cache hit)
794 silly packumentCache full:https://registry.npmjs.org/p-map set size:52373 disposed:false
795 silly fetch manifest lru-cache@^7.7.1
796 silly packumentCache full:https://registry.npmjs.org/lru-cache cache-miss
797 http fetch GET 200 https://registry.npmjs.org/minipass 3ms (cache hit)
798 silly packumentCache full:https://registry.npmjs.org/minipass set size:490195 disposed:false
799 silly fetch manifest @npmcli/fs@^3.1.0
800 silly packumentCache full:https://registry.npmjs.org/@npmcli%2ffs cache-miss
801 http fetch GET 200 https://registry.npmjs.org/lru-cache 5ms (cache hit)
802 silly packumentCache full:https://registry.npmjs.org/lru-cache set size:406394 disposed:false
803 silly fetch manifest fs-minipass@^3.0.0
804 silly packumentCache full:https://registry.npmjs.org/fs-minipass cache-miss
805 http fetch GET 200 https://registry.npmjs.org/@npmcli%2ffs 6ms (cache hit)
806 silly packumentCache full:https://registry.npmjs.org/@npmcli%2ffs set size:40552 disposed:false
807 silly fetch manifest minipass-flush@^1.0.5
808 silly packumentCache full:https://registry.npmjs.org/minipass-flush cache-miss
809 http fetch GET 200 https://registry.npmjs.org/fs-minipass 2ms (cache hit)
810 silly packumentCache full:https://registry.npmjs.org/fs-minipass set size:44606 disposed:false
811 silly fetch manifest unique-filename@^3.0.0
812 silly packumentCache full:https://registry.npmjs.org/unique-filename cache-miss
813 http fetch GET 200 https://registry.npmjs.org/minipass-flush 2ms (cache hit)
814 silly packumentCache full:https://registry.npmjs.org/minipass-flush set size:16292 disposed:false
815 silly fetch manifest minipass-collect@^1.0.2
816 silly packumentCache full:https://registry.npmjs.org/minipass-collect cache-miss
817 http fetch GET 200 https://registry.npmjs.org/unique-filename 2ms (cache hit)
818 silly packumentCache full:https://registry.npmjs.org/unique-filename set size:22047 disposed:false
819 silly fetch manifest promise-inflight@^1.0.1
820 silly packumentCache full:https://registry.npmjs.org/promise-inflight cache-miss
821 http fetch GET 200 https://registry.npmjs.org/minipass-collect 2ms (cache hit)
822 silly packumentCache full:https://registry.npmjs.org/minipass-collect set size:12471 disposed:false
823 silly fetch manifest minipass-pipeline@^1.2.4
824 silly packumentCache full:https://registry.npmjs.org/minipass-pipeline cache-miss
825 http fetch GET 200 https://registry.npmjs.org/promise-inflight 2ms (cache hit)
826 silly packumentCache full:https://registry.npmjs.org/promise-inflight set size:4685 disposed:false
827 silly fetch manifest icss-utils@^5.1.0
828 silly packumentCache full:https://registry.npmjs.org/icss-utils cache-miss
829 http fetch GET 200 https://registry.npmjs.org/minipass-pipeline 2ms (cache hit)
830 silly packumentCache full:https://registry.npmjs.org/minipass-pipeline set size:27941 disposed:false
831 silly fetch manifest postcss-modules-extract-imports@^3.0.0
832 silly packumentCache full:https://registry.npmjs.org/postcss-modules-extract-imports cache-miss
833 http fetch GET 200 https://registry.npmjs.org/@babel%2fplugin-proposal-unicode-property-regex 476ms (cache revalidated)
834 silly packumentCache full:https://registry.npmjs.org/@babel%2fplugin-proposal-unicode-property-regex set size:173384 disposed:false
835 silly fetch manifest postcss-modules-local-by-default@^4.0.0
836 silly packumentCache full:https://registry.npmjs.org/postcss-modules-local-by-default cache-miss
837 http fetch GET 200 https://registry.npmjs.org/@babel%2fplugin-transform-member-expression-literals 262ms (cache revalidated)
838 silly packumentCache full:https://registry.npmjs.org/@babel%2fplugin-transform-member-expression-literals set size:191766 disposed:false
839 silly fetch manifest postcss-modules-scope@^3.0.0
840 silly packumentCache full:https://registry.npmjs.org/postcss-modules-scope cache-miss
841 http fetch GET 200 https://registry.npmjs.org/postcss-modules-local-by-default 25ms (cache revalidated)
842 silly packumentCache full:https://registry.npmjs.org/postcss-modules-local-by-default set size:107445 disposed:false
843 silly fetch manifest postcss-modules-values@^4.0.0
844 silly packumentCache full:https://registry.npmjs.org/postcss-modules-values cache-miss
845 http fetch GET 200 https://registry.npmjs.org/postcss-modules-scope 23ms (cache revalidated)
846 silly packumentCache full:https://registry.npmjs.org/postcss-modules-scope set size:72581 disposed:false
847 silly fetch manifest postcss-value-parser@^4.2.0
848 silly packumentCache full:https://registry.npmjs.org/postcss-value-parser cache-miss
849 http fetch GET 200 https://registry.npmjs.org/@babel%2fplugin-proposal-private-property-in-object 491ms (cache revalidated)
850 silly packumentCache full:https://registry.npmjs.org/@babel%2fplugin-proposal-private-property-in-object set size:80252 disposed:false
851 silly fetch manifest @esbuild/linux-arm@0.17.8
852 silly packumentCache full:https://registry.npmjs.org/@esbuild%2flinux-arm cache-miss
853 http fetch GET 200 https://registry.npmjs.org/fraction.js 250ms (cache revalidated)
854 silly packumentCache full:https://registry.npmjs.org/fraction.js set size:149386 disposed:false
855 silly fetch manifest @esbuild/linux-x64@0.17.8
856 silly packumentCache full:https://registry.npmjs.org/@esbuild%2flinux-x64 cache-miss
857 http fetch GET 200 https://registry.npmjs.org/postcss-value-parser 243ms (cache revalidated)
858 silly packumentCache full:https://registry.npmjs.org/postcss-value-parser set size:73484 disposed:false
859 silly fetch manifest @esbuild/sunos-x64@0.17.8
860 silly packumentCache full:https://registry.npmjs.org/@esbuild%2fsunos-x64 cache-miss
861 http fetch GET 200 https://registry.npmjs.org/postcss-value-parser 171ms (cache revalidated)
862 silly packumentCache full:https://registry.npmjs.org/postcss-value-parser set size:73484 disposed:false
863 silly packumentCache full:https://registry.npmjs.org/postcss-value-parser dispose
864 silly fetch manifest @esbuild/win32-x64@0.17.8
865 silly packumentCache full:https://registry.npmjs.org/@esbuild%2fwin32-x64 cache-miss
866 http fetch GET 200 https://registry.npmjs.org/normalize-range 254ms (cache miss)
867 silly packumentCache full:https://registry.npmjs.org/normalize-range set size:undefined disposed:false
868 silly fetch manifest @esbuild/darwin-x64@0.17.8
869 silly packumentCache full:https://registry.npmjs.org/@esbuild%2fdarwin-x64 cache-miss
870 http fetch GET 200 https://registry.npmjs.org/@esbuild%2flinux-arm 37ms (cache miss)
871 silly packumentCache full:https://registry.npmjs.org/@esbuild%2flinux-arm set size:undefined disposed:false
872 silly fetch manifest @esbuild/linux-ia32@0.17.8
873 silly packumentCache full:https://registry.npmjs.org/@esbuild%2flinux-ia32 cache-miss
874 http fetch GET 200 https://registry.npmjs.org/icss-utils 239ms (cache revalidated)
875 silly packumentCache full:https://registry.npmjs.org/icss-utils set size:31661 disposed:false
876 silly fetch manifest @esbuild/netbsd-x64@0.17.8
877 silly packumentCache full:https://registry.npmjs.org/@esbuild%2fnetbsd-x64 cache-miss
878 http fetch GET 200 https://registry.npmjs.org/@esbuild%2fsunos-x64 43ms (cache miss)
879 silly packumentCache full:https://registry.npmjs.org/@esbuild%2fsunos-x64 set size:undefined disposed:false
880 silly fetch manifest @esbuild/win32-ia32@0.17.8
881 silly packumentCache full:https://registry.npmjs.org/@esbuild%2fwin32-ia32 cache-miss
882 http fetch GET 200 https://registry.npmjs.org/@esbuild%2flinux-x64 48ms (cache miss)
883 silly packumentCache full:https://registry.npmjs.org/@esbuild%2flinux-x64 set size:undefined disposed:false
884 silly fetch manifest @esbuild/android-arm@0.17.8
885 silly packumentCache full:https://registry.npmjs.org/@esbuild%2fandroid-arm cache-miss
886 http fetch GET 200 https://registry.npmjs.org/@esbuild%2fwin32-x64 47ms (cache miss)
887 silly packumentCache full:https://registry.npmjs.org/@esbuild%2fwin32-x64 set size:undefined disposed:false
888 silly fetch manifest @esbuild/android-x64@0.17.8
889 silly packumentCache full:https://registry.npmjs.org/@esbuild%2fandroid-x64 cache-miss
890 http fetch GET 200 https://registry.npmjs.org/@esbuild%2fdarwin-x64 47ms (cache miss)
891 silly packumentCache full:https://registry.npmjs.org/@esbuild%2fdarwin-x64 set size:undefined disposed:false
892 silly fetch manifest @esbuild/freebsd-x64@0.17.8
893 silly packumentCache full:https://registry.npmjs.org/@esbuild%2ffreebsd-x64 cache-miss
894 http fetch GET 200 https://registry.npmjs.org/@esbuild%2flinux-ia32 40ms (cache miss)
895 silly packumentCache full:https://registry.npmjs.org/@esbuild%2flinux-ia32 set size:undefined disposed:false
896 silly fetch manifest @esbuild/linux-arm64@0.17.8
897 silly packumentCache full:https://registry.npmjs.org/@esbuild%2flinux-arm64 cache-miss
898 http fetch GET 200 https://registry.npmjs.org/@esbuild%2fnetbsd-x64 32ms (cache miss)
899 silly packumentCache full:https://registry.npmjs.org/@esbuild%2fnetbsd-x64 set size:undefined disposed:false
900 silly fetch manifest @esbuild/linux-ppc64@0.17.8
901 silly packumentCache full:https://registry.npmjs.org/@esbuild%2flinux-ppc64 cache-miss
902 http fetch GET 200 https://registry.npmjs.org/postcss-modules-values 263ms (cache revalidated)
903 silly packumentCache full:https://registry.npmjs.org/postcss-modules-values set size:56722 disposed:false
904 silly fetch manifest @esbuild/linux-s390x@0.17.8
905 silly packumentCache full:https://registry.npmjs.org/@esbuild%2flinux-s390x cache-miss
906 http fetch GET 200 https://registry.npmjs.org/@esbuild%2fwin32-ia32 41ms (cache miss)
907 silly packumentCache full:https://registry.npmjs.org/@esbuild%2fwin32-ia32 set size:undefined disposed:false
908 silly fetch manifest @esbuild/openbsd-x64@0.17.8
909 silly packumentCache full:https://registry.npmjs.org/@esbuild%2fopenbsd-x64 cache-miss
910 http fetch GET 200 https://registry.npmjs.org/@esbuild%2fandroid-arm 40ms (cache miss)
911 silly packumentCache full:https://registry.npmjs.org/@esbuild%2fandroid-arm set size:undefined disposed:false
912 silly fetch manifest @esbuild/win32-arm64@0.17.8
913 silly packumentCache full:https://registry.npmjs.org/@esbuild%2fwin32-arm64 cache-miss
914 http fetch GET 200 https://registry.npmjs.org/@esbuild%2ffreebsd-x64 39ms (cache miss)
915 silly packumentCache full:https://registry.npmjs.org/@esbuild%2ffreebsd-x64 set size:undefined disposed:false
916 silly fetch manifest @esbuild/darwin-arm64@0.17.8
917 silly packumentCache full:https://registry.npmjs.org/@esbuild%2fdarwin-arm64 cache-miss
918 http fetch GET 200 https://registry.npmjs.org/@esbuild%2fandroid-x64 44ms (cache miss)
919 silly packumentCache full:https://registry.npmjs.org/@esbuild%2fandroid-x64 set size:undefined disposed:false
920 silly fetch manifest @esbuild/android-arm64@0.17.8
921 silly packumentCache full:https://registry.npmjs.org/@esbuild%2fandroid-arm64 cache-miss
922 http fetch GET 200 https://registry.npmjs.org/@esbuild%2flinux-arm64 43ms (cache miss)
923 silly packumentCache full:https://registry.npmjs.org/@esbuild%2flinux-arm64 set size:undefined disposed:false
924 silly fetch manifest @esbuild/freebsd-arm64@0.17.8
925 silly packumentCache full:https://registry.npmjs.org/@esbuild%2ffreebsd-arm64 cache-miss
926 http fetch GET 200 https://registry.npmjs.org/@esbuild%2flinux-ppc64 38ms (cache miss)
927 silly packumentCache full:https://registry.npmjs.org/@esbuild%2flinux-ppc64 set size:undefined disposed:false
928 silly fetch manifest @esbuild/linux-loong64@0.17.8
929 silly packumentCache full:https://registry.npmjs.org/@esbuild%2flinux-loong64 cache-miss
930 http fetch GET 200 https://registry.npmjs.org/@babel%2fplugin-proposal-logical-assignment-operators 495ms (cache revalidated)
931 silly packumentCache full:https://registry.npmjs.org/@babel%2fplugin-proposal-logical-assignment-operators set size:153052 disposed:false
932 silly fetch manifest @esbuild/linux-riscv64@0.17.8
933 silly packumentCache full:https://registry.npmjs.org/@esbuild%2flinux-riscv64 cache-miss
934 http fetch GET 200 https://registry.npmjs.org/@esbuild%2flinux-s390x 44ms (cache miss)
935 silly packumentCache full:https://registry.npmjs.org/@esbuild%2flinux-s390x set size:undefined disposed:false
936 silly fetch manifest @esbuild/linux-mips64el@0.17.8
937 silly packumentCache full:https://registry.npmjs.org/@esbuild%2flinux-mips64el cache-miss
938 http fetch GET 200 https://registry.npmjs.org/@esbuild%2fopenbsd-x64 46ms (cache miss)
939 silly packumentCache full:https://registry.npmjs.org/@esbuild%2fopenbsd-x64 set size:undefined disposed:false
940 silly fetch manifest minimatch@^5.0.1
941 silly packumentCache full:https://registry.npmjs.org/minimatch cache-miss
942 http fetch GET 200 https://registry.npmjs.org/@esbuild%2fwin32-arm64 45ms (cache miss)
943 silly packumentCache full:https://registry.npmjs.org/@esbuild%2fwin32-arm64 set size:undefined disposed:false
944 silly fetch manifest copy-anything@^2.0.1
945 silly packumentCache full:https://registry.npmjs.org/copy-anything cache-miss
946 http fetch GET 200 https://registry.npmjs.org/minimatch 5ms (cache hit)
947 silly packumentCache full:https://registry.npmjs.org/minimatch set size:303959 disposed:false
948 silly fetch manifest parse-node-version@^1.0.1
949 silly packumentCache full:https://registry.npmjs.org/parse-node-version cache-miss
950 http fetch GET 200 https://registry.npmjs.org/@esbuild%2ffreebsd-arm64 41ms (cache miss)
951 silly packumentCache full:https://registry.npmjs.org/@esbuild%2ffreebsd-arm64 set size:undefined disposed:false
952 silly fetch manifest mime@^1.4.1
953 silly packumentCache full:https://registry.npmjs.org/mime cache-miss
954 http fetch GET 200 https://registry.npmjs.org/@esbuild%2fdarwin-arm64 49ms (cache miss)
955 silly packumentCache full:https://registry.npmjs.org/@esbuild%2fdarwin-arm64 set size:undefined disposed:false
956 silly fetch manifest errno@^0.1.1
957 silly packumentCache full:https://registry.npmjs.org/errno cache-miss
958 http fetch GET 200 https://registry.npmjs.org/@esbuild%2flinux-loong64 42ms (cache revalidated)
959 silly packumentCache full:https://registry.npmjs.org/@esbuild%2flinux-loong64 set size:242096 disposed:false
960 silly fetch manifest needle@^3.1.0
961 silly packumentCache full:https://registry.npmjs.org/needle cache-miss
962 http fetch GET 200 https://registry.npmjs.org/@esbuild%2fandroid-arm64 48ms (cache miss)
963 silly packumentCache full:https://registry.npmjs.org/@esbuild%2fandroid-arm64 set size:undefined disposed:false
964 silly fetch manifest make-dir@^2.1.0
965 silly packumentCache full:https://registry.npmjs.org/make-dir cache-miss
966 http fetch GET 200 https://registry.npmjs.org/mime 32ms (cache revalidated)
967 silly packumentCache full:https://registry.npmjs.org/mime set size:119236 disposed:false
968 silly fetch manifest image-size@~0.5.0
969 silly packumentCache full:https://registry.npmjs.org/image-size cache-miss
970 http fetch GET 200 https://registry.npmjs.org/@babel%2fplugin-syntax-export-namespace-from 937ms (cache revalidated)
971 silly packumentCache full:https://registry.npmjs.org/@babel%2fplugin-syntax-export-namespace-from set size:77794 disposed:false
972 silly fetch manifest source-map@~0.6.0
973 silly packumentCache full:https://registry.npmjs.org/source-map cache-hit
974 silly fetch manifest klona@^2.0.4
975 silly packumentCache full:https://registry.npmjs.org/klona cache-miss
976 http fetch GET 200 https://registry.npmjs.org/@esbuild%2flinux-riscv64 49ms (cache miss)
977 silly packumentCache full:https://registry.npmjs.org/@esbuild%2flinux-riscv64 set size:undefined disposed:false
978 silly fetch manifest is-wsl@^2.2.0
979 silly packumentCache full:https://registry.npmjs.org/is-wsl cache-miss
980 http fetch GET 200 https://registry.npmjs.org/is-wsl 3ms (cache hit)
981 silly packumentCache full:https://registry.npmjs.org/is-wsl set size:18741 disposed:false
982 silly fetch manifest is-docker@^2.1.1
983 silly packumentCache full:https://registry.npmjs.org/is-docker cache-miss
984 http fetch GET 200 https://registry.npmjs.org/@esbuild%2flinux-mips64el 51ms (cache miss)
985 silly packumentCache full:https://registry.npmjs.org/@esbuild%2flinux-mips64el set size:undefined disposed:false
986 silly fetch manifest define-lazy-prop@^2.0.0
987 silly packumentCache full:https://registry.npmjs.org/define-lazy-prop cache-miss
988 http fetch GET 200 https://registry.npmjs.org/define-lazy-prop 1ms (cache hit)
989 silly packumentCache full:https://registry.npmjs.org/define-lazy-prop set size:9337 disposed:false
990 silly fetch manifest parse5@^7.0.0
991 silly packumentCache full:https://registry.npmjs.org/parse5 cache-miss
992 http fetch GET 200 https://registry.npmjs.org/is-docker 2ms (cache hit)
993 silly packumentCache full:https://registry.npmjs.org/is-docker set size:23690 disposed:false
994 silly fetch manifest entities@^4.3.0
995 silly packumentCache full:https://registry.npmjs.org/entities cache-miss
996 http fetch GET 200 https://registry.npmjs.org/entities 1ms (cache hit)
997 silly packumentCache full:https://registry.npmjs.org/entities set size:94747 disposed:false
998 silly fetch manifest parse5-sax-parser@^7.0.0
999 silly packumentCache full:https://registry.npmjs.org/parse5-sax-parser cache-miss
1000 http fetch GET 200 https://registry.npmjs.org/parse5 3ms (cache hit)
1001 silly packumentCache full:https://registry.npmjs.org/parse5 set size:120809 disposed:false
1002 silly fetch manifest klona@^2.0.5
1003 silly packumentCache full:https://registry.npmjs.org/klona cache-miss
1004 http fetch GET 200 https://registry.npmjs.org/parse5-sax-parser 3ms (cache hit)
1005 silly packumentCache full:https://registry.npmjs.org/parse5-sax-parser set size:18862 disposed:false
1006 silly fetch manifest cosmiconfig@^7.0.0
1007 silly packumentCache full:https://registry.npmjs.org/cosmiconfig cache-miss
1008 http fetch GET 200 https://registry.npmjs.org/copy-anything 249ms (cache revalidated)
1009 silly packumentCache full:https://registry.npmjs.org/copy-anything set size:101828 disposed:false
1010 silly fetch manifest immutable@^4.0.0
1011 silly packumentCache full:https://registry.npmjs.org/immutable cache-miss
1012 http fetch GET 200 https://registry.npmjs.org/parse-node-version 256ms (cache revalidated)
1013 silly packumentCache full:https://registry.npmjs.org/parse-node-version set size:11258 disposed:false
1014 silly fetch manifest klona@^2.0.4
1015 silly packumentCache full:https://registry.npmjs.org/klona cache-miss
1016 http fetch GET 200 https://registry.npmjs.org/needle 253ms (cache revalidated)
1017 silly packumentCache full:https://registry.npmjs.org/needle set size:227370 disposed:false
1018 silly fetch manifest abab@^2.0.6
1019 silly packumentCache full:https://registry.npmjs.org/abab cache-miss
1020 http fetch GET 200 https://registry.npmjs.org/errno 259ms (cache revalidated)
1021 silly packumentCache full:https://registry.npmjs.org/errno set size:26467 disposed:false
1022 silly fetch manifest iconv-lite@^0.6.3
1023 silly packumentCache full:https://registry.npmjs.org/iconv-lite cache-miss
1024 http fetch GET 200 https://registry.npmjs.org/iconv-lite 5ms (cache hit)
1025 silly packumentCache full:https://registry.npmjs.org/iconv-lite set size:120557 disposed:false
1026 silly fetch manifest memfs@^3.4.12
1027 silly packumentCache full:https://registry.npmjs.org/memfs cache-miss
1028 http fetch GET 200 https://registry.npmjs.org/immutable 23ms (cache revalidated)
1029 silly packumentCache full:https://registry.npmjs.org/immutable set size:267034 disposed:false
1030 http fetch GET 200 https://registry.npmjs.org/memfs 28ms (cache revalidated)
1031 silly packumentCache full:https://registry.npmjs.org/memfs set size:799866 disposed:false
1032 http fetch GET 200 https://registry.npmjs.org/klona 254ms (cache revalidated)
1033 silly packumentCache full:https://registry.npmjs.org/klona set size:42195 disposed:false
1034 http fetch GET 200 https://registry.npmjs.org/@babel%2fplugin-proposal-nullish-coalescing-operator 931ms (cache revalidated)
1035 silly packumentCache full:https://registry.npmjs.org/@babel%2fplugin-proposal-nullish-coalescing-operator set size:163532 disposed:false
1036 http fetch GET 200 https://registry.npmjs.org/postcss-modules-extract-imports 698ms (cache revalidated)
1037 silly packumentCache full:https://registry.npmjs.org/postcss-modules-extract-imports set size:57788 disposed:false
1038 http fetch GET 200 https://registry.npmjs.org/cosmiconfig 338ms (cache revalidated)
1039 silly packumentCache full:https://registry.npmjs.org/cosmiconfig set size:275399 disposed:false
1040 http fetch GET 200 https://registry.npmjs.org/klona 262ms (cache revalidated)
1041 silly packumentCache full:https://registry.npmjs.org/klona set size:42195 disposed:false
1042 silly packumentCache full:https://registry.npmjs.org/klona dispose
1043 http fetch GET 200 https://registry.npmjs.org/make-dir 668ms (cache revalidated)
1044 silly packumentCache full:https://registry.npmjs.org/make-dir set size:34889 disposed:false
1045 http fetch GET 200 https://registry.npmjs.org/image-size 670ms (cache revalidated)
1046 silly packumentCache full:https://registry.npmjs.org/image-size set size:155542 disposed:false
1047 http fetch GET 200 https://registry.npmjs.org/klona 702ms (cache revalidated)
1048 silly packumentCache full:https://registry.npmjs.org/klona set size:42195 disposed:true
1049 silly packumentCache full:https://registry.npmjs.org/klona dispose
1050 http fetch GET 200 https://registry.npmjs.org/abab 706ms (cache revalidated)
1051 silly packumentCache full:https://registry.npmjs.org/abab set size:30406 disposed:false
1052 silly placeDep node_modules/@angular-devkit/architect rxjs@6.6.7 OK for: @angular-devkit/architect@0.1502.11 want: 6.6.7
1053 silly fetch manifest tslib@^1.9.0
1054 silly packumentCache full:https://registry.npmjs.org/tslib cache-hit
1055 silly placeDep node_modules/@angular-devkit/build-webpack rxjs@6.6.7 OK for: @angular-devkit/build-webpack@0.1502.11 want: 6.6.7
1056 silly placeDep ROOT ajv@8.12.0 REPLACE for: @angular-devkit/core@15.2.11 want: 8.12.0
1057 silly placeDep node_modules/@angular-devkit/core rxjs@6.6.7 OK for: @angular-devkit/core@15.2.11 want: 6.6.7
1058 silly placeDep ROOT source-map@0.7.4 OK for: @angular-devkit/core@15.2.11 want: 0.7.4
1059 silly placeDep ROOT @angular-devkit/schematics@15.2.11 OK for: @angular/cli@15.2.11 want: 15.2.11
1060 silly placeDep ROOT @schematics/angular@15.2.11 OK for: @angular/cli@15.2.11 want: 15.2.11
1061 silly placeDep ROOT ini@3.0.1 OK for: @angular/cli@15.2.11 want: 3.0.1
1062 silly placeDep ROOT npm-package-arg@10.1.0 OK for: @angular/cli@15.2.11 want: 10.1.0
1063 silly placeDep ROOT npm-pick-manifest@8.0.1 OK for: @angular/cli@15.2.11 want: 8.0.1
1064 silly placeDep ROOT pacote@15.1.0 OK for: @angular/cli@15.2.11 want: 15.1.0
1065 silly placeDep ROOT yargs@17.6.2 REPLACE for: @angular/cli@15.2.11 want: 17.6.2
1066 silly fetch manifest proc-log@^3.0.0
1067 silly packumentCache full:https://registry.npmjs.org/proc-log cache-miss
1068 silly fetch manifest hosted-git-info@^6.0.0
1069 silly packumentCache full:https://registry.npmjs.org/hosted-git-info cache-miss
1070 silly fetch manifest validate-npm-package-name@^5.0.0
1071 silly packumentCache full:https://registry.npmjs.org/validate-npm-package-name cache-miss
1072 silly fetch manifest npm-install-checks@^6.0.0
1073 silly packumentCache full:https://registry.npmjs.org/npm-install-checks cache-miss
1074 silly fetch manifest npm-normalize-package-bin@^3.0.0
1075 silly packumentCache full:https://registry.npmjs.org/npm-normalize-package-bin cache-miss
1076 silly fetch manifest proc-log@^3.0.0
1077 silly packumentCache full:https://registry.npmjs.org/proc-log cache-miss
1078 silly fetch manifest sigstore@^1.0.0
1079 silly packumentCache full:https://registry.npmjs.org/sigstore cache-miss
1080 silly fetch manifest @npmcli/git@^4.0.0
1081 silly packumentCache full:https://registry.npmjs.org/@npmcli%2fgit cache-miss
1082 silly fetch manifest npm-packlist@^7.0.0
1083 silly packumentCache full:https://registry.npmjs.org/npm-packlist cache-miss
1084 silly fetch manifest promise-retry@^2.0.1
1085 silly packumentCache full:https://registry.npmjs.org/promise-retry cache-miss
1086 silly fetch manifest read-package-json@^6.0.0
1087 silly packumentCache full:https://registry.npmjs.org/read-package-json cache-miss
1088 http fetch GET 200 https://registry.npmjs.org/validate-npm-package-name 7ms (cache hit)
1089 silly packumentCache full:https://registry.npmjs.org/validate-npm-package-name set size:48201 disposed:false
1090 silly fetch manifest @npmcli/run-script@^6.0.0
1091 silly packumentCache full:https://registry.npmjs.org/@npmcli%2frun-script cache-miss
1092 http fetch GET 200 https://registry.npmjs.org/npm-install-checks 8ms (cache hit)
1093 silly packumentCache full:https://registry.npmjs.org/npm-install-checks set size:59311 disposed:false
1094 silly fetch manifest npm-registry-fetch@^14.0.0
1095 silly packumentCache full:https://registry.npmjs.org/npm-registry-fetch cache-miss
1096 http fetch GET 200 https://registry.npmjs.org/proc-log 9ms (cache hit)
1097 silly packumentCache full:https://registry.npmjs.org/proc-log set size:33588 disposed:false
1098 silly fetch manifest @npmcli/promise-spawn@^6.0.1
1099 silly packumentCache full:https://registry.npmjs.org/@npmcli%2fpromise-spawn cache-miss
1100 http fetch GET 200 https://registry.npmjs.org/proc-log 11ms (cache hit)
1101 silly packumentCache full:https://registry.npmjs.org/proc-log set size:33588 disposed:false
1102 silly packumentCache full:https://registry.npmjs.org/proc-log dispose
1103 silly fetch manifest read-package-json-fast@^3.0.0
1104 silly packumentCache full:https://registry.npmjs.org/read-package-json-fast cache-miss
1105 http fetch GET 200 https://registry.npmjs.org/hosted-git-info 10ms (cache hit)
1106 silly packumentCache full:https://registry.npmjs.org/hosted-git-info set size:178912 disposed:false
1107 silly fetch manifest @npmcli/installed-package-contents@^2.0.1
1108 silly packumentCache full:https://registry.npmjs.org/@npmcli%2finstalled-package-contents cache-miss
1109 http fetch GET 200 https://registry.npmjs.org/npm-normalize-package-bin 11ms (cache hit)
1110 silly packumentCache full:https://registry.npmjs.org/npm-normalize-package-bin set size:21797 disposed:false
1111 silly fetch manifest cliui@^8.0.1
1112 silly packumentCache full:https://registry.npmjs.org/cliui cache-miss
1113 http fetch GET 200 https://registry.npmjs.org/npm-packlist 11ms (cache hit)
1114 silly packumentCache full:https://registry.npmjs.org/npm-packlist set size:188633 disposed:false
1115 http fetch GET 200 https://registry.npmjs.org/sigstore 13ms (cache hit)
1116 silly packumentCache full:https://registry.npmjs.org/sigstore set size:116846 disposed:false
1117 http fetch GET 200 https://registry.npmjs.org/@npmcli%2fgit 13ms (cache hit)
1118 silly packumentCache full:https://registry.npmjs.org/@npmcli%2fgit set size:110850 disposed:false
1119 http fetch GET 200 https://registry.npmjs.org/promise-retry 15ms (cache hit)
1120 silly packumentCache full:https://registry.npmjs.org/promise-retry set size:34511 disposed:false
1121 http fetch GET 200 https://registry.npmjs.org/read-package-json 14ms (cache hit)
1122 silly packumentCache full:https://registry.npmjs.org/read-package-json set size:180337 disposed:false
1123 http fetch GET 200 https://registry.npmjs.org/@npmcli%2fpromise-spawn 11ms (cache hit)
1124 silly packumentCache full:https://registry.npmjs.org/@npmcli%2fpromise-spawn set size:68304 disposed:false
1125 http fetch GET 200 https://registry.npmjs.org/read-package-json-fast 10ms (cache hit)
1126 silly packumentCache full:https://registry.npmjs.org/read-package-json-fast set size:60487 disposed:false
1127 http fetch GET 200 https://registry.npmjs.org/npm-registry-fetch 11ms (cache hit)
1128 silly packumentCache full:https://registry.npmjs.org/npm-registry-fetch set size:279474 disposed:false
1129 http fetch GET 200 https://registry.npmjs.org/@npmcli%2frun-script 14ms (cache hit)
1130 silly packumentCache full:https://registry.npmjs.org/@npmcli%2frun-script set size:196862 disposed:false
1131 http fetch GET 200 https://registry.npmjs.org/cliui 11ms (cache hit)
1132 silly packumentCache full:https://registry.npmjs.org/cliui set size:69089 disposed:false
1133 http fetch GET 200 https://registry.npmjs.org/@npmcli%2finstalled-package-contents 12ms (cache hit)
1134 silly packumentCache full:https://registry.npmjs.org/@npmcli%2finstalled-package-contents set size:49004 disposed:false
1135 silly placeDep node_modules/@angular-devkit/schematics rxjs@6.6.7 OK for: @angular-devkit/schematics@15.2.11 want: 6.6.7
1136 silly placeDep ROOT @babel/core@7.19.3 REPLACE for: @angular/compiler-cli@15.2.10 want: 7.19.3
1137 silly placeDep ROOT dependency-graph@0.11.0 OK for: @angular/compiler-cli@15.2.10 want: ^0.11.0
1138 silly placeDep node_modules/@angular/compiler-cli magic-string@0.27.0 OK for: @angular/compiler-cli@15.2.10 want: ^0.27.0
1139 silly placeDep ROOT reflect-metadata@0.1.14 OK for: @angular/compiler-cli@15.2.10 want: ^0.1.2
1140 silly fetch manifest @babel/core@^7.0.0-0
1141 silly packumentCache full:https://registry.npmjs.org/@babel%2fcore cache-hit
1142 silly placeDep ROOT @babel/helper-environment-visitor@7.24.7 OK for: @babel/plugin-proposal-async-generator-functions@7.20.7 want: ^7.18.9
1143 silly placeDep ROOT @babel/helper-remap-async-to-generator@7.27.1 OK for: @babel/plugin-proposal-async-generator-functions@7.20.7 want: ^7.18.9
1144 silly placeDep ROOT @babel/plugin-syntax-async-generators@7.8.4 OK for: @babel/plugin-proposal-async-generator-functions@7.20.7 want: ^7.8.4
1145 silly fetch manifest @babel/helper-wrap-function@^7.27.1
1146 silly packumentCache full:https://registry.npmjs.org/@babel%2fhelper-wrap-function cache-miss
1147 silly fetch manifest @babel/helper-annotate-as-pure@^7.27.1
1148 silly packumentCache full:https://registry.npmjs.org/@babel%2fhelper-annotate-as-pure cache-hit
1149 http fetch GET 200 https://registry.npmjs.org/@babel%2fhelper-wrap-function 485ms (cache revalidated)
1150 silly packumentCache full:https://registry.npmjs.org/@babel%2fhelper-wrap-function set size:209344 disposed:false
1151 silly placeDep node_modules/@babel/helper-remap-async-to-generator @babel/helper-annotate-as-pure@7.27.3 OK for: @babel/helper-remap-async-to-generator@7.27.1 want: ^7.27.1
1152 silly placeDep ROOT @babel/helper-wrap-function@7.28.6 OK for: @babel/helper-remap-async-to-generator@7.27.1 want: ^7.27.1
1153 silly fetch manifest @babel/template@^7.28.6
1154 silly packumentCache full:https://registry.npmjs.org/@babel%2ftemplate cache-hit
1155 silly placeDep node_modules/@babel/helper-wrap-function @babel/template@7.28.6 OK for: @babel/helper-wrap-function@7.28.6 want: ^7.28.6
1156 silly placeDep ROOT babel-plugin-polyfill-corejs2@0.3.3 OK for: @babel/plugin-transform-runtime@7.19.6 want: ^0.3.3
1157 silly placeDep ROOT babel-plugin-polyfill-corejs3@0.6.0 OK for: @babel/plugin-transform-runtime@7.19.6 want: ^0.6.0
1158 silly placeDep ROOT babel-plugin-polyfill-regenerator@0.4.1 OK for: @babel/plugin-transform-runtime@7.19.6 want: ^0.4.1
1159 silly placeDep node_modules/@babel/plugin-transform-runtime semver@6.3.1 OK for: @babel/plugin-transform-runtime@7.19.6 want: ^6.3.0
1160 silly fetch manifest semver@^6.1.1
1161 silly packumentCache full:https://registry.npmjs.org/semver cache-hit
1162 silly fetch manifest @babel/helper-define-polyfill-provider@^0.3.3
1163 silly packumentCache full:https://registry.npmjs.org/@babel%2fhelper-define-polyfill-provider cache-miss
1164 silly fetch manifest @babel/helper-define-polyfill-provider@^0.3.3
1165 silly packumentCache full:https://registry.npmjs.org/@babel%2fhelper-define-polyfill-provider cache-miss
1166 silly fetch manifest @babel/helper-define-polyfill-provider@^0.3.3
1167 silly packumentCache full:https://registry.npmjs.org/@babel%2fhelper-define-polyfill-provider cache-miss
1168 http fetch GET 200 https://registry.npmjs.org/@babel%2fhelper-define-polyfill-provider 30ms (cache revalidated)
1169 silly packumentCache full:https://registry.npmjs.org/@babel%2fhelper-define-polyfill-provider set size:103853 disposed:false
1170 http fetch GET 200 https://registry.npmjs.org/@babel%2fhelper-define-polyfill-provider 31ms (cache revalidated)
1171 silly packumentCache full:https://registry.npmjs.org/@babel%2fhelper-define-polyfill-provider set size:103853 disposed:false
1172 silly packumentCache full:https://registry.npmjs.org/@babel%2fhelper-define-polyfill-provider dispose
1173 http fetch GET 200 https://registry.npmjs.org/@babel%2fhelper-define-polyfill-provider 36ms (cache revalidated)
1174 silly packumentCache full:https://registry.npmjs.org/@babel%2fhelper-define-polyfill-provider set size:103853 disposed:true
1175 silly packumentCache full:https://registry.npmjs.org/@babel%2fhelper-define-polyfill-provider dispose
1176 silly placeDep ROOT @babel/plugin-bugfix-safari-id-destructuring-collision-in-function-expression@7.27.1 OK for: @babel/preset-env@7.20.2 want: ^7.18.6
1177 silly placeDep ROOT @babel/plugin-bugfix-v8-spread-parameters-in-optional-chaining@7.27.1 OK for: @babel/preset-env@7.20.2 want: ^7.18.9
1178 silly placeDep ROOT @babel/plugin-proposal-class-properties@7.18.6 OK for: @babel/preset-env@7.20.2 want: ^7.18.6
1179 silly placeDep ROOT @babel/plugin-proposal-class-static-block@7.21.0 OK for: @babel/preset-env@7.20.2 want: ^7.18.6
1180 silly placeDep ROOT @babel/plugin-proposal-dynamic-import@7.18.6 OK for: @babel/preset-env@7.20.2 want: ^7.18.6
1181 silly placeDep ROOT @babel/plugin-proposal-export-namespace-from@7.18.9 OK for: @babel/preset-env@7.20.2 want: ^7.18.9
1182 silly placeDep ROOT @babel/plugin-proposal-json-strings@7.18.6 OK for: @babel/preset-env@7.20.2 want: ^7.18.6
1183 silly placeDep ROOT @babel/plugin-proposal-logical-assignment-operators@7.20.7 OK for: @babel/preset-env@7.20.2 want: ^7.18.9
1184 silly placeDep ROOT @babel/plugin-proposal-nullish-coalescing-operator@7.18.6 OK for: @babel/preset-env@7.20.2 want: ^7.18.6
1185 silly placeDep ROOT @babel/plugin-proposal-numeric-separator@7.18.6 OK for: @babel/preset-env@7.20.2 want: ^7.18.6
1186 silly placeDep ROOT @babel/plugin-proposal-object-rest-spread@7.20.7 OK for: @babel/preset-env@7.20.2 want: ^7.20.2
1187 silly placeDep ROOT @babel/plugin-proposal-optional-catch-binding@7.18.6 OK for: @babel/preset-env@7.20.2 want: ^7.18.6
1188 silly placeDep ROOT @babel/plugin-proposal-optional-chaining@7.21.0 OK for: @babel/preset-env@7.20.2 want: ^7.18.9
1189 silly placeDep ROOT @babel/plugin-proposal-private-methods@7.18.6 OK for: @babel/preset-env@7.20.2 want: ^7.18.6
1190 silly placeDep ROOT @babel/plugin-proposal-private-property-in-object@7.21.11 OK for: @babel/preset-env@7.20.2 want: ^7.18.6
1191 silly placeDep ROOT @babel/plugin-proposal-unicode-property-regex@7.18.6 OK for: @babel/preset-env@7.20.2 want: ^7.18.6
1192 silly placeDep ROOT @babel/plugin-syntax-class-properties@7.12.13 OK for: @babel/preset-env@7.20.2 want: ^7.12.13
1193 silly placeDep ROOT @babel/plugin-syntax-class-static-block@7.14.5 OK for: @babel/preset-env@7.20.2 want: ^7.14.5
1194 silly placeDep ROOT @babel/plugin-syntax-dynamic-import@7.8.3 OK for: @babel/preset-env@7.20.2 want: ^7.8.3
1195 silly placeDep ROOT @babel/plugin-syntax-export-namespace-from@7.8.3 OK for: @babel/preset-env@7.20.2 want: ^7.8.3
1196 silly placeDep ROOT @babel/plugin-syntax-import-assertions@7.28.6 OK for: @babel/preset-env@7.20.2 want: ^7.20.0
1197 silly placeDep ROOT @babel/plugin-syntax-json-strings@7.8.3 OK for: @babel/preset-env@7.20.2 want: ^7.8.3
1198 silly placeDep ROOT @babel/plugin-syntax-logical-assignment-operators@7.10.4 OK for: @babel/preset-env@7.20.2 want: ^7.10.4
1199 silly placeDep ROOT @babel/plugin-syntax-nullish-coalescing-operator@7.8.3 OK for: @babel/preset-env@7.20.2 want: ^7.8.3
1200 silly placeDep ROOT @babel/plugin-syntax-numeric-separator@7.10.4 OK for: @babel/preset-env@7.20.2 want: ^7.10.4
1201 silly placeDep ROOT @babel/plugin-syntax-object-rest-spread@7.8.3 OK for: @babel/preset-env@7.20.2 want: ^7.8.3
1202 silly placeDep ROOT @babel/plugin-syntax-optional-catch-binding@7.8.3 OK for: @babel/preset-env@7.20.2 want: ^7.8.3
1203 silly placeDep ROOT @babel/plugin-syntax-optional-chaining@7.8.3 OK for: @babel/preset-env@7.20.2 want: ^7.8.3
1204 silly placeDep ROOT @babel/plugin-syntax-private-property-in-object@7.14.5 OK for: @babel/preset-env@7.20.2 want: ^7.14.5
1205 silly placeDep ROOT @babel/plugin-syntax-top-level-await@7.14.5 OK for: @babel/preset-env@7.20.2 want: ^7.14.5
1206 silly placeDep ROOT @babel/plugin-transform-arrow-functions@7.27.1 OK for: @babel/preset-env@7.20.2 want: ^7.18.6
1207 silly placeDep ROOT @babel/plugin-transform-block-scoped-functions@7.27.1 OK for: @babel/preset-env@7.20.2 want: ^7.18.6
1208 silly placeDep ROOT @babel/plugin-transform-block-scoping@7.28.6 OK for: @babel/preset-env@7.20.2 want: ^7.20.2
1209 silly placeDep ROOT @babel/plugin-transform-classes@7.28.6 OK for: @babel/preset-env@7.20.2 want: ^7.20.2
1210 silly placeDep ROOT @babel/plugin-transform-computed-properties@7.28.6 OK for: @babel/preset-env@7.20.2 want: ^7.18.9
1211 silly placeDep ROOT @babel/plugin-transform-destructuring@7.28.5 OK for: @babel/preset-env@7.20.2 want: ^7.20.2
1212 silly placeDep ROOT @babel/plugin-transform-dotall-regex@7.28.6 OK for: @babel/preset-env@7.20.2 want: ^7.18.6
1213 silly placeDep ROOT @babel/plugin-transform-duplicate-keys@7.27.1 OK for: @babel/preset-env@7.20.2 want: ^7.18.9
1214 silly placeDep ROOT @babel/plugin-transform-exponentiation-operator@7.28.6 OK for: @babel/preset-env@7.20.2 want: ^7.18.6
1215 silly placeDep ROOT @babel/plugin-transform-for-of@7.27.1 OK for: @babel/preset-env@7.20.2 want: ^7.18.8
1216 silly placeDep ROOT @babel/plugin-transform-function-name@7.27.1 OK for: @babel/preset-env@7.20.2 want: ^7.18.9
1217 silly placeDep ROOT @babel/plugin-transform-literals@7.27.1 OK for: @babel/preset-env@7.20.2 want: ^7.18.9
1218 silly placeDep ROOT @babel/plugin-transform-member-expression-literals@7.27.1 OK for: @babel/preset-env@7.20.2 want: ^7.18.6
1219 silly placeDep ROOT @babel/plugin-transform-modules-amd@7.27.1 OK for: @babel/preset-env@7.20.2 want: ^7.19.6
1220 silly placeDep ROOT @babel/plugin-transform-modules-commonjs@7.28.6 OK for: @babel/preset-env@7.20.2 want: ^7.19.6
1221 silly placeDep ROOT @babel/plugin-transform-modules-systemjs@7.28.5 OK for: @babel/preset-env@7.20.2 want: ^7.19.6
1222 silly placeDep ROOT @babel/plugin-transform-modules-umd@7.27.1 OK for: @babel/preset-env@7.20.2 want: ^7.18.6
1223 silly placeDep ROOT @babel/plugin-transform-named-capturing-groups-regex@7.27.1 OK for: @babel/preset-env@7.20.2 want: ^7.19.1
1224 silly placeDep ROOT @babel/plugin-transform-new-target@7.27.1 OK for: @babel/preset-env@7.20.2 want: ^7.18.6
1225 silly placeDep ROOT @babel/plugin-transform-object-super@7.27.1 OK for: @babel/preset-env@7.20.2 want: ^7.18.6
1226 silly placeDep ROOT @babel/plugin-transform-parameters@7.27.7 OK for: @babel/preset-env@7.20.2 want: ^7.20.1
1227 silly placeDep ROOT @babel/plugin-transform-property-literals@7.27.1 OK for: @babel/preset-env@7.20.2 want: ^7.18.6
1228 silly placeDep ROOT @babel/plugin-transform-regenerator@7.28.6 OK for: @babel/preset-env@7.20.2 want: ^7.18.6
1229 silly placeDep ROOT @babel/plugin-transform-reserved-words@7.27.1 OK for: @babel/preset-env@7.20.2 want: ^7.18.6
1230 silly placeDep ROOT @babel/plugin-transform-shorthand-properties@7.27.1 OK for: @babel/preset-env@7.20.2 want: ^7.18.6
1231 silly placeDep ROOT @babel/plugin-transform-spread@7.28.6 OK for: @babel/preset-env@7.20.2 want: ^7.19.0
1232 silly placeDep ROOT @babel/plugin-transform-sticky-regex@7.27.1 OK for: @babel/preset-env@7.20.2 want: ^7.18.6
1233 silly placeDep ROOT @babel/plugin-transform-template-literals@7.27.1 OK for: @babel/preset-env@7.20.2 want: ^7.18.9
1234 silly placeDep ROOT @babel/plugin-transform-typeof-symbol@7.27.1 OK for: @babel/preset-env@7.20.2 want: ^7.18.9
1235 silly placeDep ROOT @babel/plugin-transform-unicode-escapes@7.27.1 OK for: @babel/preset-env@7.20.2 want: ^7.18.10
1236 silly placeDep ROOT @babel/plugin-transform-unicode-regex@7.27.1 OK for: @babel/preset-env@7.20.2 want: ^7.18.6
1237 silly placeDep ROOT @babel/preset-modules@0.1.6 OK for: @babel/preset-env@7.20.2 want: ^0.1.5
1238 silly placeDep ROOT core-js-compat@3.47.0 OK for: @babel/preset-env@7.20.2 want: ^3.25.1
1239 silly placeDep node_modules/@babel/preset-env semver@6.3.1 OK for: @babel/preset-env@7.20.2 want: ^6.3.0
1240 silly fetch manifest @babel/plugin-transform-optional-chaining@^7.27.1
1241 silly packumentCache full:https://registry.npmjs.org/@babel%2fplugin-transform-optional-chaining cache-miss
1242 silly fetch manifest @babel/helper-skip-transparent-expression-wrappers@^7.27.1
1243 silly packumentCache full:https://registry.npmjs.org/@babel%2fhelper-skip-transparent-expression-wrappers cache-miss
1244 silly fetch manifest @babel/helper-create-class-features-plugin@^7.18.6
1245 silly packumentCache full:https://registry.npmjs.org/@babel%2fhelper-create-class-features-plugin cache-miss
1246 silly fetch manifest @babel/helper-create-class-features-plugin@^7.21.0
1247 silly packumentCache full:https://registry.npmjs.org/@babel%2fhelper-create-class-features-plugin cache-miss
1248 silly fetch manifest @babel/plugin-transform-parameters@^7.20.7
1249 silly packumentCache full:https://registry.npmjs.org/@babel%2fplugin-transform-parameters cache-hit
1250 silly fetch manifest @babel/helper-skip-transparent-expression-wrappers@^7.20.0
1251 silly packumentCache full:https://registry.npmjs.org/@babel%2fhelper-skip-transparent-expression-wrappers cache-miss
1252 silly fetch manifest @babel/helper-create-class-features-plugin@^7.18.6
1253 silly packumentCache full:https://registry.npmjs.org/@babel%2fhelper-create-class-features-plugin cache-miss
1254 silly fetch manifest @babel/helper-create-class-features-plugin@^7.21.0
1255 silly packumentCache full:https://registry.npmjs.org/@babel%2fhelper-create-class-features-plugin cache-miss
1256 silly fetch manifest @babel/helper-create-regexp-features-plugin@^7.18.6
1257 silly packumentCache full:https://registry.npmjs.org/@babel%2fhelper-create-regexp-features-plugin cache-miss
1258 silly fetch manifest @babel/helper-annotate-as-pure@^7.27.3
1259 silly packumentCache full:https://registry.npmjs.org/@babel%2fhelper-annotate-as-pure cache-hit
1260 silly fetch manifest @babel/helper-replace-supers@^7.28.6
1261 silly packumentCache full:https://registry.npmjs.org/@babel%2fhelper-replace-supers cache-miss
1262 silly fetch manifest @babel/helper-create-regexp-features-plugin@^7.28.5
1263 silly packumentCache full:https://registry.npmjs.org/@babel%2fhelper-create-regexp-features-plugin cache-miss
1264 silly fetch manifest @babel/helper-skip-transparent-expression-wrappers@^7.27.1
1265 silly packumentCache full:https://registry.npmjs.org/@babel%2fhelper-skip-transparent-expression-wrappers cache-miss
1266 http fetch GET 200 https://registry.npmjs.org/@babel%2fhelper-skip-transparent-expression-wrappers 36ms (cache revalidated)
1267 silly packumentCache full:https://registry.npmjs.org/@babel%2fhelper-skip-transparent-expression-wrappers set size:89788 disposed:false
1268 silly fetch manifest @babel/helper-create-regexp-features-plugin@^7.27.1
1269 silly packumentCache full:https://registry.npmjs.org/@babel%2fhelper-create-regexp-features-plugin cache-miss
1270 http fetch GET 200 https://registry.npmjs.org/@babel%2fhelper-skip-transparent-expression-wrappers 34ms (cache revalidated)
1271 silly packumentCache full:https://registry.npmjs.org/@babel%2fhelper-skip-transparent-expression-wrappers set size:89788 disposed:false
1272 silly packumentCache full:https://registry.npmjs.org/@babel%2fhelper-skip-transparent-expression-wrappers dispose
1273 silly fetch manifest @babel/helper-replace-supers@^7.27.1
1274 silly packumentCache full:https://registry.npmjs.org/@babel%2fhelper-replace-supers cache-miss
1275 http fetch GET 200 https://registry.npmjs.org/@babel%2fhelper-skip-transparent-expression-wrappers 37ms (cache revalidated)
1276 silly packumentCache full:https://registry.npmjs.org/@babel%2fhelper-skip-transparent-expression-wrappers set size:89788 disposed:true
1277 silly packumentCache full:https://registry.npmjs.org/@babel%2fhelper-skip-transparent-expression-wrappers dispose
1278 silly fetch manifest @babel/helper-create-regexp-features-plugin@^7.27.1
1279 silly packumentCache full:https://registry.npmjs.org/@babel%2fhelper-create-regexp-features-plugin cache-miss
1280 http fetch GET 200 https://registry.npmjs.org/@babel%2fplugin-transform-optional-chaining 259ms (cache revalidated)
1281 silly packumentCache full:https://registry.npmjs.org/@babel%2fplugin-transform-optional-chaining set size:97687 disposed:false
1282 silly fetch manifest esutils@^2.0.2
1283 silly packumentCache full:https://registry.npmjs.org/esutils cache-miss
1284 http fetch GET 200 https://registry.npmjs.org/@babel%2fhelper-create-regexp-features-plugin 225ms (cache revalidated)
1285 silly packumentCache full:https://registry.npmjs.org/@babel%2fhelper-create-regexp-features-plugin set size:169838 disposed:false
1286 http fetch GET 200 https://registry.npmjs.org/@babel%2fhelper-replace-supers 262ms (cache revalidated)
1287 silly packumentCache full:https://registry.npmjs.org/@babel%2fhelper-replace-supers set size:251424 disposed:false
1288 http fetch GET 200 https://registry.npmjs.org/@babel%2fhelper-create-regexp-features-plugin 265ms (cache revalidated)
1289 silly packumentCache full:https://registry.npmjs.org/@babel%2fhelper-create-regexp-features-plugin set size:169838 disposed:false
1290 silly packumentCache full:https://registry.npmjs.org/@babel%2fhelper-create-regexp-features-plugin dispose
1291 http fetch GET 200 https://registry.npmjs.org/@babel%2fhelper-create-regexp-features-plugin 230ms (cache revalidated)
1292 silly packumentCache full:https://registry.npmjs.org/@babel%2fhelper-create-regexp-features-plugin set size:169838 disposed:true
1293 silly packumentCache full:https://registry.npmjs.org/@babel%2fhelper-create-regexp-features-plugin dispose
1294 http fetch GET 200 https://registry.npmjs.org/@babel%2fhelper-create-regexp-features-plugin 265ms (cache revalidated)
1295 silly packumentCache full:https://registry.npmjs.org/@babel%2fhelper-create-regexp-features-plugin set size:169838 disposed:true
1296 silly packumentCache full:https://registry.npmjs.org/@babel%2fhelper-create-regexp-features-plugin dispose
1297 http fetch GET 200 https://registry.npmjs.org/@babel%2fhelper-replace-supers 232ms (cache revalidated)
1298 silly packumentCache full:https://registry.npmjs.org/@babel%2fhelper-replace-supers set size:251424 disposed:false
1299 silly packumentCache full:https://registry.npmjs.org/@babel%2fhelper-replace-supers dispose
1300 http fetch GET 200 https://registry.npmjs.org/esutils 26ms (cache revalidated)
1301 silly packumentCache full:https://registry.npmjs.org/esutils set size:29522 disposed:false
1302 http fetch GET 200 https://registry.npmjs.org/@babel%2fhelper-create-class-features-plugin 477ms (cache revalidated)
1303 silly packumentCache full:https://registry.npmjs.org/@babel%2fhelper-create-class-features-plugin set size:357717 disposed:false
1304 http fetch GET 200 https://registry.npmjs.org/@babel%2fhelper-create-class-features-plugin 480ms (cache revalidated)
1305 silly packumentCache full:https://registry.npmjs.org/@babel%2fhelper-create-class-features-plugin set size:357717 disposed:false
1306 silly packumentCache full:https://registry.npmjs.org/@babel%2fhelper-create-class-features-plugin dispose
1307 http fetch GET 200 https://registry.npmjs.org/@babel%2fhelper-create-class-features-plugin 479ms (cache revalidated)
1308 silly packumentCache full:https://registry.npmjs.org/@babel%2fhelper-create-class-features-plugin set size:357717 disposed:true
1309 silly packumentCache full:https://registry.npmjs.org/@babel%2fhelper-create-class-features-plugin dispose
1310 http fetch GET 200 https://registry.npmjs.org/@babel%2fhelper-create-class-features-plugin 480ms (cache revalidated)
1311 silly packumentCache full:https://registry.npmjs.org/@babel%2fhelper-create-class-features-plugin set size:357717 disposed:true
1312 silly packumentCache full:https://registry.npmjs.org/@babel%2fhelper-create-class-features-plugin dispose
1313 silly fetch manifest @babel/core@^7.13.0
1314 silly packumentCache full:https://registry.npmjs.org/@babel%2fcore cache-hit
1315 silly placeDep ROOT @babel/helper-skip-transparent-expression-wrappers@7.27.1 OK for: @babel/plugin-bugfix-v8-spread-parameters-in-optional-chaining@7.27.1 want: ^7.27.1
1316 silly placeDep ROOT @babel/plugin-transform-optional-chaining@7.28.6 OK for: @babel/plugin-bugfix-v8-spread-parameters-in-optional-chaining@7.27.1 want: ^7.27.1
1317 silly placeDep ROOT @babel/helper-create-class-features-plugin@7.28.6 OK for: @babel/plugin-proposal-class-properties@7.18.6 want: ^7.18.6
1318 silly fetch manifest @babel/helper-member-expression-to-functions@^7.28.5
1319 silly packumentCache full:https://registry.npmjs.org/@babel%2fhelper-member-expression-to-functions cache-miss
1320 silly fetch manifest @babel/helper-optimise-call-expression@^7.27.1
1321 silly packumentCache full:https://registry.npmjs.org/@babel%2fhelper-optimise-call-expression cache-miss
1322 silly fetch manifest semver@^6.3.1
1323 silly packumentCache full:https://registry.npmjs.org/semver cache-hit
1324 http fetch GET 200 https://registry.npmjs.org/@babel%2fhelper-member-expression-to-functions 260ms (cache revalidated)
1325 silly packumentCache full:https://registry.npmjs.org/@babel%2fhelper-member-expression-to-functions set size:212757 disposed:false
1326 http fetch GET 200 https://registry.npmjs.org/@babel%2fhelper-optimise-call-expression 271ms (cache revalidated)
1327 silly packumentCache full:https://registry.npmjs.org/@babel%2fhelper-optimise-call-expression set size:176737 disposed:false
1328 silly fetch manifest @babel/core@^7.0.0
1329 silly packumentCache full:https://registry.npmjs.org/@babel%2fcore cache-hit
1330 silly placeDep node_modules/@babel/helper-create-class-features-plugin @babel/helper-annotate-as-pure@7.27.3 OK for: @babel/helper-create-class-features-plugin@7.28.6 want: ^7.27.3
1331 silly placeDep ROOT @babel/helper-member-expression-to-functions@7.28.5 OK for: @babel/helper-create-class-features-plugin@7.28.6 want: ^7.28.5
1332 silly placeDep ROOT @babel/helper-optimise-call-expression@7.27.1 OK for: @babel/helper-create-class-features-plugin@7.28.6 want: ^7.27.1
1333 silly placeDep ROOT @babel/helper-replace-supers@7.28.6 OK for: @babel/helper-create-class-features-plugin@7.28.6 want: ^7.28.6
1334 silly placeDep node_modules/@babel/helper-create-class-features-plugin semver@6.3.1 OK for: @babel/helper-create-class-features-plugin@7.28.6 want: ^6.3.1
1335 silly placeDep ROOT @babel/helper-create-regexp-features-plugin@7.28.5 OK for: @babel/plugin-proposal-unicode-property-regex@7.18.6 want: ^7.18.6
1336 silly fetch manifest regexpu-core@^6.3.1
1337 silly packumentCache full:https://registry.npmjs.org/regexpu-core cache-miss
1338 http fetch GET 200 https://registry.npmjs.org/regexpu-core 23ms (cache revalidated)
1339 silly packumentCache full:https://registry.npmjs.org/regexpu-core set size:156240 disposed:false
1340 silly placeDep node_modules/@babel/helper-create-regexp-features-plugin @babel/helper-annotate-as-pure@7.27.3 OK for: @babel/helper-create-regexp-features-plugin@7.28.5 want: ^7.27.3
1341 silly placeDep ROOT regexpu-core@6.4.0 OK for: @babel/helper-create-regexp-features-plugin@7.28.5 want: ^6.3.1
1342 silly placeDep node_modules/@babel/helper-create-regexp-features-plugin semver@6.3.1 OK for: @babel/helper-create-regexp-features-plugin@7.28.5 want: ^6.3.1
1343 silly fetch manifest regenerate@^1.4.2
1344 silly packumentCache full:https://registry.npmjs.org/regenerate cache-miss
1345 silly fetch manifest regenerate-unicode-properties@^10.2.2
1346 silly packumentCache full:https://registry.npmjs.org/regenerate-unicode-properties cache-miss
1347 silly fetch manifest regjsgen@^0.8.0
1348 silly packumentCache full:https://registry.npmjs.org/regjsgen cache-miss
1349 silly fetch manifest regjsparser@^0.13.0
1350 silly packumentCache full:https://registry.npmjs.org/regjsparser cache-miss
1351 silly fetch manifest unicode-match-property-ecmascript@^2.0.0
1352 silly packumentCache full:https://registry.npmjs.org/unicode-match-property-ecmascript cache-miss
1353 silly fetch manifest unicode-match-property-value-ecmascript@^2.2.1
1354 silly packumentCache full:https://registry.npmjs.org/unicode-match-property-value-ecmascript cache-miss
1355 http fetch GET 200 https://registry.npmjs.org/unicode-match-property-value-ecmascript 25ms (cache revalidated)
1356 silly packumentCache full:https://registry.npmjs.org/unicode-match-property-value-ecmascript set size:26439 disposed:false
1357 http fetch GET 200 https://registry.npmjs.org/regenerate-unicode-properties 27ms (cache revalidated)
1358 silly packumentCache full:https://registry.npmjs.org/regenerate-unicode-properties set size:78166 disposed:false
1359 http fetch GET 200 https://registry.npmjs.org/regjsgen 28ms (cache revalidated)
1360 silly packumentCache full:https://registry.npmjs.org/regjsgen set size:26409 disposed:false
1361 http fetch GET 200 https://registry.npmjs.org/unicode-match-property-ecmascript 27ms (cache revalidated)
1362 silly packumentCache full:https://registry.npmjs.org/unicode-match-property-ecmascript set size:16934 disposed:false
1363 http fetch GET 200 https://registry.npmjs.org/regjsparser 28ms (cache revalidated)
1364 silly packumentCache full:https://registry.npmjs.org/regjsparser set size:81745 disposed:false
1365 http fetch GET 200 https://registry.npmjs.org/regenerate 29ms (cache revalidated)
1366 silly packumentCache full:https://registry.npmjs.org/regenerate set size:56872 disposed:false
1367 silly placeDep node_modules/@babel/plugin-transform-classes @babel/helper-annotate-as-pure@7.27.3 OK for: @babel/plugin-transform-classes@7.28.6 want: ^7.27.3
1368 silly placeDep node_modules/@babel/plugin-transform-computed-properties @babel/template@7.28.6 OK for: @babel/plugin-transform-computed-properties@7.28.6 want: ^7.28.6
1369 silly placeDep ROOT esutils@2.0.3 OK for: @babel/preset-modules@0.1.6 want: ^2.0.2
1370 silly placeDep ROOT regenerator-runtime@0.13.11 OK for: @babel/runtime@7.20.13 want: ^0.13.11
1371 silly placeDep ROOT fraction.js@4.3.7 OK for: autoprefixer@10.4.13 want: ^4.2.0
1372 silly placeDep ROOT normalize-range@0.1.2 OK for: autoprefixer@10.4.13 want: ^0.1.2
1373 silly placeDep ROOT postcss-value-parser@4.2.0 OK for: autoprefixer@10.4.13 want: ^4.2.0
1374 silly placeDep ROOT find-cache-dir@3.3.2 OK for: babel-loader@9.1.2 want: ^3.3.2
1375 silly placeDep ROOT schema-utils@4.3.3 OK for: babel-loader@9.1.2 want: ^4.0.0
1376 silly fetch manifest pkg-dir@^4.1.0
1377 silly packumentCache full:https://registry.npmjs.org/pkg-dir cache-miss
1378 silly fetch manifest make-dir@^3.0.2
1379 silly packumentCache full:https://registry.npmjs.org/make-dir cache-hit
1380 silly fetch manifest commondir@^1.0.1
1381 silly packumentCache full:https://registry.npmjs.org/commondir cache-miss
1382 http fetch GET 200 https://registry.npmjs.org/commondir 1ms (cache hit)
1383 silly packumentCache full:https://registry.npmjs.org/commondir set size:8375 disposed:false
1384 http fetch GET 200 https://registry.npmjs.org/pkg-dir 2ms (cache hit)
1385 silly packumentCache full:https://registry.npmjs.org/pkg-dir set size:30166 disposed:false
1386 silly placeDep ROOT @babel/helper-define-polyfill-provider@0.3.3 OK for: babel-plugin-polyfill-corejs2@0.3.3 want: ^0.3.3
1387 silly placeDep node_modules/babel-plugin-polyfill-corejs2 semver@6.3.1 OK for: babel-plugin-polyfill-corejs2@0.3.3 want: ^6.1.1
1388 silly fetch manifest semver@^6.1.2
1389 silly packumentCache full:https://registry.npmjs.org/semver cache-hit
1390 silly placeDep node_modules/@babel/helper-define-polyfill-provider semver@6.3.1 OK for: @babel/helper-define-polyfill-provider@0.3.3 want: ^6.1.2
1391 silly placeDep ROOT @npmcli/fs@3.1.1 OK for: cacache@17.0.4 want: ^3.1.0
1392 silly placeDep ROOT fs-minipass@3.0.3 OK for: cacache@17.0.4 want: ^3.0.0
1393 silly placeDep node_modules/cacache lru-cache@7.18.3 OK for: cacache@17.0.4 want: ^7.7.1
1394 silly placeDep ROOT minipass@4.2.8 OK for: cacache@17.0.4 want: ^4.0.0
1395 silly placeDep ROOT minipass-collect@1.0.2 OK for: cacache@17.0.4 want: ^1.0.2
1396 silly placeDep ROOT minipass-flush@1.0.5 OK for: cacache@17.0.4 want: ^1.0.5
1397 silly placeDep ROOT minipass-pipeline@1.2.4 OK for: cacache@17.0.4 want: ^1.2.4
1398 silly placeDep ROOT p-map@4.0.0 OK for: cacache@17.0.4 want: ^4.0.0
1399 silly placeDep ROOT promise-inflight@1.0.1 OK for: cacache@17.0.4 want: ^1.0.1
1400 silly placeDep ROOT ssri@10.0.6 OK for: cacache@17.0.4 want: ^10.0.0
1401 silly placeDep ROOT tar@6.2.1 OK for: cacache@17.0.4 want: ^6.1.11
1402 silly placeDep ROOT unique-filename@3.0.0 OK for: cacache@17.0.4 want: ^3.0.0
1403 silly fetch manifest minipass@^7.0.3
1404 silly packumentCache full:https://registry.npmjs.org/minipass cache-hit
1405 silly fetch manifest minipass@^3.0.0
1406 silly packumentCache full:https://registry.npmjs.org/minipass cache-hit
1407 silly fetch manifest minipass@^3.0.0
1408 silly packumentCache full:https://registry.npmjs.org/minipass cache-hit
1409 silly fetch manifest minipass@^3.0.0
1410 silly packumentCache full:https://registry.npmjs.org/minipass cache-hit
1411 silly fetch manifest aggregate-error@^3.0.0
1412 silly packumentCache full:https://registry.npmjs.org/aggregate-error cache-miss
1413 silly fetch manifest minipass@^7.0.3
1414 silly packumentCache full:https://registry.npmjs.org/minipass cache-hit
1415 silly fetch manifest chownr@^2.0.0
1416 silly packumentCache full:https://registry.npmjs.org/chownr cache-miss
1417 silly fetch manifest mkdirp@^1.0.3
1418 silly packumentCache full:https://registry.npmjs.org/mkdirp cache-miss
1419 silly fetch manifest yallist@^4.0.0
1420 silly packumentCache full:https://registry.npmjs.org/yallist cache-miss
1421 silly fetch manifest minipass@^5.0.0
1422 silly packumentCache full:https://registry.npmjs.org/minipass cache-hit
1423 silly fetch manifest minizlib@^2.1.1
1424 silly packumentCache full:https://registry.npmjs.org/minizlib cache-miss
1425 silly fetch manifest fs-minipass@^2.0.0
1426 silly packumentCache full:https://registry.npmjs.org/fs-minipass cache-hit
1427 silly fetch manifest unique-slug@^4.0.0
1428 silly packumentCache full:https://registry.npmjs.org/unique-slug cache-miss
1429 http fetch GET 200 https://registry.npmjs.org/chownr 5ms (cache hit)
1430 silly packumentCache full:https://registry.npmjs.org/chownr set size:22157 disposed:false
1431 http fetch GET 200 https://registry.npmjs.org/yallist 6ms (cache hit)
1432 silly packumentCache full:https://registry.npmjs.org/yallist set size:34610 disposed:false
1433 http fetch GET 200 https://registry.npmjs.org/unique-slug 5ms (cache hit)
1434 silly packumentCache full:https://registry.npmjs.org/unique-slug set size:20403 disposed:false
1435 http fetch GET 200 https://registry.npmjs.org/mkdirp 7ms (cache hit)
1436 silly packumentCache full:https://registry.npmjs.org/mkdirp set size:116455 disposed:false
1437 http fetch GET 200 https://registry.npmjs.org/aggregate-error 8ms (cache hit)
1438 silly packumentCache full:https://registry.npmjs.org/aggregate-error set size:29031 disposed:false
1439 http fetch GET 200 https://registry.npmjs.org/minizlib 7ms (cache hit)
1440 silly packumentCache full:https://registry.npmjs.org/minizlib set size:62862 disposed:false
1441 silly fetch manifest postcss@^8.4.19
1442 silly packumentCache full:https://registry.npmjs.org/postcss cache-hit
1443 silly placeDep ROOT icss-utils@5.1.0 OK for: css-loader@6.7.3 want: ^5.1.0
1444 silly placeDep ROOT postcss-modules-extract-imports@3.1.0 OK for: css-loader@6.7.3 want: ^3.0.0
1445 silly placeDep ROOT postcss-modules-local-by-default@4.2.0 OK for: css-loader@6.7.3 want: ^4.0.0
1446 silly placeDep ROOT postcss-modules-scope@3.2.1 OK for: css-loader@6.7.3 want: ^3.0.0
1447 silly placeDep ROOT postcss-modules-values@4.0.0 OK for: css-loader@6.7.3 want: ^4.0.0
1448 silly fetch manifest postcss-selector-parser@^7.0.0
1449 silly packumentCache full:https://registry.npmjs.org/postcss-selector-parser cache-miss
1450 silly fetch manifest postcss-selector-parser@^7.0.0
1451 silly packumentCache full:https://registry.npmjs.org/postcss-selector-parser cache-miss
1452 http fetch GET 200 https://registry.npmjs.org/postcss-selector-parser 23ms (cache revalidated)
1453 silly packumentCache full:https://registry.npmjs.org/postcss-selector-parser set size:177140 disposed:false
1454 http fetch GET 200 https://registry.npmjs.org/postcss-selector-parser 25ms (cache revalidated)
1455 silly packumentCache full:https://registry.npmjs.org/postcss-selector-parser set size:177140 disposed:false
1456 silly packumentCache full:https://registry.npmjs.org/postcss-selector-parser dispose
1457 silly placeDep ROOT @esbuild/android-arm@0.17.8 OK for: esbuild@0.17.8 want: 0.17.8
1458 silly placeDep ROOT @esbuild/android-arm64@0.17.8 OK for: esbuild@0.17.8 want: 0.17.8
1459 silly placeDep ROOT @esbuild/android-x64@0.17.8 OK for: esbuild@0.17.8 want: 0.17.8
1460 silly placeDep ROOT @esbuild/darwin-arm64@0.17.8 OK for: esbuild@0.17.8 want: 0.17.8
1461 silly placeDep ROOT @esbuild/darwin-x64@0.17.8 OK for: esbuild@0.17.8 want: 0.17.8
1462 silly placeDep ROOT @esbuild/freebsd-arm64@0.17.8 OK for: esbuild@0.17.8 want: 0.17.8
1463 silly placeDep ROOT @esbuild/freebsd-x64@0.17.8 OK for: esbuild@0.17.8 want: 0.17.8
1464 silly placeDep ROOT @esbuild/linux-arm@0.17.8 OK for: esbuild@0.17.8 want: 0.17.8
1465 silly placeDep ROOT @esbuild/linux-arm64@0.17.8 OK for: esbuild@0.17.8 want: 0.17.8
1466 silly placeDep ROOT @esbuild/linux-ia32@0.17.8 OK for: esbuild@0.17.8 want: 0.17.8
1467 silly placeDep ROOT @esbuild/linux-loong64@0.17.8 OK for: esbuild@0.17.8 want: 0.17.8
1468 silly placeDep ROOT @esbuild/linux-mips64el@0.17.8 OK for: esbuild@0.17.8 want: 0.17.8
1469 silly placeDep ROOT @esbuild/linux-ppc64@0.17.8 OK for: esbuild@0.17.8 want: 0.17.8
1470 silly placeDep ROOT @esbuild/linux-riscv64@0.17.8 OK for: esbuild@0.17.8 want: 0.17.8
1471 silly placeDep ROOT @esbuild/linux-s390x@0.17.8 OK for: esbuild@0.17.8 want: 0.17.8
1472 silly placeDep ROOT @esbuild/linux-x64@0.17.8 OK for: esbuild@0.17.8 want: 0.17.8
1473 silly placeDep ROOT @esbuild/netbsd-x64@0.17.8 OK for: esbuild@0.17.8 want: 0.17.8
1474 silly placeDep ROOT @esbuild/openbsd-x64@0.17.8 OK for: esbuild@0.17.8 want: 0.17.8
1475 silly placeDep ROOT @esbuild/sunos-x64@0.17.8 OK for: esbuild@0.17.8 want: 0.17.8
1476 silly placeDep ROOT @esbuild/win32-arm64@0.17.8 OK for: esbuild@0.17.8 want: 0.17.8
1477 silly placeDep ROOT @esbuild/win32-ia32@0.17.8 OK for: esbuild@0.17.8 want: 0.17.8
1478 silly placeDep ROOT @esbuild/win32-x64@0.17.8 OK for: esbuild@0.17.8 want: 0.17.8
1479 silly placeDep ROOT commondir@1.0.1 OK for: find-cache-dir@3.3.2 want: ^1.0.1
1480 silly placeDep ROOT make-dir@3.1.0 OK for: find-cache-dir@3.3.2 want: ^3.0.2
1481 silly placeDep ROOT pkg-dir@4.2.0 OK for: find-cache-dir@3.3.2 want: ^4.1.0
1482 silly fetch manifest semver@^6.0.0
1483 silly packumentCache full:https://registry.npmjs.org/semver cache-hit
1484 silly placeDep node_modules/fs-minipass minipass@7.1.2 OK for: fs-minipass@3.0.3 want: ^7.0.3
1485 silly placeDep ROOT minimatch@5.1.6 OK for: glob@8.1.0 want: ^5.0.1
1486 silly fetch manifest brace-expansion@^2.0.1
1487 silly packumentCache full:https://registry.npmjs.org/brace-expansion cache-miss
1488 http fetch GET 200 https://registry.npmjs.org/brace-expansion 2ms (cache hit)
1489 silly packumentCache full:https://registry.npmjs.org/brace-expansion set size:46250 disposed:false
1490 silly placeDep ROOT copy-anything@2.0.6 OK for: less@4.1.3 want: ^2.0.1
1491 silly placeDep ROOT errno@0.1.8 OK for: less@4.1.3 want: ^0.1.1
1492 silly placeDep ROOT image-size@0.5.5 OK for: less@4.1.3 want: ~0.5.0
1493 silly placeDep node_modules/less make-dir@2.1.0 OK for: less@4.1.3 want: ^2.1.0
1494 silly placeDep node_modules/less mime@1.6.0 OK for: less@4.1.3 want: ^1.4.1
1495 silly placeDep ROOT needle@3.3.1 OK for: less@4.1.3 want: ^3.1.0
1496 silly placeDep ROOT parse-node-version@1.0.1 OK for: less@4.1.3 want: ^1.0.1
1497 silly placeDep node_modules/less source-map@0.6.1 OK for: less@4.1.3 want: ~0.6.0
1498 silly fetch manifest is-what@^3.14.1
1499 silly packumentCache full:https://registry.npmjs.org/is-what cache-miss
1500 silly fetch manifest prr@~1.0.1
1501 silly packumentCache full:https://registry.npmjs.org/prr cache-miss
1502 silly fetch manifest pify@^4.0.1
1503 silly packumentCache full:https://registry.npmjs.org/pify cache-miss
1504 silly fetch manifest semver@^5.6.0
1505 silly packumentCache full:https://registry.npmjs.org/semver cache-hit
1506 silly fetch manifest sax@^1.2.4
1507 silly packumentCache full:https://registry.npmjs.org/sax cache-miss
1508 http fetch GET 200 https://registry.npmjs.org/pify 23ms (cache revalidated)
1509 silly packumentCache full:https://registry.npmjs.org/pify set size:33583 disposed:false
1510 http fetch GET 200 https://registry.npmjs.org/sax 25ms (cache revalidated)
1511 silly packumentCache full:https://registry.npmjs.org/sax set size:87969 disposed:false
1512 http fetch GET 200 https://registry.npmjs.org/prr 238ms (cache revalidated)
1513 silly packumentCache full:https://registry.npmjs.org/prr set size:5969 disposed:false
1514 http fetch GET 200 https://registry.npmjs.org/is-what 249ms (cache revalidated)
1515 silly packumentCache full:https://registry.npmjs.org/is-what set size:252332 disposed:false
1516 silly placeDep ROOT is-what@3.14.1 OK for: copy-anything@2.0.6 want: ^3.14.1
1517 silly placeDep ROOT prr@1.0.1 OK for: errno@0.1.8 want: ~1.0.1
1518 silly placeDep ROOT klona@2.0.6 OK for: less-loader@11.1.0 want: ^2.0.4
1519 silly placeDep node_modules/make-dir semver@6.3.1 OK for: make-dir@3.1.0 want: ^6.0.0
1520 silly placeDep ROOT brace-expansion@2.0.2 OK for: minimatch@5.1.6 want: ^2.0.1
1521 silly placeDep node_modules/minipass-collect minipass@3.3.6 OK for: minipass-collect@1.0.2 want: ^3.0.0
1522 silly placeDep node_modules/minipass-flush minipass@3.3.6 OK for: minipass-flush@1.0.5 want: ^3.0.0
1523 silly placeDep node_modules/minipass-pipeline minipass@3.3.6 OK for: minipass-pipeline@1.2.4 want: ^3.0.0
1524 silly placeDep node_modules/needle iconv-lite@0.6.3 OK for: needle@3.3.1 want: ^0.6.3
1525 silly placeDep ROOT sax@1.4.4 OK for: needle@3.3.1 want: ^1.2.4
1526 silly placeDep ROOT hosted-git-info@6.1.3 OK for: npm-package-arg@10.1.0 want: ^6.0.0
1527 silly placeDep ROOT proc-log@3.0.0 OK for: npm-package-arg@10.1.0 want: ^3.0.0
1528 silly placeDep ROOT validate-npm-package-name@5.0.1 OK for: npm-package-arg@10.1.0 want: ^5.0.0
1529 silly fetch manifest lru-cache@^7.5.1
1530 silly packumentCache full:https://registry.npmjs.org/lru-cache cache-hit
1531 silly placeDep node_modules/hosted-git-info lru-cache@7.18.3 OK for: hosted-git-info@6.1.3 want: ^7.5.1
1532 silly placeDep ROOT npm-install-checks@6.3.0 OK for: npm-pick-manifest@8.0.1 want: ^6.0.0
1533 silly placeDep ROOT npm-normalize-package-bin@3.0.1 OK for: npm-pick-manifest@8.0.1 want: ^3.0.0
1534 silly placeDep ROOT define-lazy-prop@2.0.0 OK for: open@8.4.1 want: ^2.0.0
1535 silly placeDep ROOT is-docker@2.2.1 OK for: open@8.4.1 want: ^2.1.1
1536 silly placeDep ROOT is-wsl@2.2.0 OK for: open@8.4.1 want: ^2.2.0
1537 silly placeDep ROOT aggregate-error@3.1.0 OK for: p-map@4.0.0 want: ^3.0.0
1538 silly fetch manifest clean-stack@^2.0.0
1539 silly packumentCache full:https://registry.npmjs.org/clean-stack cache-miss
1540 silly fetch manifest indent-string@^4.0.0
1541 silly packumentCache full:https://registry.npmjs.org/indent-string cache-miss
1542 http fetch GET 200 https://registry.npmjs.org/indent-string 2ms (cache hit)
1543 silly packumentCache full:https://registry.npmjs.org/indent-string set size:28547 disposed:false
1544 http fetch GET 200 https://registry.npmjs.org/clean-stack 3ms (cache hit)
1545 silly packumentCache full:https://registry.npmjs.org/clean-stack set size:52858 disposed:false
1546 silly placeDep ROOT clean-stack@2.2.0 OK for: aggregate-error@3.1.0 want: ^2.0.0
1547 silly placeDep ROOT indent-string@4.0.0 OK for: aggregate-error@3.1.0 want: ^4.0.0
1548 silly placeDep ROOT @npmcli/git@4.1.0 OK for: pacote@15.1.0 want: ^4.0.0
1549 silly placeDep ROOT @npmcli/installed-package-contents@2.1.0 OK for: pacote@15.1.0 want: ^2.0.1
1550 silly placeDep ROOT @npmcli/promise-spawn@6.0.2 OK for: pacote@15.1.0 want: ^6.0.1
1551 silly placeDep ROOT @npmcli/run-script@6.0.2 OK for: pacote@15.1.0 want: ^6.0.0
1552 silly placeDep ROOT npm-packlist@7.0.4 OK for: pacote@15.1.0 want: ^7.0.0
1553 silly placeDep ROOT npm-registry-fetch@14.0.5 OK for: pacote@15.1.0 want: ^14.0.0
1554 silly placeDep ROOT promise-retry@2.0.1 OK for: pacote@15.1.0 want: ^2.0.1
1555 silly placeDep ROOT read-package-json@6.0.4 OK for: pacote@15.1.0 want: ^6.0.0
1556 silly placeDep ROOT read-package-json-fast@3.0.2 OK for: pacote@15.1.0 want: ^3.0.0
1557 silly placeDep ROOT sigstore@1.9.0 OK for: pacote@15.1.0 want: ^1.0.0
1558 silly fetch manifest which@^3.0.0
1559 silly packumentCache full:https://registry.npmjs.org/which cache-miss
1560 silly fetch manifest lru-cache@^7.4.4
1561 silly packumentCache full:https://registry.npmjs.org/lru-cache cache-hit
1562 silly fetch manifest @npmcli/promise-spawn@^6.0.0
1563 silly packumentCache full:https://registry.npmjs.org/@npmcli%2fpromise-spawn cache-hit
1564 silly fetch manifest npm-bundled@^3.0.0
1565 silly packumentCache full:https://registry.npmjs.org/npm-bundled cache-miss
1566 silly fetch manifest which@^3.0.0
1567 silly packumentCache full:https://registry.npmjs.org/which cache-miss
1568 silly fetch manifest which@^3.0.0
1569 silly packumentCache full:https://registry.npmjs.org/which cache-miss
1570 silly fetch manifest node-gyp@^9.0.0
1571 silly packumentCache full:https://registry.npmjs.org/node-gyp cache-miss
1572 silly fetch manifest @npmcli/node-gyp@^3.0.0
1573 silly packumentCache full:https://registry.npmjs.org/@npmcli%2fnode-gyp cache-miss
1574 silly fetch manifest ignore-walk@^6.0.0
1575 silly packumentCache full:https://registry.npmjs.org/ignore-walk cache-miss
1576 silly fetch manifest minizlib@^2.1.2
1577 silly packumentCache full:https://registry.npmjs.org/minizlib cache-hit
1578 silly fetch manifest minipass-fetch@^3.0.0
1579 silly packumentCache full:https://registry.npmjs.org/minipass-fetch cache-miss
1580 silly fetch manifest make-fetch-happen@^11.0.0
1581 silly packumentCache full:https://registry.npmjs.org/make-fetch-happen cache-miss
1582 silly fetch manifest minipass-json-stream@^1.0.1
1583 silly packumentCache full:https://registry.npmjs.org/minipass-json-stream cache-miss
1584 silly fetch manifest err-code@^2.0.2
1585 silly packumentCache full:https://registry.npmjs.org/err-code cache-miss
1586 http fetch GET 200 https://registry.npmjs.org/which 8ms (cache hit)
1587 silly packumentCache full:https://registry.npmjs.org/which set size:65264 disposed:false
1588 silly fetch manifest retry@^0.12.0
1589 silly packumentCache full:https://registry.npmjs.org/retry cache-miss
1590 http fetch GET 200 https://registry.npmjs.org/which 9ms (cache hit)
1591 silly packumentCache full:https://registry.npmjs.org/which set size:65264 disposed:false
1592 silly packumentCache full:https://registry.npmjs.org/which dispose
1593 silly fetch manifest glob@^10.2.2
1594 silly packumentCache full:https://registry.npmjs.org/glob cache-hit
1595 silly fetch manifest normalize-package-data@^5.0.0
1596 silly packumentCache full:https://registry.npmjs.org/normalize-package-data cache-miss
1597 http fetch GET 200 https://registry.npmjs.org/npm-bundled 11ms (cache hit)
1598 silly packumentCache full:https://registry.npmjs.org/npm-bundled set size:41434 disposed:false
1599 silly fetch manifest json-parse-even-better-errors@^3.0.0
1600 silly packumentCache full:https://registry.npmjs.org/json-parse-even-better-errors cache-miss
1601 http fetch GET 200 https://registry.npmjs.org/which 10ms (cache hit)
1602 silly packumentCache full:https://registry.npmjs.org/which set size:65264 disposed:true
1603 silly packumentCache full:https://registry.npmjs.org/which dispose
1604 silly fetch manifest json-parse-even-better-errors@^3.0.0
1605 silly packumentCache full:https://registry.npmjs.org/json-parse-even-better-errors cache-miss
1606 http fetch GET 200 https://registry.npmjs.org/node-gyp 11ms (cache hit)
1607 silly packumentCache full:https://registry.npmjs.org/node-gyp set size:313224 disposed:false
1608 silly fetch manifest @sigstore/tuf@^1.0.3
1609 silly packumentCache full:https://registry.npmjs.org/@sigstore%2ftuf cache-miss
1610 http fetch GET 200 https://registry.npmjs.org/minipass-fetch 11ms (cache hit)
1611 silly packumentCache full:https://registry.npmjs.org/minipass-fetch set size:100280 disposed:false
1612 silly fetch manifest @sigstore/sign@^1.0.0
1613 silly packumentCache full:https://registry.npmjs.org/@sigstore%2fsign cache-miss
1614 http fetch GET 200 https://registry.npmjs.org/ignore-walk 14ms (cache hit)
1615 silly packumentCache full:https://registry.npmjs.org/ignore-walk set size:68355 disposed:false
1616 silly fetch manifest @sigstore/bundle@^1.1.0
1617 silly packumentCache full:https://registry.npmjs.org/@sigstore%2fbundle cache-miss
1618 http fetch GET 200 https://registry.npmjs.org/minipass-json-stream 12ms (cache hit)
1619 silly packumentCache full:https://registry.npmjs.org/minipass-json-stream set size:12838 disposed:false
1620 silly fetch manifest make-fetch-happen@^11.0.1
1621 silly packumentCache full:https://registry.npmjs.org/make-fetch-happen cache-miss
1622 http fetch GET 200 https://registry.npmjs.org/@npmcli%2fnode-gyp 15ms (cache hit)
1623 silly packumentCache full:https://registry.npmjs.org/@npmcli%2fnode-gyp set size:21995 disposed:false
1624 silly fetch manifest @sigstore/protobuf-specs@^0.2.0
1625 silly packumentCache full:https://registry.npmjs.org/@sigstore%2fprotobuf-specs cache-miss
1626 http fetch GET 200 https://registry.npmjs.org/err-code 14ms (cache hit)
1627 silly packumentCache full:https://registry.npmjs.org/err-code set size:29518 disposed:false
1628 http fetch GET 200 https://registry.npmjs.org/make-fetch-happen 15ms (cache hit)
1629 silly packumentCache full:https://registry.npmjs.org/make-fetch-happen set size:367671 disposed:false
1630 http fetch GET 200 https://registry.npmjs.org/json-parse-even-better-errors 16ms (cache hit)
1631 silly packumentCache full:https://registry.npmjs.org/json-parse-even-better-errors set size:34572 disposed:false
1632 http fetch GET 200 https://registry.npmjs.org/normalize-package-data 17ms (cache hit)
1633 silly packumentCache full:https://registry.npmjs.org/normalize-package-data set size:128484 disposed:false
1634 http fetch GET 200 https://registry.npmjs.org/retry 20ms (cache hit)
1635 silly packumentCache full:https://registry.npmjs.org/retry set size:31161 disposed:false
1636 http fetch GET 200 https://registry.npmjs.org/@sigstore%2fsign 15ms (cache hit)
1637 silly packumentCache full:https://registry.npmjs.org/@sigstore%2fsign set size:37508 disposed:false
1638 http fetch GET 200 https://registry.npmjs.org/@sigstore%2ftuf 16ms (cache hit)
1639 silly packumentCache full:https://registry.npmjs.org/@sigstore%2ftuf set size:37390 disposed:false
1640 http fetch GET 200 https://registry.npmjs.org/make-fetch-happen 14ms (cache hit)
1641 silly packumentCache full:https://registry.npmjs.org/make-fetch-happen set size:367671 disposed:false
1642 silly packumentCache full:https://registry.npmjs.org/make-fetch-happen dispose
1643 http fetch GET 200 https://registry.npmjs.org/json-parse-even-better-errors 20ms (cache hit)
1644 silly packumentCache full:https://registry.npmjs.org/json-parse-even-better-errors set size:34572 disposed:false
1645 silly packumentCache full:https://registry.npmjs.org/json-parse-even-better-errors dispose
1646 http fetch GET 200 https://registry.npmjs.org/@sigstore%2fprotobuf-specs 19ms (cache hit)
1647 silly packumentCache full:https://registry.npmjs.org/@sigstore%2fprotobuf-specs set size:26034 disposed:false
1648 http fetch GET 200 https://registry.npmjs.org/@sigstore%2fbundle 20ms (cache hit)
1649 silly packumentCache full:https://registry.npmjs.org/@sigstore%2fbundle set size:23167 disposed:false
1650 silly placeDep node_modules/@npmcli/git lru-cache@7.18.3 OK for: @npmcli/git@4.1.0 want: ^7.4.4
1651 silly placeDep node_modules/@npmcli/git which@3.0.1 OK for: @npmcli/git@4.1.0 want: ^3.0.0
1652 silly placeDep ROOT npm-bundled@3.0.1 OK for: @npmcli/installed-package-contents@2.1.0 want: ^3.0.0
1653 silly placeDep node_modules/@npmcli/promise-spawn which@3.0.1 OK for: @npmcli/promise-spawn@6.0.2 want: ^3.0.0
1654 silly placeDep ROOT @npmcli/node-gyp@3.0.0 OK for: @npmcli/run-script@6.0.2 want: ^3.0.0
1655 silly placeDep ROOT node-gyp@9.4.1 OK for: @npmcli/run-script@6.0.2 want: ^9.0.0
1656 silly placeDep node_modules/@npmcli/run-script which@3.0.1 OK for: @npmcli/run-script@6.0.2 want: ^3.0.0
1657 silly fetch manifest glob@^7.1.4
1658 silly packumentCache full:https://registry.npmjs.org/glob cache-hit
1659 silly fetch manifest nopt@^6.0.0
1660 silly packumentCache full:https://registry.npmjs.org/nopt cache-miss
1661 silly fetch manifest which@^2.0.2
1662 silly packumentCache full:https://registry.npmjs.org/which cache-hit
1663 silly fetch manifest npmlog@^6.0.0
1664 silly packumentCache full:https://registry.npmjs.org/npmlog cache-miss
1665 silly fetch manifest env-paths@^2.2.0
1666 silly packumentCache full:https://registry.npmjs.org/env-paths cache-miss
1667 silly fetch manifest make-fetch-happen@^10.0.3
1668 silly packumentCache full:https://registry.npmjs.org/make-fetch-happen cache-hit
1669 silly fetch manifest exponential-backoff@^3.1.1
1670 silly packumentCache full:https://registry.npmjs.org/exponential-backoff cache-miss
1671 http fetch GET 200 https://registry.npmjs.org/nopt 3ms (cache hit)
1672 silly packumentCache full:https://registry.npmjs.org/nopt set size:71592 disposed:false
1673 http fetch GET 200 https://registry.npmjs.org/npmlog 4ms (cache hit)
1674 silly packumentCache full:https://registry.npmjs.org/npmlog set size:68119 disposed:false
1675 http fetch GET 200 https://registry.npmjs.org/env-paths 4ms (cache hit)
1676 silly packumentCache full:https://registry.npmjs.org/env-paths set size:25456 disposed:false
1677 http fetch GET 200 https://registry.npmjs.org/exponential-backoff 4ms (cache hit)
1678 silly packumentCache full:https://registry.npmjs.org/exponential-backoff set size:56105 disposed:false
1679 silly placeDep ROOT env-paths@2.2.1 OK for: node-gyp@9.4.1 want: ^2.2.0
1680 silly placeDep ROOT exponential-backoff@3.1.3 OK for: node-gyp@9.4.1 want: ^3.1.1
1681 silly placeDep node_modules/node-gyp glob@7.2.3 OK for: node-gyp@9.4.1 want: ^7.1.4
1682 silly placeDep ROOT make-fetch-happen@10.2.1 OK for: node-gyp@9.4.1 want: ^10.0.3
1683 silly placeDep ROOT nopt@6.0.0 OK for: node-gyp@9.4.1 want: ^6.0.0
1684 silly placeDep ROOT npmlog@6.0.2 OK for: node-gyp@9.4.1 want: ^6.0.0
1685 silly placeDep node_modules/node-gyp which@2.0.2 OK for: node-gyp@9.4.1 want: ^2.0.2
1686 silly fetch manifest minimatch@^3.1.1
1687 silly packumentCache full:https://registry.npmjs.org/minimatch cache-hit
1688 silly fetch manifest ssri@^9.0.0
1689 silly packumentCache full:https://registry.npmjs.org/ssri cache-hit
1690 silly fetch manifest cacache@^16.1.0
1691 silly packumentCache full:https://registry.npmjs.org/cacache cache-hit
1692 silly fetch manifest minipass@^3.1.6
1693 silly packumentCache full:https://registry.npmjs.org/minipass cache-hit
1694 silly fetch manifest is-lambda@^1.0.1
1695 silly packumentCache full:https://registry.npmjs.org/is-lambda cache-miss
1696 silly fetch manifest negotiator@^0.6.3
1697 silly packumentCache full:https://registry.npmjs.org/negotiator cache-miss
1698 silly fetch manifest agentkeepalive@^4.2.1
1699 silly packumentCache full:https://registry.npmjs.org/agentkeepalive cache-miss
1700 silly fetch manifest minipass-fetch@^2.0.3
1701 silly packumentCache full:https://registry.npmjs.org/minipass-fetch cache-hit
1702 silly fetch manifest http-proxy-agent@^5.0.0
1703 silly packumentCache full:https://registry.npmjs.org/http-proxy-agent cache-miss
1704 silly fetch manifest socks-proxy-agent@^7.0.0
1705 silly packumentCache full:https://registry.npmjs.org/socks-proxy-agent cache-miss
1706 silly fetch manifest http-cache-semantics@^4.1.0
1707 silly packumentCache full:https://registry.npmjs.org/http-cache-semantics cache-miss
1708 silly fetch manifest abbrev@^1.0.0
1709 silly packumentCache full:https://registry.npmjs.org/abbrev cache-miss
1710 silly fetch manifest gauge@^4.0.3
1711 silly packumentCache full:https://registry.npmjs.org/gauge cache-miss
1712 silly fetch manifest set-blocking@^2.0.0
1713 silly packumentCache full:https://registry.npmjs.org/set-blocking cache-miss
1714 silly fetch manifest are-we-there-yet@^3.0.0
1715 silly packumentCache full:https://registry.npmjs.org/are-we-there-yet cache-miss
1716 silly fetch manifest console-control-strings@^1.1.0
1717 silly packumentCache full:https://registry.npmjs.org/console-control-strings cache-miss
1718 http fetch GET 200 https://registry.npmjs.org/negotiator 7ms (cache hit)
1719 silly packumentCache full:https://registry.npmjs.org/negotiator set size:48046 disposed:false
1720 http fetch GET 200 https://registry.npmjs.org/socks-proxy-agent 7ms (cache hit)
1721 silly packumentCache full:https://registry.npmjs.org/socks-proxy-agent set size:96838 disposed:false
1722 http fetch GET 200 https://registry.npmjs.org/http-cache-semantics 7ms (cache hit)
1723 silly packumentCache full:https://registry.npmjs.org/http-cache-semantics set size:66288 disposed:false
1724 http fetch GET 200 https://registry.npmjs.org/agentkeepalive 9ms (cache hit)
1725 silly packumentCache full:https://registry.npmjs.org/agentkeepalive set size:139473 disposed:false
1726 http fetch GET 200 https://registry.npmjs.org/is-lambda 10ms (cache hit)
1727 silly packumentCache full:https://registry.npmjs.org/is-lambda set size:4411 disposed:false
1728 http fetch GET 200 https://registry.npmjs.org/abbrev 9ms (cache hit)
1729 silly packumentCache full:https://registry.npmjs.org/abbrev set size:21777 disposed:false
1730 http fetch GET 200 https://registry.npmjs.org/http-proxy-agent 10ms (cache hit)
1731 silly packumentCache full:https://registry.npmjs.org/http-proxy-agent set size:50096 disposed:false
1732 http fetch GET 200 https://registry.npmjs.org/gauge 9ms (cache hit)
1733 silly packumentCache full:https://registry.npmjs.org/gauge set size:101042 disposed:false
1734 http fetch GET 200 https://registry.npmjs.org/console-control-strings 9ms (cache hit)
1735 silly packumentCache full:https://registry.npmjs.org/console-control-strings set size:9235 disposed:false
1736 http fetch GET 200 https://registry.npmjs.org/set-blocking 10ms (cache hit)
1737 silly packumentCache full:https://registry.npmjs.org/set-blocking set size:5763 disposed:false
1738 http fetch GET 200 https://registry.npmjs.org/are-we-there-yet 9ms (cache hit)
1739 silly packumentCache full:https://registry.npmjs.org/are-we-there-yet set size:52315 disposed:false
1740 silly placeDep ROOT agentkeepalive@4.6.0 OK for: make-fetch-happen@10.2.1 want: ^4.2.1
1741 silly placeDep node_modules/make-fetch-happen cacache@16.1.3 OK for: make-fetch-happen@10.2.1 want: ^16.1.0
1742 silly placeDep ROOT http-cache-semantics@4.2.0 OK for: make-fetch-happen@10.2.1 want: ^4.1.0
1743 silly placeDep ROOT http-proxy-agent@5.0.0 OK for: make-fetch-happen@10.2.1 want: ^5.0.0
1744 silly placeDep ROOT is-lambda@1.0.1 OK for: make-fetch-happen@10.2.1 want: ^1.0.1
1745 silly placeDep node_modules/make-fetch-happen lru-cache@7.18.3 OK for: make-fetch-happen@10.2.1 want: ^7.7.1
1746 silly placeDep node_modules/make-fetch-happen minipass@3.3.6 OK for: make-fetch-happen@10.2.1 want: ^3.1.6
1747 silly placeDep ROOT minipass-fetch@2.1.2 OK for: make-fetch-happen@10.2.1 want: ^2.0.3
1748 silly placeDep ROOT negotiator@0.6.4 OK for: make-fetch-happen@10.2.1 want: ^0.6.3
1749 silly placeDep ROOT socks-proxy-agent@7.0.0 OK for: make-fetch-happen@10.2.1 want: ^7.0.0
1750 silly placeDep node_modules/make-fetch-happen ssri@9.0.1 OK for: make-fetch-happen@10.2.1 want: ^9.0.0
1751 silly fetch manifest humanize-ms@^1.2.1
1752 silly packumentCache full:https://registry.npmjs.org/humanize-ms cache-miss
1753 silly fetch manifest mkdirp@^1.0.4
1754 silly packumentCache full:https://registry.npmjs.org/mkdirp cache-hit
1755 silly fetch manifest @npmcli/fs@^2.1.0
1756 silly packumentCache full:https://registry.npmjs.org/@npmcli%2ffs cache-hit
1757 silly fetch manifest fs-minipass@^2.1.0
1758 silly packumentCache full:https://registry.npmjs.org/fs-minipass cache-hit
1759 silly fetch manifest infer-owner@^1.0.4
1760 silly packumentCache full:https://registry.npmjs.org/infer-owner cache-miss
1761 silly fetch manifest unique-filename@^2.0.0
1762 silly packumentCache full:https://registry.npmjs.org/unique-filename cache-hit
1763 silly fetch manifest @npmcli/move-file@^2.0.0
1764 silly packumentCache full:https://registry.npmjs.org/@npmcli%2fmove-file cache-miss
1765 silly fetch manifest @tootallnate/once@2
1766 silly packumentCache full:https://registry.npmjs.org/@tootallnate%2fonce cache-miss
1767 silly fetch manifest minipass-sized@^1.0.3
1768 silly packumentCache full:https://registry.npmjs.org/minipass-sized cache-miss
1769 silly fetch manifest encoding@^0.1.13
1770 silly packumentCache full:https://registry.npmjs.org/encoding cache-miss
1771 silly fetch manifest socks@^2.6.2
1772 silly packumentCache full:https://registry.npmjs.org/socks cache-miss
1773 http fetch GET 200 https://registry.npmjs.org/@npmcli%2fmove-file 5ms (cache hit)
1774 silly packumentCache full:https://registry.npmjs.org/@npmcli%2fmove-file set size:25481 disposed:false
1775 http fetch GET 200 https://registry.npmjs.org/@tootallnate%2fonce 4ms (cache hit)
1776 silly packumentCache full:https://registry.npmjs.org/@tootallnate%2fonce set size:19864 disposed:false
1777 http fetch GET 200 https://registry.npmjs.org/infer-owner 5ms (cache hit)
1778 silly packumentCache full:https://registry.npmjs.org/infer-owner set size:7030 disposed:false
1779 http fetch GET 200 https://registry.npmjs.org/humanize-ms 7ms (cache hit)
1780 silly packumentCache full:https://registry.npmjs.org/humanize-ms set size:12275 disposed:false
1781 http fetch GET 200 https://registry.npmjs.org/minipass-sized 5ms (cache hit)
1782 silly packumentCache full:https://registry.npmjs.org/minipass-sized set size:14420 disposed:false
1783 http fetch GET 200 https://registry.npmjs.org/encoding 5ms (cache hit)
1784 silly packumentCache full:https://registry.npmjs.org/encoding set size:17833 disposed:false
1785 http fetch GET 200 https://registry.npmjs.org/socks 5ms (cache hit)
1786 silly packumentCache full:https://registry.npmjs.org/socks set size:168523 disposed:false
1787 silly placeDep ROOT humanize-ms@1.2.1 OK for: agentkeepalive@4.6.0 want: ^1.2.1
1788 silly placeDep ROOT @tootallnate/once@2.0.0 OK for: http-proxy-agent@5.0.0 want: 2
1789 silly placeDep ROOT encoding@0.1.13 OK for: minipass-fetch@2.1.2 want: ^0.1.13
1790 silly placeDep node_modules/minipass-fetch minipass@3.3.6 OK for: minipass-fetch@2.1.2 want: ^3.1.6
1791 silly placeDep ROOT minipass-sized@1.0.3 OK for: minipass-fetch@2.1.2 want: ^1.0.3
1792 silly placeDep ROOT minizlib@2.1.2 OK for: minipass-fetch@2.1.2 want: ^2.1.2
1793 silly fetch manifest iconv-lite@^0.6.2
1794 silly packumentCache full:https://registry.npmjs.org/iconv-lite cache-hit
1795 silly placeDep node_modules/encoding iconv-lite@0.6.3 OK for: encoding@0.1.13 want: ^0.6.2
1796 silly placeDep node_modules/minipass-sized minipass@3.3.6 OK for: minipass-sized@1.0.3 want: ^3.0.0
1797 silly placeDep node_modules/minizlib minipass@3.3.6 OK for: minizlib@2.1.2 want: ^3.0.0
1798 silly placeDep node_modules/minizlib yallist@4.0.0 OK for: minizlib@2.1.2 want: ^4.0.0
1799 silly placeDep ROOT abbrev@1.1.1 OK for: nopt@6.0.0 want: ^1.0.0
1800 silly placeDep ROOT ignore-walk@6.0.5 OK for: npm-packlist@7.0.4 want: ^6.0.0
1801 silly fetch manifest minimatch@^9.0.0
1802 silly packumentCache full:https://registry.npmjs.org/minimatch cache-hit
1803 silly placeDep node_modules/ignore-walk minimatch@9.0.5 OK for: ignore-walk@6.0.5 want: ^9.0.0
1804 silly placeDep node_modules/npm-registry-fetch make-fetch-happen@11.1.1 OK for: npm-registry-fetch@14.0.5 want: ^11.0.0
1805 silly placeDep node_modules/npm-registry-fetch minipass@5.0.0 OK for: npm-registry-fetch@14.0.5 want: ^5.0.0
1806 silly placeDep node_modules/npm-registry-fetch minipass-fetch@3.0.5 OK for: npm-registry-fetch@14.0.5 want: ^3.0.0
1807 silly placeDep ROOT minipass-json-stream@1.0.2 OK for: npm-registry-fetch@14.0.5 want: ^1.0.1
1808 silly fetch manifest jsonparse@^1.3.1
1809 silly packumentCache full:https://registry.npmjs.org/jsonparse cache-miss
1810 http fetch GET 200 https://registry.npmjs.org/jsonparse 2ms (cache hit)
1811 silly packumentCache full:https://registry.npmjs.org/jsonparse set size:15932 disposed:false
1812 silly placeDep ROOT jsonparse@1.3.1 OK for: minipass-json-stream@1.0.2 want: ^1.3.1
1813 silly placeDep node_modules/minipass-json-stream minipass@3.3.6 OK for: minipass-json-stream@1.0.2 want: ^3.0.0
1814 silly placeDep ROOT are-we-there-yet@3.0.1 OK for: npmlog@6.0.2 want: ^3.0.0
1815 silly placeDep ROOT console-control-strings@1.1.0 OK for: npmlog@6.0.2 want: ^1.1.0
1816 silly placeDep ROOT gauge@4.0.4 OK for: npmlog@6.0.2 want: ^4.0.3
1817 silly placeDep ROOT set-blocking@2.0.0 OK for: npmlog@6.0.2 want: ^2.0.0
1818 silly fetch manifest delegates@^1.0.0
1819 silly packumentCache full:https://registry.npmjs.org/delegates cache-miss
1820 silly fetch manifest aproba@^1.0.3 || ^2.0.0
1821 silly packumentCache full:https://registry.npmjs.org/aproba cache-miss
1822 silly fetch manifest wide-align@^1.1.5
1823 silly packumentCache full:https://registry.npmjs.org/wide-align cache-miss
1824 silly fetch manifest has-unicode@^2.0.1
1825 silly packumentCache full:https://registry.npmjs.org/has-unicode cache-miss
1826 silly fetch manifest color-support@^1.1.3
1827 silly packumentCache full:https://registry.npmjs.org/color-support cache-miss
1828 http fetch GET 200 https://registry.npmjs.org/aproba 4ms (cache hit)
1829 silly packumentCache full:https://registry.npmjs.org/aproba set size:20300 disposed:false
1830 http fetch GET 200 https://registry.npmjs.org/has-unicode 3ms (cache hit)
1831 silly packumentCache full:https://registry.npmjs.org/has-unicode set size:7567 disposed:false
1832 http fetch GET 200 https://registry.npmjs.org/delegates 4ms (cache hit)
1833 silly packumentCache full:https://registry.npmjs.org/delegates set size:8916 disposed:false
1834 http fetch GET 200 https://registry.npmjs.org/wide-align 5ms (cache hit)
1835 silly packumentCache full:https://registry.npmjs.org/wide-align set size:16598 disposed:false
1836 http fetch GET 200 https://registry.npmjs.org/color-support 4ms (cache hit)
1837 silly packumentCache full:https://registry.npmjs.org/color-support set size:13824 disposed:false
1838 silly placeDep ROOT delegates@1.0.0 OK for: are-we-there-yet@3.0.1 want: ^1.0.0
1839 silly placeDep ROOT aproba@2.1.0 OK for: gauge@4.0.4 want: ^1.0.3 || ^2.0.0
1840 silly placeDep ROOT color-support@1.1.3 OK for: gauge@4.0.4 want: ^1.1.3
1841 silly placeDep ROOT has-unicode@2.0.1 OK for: gauge@4.0.4 want: ^2.0.1
1842 silly placeDep ROOT wide-align@1.1.5 OK for: gauge@4.0.4 want: ^1.1.5
1843 silly placeDep node_modules/parse5-html-rewriting-stream entities@4.5.0 OK for: parse5-html-rewriting-stream@7.0.0 want: ^4.3.0
1844 silly placeDep node_modules/parse5-html-rewriting-stream parse5@7.3.0 OK for: parse5-html-rewriting-stream@7.0.0 want: ^7.0.0
1845 silly placeDep ROOT parse5-sax-parser@7.0.0 OK for: parse5-html-rewriting-stream@7.0.0 want: ^7.0.0
1846 silly fetch manifest entities@^6.0.0
1847 silly packumentCache full:https://registry.npmjs.org/entities cache-hit
1848 silly placeDep node_modules/parse5-sax-parser parse5@7.3.0 OK for: parse5-sax-parser@7.0.0 want: ^7.0.0
1849 silly placeDep ROOT cosmiconfig@7.1.0 OK for: postcss-loader@7.0.2 want: ^7.0.0
1850 silly fetch manifest @types/parse-json@^4.0.0
1851 silly packumentCache full:https://registry.npmjs.org/@types%2fparse-json cache-miss
1852 silly fetch manifest import-fresh@^3.2.1
1853 silly packumentCache full:https://registry.npmjs.org/import-fresh cache-miss
1854 silly fetch manifest parse-json@^5.0.0
1855 silly packumentCache full:https://registry.npmjs.org/parse-json cache-miss
1856 silly fetch manifest yaml@^1.10.0
1857 silly packumentCache full:https://registry.npmjs.org/yaml cache-miss
1858 http fetch GET 200 https://registry.npmjs.org/yaml 22ms (cache revalidated)
1859 silly packumentCache full:https://registry.npmjs.org/yaml set size:364997 disposed:false
1860 http fetch GET 200 https://registry.npmjs.org/import-fresh 26ms (cache revalidated)
1861 silly packumentCache full:https://registry.npmjs.org/import-fresh set size:21461 disposed:false
1862 http fetch GET 200 https://registry.npmjs.org/parse-json 26ms (cache revalidated)
1863 silly packumentCache full:https://registry.npmjs.org/parse-json set size:48198 disposed:false
1864 http fetch GET 200 https://registry.npmjs.org/@types%2fparse-json 39ms (cache revalidated)
1865 silly packumentCache full:https://registry.npmjs.org/@types%2fparse-json set size:6477 disposed:false
1866 silly placeDep ROOT @types/parse-json@4.0.2 OK for: cosmiconfig@7.1.0 want: ^4.0.0
1867 silly placeDep ROOT import-fresh@3.3.1 OK for: cosmiconfig@7.1.0 want: ^3.2.1
1868 silly placeDep ROOT parse-json@5.2.0 OK for: cosmiconfig@7.1.0 want: ^5.0.0
1869 silly placeDep ROOT yaml@1.10.2 OK for: cosmiconfig@7.1.0 want: ^1.10.0
1870 silly fetch manifest parent-module@^1.0.0
1871 silly packumentCache full:https://registry.npmjs.org/parent-module cache-miss
1872 silly fetch manifest resolve-from@^4.0.0
1873 silly packumentCache full:https://registry.npmjs.org/resolve-from cache-miss
1874 silly fetch manifest error-ex@^1.3.1
1875 silly packumentCache full:https://registry.npmjs.org/error-ex cache-miss
1876 silly fetch manifest lines-and-columns@^1.1.6
1877 silly packumentCache full:https://registry.npmjs.org/lines-and-columns cache-miss
1878 http fetch GET 200 https://registry.npmjs.org/resolve-from 27ms (cache revalidated)
1879 silly packumentCache full:https://registry.npmjs.org/resolve-from set size:12911 disposed:false
1880 http fetch GET 200 https://registry.npmjs.org/lines-and-columns 27ms (cache revalidated)
1881 silly packumentCache full:https://registry.npmjs.org/lines-and-columns set size:73796 disposed:false
1882 http fetch GET 200 https://registry.npmjs.org/parent-module 31ms (cache revalidated)
1883 silly packumentCache full:https://registry.npmjs.org/parent-module set size:18255 disposed:false
1884 http fetch GET 200 https://registry.npmjs.org/error-ex 61ms (cache revalidated)
1885 silly packumentCache full:https://registry.npmjs.org/error-ex set size:31684 disposed:false
1886 silly placeDep ROOT parent-module@1.0.1 OK for: import-fresh@3.3.1 want: ^1.0.0
1887 silly placeDep node_modules/import-fresh resolve-from@4.0.0 OK for: import-fresh@3.3.1 want: ^4.0.0
1888 silly fetch manifest callsites@^3.0.0
1889 silly packumentCache full:https://registry.npmjs.org/callsites cache-miss
1890 http fetch GET 200 https://registry.npmjs.org/callsites 235ms (cache revalidated)
1891 silly packumentCache full:https://registry.npmjs.org/callsites set size:21349 disposed:false
1892 silly placeDep ROOT callsites@3.1.0 OK for: parent-module@1.0.1 want: ^3.0.0
1893 silly placeDep ROOT error-ex@1.3.4 OK for: parse-json@5.2.0 want: ^1.3.1
1894 silly placeDep ROOT lines-and-columns@1.2.4 OK for: parse-json@5.2.0 want: ^1.1.6
1895 silly fetch manifest is-arrayish@^0.2.1
1896 silly packumentCache full:https://registry.npmjs.org/is-arrayish cache-miss
1897 http fetch GET 200 https://registry.npmjs.org/is-arrayish 23ms (cache revalidated)
1898 silly packumentCache full:https://registry.npmjs.org/is-arrayish set size:15371 disposed:false
1899 silly placeDep ROOT is-arrayish@0.2.1 OK for: error-ex@1.3.4 want: ^0.2.1
1900 silly placeDep ROOT postcss-selector-parser@7.1.1 OK for: postcss-modules-local-by-default@4.2.0 want: ^7.0.0
1901 silly fetch manifest cssesc@^3.0.0
1902 silly packumentCache full:https://registry.npmjs.org/cssesc cache-miss
1903 http fetch GET 200 https://registry.npmjs.org/cssesc 25ms (cache revalidated)
1904 silly packumentCache full:https://registry.npmjs.org/cssesc set size:18815 disposed:false
1905 silly placeDep ROOT cssesc@3.0.0 OK for: postcss-selector-parser@7.1.1 want: ^3.0.0
1906 silly placeDep ROOT err-code@2.0.3 OK for: promise-retry@2.0.1 want: ^2.0.2
1907 silly placeDep ROOT retry@0.12.0 OK for: promise-retry@2.0.1 want: ^0.12.0
1908 silly placeDep node_modules/read-package-json glob@10.5.0 OK for: read-package-json@6.0.4 want: ^10.2.2
1909 silly placeDep node_modules/read-package-json json-parse-even-better-errors@3.0.2 OK for: read-package-json@6.0.4 want: ^3.0.0
1910 silly placeDep ROOT normalize-package-data@5.0.0 OK for: read-package-json@6.0.4 want: ^5.0.0
1911 silly fetch manifest minipass@^7.1.2
1912 silly packumentCache full:https://registry.npmjs.org/minipass cache-hit
1913 silly fetch manifest jackspeak@^3.1.2
1914 silly packumentCache full:https://registry.npmjs.org/jackspeak cache-miss
1915 silly fetch manifest minimatch@^9.0.4
1916 silly packumentCache full:https://registry.npmjs.org/minimatch cache-hit
1917 silly fetch manifest path-scurry@^1.11.1
1918 silly packumentCache full:https://registry.npmjs.org/path-scurry cache-miss
1919 silly fetch manifest foreground-child@^3.1.0
1920 silly packumentCache full:https://registry.npmjs.org/foreground-child cache-miss
1921 silly fetch manifest package-json-from-dist@^1.0.0
1922 silly packumentCache full:https://registry.npmjs.org/package-json-from-dist cache-miss
1923 silly fetch manifest validate-npm-package-license@^3.0.4
1924 silly packumentCache full:https://registry.npmjs.org/validate-npm-package-license cache-miss
1925 http fetch GET 200 https://registry.npmjs.org/foreground-child 4ms (cache hit)
1926 silly packumentCache full:https://registry.npmjs.org/foreground-child set size:59344 disposed:false
1927 http fetch GET 200 https://registry.npmjs.org/package-json-from-dist 4ms (cache hit)
1928 silly packumentCache full:https://registry.npmjs.org/package-json-from-dist set size:8854 disposed:false
1929 http fetch GET 200 https://registry.npmjs.org/jackspeak 5ms (cache hit)
1930 silly packumentCache full:https://registry.npmjs.org/jackspeak set size:189177 disposed:false
1931 http fetch GET 200 https://registry.npmjs.org/path-scurry 6ms (cache hit)
1932 silly packumentCache full:https://registry.npmjs.org/path-scurry set size:115160 disposed:false
1933 http fetch GET 200 https://registry.npmjs.org/validate-npm-package-license 5ms (cache hit)
1934 silly packumentCache full:https://registry.npmjs.org/validate-npm-package-license set size:21821 disposed:false
1935 silly placeDep ROOT validate-npm-package-license@3.0.4 OK for: normalize-package-data@5.0.0 want: ^3.0.4
1936 silly fetch manifest spdx-correct@^3.0.0
1937 silly packumentCache full:https://registry.npmjs.org/spdx-correct cache-miss
1938 silly fetch manifest spdx-expression-parse@^3.0.0
1939 silly packumentCache full:https://registry.npmjs.org/spdx-expression-parse cache-miss
1940 http fetch GET 200 https://registry.npmjs.org/spdx-expression-parse 1ms (cache hit)
1941 silly packumentCache full:https://registry.npmjs.org/spdx-expression-parse set size:29500 disposed:false
1942 http fetch GET 200 https://registry.npmjs.org/spdx-correct 3ms (cache hit)
1943 silly packumentCache full:https://registry.npmjs.org/spdx-correct set size:38642 disposed:false
1944 silly placeDep node_modules/read-package-json-fast json-parse-even-better-errors@3.0.2 OK for: read-package-json-fast@3.0.2 want: ^3.0.0
1945 silly placeDep ROOT regenerate@1.4.2 OK for: regexpu-core@6.4.0 want: ^1.4.2
1946 silly placeDep ROOT regenerate-unicode-properties@10.2.2 OK for: regexpu-core@6.4.0 want: ^10.2.2
1947 silly placeDep ROOT regjsgen@0.8.0 OK for: regexpu-core@6.4.0 want: ^0.8.0
1948 silly placeDep ROOT regjsparser@0.13.0 OK for: regexpu-core@6.4.0 want: ^0.13.0
1949 silly placeDep ROOT unicode-match-property-ecmascript@2.0.0 OK for: regexpu-core@6.4.0 want: ^2.0.0
1950 silly placeDep ROOT unicode-match-property-value-ecmascript@2.2.1 OK for: regexpu-core@6.4.0 want: ^2.2.1
1951 silly fetch manifest jsesc@~3.1.0
1952 silly packumentCache full:https://registry.npmjs.org/jsesc cache-miss
1953 silly fetch manifest unicode-canonical-property-names-ecmascript@^2.0.0
1954 silly packumentCache full:https://registry.npmjs.org/unicode-canonical-property-names-ecmascript cache-miss
1955 silly fetch manifest unicode-property-aliases-ecmascript@^2.0.0
1956 silly packumentCache full:https://registry.npmjs.org/unicode-property-aliases-ecmascript cache-miss
1957 http fetch GET 200 https://registry.npmjs.org/unicode-canonical-property-names-ecmascript 23ms (cache revalidated)
1958 silly packumentCache full:https://registry.npmjs.org/unicode-canonical-property-names-ecmascript set size:17227 disposed:false
1959 http fetch GET 200 https://registry.npmjs.org/unicode-property-aliases-ecmascript 26ms (cache revalidated)
1960 silly packumentCache full:https://registry.npmjs.org/unicode-property-aliases-ecmascript set size:28095 disposed:false
1961 http fetch GET 200 https://registry.npmjs.org/jsesc 257ms (cache revalidated)
1962 silly packumentCache full:https://registry.npmjs.org/jsesc set size:61512 disposed:false
1963 silly placeDep node_modules/regjsparser jsesc@3.1.0 OK for: regjsparser@0.13.0 want: ~3.1.0
1964 silly placeDep ROOT immutable@4.3.7 OK for: sass@1.58.1 want: ^4.0.0
1965 silly placeDep ROOT @sigstore/bundle@1.1.0 OK for: sigstore@1.9.0 want: ^1.1.0
1966 silly placeDep ROOT @sigstore/protobuf-specs@0.2.1 OK for: sigstore@1.9.0 want: ^0.2.0
1967 silly placeDep ROOT @sigstore/sign@1.0.0 OK for: sigstore@1.9.0 want: ^1.0.0
1968 silly placeDep ROOT @sigstore/tuf@1.0.3 OK for: sigstore@1.9.0 want: ^1.0.3
1969 silly placeDep node_modules/sigstore make-fetch-happen@11.1.1 OK for: sigstore@1.9.0 want: ^11.0.1
1970 silly fetch manifest tuf-js@^1.1.7
1971 silly packumentCache full:https://registry.npmjs.org/tuf-js cache-miss
1972 http fetch GET 200 https://registry.npmjs.org/tuf-js 3ms (cache hit)
1973 silly packumentCache full:https://registry.npmjs.org/tuf-js set size:65399 disposed:false
1974 silly placeDep node_modules/@sigstore/sign make-fetch-happen@11.1.1 OK for: @sigstore/sign@1.0.0 want: ^11.0.1
1975 silly placeDep ROOT tuf-js@1.1.7 OK for: @sigstore/tuf@1.0.3 want: ^1.1.7
1976 silly fetch manifest @tufjs/models@1.0.4
1977 silly packumentCache full:https://registry.npmjs.org/@tufjs%2fmodels cache-miss
1978 silly fetch manifest make-fetch-happen@^11.1.1
1979 silly packumentCache full:https://registry.npmjs.org/make-fetch-happen cache-hit
1980 http fetch GET 200 https://registry.npmjs.org/@tufjs%2fmodels 2ms (cache hit)
1981 silly packumentCache full:https://registry.npmjs.org/@tufjs%2fmodels set size:29375 disposed:false
1982 silly placeDep ROOT socks@2.8.7 OK for: socks-proxy-agent@7.0.0 want: ^2.6.2
1983 silly fetch manifest ip-address@^10.0.1
1984 silly packumentCache full:https://registry.npmjs.org/ip-address cache-miss
1985 silly fetch manifest smart-buffer@^4.2.0
1986 silly packumentCache full:https://registry.npmjs.org/smart-buffer cache-miss
1987 http fetch GET 200 https://registry.npmjs.org/smart-buffer 2ms (cache hit)
1988 silly packumentCache full:https://registry.npmjs.org/smart-buffer set size:87065 disposed:false
1989 http fetch GET 200 https://registry.npmjs.org/ip-address 3ms (cache hit)
1990 silly packumentCache full:https://registry.npmjs.org/ip-address set size:135050 disposed:false
1991 silly placeDep ROOT ip-address@10.1.0 OK for: socks@2.8.7 want: ^10.0.1
1992 silly placeDep ROOT smart-buffer@4.2.0 OK for: socks@2.8.7 want: ^4.2.0
1993 silly placeDep ROOT abab@2.0.6 OK for: source-map-loader@4.0.1 want: ^2.0.6
1994 silly placeDep node_modules/source-map-loader iconv-lite@0.6.3 OK for: source-map-loader@4.0.1 want: ^0.6.3
1995 silly placeDep node_modules/ssri minipass@7.1.2 OK for: ssri@10.0.6 want: ^7.0.3
1996 silly placeDep ROOT chownr@2.0.0 OK for: tar@6.2.1 want: ^2.0.0
1997 silly placeDep node_modules/tar fs-minipass@2.1.0 OK for: tar@6.2.1 want: ^2.0.0
1998 silly placeDep node_modules/tar minipass@5.0.0 OK for: tar@6.2.1 want: ^5.0.0
1999 silly placeDep ROOT mkdirp@1.0.4 OK for: tar@6.2.1 want: ^1.0.3
2000 silly placeDep node_modules/tar yallist@4.0.0 OK for: tar@6.2.1 want: ^4.0.0
2001 silly placeDep ROOT @tufjs/models@1.0.4 OK for: tuf-js@1.1.7 want: 1.0.4
2002 silly placeDep node_modules/tuf-js make-fetch-happen@11.1.1 OK for: tuf-js@1.1.7 want: ^11.1.1
2003 silly fetch manifest @tufjs/canonical-json@1.0.0
2004 silly packumentCache full:https://registry.npmjs.org/@tufjs%2fcanonical-json cache-miss
2005 http fetch GET 200 https://registry.npmjs.org/@tufjs%2fcanonical-json 1ms (cache hit)
2006 silly packumentCache full:https://registry.npmjs.org/@tufjs%2fcanonical-json set size:7336 disposed:false
2007 silly placeDep ROOT @tufjs/canonical-json@1.0.0 OK for: @tufjs/models@1.0.4 want: 1.0.0
2008 silly placeDep node_modules/@tufjs/models minimatch@9.0.5 OK for: @tufjs/models@1.0.4 want: ^9.0.0
2009 silly placeDep ROOT unicode-canonical-property-names-ecmascript@2.0.1 OK for: unicode-match-property-ecmascript@2.0.0 want: ^2.0.0
2010 silly placeDep ROOT unicode-property-aliases-ecmascript@2.2.0 OK for: unicode-match-property-ecmascript@2.0.0 want: ^2.0.0
2011 silly placeDep ROOT unique-slug@4.0.0 OK for: unique-filename@3.0.0 want: ^4.0.0
2012 silly fetch manifest imurmurhash@^0.1.4
2013 silly packumentCache full:https://registry.npmjs.org/imurmurhash cache-miss
2014 http fetch GET 200 https://registry.npmjs.org/imurmurhash 2ms (cache hit)
2015 silly packumentCache full:https://registry.npmjs.org/imurmurhash set size:35819 disposed:false
2016 silly placeDep ROOT imurmurhash@0.1.4 OK for: unique-slug@4.0.0 want: ^0.1.4
2017 silly placeDep ROOT spdx-correct@3.2.0 OK for: validate-npm-package-license@3.0.4 want: ^3.0.0
2018 silly placeDep ROOT spdx-expression-parse@3.0.1 OK for: validate-npm-package-license@3.0.4 want: ^3.0.0
2019 silly fetch manifest spdx-license-ids@^3.0.0
2020 silly packumentCache full:https://registry.npmjs.org/spdx-license-ids cache-miss
2021 silly fetch manifest spdx-exceptions@^2.1.0
2022 silly packumentCache full:https://registry.npmjs.org/spdx-exceptions cache-miss
2023 silly fetch manifest spdx-license-ids@^3.0.0
2024 silly packumentCache full:https://registry.npmjs.org/spdx-license-ids cache-miss
2025 http fetch GET 200 https://registry.npmjs.org/spdx-license-ids 2ms (cache hit)
2026 silly packumentCache full:https://registry.npmjs.org/spdx-license-ids set size:79959 disposed:false
2027 http fetch GET 200 https://registry.npmjs.org/spdx-exceptions 2ms (cache hit)
2028 silly packumentCache full:https://registry.npmjs.org/spdx-exceptions set size:21227 disposed:false
2029 http fetch GET 200 https://registry.npmjs.org/spdx-license-ids 2ms (cache hit)
2030 silly packumentCache full:https://registry.npmjs.org/spdx-license-ids set size:79959 disposed:false
2031 silly packumentCache full:https://registry.npmjs.org/spdx-license-ids dispose
2032 silly placeDep ROOT spdx-license-ids@3.0.22 OK for: spdx-correct@3.2.0 want: ^3.0.0
2033 silly placeDep ROOT spdx-exceptions@2.5.0 OK for: spdx-expression-parse@3.0.1 want: ^2.1.0
2034 silly placeDep ROOT colorette@2.0.20 OK for: webpack-dev-middleware@6.1.2 want: ^2.0.10
2035 silly placeDep ROOT memfs@3.5.3 OK for: webpack-dev-middleware@6.1.2 want: ^3.4.12
2036 silly fetch manifest fs-monkey@^1.0.4
2037 silly packumentCache full:https://registry.npmjs.org/fs-monkey cache-miss
2038 http fetch GET 200 https://registry.npmjs.org/fs-monkey 33ms (cache revalidated)
2039 silly packumentCache full:https://registry.npmjs.org/fs-monkey set size:50154 disposed:false
2040 silly placeDep ROOT fs-monkey@1.1.0 OK for: memfs@3.5.3 want: ^1.0.4
2041 silly fetch manifest webpack@^4.37.0 || ^5.0.0
2042 silly packumentCache full:https://registry.npmjs.org/webpack cache-miss
2043 http fetch GET 200 https://registry.npmjs.org/webpack 4ms (cache hit)
2044 silly packumentCache full:https://registry.npmjs.org/webpack set size:4926367 disposed:false
2045 silly placeDep ROOT @types/bonjour@3.5.13 OK for: webpack-dev-server@4.11.1 want: ^3.5.9
2046 silly placeDep ROOT @types/connect-history-api-fallback@1.5.4 OK for: webpack-dev-server@4.11.1 want: ^1.3.5
2047 silly placeDep ROOT @types/express@4.17.25 OK for: webpack-dev-server@4.11.1 want: ^4.17.13
2048 silly placeDep ROOT @types/serve-index@1.9.4 OK for: webpack-dev-server@4.11.1 want: ^1.9.1
2049 silly placeDep ROOT @types/serve-static@1.15.10 OK for: webpack-dev-server@4.11.1 want: ^1.13.10
2050 silly placeDep ROOT @types/sockjs@0.3.36 OK for: webpack-dev-server@4.11.1 want: ^0.3.33
2051 silly placeDep ROOT @types/ws@8.18.1 OK for: webpack-dev-server@4.11.1 want: ^8.5.1
2052 silly placeDep ROOT ansi-html-community@0.0.8 OK for: webpack-dev-server@4.11.1 want: ^0.0.8
2053 silly placeDep ROOT bonjour-service@1.3.0 OK for: webpack-dev-server@4.11.1 want: ^1.0.11
2054 silly placeDep ROOT compression@1.8.1 OK for: webpack-dev-server@4.11.1 want: ^1.7.4
2055 silly placeDep ROOT connect-history-api-fallback@2.0.0 OK for: webpack-dev-server@4.11.1 want: ^2.0.0
2056 silly placeDep ROOT default-gateway@6.0.3 OK for: webpack-dev-server@4.11.1 want: ^6.0.3
2057 silly placeDep ROOT express@4.22.1 OK for: webpack-dev-server@4.11.1 want: ^4.17.3
2058 silly placeDep ROOT html-entities@2.6.0 OK for: webpack-dev-server@4.11.1 want: ^2.3.2
2059 silly placeDep ROOT http-proxy-middleware@2.0.9 OK for: webpack-dev-server@4.11.1 want: ^2.0.3
2060 silly placeDep ROOT ipaddr.js@2.3.0 OK for: webpack-dev-server@4.11.1 want: ^2.0.1
2061 silly placeDep ROOT p-retry@4.6.2 OK for: webpack-dev-server@4.11.1 want: ^4.5.0
2062 silly placeDep ROOT selfsigned@2.4.1 OK for: webpack-dev-server@4.11.1 want: ^2.1.1
2063 silly placeDep ROOT serve-index@1.9.1 OK for: webpack-dev-server@4.11.1 want: ^1.9.1
2064 silly placeDep ROOT sockjs@0.3.24 OK for: webpack-dev-server@4.11.1 want: ^0.3.24
2065 silly placeDep ROOT spdy@4.0.2 OK for: webpack-dev-server@4.11.1 want: ^4.0.2
2066 silly placeDep node_modules/webpack-dev-server webpack-dev-middleware@5.3.4 OK for: webpack-dev-server@4.11.1 want: ^5.3.1
2067 silly fetch manifest @types/express-serve-static-core@*
2068 silly packumentCache full:https://registry.npmjs.org/@types%2fexpress-serve-static-core cache-miss
2069 silly fetch manifest @types/qs@*
2070 silly packumentCache full:https://registry.npmjs.org/@types%2fqs cache-miss
2071 silly fetch manifest @types/body-parser@*
2072 silly packumentCache full:https://registry.npmjs.org/@types%2fbody-parser cache-miss
2073 silly fetch manifest @types/serve-static@^1
2074 silly packumentCache full:https://registry.npmjs.org/@types%2fserve-static cache-hit
2075 silly fetch manifest @types/express-serve-static-core@^4.17.33
2076 silly packumentCache full:https://registry.npmjs.org/@types%2fexpress-serve-static-core cache-miss
2077 silly fetch manifest @types/send@<1
2078 silly packumentCache full:https://registry.npmjs.org/@types%2fsend cache-miss
2079 silly fetch manifest @types/http-errors@*
2080 silly packumentCache full:https://registry.npmjs.org/@types%2fhttp-errors cache-miss
2081 silly fetch manifest multicast-dns@^7.2.5
2082 silly packumentCache full:https://registry.npmjs.org/multicast-dns cache-miss
2083 silly fetch manifest compressible@~2.0.18
2084 silly packumentCache full:https://registry.npmjs.org/compressible cache-miss
2085 silly fetch manifest debug@2.6.9
2086 silly packumentCache full:https://registry.npmjs.org/debug cache-miss
2087 silly fetch manifest on-headers@~1.1.0
2088 silly packumentCache full:https://registry.npmjs.org/on-headers cache-miss
2089 silly fetch manifest execa@^5.0.0
2090 silly packumentCache full:https://registry.npmjs.org/execa cache-miss
2091 http fetch GET 200 https://registry.npmjs.org/debug 7ms (cache hit)
2092 silly packumentCache full:https://registry.npmjs.org/debug set size:195840 disposed:false
2093 silly fetch manifest etag@~1.8.1
2094 silly packumentCache full:https://registry.npmjs.org/etag cache-miss
2095 http fetch GET 200 https://registry.npmjs.org/multicast-dns 28ms (cache revalidated)
2096 silly packumentCache full:https://registry.npmjs.org/multicast-dns set size:79318 disposed:false
2097 silly fetch manifest send@~0.19.0
2098 silly packumentCache full:https://registry.npmjs.org/send cache-miss
2099 http fetch GET 200 https://registry.npmjs.org/execa 27ms (cache revalidated)
2100 silly packumentCache full:https://registry.npmjs.org/execa set size:181234 disposed:false
2101 silly fetch manifest fresh@~0.5.2
2102 silly packumentCache full:https://registry.npmjs.org/fresh cache-miss
2103 http fetch GET 200 https://registry.npmjs.org/on-headers 31ms (cache revalidated)
2104 silly packumentCache full:https://registry.npmjs.org/on-headers set size:13226 disposed:false
2105 silly fetch manifest methods@~1.1.2
2106 silly packumentCache full:https://registry.npmjs.org/methods cache-miss
2107 http fetch GET 200 https://registry.npmjs.org/etag 23ms (cache revalidated)
2108 silly packumentCache full:https://registry.npmjs.org/etag set size:30032 disposed:false
2109 silly fetch manifest statuses@~2.0.1
2110 silly packumentCache full:https://registry.npmjs.org/statuses cache-miss
2111 http fetch GET 200 https://registry.npmjs.org/@types%2fbody-parser 35ms (cache revalidated)
2112 silly packumentCache full:https://registry.npmjs.org/@types%2fbody-parser set size:59466 disposed:false
2113 silly fetch manifest encodeurl@~2.0.0
2114 silly packumentCache full:https://registry.npmjs.org/encodeurl cache-miss
2115 http fetch GET 200 https://registry.npmjs.org/@types%2fqs 37ms (cache revalidated)
2116 silly packumentCache full:https://registry.npmjs.org/@types%2fqs set size:79370 disposed:false
2117 silly fetch manifest proxy-addr@~2.0.7
2118 silly packumentCache full:https://registry.npmjs.org/proxy-addr cache-miss
2119 http fetch GET 200 https://registry.npmjs.org/compressible 36ms (cache revalidated)
2120 silly packumentCache full:https://registry.npmjs.org/compressible set size:61733 disposed:false
2121 silly fetch manifest finalhandler@~1.3.1
2122 silly packumentCache full:https://registry.npmjs.org/finalhandler cache-miss
2123 http fetch GET 200 https://registry.npmjs.org/@types%2fexpress-serve-static-core 40ms (cache revalidated)
2124 silly packumentCache full:https://registry.npmjs.org/@types%2fexpress-serve-static-core set size:264345 disposed:false
2125 silly fetch manifest serve-static@~1.16.2
2126 silly packumentCache full:https://registry.npmjs.org/serve-static cache-miss
2127 http fetch GET 200 https://registry.npmjs.org/@types%2fexpress-serve-static-core 44ms (cache revalidated)
2128 silly packumentCache full:https://registry.npmjs.org/@types%2fexpress-serve-static-core set size:264345 disposed:false
2129 silly packumentCache full:https://registry.npmjs.org/@types%2fexpress-serve-static-core dispose
2130 silly fetch manifest array-flatten@1.1.1
2131 silly packumentCache full:https://registry.npmjs.org/array-flatten cache-miss
2132 http fetch GET 200 https://registry.npmjs.org/@types%2fsend 44ms (cache revalidated)
2133 silly packumentCache full:https://registry.npmjs.org/@types%2fsend set size:29985 disposed:false
2134 silly fetch manifest path-to-regexp@~0.1.12
2135 silly packumentCache full:https://registry.npmjs.org/path-to-regexp cache-miss
2136 http fetch GET 200 https://registry.npmjs.org/fresh 25ms (cache revalidated)
2137 silly packumentCache full:https://registry.npmjs.org/fresh set size:25427 disposed:false
2138 silly fetch manifest cookie-signature@~1.0.6
2139 silly packumentCache full:https://registry.npmjs.org/cookie-signature cache-miss
2140 http fetch GET 200 https://registry.npmjs.org/methods 28ms (cache revalidated)
2141 silly packumentCache full:https://registry.npmjs.org/methods set size:12600 disposed:false
2142 silly fetch manifest merge-descriptors@1.0.3
2143 silly packumentCache full:https://registry.npmjs.org/merge-descriptors cache-miss
2144 http fetch GET 200 https://registry.npmjs.org/statuses 30ms (cache revalidated)
2145 silly packumentCache full:https://registry.npmjs.org/statuses set size:37117 disposed:false
2146 silly fetch manifest content-disposition@~0.5.4
2147 silly packumentCache full:https://registry.npmjs.org/content-disposition cache-miss
2148 http fetch GET 200 https://registry.npmjs.org/proxy-addr 27ms (cache revalidated)
2149 silly packumentCache full:https://registry.npmjs.org/proxy-addr set size:61619 disposed:false
2150 silly fetch manifest is-plain-obj@^3.0.0
2151 silly packumentCache full:https://registry.npmjs.org/is-plain-obj cache-miss
2152 http fetch GET 200 https://registry.npmjs.org/encodeurl 31ms (cache revalidated)
2153 silly packumentCache full:https://registry.npmjs.org/encodeurl set size:12296 disposed:false
2154 silly fetch manifest @types/http-proxy@^1.17.8
2155 silly packumentCache full:https://registry.npmjs.org/@types%2fhttp-proxy cache-miss
2156 http fetch GET 200 https://registry.npmjs.org/serve-static 25ms (cache revalidated)
2157 silly packumentCache full:https://registry.npmjs.org/serve-static set size:150391 disposed:false
2158 silly fetch manifest retry@^0.13.1
2159 silly packumentCache full:https://registry.npmjs.org/retry cache-hit
2160 silly fetch manifest @types/retry@0.12.0
2161 silly packumentCache full:https://registry.npmjs.org/@types%2fretry cache-miss
2162 http fetch GET 200 https://registry.npmjs.org/finalhandler 33ms (cache revalidated)
2163 silly packumentCache full:https://registry.npmjs.org/finalhandler set size:79291 disposed:false
2164 silly fetch manifest node-forge@^1
2165 silly packumentCache full:https://registry.npmjs.org/node-forge cache-miss
2166 http fetch GET 200 https://registry.npmjs.org/path-to-regexp 26ms (cache revalidated)
2167 silly packumentCache full:https://registry.npmjs.org/path-to-regexp set size:207142 disposed:false
2168 silly fetch manifest @types/node-forge@^1.3.0
2169 silly packumentCache full:https://registry.npmjs.org/@types%2fnode-forge cache-miss
2170 http fetch GET 200 https://registry.npmjs.org/array-flatten 30ms (cache revalidated)
2171 silly packumentCache full:https://registry.npmjs.org/array-flatten set size:24005 disposed:false
2172 silly fetch manifest batch@0.6.1
2173 silly packumentCache full:https://registry.npmjs.org/batch cache-miss
2174 http fetch GET 200 https://registry.npmjs.org/cookie-signature 29ms (cache revalidated)
2175 silly packumentCache full:https://registry.npmjs.org/cookie-signature set size:21777 disposed:false
2176 silly fetch manifest http-errors@~1.6.2
2177 silly packumentCache full:https://registry.npmjs.org/http-errors cache-miss
2178 http fetch GET 200 https://registry.npmjs.org/merge-descriptors 26ms (cache revalidated)
2179 silly packumentCache full:https://registry.npmjs.org/merge-descriptors set size:16527 disposed:false
2180 silly fetch manifest faye-websocket@^0.11.3
2181 silly packumentCache full:https://registry.npmjs.org/faye-websocket cache-miss
2182 http fetch GET 200 https://registry.npmjs.org/batch 21ms (cache revalidated)
2183 silly packumentCache full:https://registry.npmjs.org/batch set size:18505 disposed:false
2184 silly fetch manifest uuid@^8.3.2
2185 silly packumentCache full:https://registry.npmjs.org/uuid cache-miss
2186 http fetch GET 200 https://registry.npmjs.org/node-forge 27ms (cache revalidated)
2187 silly packumentCache full:https://registry.npmjs.org/node-forge set size:391006 disposed:false
2188 silly fetch manifest websocket-driver@^0.7.4
2189 silly packumentCache full:https://registry.npmjs.org/websocket-driver cache-miss
2190 http fetch GET 200 https://registry.npmjs.org/@types%2fretry 30ms (cache revalidated)
2191 silly packumentCache full:https://registry.npmjs.org/@types%2fretry set size:17008 disposed:false
2192 silly fetch manifest handle-thing@^2.0.0
2193 silly packumentCache full:https://registry.npmjs.org/handle-thing cache-miss
2194 http fetch GET 200 https://registry.npmjs.org/http-errors 22ms (cache revalidated)
2195 silly packumentCache full:https://registry.npmjs.org/http-errors set size:71987 disposed:false
2196 silly fetch manifest http-deceiver@^1.2.7
2197 silly packumentCache full:https://registry.npmjs.org/http-deceiver cache-miss
2198 http fetch GET 200 https://registry.npmjs.org/faye-websocket 24ms (cache revalidated)
2199 silly packumentCache full:https://registry.npmjs.org/faye-websocket set size:45682 disposed:false
2200 silly fetch manifest select-hose@^2.0.0
2201 silly packumentCache full:https://registry.npmjs.org/select-hose cache-miss
2202 http fetch GET 200 https://registry.npmjs.org/uuid 24ms (cache revalidated)
2203 silly packumentCache full:https://registry.npmjs.org/uuid set size:224608 disposed:false
2204 silly fetch manifest spdy-transport@^3.0.0
2205 silly packumentCache full:https://registry.npmjs.org/spdy-transport cache-miss
2206 http fetch GET 200 https://registry.npmjs.org/websocket-driver 28ms (cache revalidated)
2207 silly packumentCache full:https://registry.npmjs.org/websocket-driver set size:55869 disposed:false
2208 http fetch GET 200 https://registry.npmjs.org/http-deceiver 20ms (cache revalidated)
2209 silly packumentCache full:https://registry.npmjs.org/http-deceiver set size:16525 disposed:false
2210 http fetch GET 200 https://registry.npmjs.org/select-hose 18ms (cache revalidated)
2211 silly packumentCache full:https://registry.npmjs.org/select-hose set size:5125 disposed:false
2212 http fetch GET 200 https://registry.npmjs.org/spdy-transport 26ms (cache revalidated)
2213 silly packumentCache full:https://registry.npmjs.org/spdy-transport set size:89673 disposed:false
2214 http fetch GET 200 https://registry.npmjs.org/send 240ms (cache revalidated)
2215 silly packumentCache full:https://registry.npmjs.org/send set size:152810 disposed:false
2216 http fetch GET 200 https://registry.npmjs.org/@types%2fhttp-errors 270ms (cache revalidated)
2217 silly packumentCache full:https://registry.npmjs.org/@types%2fhttp-errors set size:48994 disposed:false
2218 http fetch GET 200 https://registry.npmjs.org/is-plain-obj 240ms (cache revalidated)
2219 silly packumentCache full:https://registry.npmjs.org/is-plain-obj set size:17899 disposed:false
2220 http fetch GET 200 https://registry.npmjs.org/@types%2fhttp-proxy 245ms (cache revalidated)
2221 silly packumentCache full:https://registry.npmjs.org/@types%2fhttp-proxy set size:58652 disposed:false
2222 http fetch GET 200 https://registry.npmjs.org/@types%2fnode-forge 247ms (cache revalidated)
2223 silly packumentCache full:https://registry.npmjs.org/@types%2fnode-forge set size:228988 disposed:false
2224 http fetch GET 200 https://registry.npmjs.org/content-disposition 258ms (cache revalidated)
2225 silly packumentCache full:https://registry.npmjs.org/content-disposition set size:34469 disposed:false
2226 http fetch GET 200 https://registry.npmjs.org/handle-thing 253ms (cache revalidated)
2227 silly packumentCache full:https://registry.npmjs.org/handle-thing set size:20817 disposed:false
2228 silly placeDep ROOT @types/express-serve-static-core@5.1.1 OK for: @types/connect-history-api-fallback@1.5.4 want: *
2229 silly fetch manifest @types/send@*
2230 silly packumentCache full:https://registry.npmjs.org/@types%2fsend cache-hit
2231 silly fetch manifest @types/range-parser@*
2232 silly packumentCache full:https://registry.npmjs.org/@types%2frange-parser cache-miss
2233 http fetch GET 200 https://registry.npmjs.org/@types%2frange-parser 36ms (cache revalidated)
2234 silly packumentCache full:https://registry.npmjs.org/@types%2frange-parser set size:15278 disposed:false
2235 silly placeDep ROOT @types/body-parser@1.19.6 OK for: @types/express@4.17.25 want: *
2236 silly placeDep node_modules/@types/express @types/express-serve-static-core@4.19.8 OK for: @types/express@4.17.25 want: ^4.17.33
2237 silly placeDep ROOT @types/qs@6.14.0 OK for: @types/express@4.17.25 want: *
2238 silly fetch manifest @types/connect@*
2239 silly packumentCache full:https://registry.npmjs.org/@types%2fconnect cache-miss
2240 http fetch GET 200 https://registry.npmjs.org/@types%2fconnect 256ms (cache revalidated)
2241 silly packumentCache full:https://registry.npmjs.org/@types%2fconnect set size:31512 disposed:false
2242 silly placeDep ROOT @types/connect@3.4.38 OK for: @types/body-parser@1.19.6 want: *
2243 silly placeDep ROOT @types/range-parser@1.2.7 OK for: @types/express-serve-static-core@5.1.1 want: *
2244 silly placeDep ROOT @types/send@1.2.1 OK for: @types/express-serve-static-core@5.1.1 want: *
2245 silly placeDep ROOT @types/http-errors@2.0.5 OK for: @types/serve-static@1.15.10 want: *
2246 silly placeDep node_modules/@types/serve-static @types/send@0.17.6 OK for: @types/serve-static@1.15.10 want: <1
2247 silly fetch manifest @types/mime@^1
2248 silly packumentCache full:https://registry.npmjs.org/@types%2fmime cache-miss
2249 http fetch GET 200 https://registry.npmjs.org/@types%2fmime 30ms (cache revalidated)
2250 silly packumentCache full:https://registry.npmjs.org/@types%2fmime set size:43242 disposed:false
2251 silly placeDep ROOT multicast-dns@7.2.5 OK for: bonjour-service@1.3.0 want: ^7.2.5
2252 silly fetch manifest dns-packet@^5.2.2
2253 silly packumentCache full:https://registry.npmjs.org/dns-packet cache-miss
2254 silly fetch manifest thunky@^1.0.2
2255 silly packumentCache full:https://registry.npmjs.org/thunky cache-miss
2256 http fetch GET 200 https://registry.npmjs.org/thunky 23ms (cache revalidated)
2257 silly packumentCache full:https://registry.npmjs.org/thunky set size:14018 disposed:false
2258 http fetch GET 200 https://registry.npmjs.org/dns-packet 28ms (cache revalidated)
2259 silly packumentCache full:https://registry.npmjs.org/dns-packet set size:96184 disposed:false
2260 silly placeDep ROOT compressible@2.0.18 OK for: compression@1.8.1 want: ~2.0.18
2261 silly placeDep node_modules/compression debug@2.6.9 OK for: compression@1.8.1 want: 2.6.9
2262 silly placeDep ROOT on-headers@1.1.0 OK for: compression@1.8.1 want: ~1.1.0
2263 silly fetch manifest ms@2.0.0
2264 silly packumentCache full:https://registry.npmjs.org/ms cache-miss
2265 http fetch GET 200 https://registry.npmjs.org/ms 2ms (cache hit)
2266 silly packumentCache full:https://registry.npmjs.org/ms set size:92208 disposed:false
2267 silly placeDep ROOT execa@5.1.1 OK for: default-gateway@6.0.3 want: ^5.0.0
2268 silly fetch manifest is-stream@^2.0.0
2269 silly packumentCache full:https://registry.npmjs.org/is-stream cache-miss
2270 silly fetch manifest get-stream@^6.0.0
2271 silly packumentCache full:https://registry.npmjs.org/get-stream cache-miss
2272 silly fetch manifest cross-spawn@^7.0.3
2273 silly packumentCache full:https://registry.npmjs.org/cross-spawn cache-miss
2274 silly fetch manifest npm-run-path@^4.0.1
2275 silly packumentCache full:https://registry.npmjs.org/npm-run-path cache-miss
2276 silly fetch manifest human-signals@^2.1.0
2277 silly packumentCache full:https://registry.npmjs.org/human-signals cache-miss
2278 silly fetch manifest strip-final-newline@^2.0.0
2279 silly packumentCache full:https://registry.npmjs.org/strip-final-newline cache-miss
2280 http fetch GET 200 https://registry.npmjs.org/cross-spawn 7ms (cache hit)
2281 silly packumentCache full:https://registry.npmjs.org/cross-spawn set size:109066 disposed:false
2282 http fetch GET 200 https://registry.npmjs.org/human-signals 24ms (cache revalidated)
2283 silly packumentCache full:https://registry.npmjs.org/human-signals set size:47322 disposed:false
2284 http fetch GET 200 https://registry.npmjs.org/strip-final-newline 32ms (cache revalidated)
2285 silly packumentCache full:https://registry.npmjs.org/strip-final-newline set size:9328 disposed:false
2286 http fetch GET 200 https://registry.npmjs.org/get-stream 35ms (cache revalidated)
2287 silly packumentCache full:https://registry.npmjs.org/get-stream set size:57536 disposed:false
2288 http fetch GET 200 https://registry.npmjs.org/npm-run-path 251ms (cache revalidated)
2289 silly packumentCache full:https://registry.npmjs.org/npm-run-path set size:33596 disposed:false
2290 http fetch GET 200 https://registry.npmjs.org/is-stream 264ms (cache revalidated)
2291 silly packumentCache full:https://registry.npmjs.org/is-stream set size:18582 disposed:false
2292 silly placeDep ROOT cross-spawn@7.0.6 OK for: execa@5.1.1 want: ^7.0.3
2293 silly placeDep ROOT get-stream@6.0.1 OK for: execa@5.1.1 want: ^6.0.0
2294 silly placeDep ROOT human-signals@2.1.0 OK for: execa@5.1.1 want: ^2.1.0
2295 silly placeDep ROOT is-stream@2.0.1 OK for: execa@5.1.1 want: ^2.0.0
2296 silly placeDep ROOT npm-run-path@4.0.1 OK for: execa@5.1.1 want: ^4.0.1
2297 silly placeDep ROOT strip-final-newline@2.0.0 OK for: execa@5.1.1 want: ^2.0.0
2298 silly fetch manifest which@^2.0.1
2299 silly packumentCache full:https://registry.npmjs.org/which cache-hit
2300 silly fetch manifest path-key@^3.1.0
2301 silly packumentCache full:https://registry.npmjs.org/path-key cache-miss
2302 silly fetch manifest shebang-command@^2.0.0
2303 silly packumentCache full:https://registry.npmjs.org/shebang-command cache-miss
2304 silly fetch manifest path-key@^3.0.0
2305 silly packumentCache full:https://registry.npmjs.org/path-key cache-miss
2306 http fetch GET 200 https://registry.npmjs.org/path-key 2ms (cache hit)
2307 silly packumentCache full:https://registry.npmjs.org/path-key set size:16975 disposed:false
2308 http fetch GET 200 https://registry.npmjs.org/path-key 3ms (cache hit)
2309 silly packumentCache full:https://registry.npmjs.org/path-key set size:16975 disposed:false
2310 silly packumentCache full:https://registry.npmjs.org/path-key dispose
2311 http fetch GET 200 https://registry.npmjs.org/shebang-command 3ms (cache hit)
2312 silly packumentCache full:https://registry.npmjs.org/shebang-command set size:8525 disposed:false
2313 silly placeDep ROOT path-key@3.1.1 OK for: cross-spawn@7.0.6 want: ^3.1.0
2314 silly placeDep ROOT shebang-command@2.0.0 OK for: cross-spawn@7.0.6 want: ^2.0.0
2315 silly placeDep node_modules/cross-spawn which@2.0.2 OK for: cross-spawn@7.0.6 want: ^2.0.1
2316 silly fetch manifest shebang-regex@^3.0.0
2317 silly packumentCache full:https://registry.npmjs.org/shebang-regex cache-miss
2318 http fetch GET 200 https://registry.npmjs.org/shebang-regex 1ms (cache hit)
2319 silly packumentCache full:https://registry.npmjs.org/shebang-regex set size:9763 disposed:false
2320 silly placeDep ROOT array-flatten@1.1.1 OK for: express@4.22.1 want: 1.1.1
2321 silly placeDep ROOT content-disposition@0.5.4 OK for: express@4.22.1 want: ~0.5.4
2322 silly placeDep ROOT cookie-signature@1.0.7 OK for: express@4.22.1 want: ~1.0.6
2323 silly placeDep node_modules/express debug@2.6.9 OK for: express@4.22.1 want: 2.6.9
2324 silly placeDep node_modules/express encodeurl@2.0.0 OK for: express@4.22.1 want: ~2.0.0
2325 silly placeDep ROOT etag@1.8.1 OK for: express@4.22.1 want: ~1.8.1
2326 silly placeDep node_modules/express finalhandler@1.3.2 OK for: express@4.22.1 want: ~1.3.1
2327 silly placeDep ROOT fresh@0.5.2 OK for: express@4.22.1 want: ~0.5.2
2328 silly placeDep ROOT merge-descriptors@1.0.3 OK for: express@4.22.1 want: 1.0.3
2329 silly placeDep ROOT methods@1.1.2 OK for: express@4.22.1 want: ~1.1.2
2330 silly placeDep ROOT path-to-regexp@0.1.12 OK for: express@4.22.1 want: ~0.1.12
2331 silly placeDep ROOT proxy-addr@2.0.7 OK for: express@4.22.1 want: ~2.0.7
2332 silly placeDep ROOT send@0.19.2 OK for: express@4.22.1 want: ~0.19.0
2333 silly placeDep ROOT serve-static@1.16.3 OK for: express@4.22.1 want: ~1.16.2
2334 silly placeDep node_modules/express statuses@2.0.2 OK for: express@4.22.1 want: ~2.0.1
2335 silly fetch manifest statuses@~2.0.2
2336 silly packumentCache full:https://registry.npmjs.org/statuses cache-hit
2337 silly fetch manifest forwarded@0.2.0
2338 silly packumentCache full:https://registry.npmjs.org/forwarded cache-miss
2339 silly fetch manifest ipaddr.js@1.9.1
2340 silly packumentCache full:https://registry.npmjs.org/ipaddr.js cache-hit
2341 silly fetch manifest ms@2.1.3
2342 silly packumentCache full:https://registry.npmjs.org/ms cache-hit
2343 silly fetch manifest mime@1.6.0
2344 silly packumentCache full:https://registry.npmjs.org/mime cache-hit
2345 silly fetch manifest statuses@~2.0.2
2346 silly packumentCache full:https://registry.npmjs.org/statuses cache-hit
2347 http fetch GET 200 https://registry.npmjs.org/forwarded 22ms (cache revalidated)
2348 silly packumentCache full:https://registry.npmjs.org/forwarded set size:11229 disposed:false
2349 silly placeDep ROOT @types/http-proxy@1.17.17 OK for: http-proxy-middleware@2.0.9 want: ^1.17.8
2350 silly placeDep ROOT is-plain-obj@3.0.0 OK for: http-proxy-middleware@2.0.9 want: ^3.0.0
2351 silly placeDep ROOT dns-packet@5.6.1 OK for: multicast-dns@7.2.5 want: ^5.2.2
2352 silly placeDep ROOT thunky@1.1.0 OK for: multicast-dns@7.2.5 want: ^1.0.2
2353 silly fetch manifest @leichtgewicht/ip-codec@^2.0.1
2354 silly packumentCache full:https://registry.npmjs.org/@leichtgewicht%2fip-codec cache-miss
2355 http fetch GET 200 https://registry.npmjs.org/@leichtgewicht%2fip-codec 330ms (cache revalidated)
2356 silly packumentCache full:https://registry.npmjs.org/@leichtgewicht%2fip-codec set size:20495 disposed:false
2357 silly placeDep ROOT @leichtgewicht/ip-codec@2.0.5 OK for: dns-packet@5.6.1 want: ^2.0.1
2358 silly placeDep ROOT @types/retry@0.12.0 OK for: p-retry@4.6.2 want: 0.12.0
2359 silly placeDep node_modules/p-retry retry@0.13.1 OK for: p-retry@4.6.2 want: ^0.13.1
2360 silly placeDep ROOT forwarded@0.2.0 OK for: proxy-addr@2.0.7 want: 0.2.0
2361 silly placeDep node_modules/proxy-addr ipaddr.js@1.9.1 OK for: proxy-addr@2.0.7 want: 1.9.1
2362 silly placeDep ROOT @types/node-forge@1.3.14 OK for: selfsigned@2.4.1 want: ^1.3.0
2363 silly placeDep ROOT node-forge@1.3.3 OK for: selfsigned@2.4.1 want: ^1
2364 silly placeDep node_modules/send debug@2.6.9 OK for: send@0.19.2 want: 2.6.9
2365 silly placeDep node_modules/send encodeurl@2.0.0 OK for: send@0.19.2 want: ~2.0.0
2366 silly placeDep node_modules/send mime@1.6.0 OK for: send@0.19.2 want: 1.6.0
2367 silly placeDep node_modules/send ms@2.1.3 OK for: send@0.19.2 want: 2.1.3
2368 silly placeDep node_modules/send statuses@2.0.2 OK for: send@0.19.2 want: ~2.0.2
2369 silly placeDep ROOT batch@0.6.1 OK for: serve-index@1.9.1 want: 0.6.1
2370 silly placeDep node_modules/serve-index debug@2.6.9 OK for: serve-index@1.9.1 want: 2.6.9
2371 silly placeDep node_modules/serve-index http-errors@1.6.3 OK for: serve-index@1.9.1 want: ~1.6.2
2372 silly fetch manifest depd@~1.1.2
2373 silly packumentCache full:https://registry.npmjs.org/depd cache-miss
2374 silly fetch manifest inherits@2.0.3
2375 silly packumentCache full:https://registry.npmjs.org/inherits cache-miss
2376 silly fetch manifest setprototypeof@1.1.0
2377 silly packumentCache full:https://registry.npmjs.org/setprototypeof cache-miss
2378 http fetch GET 200 https://registry.npmjs.org/inherits 2ms (cache hit)
2379 silly packumentCache full:https://registry.npmjs.org/inherits set size:12925 disposed:false
2380 http fetch GET 200 https://registry.npmjs.org/depd 22ms (cache revalidated)
2381 silly packumentCache full:https://registry.npmjs.org/depd set size:40182 disposed:false
2382 http fetch GET 200 https://registry.npmjs.org/setprototypeof 26ms (cache revalidated)
2383 silly packumentCache full:https://registry.npmjs.org/setprototypeof set size:14532 disposed:false
2384 silly placeDep node_modules/serve-static encodeurl@2.0.0 OK for: serve-static@1.16.3 want: ~2.0.0
2385 silly placeDep ROOT shebang-regex@3.0.0 OK for: shebang-command@2.0.0 want: ^3.0.0
2386 silly placeDep ROOT faye-websocket@0.11.4 OK for: sockjs@0.3.24 want: ^0.11.3
2387 silly placeDep ROOT uuid@8.3.2 OK for: sockjs@0.3.24 want: ^8.3.2
2388 silly placeDep ROOT websocket-driver@0.7.4 OK for: sockjs@0.3.24 want: ^0.7.4
2389 silly fetch manifest websocket-driver@>=0.5.1
2390 silly packumentCache full:https://registry.npmjs.org/websocket-driver cache-hit
2391 silly fetch manifest http-parser-js@>=0.5.1
2392 silly packumentCache full:https://registry.npmjs.org/http-parser-js cache-miss
2393 silly fetch manifest websocket-extensions@>=0.1.1
2394 silly packumentCache full:https://registry.npmjs.org/websocket-extensions cache-miss
2395 http fetch GET 200 https://registry.npmjs.org/http-parser-js 237ms (cache revalidated)
2396 silly packumentCache full:https://registry.npmjs.org/http-parser-js set size:68161 disposed:false
2397 http fetch GET 200 https://registry.npmjs.org/websocket-extensions 240ms (cache revalidated)
2398 silly packumentCache full:https://registry.npmjs.org/websocket-extensions set size:22792 disposed:false
2399 silly placeDep ROOT handle-thing@2.0.1 OK for: spdy@4.0.2 want: ^2.0.0
2400 silly placeDep ROOT http-deceiver@1.2.7 OK for: spdy@4.0.2 want: ^1.2.7
2401 silly placeDep ROOT select-hose@2.0.0 OK for: spdy@4.0.2 want: ^2.0.0
2402 silly placeDep ROOT spdy-transport@3.0.0 OK for: spdy@4.0.2 want: ^3.0.0
2403 silly fetch manifest detect-node@^2.0.4
2404 silly packumentCache full:https://registry.npmjs.org/detect-node cache-miss
2405 silly fetch manifest hpack.js@^2.1.6
2406 silly packumentCache full:https://registry.npmjs.org/hpack.js cache-miss
2407 silly fetch manifest obuf@^1.1.2
2408 silly packumentCache full:https://registry.npmjs.org/obuf cache-miss
2409 silly fetch manifest wbuf@^1.7.3
2410 silly packumentCache full:https://registry.npmjs.org/wbuf cache-miss
2411 http fetch GET 200 https://registry.npmjs.org/hpack.js 23ms (cache revalidated)
2412 silly packumentCache full:https://registry.npmjs.org/hpack.js set size:15353 disposed:false
2413 http fetch GET 200 https://registry.npmjs.org/obuf 25ms (cache revalidated)
2414 silly packumentCache full:https://registry.npmjs.org/obuf set size:14024 disposed:false
2415 http fetch GET 200 https://registry.npmjs.org/wbuf 24ms (cache revalidated)
2416 silly packumentCache full:https://registry.npmjs.org/wbuf set size:20540 disposed:false
2417 http fetch GET 200 https://registry.npmjs.org/detect-node 25ms (cache revalidated)
2418 silly packumentCache full:https://registry.npmjs.org/detect-node set size:14548 disposed:false
2419 silly placeDep ROOT detect-node@2.1.0 OK for: spdy-transport@3.0.0 want: ^2.0.4
2420 silly placeDep ROOT hpack.js@2.1.6 OK for: spdy-transport@3.0.0 want: ^2.1.6
2421 silly placeDep ROOT obuf@1.1.2 OK for: spdy-transport@3.0.0 want: ^1.1.2
2422 silly placeDep ROOT wbuf@1.7.3 OK for: spdy-transport@3.0.0 want: ^1.7.3
2423 silly fetch manifest obuf@^1.0.0
2424 silly packumentCache full:https://registry.npmjs.org/obuf cache-hit
2425 silly fetch manifest readable-stream@^2.0.1
2426 silly packumentCache full:https://registry.npmjs.org/readable-stream cache-miss
2427 silly fetch manifest wbuf@^1.1.0
2428 silly packumentCache full:https://registry.npmjs.org/wbuf cache-hit
2429 silly fetch manifest minimalistic-assert@^1.0.0
2430 silly packumentCache full:https://registry.npmjs.org/minimalistic-assert cache-miss
2431 http fetch GET 200 https://registry.npmjs.org/readable-stream 2ms (cache hit)
2432 silly packumentCache full:https://registry.npmjs.org/readable-stream set size:261096 disposed:false
2433 http fetch GET 200 https://registry.npmjs.org/minimalistic-assert 37ms (cache revalidated)
2434 silly packumentCache full:https://registry.npmjs.org/minimalistic-assert set size:3465 disposed:false
2435 silly placeDep node_modules/hpack.js readable-stream@2.3.8 OK for: hpack.js@2.1.6 want: ^2.0.1
2436 silly fetch manifest isarray@~1.0.0
2437 silly packumentCache full:https://registry.npmjs.org/isarray cache-miss
2438 silly fetch manifest safe-buffer@~5.1.1
2439 silly packumentCache full:https://registry.npmjs.org/safe-buffer cache-miss
2440 silly fetch manifest core-util-is@~1.0.0
2441 silly packumentCache full:https://registry.npmjs.org/core-util-is cache-miss
2442 silly fetch manifest string_decoder@~1.1.1
2443 silly packumentCache full:https://registry.npmjs.org/string_decoder cache-miss
2444 silly fetch manifest process-nextick-args@~2.0.0
2445 silly packumentCache full:https://registry.npmjs.org/process-nextick-args cache-miss
2446 http fetch GET 200 https://registry.npmjs.org/string_decoder 4ms (cache hit)
2447 silly packumentCache full:https://registry.npmjs.org/string_decoder set size:28441 disposed:false
2448 http fetch GET 200 https://registry.npmjs.org/safe-buffer 5ms (cache hit)
2449 silly packumentCache full:https://registry.npmjs.org/safe-buffer set size:41183 disposed:false
2450 http fetch GET 200 https://registry.npmjs.org/process-nextick-args 26ms (cache revalidated)
2451 silly packumentCache full:https://registry.npmjs.org/process-nextick-args set size:15428 disposed:false
2452 http fetch GET 200 https://registry.npmjs.org/isarray 30ms (cache revalidated)
2453 silly packumentCache full:https://registry.npmjs.org/isarray set size:17392 disposed:false
2454 http fetch GET 200 https://registry.npmjs.org/core-util-is 32ms (cache revalidated)
2455 silly packumentCache full:https://registry.npmjs.org/core-util-is set size:7163 disposed:false
2456 silly placeDep ROOT minimalistic-assert@1.0.1 OK for: wbuf@1.7.3 want: ^1.0.0
2457 silly placeDep ROOT http-parser-js@0.5.10 OK for: websocket-driver@0.7.4 want: >=0.5.1
2458 silly placeDep ROOT websocket-extensions@0.1.4 OK for: websocket-driver@0.7.4 want: >=0.1.1
2459 silly placeDep node_modules/yargs cliui@8.0.1 OK for: yargs@17.6.2 want: ^8.0.1
2460 silly placeDep node_modules/@angular-devkit/architect tslib@1.14.1 OK for: rxjs@6.6.7 want: ^1.9.0
2461 silly placeDep node_modules/@angular-devkit/build-angular/node_modules/@babel/core semver@6.3.1 OK for: @babel/core@7.20.12 want: ^6.3.0
2462 silly placeDep node_modules/@angular-devkit/build-webpack tslib@1.14.1 OK for: rxjs@6.6.7 want: ^1.9.0
2463 silly placeDep node_modules/@angular-devkit/core tslib@1.14.1 OK for: rxjs@6.6.7 want: ^1.9.0
2464 silly placeDep node_modules/@angular-devkit/schematics tslib@1.14.1 OK for: rxjs@6.6.7 want: ^1.9.0
2465 silly placeDep node_modules/@sigstore/sign lru-cache@7.18.3 OK for: make-fetch-happen@11.1.1 want: ^7.7.1
2466 silly placeDep node_modules/@sigstore/sign minipass@5.0.0 OK for: make-fetch-happen@11.1.1 want: ^5.0.0
2467 silly placeDep node_modules/@sigstore/sign minipass-fetch@3.0.5 OK for: make-fetch-happen@11.1.1 want: ^3.0.0
2468 silly placeDep node_modules/@sigstore/sign/node_modules/minipass-fetch minipass@7.1.2 OK for: minipass-fetch@3.0.5 want: ^7.0.3
2469 silly placeDep ROOT @types/mime@1.3.5 OK for: @types/send@0.17.6 want: ^1
2470 silly placeDep node_modules/compression ms@2.0.0 OK for: debug@2.6.9 want: 2.0.0
2471 silly placeDep node_modules/express ms@2.0.0 OK for: debug@2.6.9 want: 2.0.0
2472 silly placeDep ROOT core-util-is@1.0.3 OK for: readable-stream@2.3.8 want: ~1.0.0
2473 silly placeDep ROOT isarray@1.0.0 OK for: readable-stream@2.3.8 want: ~1.0.0
2474 silly placeDep ROOT process-nextick-args@2.0.1 OK for: readable-stream@2.3.8 want: ~2.0.0
2475 silly placeDep node_modules/hpack.js safe-buffer@5.1.2 OK for: readable-stream@2.3.8 want: ~5.1.1
2476 silly placeDep node_modules/hpack.js string_decoder@1.1.1 OK for: readable-stream@2.3.8 want: ~1.1.1
2477 silly placeDep ROOT pify@4.0.1 OK for: make-dir@2.1.0 want: ^4.0.1
2478 silly placeDep node_modules/less semver@5.7.2 OK for: make-dir@2.1.0 want: ^5.6.0
2479 silly placeDep node_modules/make-fetch-happen @npmcli/fs@2.1.2 OK for: cacache@16.1.3 want: ^2.1.0
2480 silly placeDep ROOT @npmcli/move-file@2.0.1 OK for: cacache@16.1.3 want: ^2.0.0
2481 silly placeDep node_modules/make-fetch-happen fs-minipass@2.1.0 OK for: cacache@16.1.3 want: ^2.1.0
2482 silly placeDep ROOT infer-owner@1.0.4 OK for: cacache@16.1.3 want: ^1.0.4
2483 silly placeDep node_modules/make-fetch-happen unique-filename@2.0.1 OK for: cacache@16.1.3 want: ^2.0.0
2484 silly fetch manifest @gar/promisify@^1.1.3
2485 silly packumentCache full:https://registry.npmjs.org/@gar%2fpromisify cache-miss
2486 silly fetch manifest unique-slug@^3.0.0
2487 silly packumentCache full:https://registry.npmjs.org/unique-slug cache-hit
2488 http fetch GET 200 https://registry.npmjs.org/@gar%2fpromisify 2ms (cache hit)
2489 silly packumentCache full:https://registry.npmjs.org/@gar%2fpromisify set size:17368 disposed:false
2490 silly placeDep ROOT @gar/promisify@1.1.3 OK for: @npmcli/fs@2.1.2 want: ^1.1.3
2491 silly placeDep node_modules/make-fetch-happen yallist@4.0.0 OK for: minipass@3.3.6 want: ^4.0.0
2492 silly placeDep node_modules/make-fetch-happen unique-slug@3.0.0 OK for: unique-filename@2.0.1 want: ^3.0.0
2493 silly placeDep node_modules/minipass-collect yallist@4.0.0 OK for: minipass@3.3.6 want: ^4.0.0
2494 silly placeDep node_modules/minipass-fetch yallist@4.0.0 OK for: minipass@3.3.6 want: ^4.0.0
2495 silly placeDep node_modules/minipass-flush yallist@4.0.0 OK for: minipass@3.3.6 want: ^4.0.0
2496 silly placeDep node_modules/minipass-json-stream yallist@4.0.0 OK for: minipass@3.3.6 want: ^4.0.0
2497 silly placeDep node_modules/minipass-pipeline yallist@4.0.0 OK for: minipass@3.3.6 want: ^4.0.0
2498 silly placeDep node_modules/minipass-sized yallist@4.0.0 OK for: minipass@3.3.6 want: ^4.0.0
2499 silly placeDep node_modules/node-gyp minimatch@3.1.2 OK for: glob@7.2.3 want: ^3.1.1
2500 silly fetch manifest brace-expansion@^1.1.7
2501 silly packumentCache full:https://registry.npmjs.org/brace-expansion cache-hit
2502 silly placeDep node_modules/node-gyp brace-expansion@1.1.12 OK for: minimatch@3.1.2 want: ^1.1.7
2503 silly placeDep node_modules/npm-registry-fetch lru-cache@7.18.3 OK for: make-fetch-happen@11.1.1 want: ^7.7.1
2504 silly placeDep node_modules/npm-registry-fetch/node_modules/minipass-fetch minipass@7.1.2 OK for: minipass-fetch@3.0.5 want: ^7.0.3
2505 silly placeDep node_modules/parse5-html-rewriting-stream/node_modules/parse5 entities@6.0.1 OK for: parse5@7.3.0 want: ^6.0.0
2506 silly placeDep node_modules/parse5-sax-parser entities@6.0.1 OK for: parse5@7.3.0 want: ^6.0.0
2507 silly placeDep ROOT foreground-child@3.3.1 OK for: glob@10.5.0 want: ^3.1.0
2508 silly placeDep ROOT jackspeak@3.4.3 OK for: glob@10.5.0 want: ^3.1.2
2509 silly placeDep node_modules/read-package-json minimatch@9.0.5 OK for: glob@10.5.0 want: ^9.0.4
2510 silly placeDep node_modules/read-package-json minipass@7.1.2 OK for: glob@10.5.0 want: ^7.1.2
2511 silly placeDep ROOT package-json-from-dist@1.0.1 OK for: glob@10.5.0 want: ^1.0.0
2512 silly placeDep ROOT path-scurry@1.11.1 OK for: glob@10.5.0 want: ^1.11.1
2513 silly fetch manifest signal-exit@^4.0.1
2514 silly packumentCache full:https://registry.npmjs.org/signal-exit cache-miss
2515 silly fetch manifest @isaacs/cliui@^8.0.2
2516 silly packumentCache full:https://registry.npmjs.org/@isaacs%2fcliui cache-miss
2517 silly fetch manifest @pkgjs/parseargs@^0.11.0
2518 silly packumentCache full:https://registry.npmjs.org/@pkgjs%2fparseargs cache-miss
2519 silly fetch manifest minipass@^5.0.0 || ^6.0.2 || ^7.0.0
2520 silly packumentCache full:https://registry.npmjs.org/minipass cache-hit
2521 silly fetch manifest lru-cache@^10.2.0
2522 silly packumentCache full:https://registry.npmjs.org/lru-cache cache-hit
2523 http fetch GET 200 https://registry.npmjs.org/@isaacs%2fcliui 4ms (cache hit)
2524 silly packumentCache full:https://registry.npmjs.org/@isaacs%2fcliui set size:7676 disposed:false
2525 http fetch GET 200 https://registry.npmjs.org/signal-exit 5ms (cache hit)
2526 silly packumentCache full:https://registry.npmjs.org/signal-exit set size:53489 disposed:false
2527 http fetch GET 200 https://registry.npmjs.org/@pkgjs%2fparseargs 3ms (cache hit)
2528 silly packumentCache full:https://registry.npmjs.org/@pkgjs%2fparseargs set size:51085 disposed:false
2529 silly placeDep node_modules/foreground-child signal-exit@4.1.0 OK for: foreground-child@3.3.1 want: ^4.0.1
2530 silly placeDep ROOT @isaacs/cliui@8.0.2 OK for: jackspeak@3.4.3 want: ^8.0.2
2531 silly placeDep ROOT @pkgjs/parseargs@0.11.0 OK for: jackspeak@3.4.3 want: ^0.11.0
2532 silly fetch manifest string-width@^5.1.2
2533 silly packumentCache full:https://registry.npmjs.org/string-width cache-miss
2534 silly fetch manifest string-width-cjs@npm:string-width@^4.2.0
2535 silly packumentCache full:https://registry.npmjs.org/string-width cache-miss
2536 silly fetch manifest strip-ansi@^7.0.1
2537 silly packumentCache full:https://registry.npmjs.org/strip-ansi cache-miss
2538 silly fetch manifest strip-ansi-cjs@npm:strip-ansi@^6.0.1
2539 silly packumentCache full:https://registry.npmjs.org/strip-ansi cache-miss
2540 silly fetch manifest wrap-ansi@^8.1.0
2541 silly packumentCache full:https://registry.npmjs.org/wrap-ansi cache-miss
2542 silly fetch manifest wrap-ansi-cjs@npm:wrap-ansi@^7.0.0
2543 silly packumentCache full:https://registry.npmjs.org/wrap-ansi cache-miss
2544 http fetch GET 200 https://registry.npmjs.org/string-width 3ms (cache hit)
2545 silly packumentCache full:https://registry.npmjs.org/string-width set size:64158 disposed:false
2546 http fetch GET 200 https://registry.npmjs.org/string-width 4ms (cache hit)
2547 silly packumentCache full:https://registry.npmjs.org/string-width set size:64158 disposed:false
2548 silly packumentCache full:https://registry.npmjs.org/string-width dispose
2549 http fetch GET 200 https://registry.npmjs.org/strip-ansi 4ms (cache hit)
2550 silly packumentCache full:https://registry.npmjs.org/strip-ansi set size:41855 disposed:false
2551 http fetch GET 200 https://registry.npmjs.org/strip-ansi 4ms (cache hit)
2552 silly packumentCache full:https://registry.npmjs.org/strip-ansi set size:41855 disposed:false
2553 silly packumentCache full:https://registry.npmjs.org/strip-ansi dispose
2554 http fetch GET 200 https://registry.npmjs.org/wrap-ansi 4ms (cache hit)
2555 silly packumentCache full:https://registry.npmjs.org/wrap-ansi set size:51195 disposed:false
2556 http fetch GET 200 https://registry.npmjs.org/wrap-ansi 5ms (cache hit)
2557 silly packumentCache full:https://registry.npmjs.org/wrap-ansi set size:51195 disposed:false
2558 silly packumentCache full:https://registry.npmjs.org/wrap-ansi dispose
2559 silly placeDep node_modules/@isaacs/cliui string-width@5.1.2 OK for: @isaacs/cliui@8.0.2 want: ^5.1.2
2560 silly placeDep ROOT string-width-cjs@4.2.3 OK for: @isaacs/cliui@8.0.2 want: npm:string-width@^4.2.0
2561 silly placeDep node_modules/@isaacs/cliui strip-ansi@7.1.2 OK for: @isaacs/cliui@8.0.2 want: ^7.0.1
2562 silly placeDep ROOT strip-ansi-cjs@6.0.1 OK for: @isaacs/cliui@8.0.2 want: npm:strip-ansi@^6.0.1
2563 silly placeDep node_modules/@isaacs/cliui wrap-ansi@8.1.0 OK for: @isaacs/cliui@8.0.2 want: ^8.1.0
2564 silly placeDep ROOT wrap-ansi-cjs@7.0.0 OK for: @isaacs/cliui@8.0.2 want: npm:wrap-ansi@^7.0.0
2565 silly fetch manifest emoji-regex@^9.2.2
2566 silly packumentCache full:https://registry.npmjs.org/emoji-regex cache-miss
2567 silly fetch manifest eastasianwidth@^0.2.0
2568 silly packumentCache full:https://registry.npmjs.org/eastasianwidth cache-miss
2569 silly fetch manifest ansi-regex@^6.0.1
2570 silly packumentCache full:https://registry.npmjs.org/ansi-regex cache-miss
2571 silly fetch manifest ansi-styles@^6.1.0
2572 silly packumentCache full:https://registry.npmjs.org/ansi-styles cache-miss
2573 http fetch GET 200 https://registry.npmjs.org/ansi-styles 3ms (cache hit)
2574 silly packumentCache full:https://registry.npmjs.org/ansi-styles set size:63233 disposed:false
2575 http fetch GET 200 https://registry.npmjs.org/emoji-regex 3ms (cache hit)
2576 silly packumentCache full:https://registry.npmjs.org/emoji-regex set size:89088 disposed:false
2577 http fetch GET 200 https://registry.npmjs.org/eastasianwidth 4ms (cache hit)
2578 silly packumentCache full:https://registry.npmjs.org/eastasianwidth set size:7890 disposed:false
2579 http fetch GET 200 https://registry.npmjs.org/ansi-regex 5ms (cache hit)
2580 silly packumentCache full:https://registry.npmjs.org/ansi-regex set size:43572 disposed:false
2581 silly placeDep node_modules/path-scurry lru-cache@10.4.3 OK for: path-scurry@1.11.1 want: ^10.2.0
2582 silly placeDep node_modules/path-scurry minipass@7.1.2 OK for: path-scurry@1.11.1 want: ^5.0.0 || ^6.0.2 || ^7.0.0
2583 silly placeDep ROOT eastasianwidth@0.2.0 OK for: string-width@5.1.2 want: ^0.2.0
2584 silly placeDep node_modules/@isaacs/cliui emoji-regex@9.2.2 OK for: string-width@5.1.2 want: ^9.2.2
2585 silly placeDep node_modules/@isaacs/cliui ansi-regex@6.2.2 OK for: strip-ansi@7.1.2 want: ^6.0.1
2586 silly placeDep node_modules/@isaacs/cliui ansi-styles@6.2.3 OK for: wrap-ansi@8.1.0 want: ^6.1.0
2587 silly placeDep node_modules/send/node_modules/debug ms@2.0.0 OK for: debug@2.6.9 want: 2.0.0
2588 silly placeDep node_modules/serve-index ms@2.0.0 OK for: debug@2.6.9 want: 2.0.0
2589 silly placeDep node_modules/serve-index depd@1.1.2 OK for: http-errors@1.6.3 want: ~1.1.2
2590 silly placeDep node_modules/serve-index inherits@2.0.3 OK for: http-errors@1.6.3 want: 2.0.3
2591 silly placeDep node_modules/serve-index setprototypeof@1.1.0 OK for: http-errors@1.6.3 want: 1.1.0
2592 silly placeDep node_modules/sigstore lru-cache@7.18.3 OK for: make-fetch-happen@11.1.1 want: ^7.7.1
2593 silly placeDep node_modules/sigstore minipass@5.0.0 OK for: make-fetch-happen@11.1.1 want: ^5.0.0
2594 silly placeDep node_modules/sigstore minipass-fetch@3.0.5 OK for: make-fetch-happen@11.1.1 want: ^3.0.0
2595 silly placeDep node_modules/sigstore/node_modules/minipass-fetch minipass@7.1.2 OK for: minipass-fetch@3.0.5 want: ^7.0.3
2596 silly placeDep node_modules/tar/node_modules/fs-minipass minipass@3.3.6 OK for: fs-minipass@2.1.0 want: ^3.0.0
2597 silly placeDep node_modules/tuf-js lru-cache@7.18.3 OK for: make-fetch-happen@11.1.1 want: ^7.7.1
2598 silly placeDep node_modules/tuf-js minipass@5.0.0 OK for: make-fetch-happen@11.1.1 want: ^5.0.0
2599 silly placeDep node_modules/tuf-js minipass-fetch@3.0.5 OK for: make-fetch-happen@11.1.1 want: ^3.0.0
2600 silly placeDep node_modules/tuf-js/node_modules/minipass-fetch minipass@7.1.2 OK for: minipass-fetch@3.0.5 want: ^7.0.3
2601 silly reify moves {}
2602 silly audit bulk request {
2602 silly audit   '@ampproject/remapping': [ '2.2.0' ],
2602 silly audit   rxjs: [ '7.5.7', '6.6.7' ],
2602 silly audit   tslib: [ '2.8.1', '1.14.1', '2.5.0' ],
2602 silly audit   '@assemblyscript/loader': [ '0.10.1' ],
2602 silly audit   '@babel/code-frame': [ '7.28.6' ],
2602 silly audit   '@babel/compat-data': [ '7.28.6' ],
2602 silly audit   '@babel/core': [ '7.20.12', '7.19.3' ],
2602 silly audit   semver: [ '6.3.1', '7.5.3', '5.7.2' ],
2602 silly audit   '@babel/generator': [ '7.28.6', '7.20.14' ],
2602 silly audit   '@jridgewell/gen-mapping': [ '0.3.13', '0.1.1' ],
2602 silly audit   '@babel/helper-compilation-targets': [ '7.28.6' ],
2602 silly audit   '@babel/helper-globals': [ '7.28.0' ],
2602 silly audit   '@babel/helper-module-imports': [ '7.28.6' ],
2602 silly audit   '@babel/helper-module-transforms': [ '7.28.6' ],
2602 silly audit   '@babel/helper-plugin-utils': [ '7.28.6' ],
2602 silly audit   '@babel/helper-string-parser': [ '7.27.1' ],
2602 silly audit   '@babel/helper-validator-identifier': [ '7.28.5' ],
2602 silly audit   '@babel/helper-validator-option': [ '7.27.1' ],
2602 silly audit   '@babel/template': [ '7.28.6', '7.20.7' ],
2602 silly audit   '@babel/helpers': [ '7.28.6' ],
2602 silly audit   '@babel/parser': [ '7.28.6' ],
2602 silly audit   '@babel/traverse': [ '7.28.6' ],
2602 silly audit   jsesc: [ '3.1.0', '2.5.2' ],
2602 silly audit   '@babel/types': [ '7.28.6' ],
2602 silly audit   '@colors/colors': [ '1.5.0' ],
2602 silly audit   '@discoveryjs/json-ext': [ '0.5.7' ],
2602 silly audit   '@istanbuljs/load-nyc-config': [ '1.1.0' ],
2602 silly audit   '@istanbuljs/schema': [ '0.1.3' ],
2602 silly audit   '@jridgewell/resolve-uri': [ '3.1.2' ],
2602 silly audit   '@jridgewell/set-array': [ '1.2.1' ],
2602 silly audit   '@jridgewell/source-map': [ '0.3.11' ],
2602 silly audit   '@jridgewell/sourcemap-codec': [ '1.5.5' ],
2602 silly audit   '@jridgewell/trace-mapping': [ '0.3.31' ],
2602 silly audit   '@nodelib/fs.scandir': [ '2.1.5' ],
2602 silly audit   '@nodelib/fs.stat': [ '2.0.5' ],
2602 silly audit   '@nodelib/fs.walk': [ '1.2.8' ],
2602 silly audit   'lru-cache': [ '5.1.1', '6.0.0', '7.18.3', '10.4.3' ],
2602 silly audit   which: [ '1.3.1', '3.0.1', '2.0.2' ],
2602 silly audit   '@socket.io/component-emitter': [ '3.1.2' ],
2602 silly audit   '@types/aos': [ '3.0.7' ],
2602 silly audit   '@types/cors': [ '2.8.19' ],
2602 silly audit   '@types/eslint': [ '9.6.1' ],
2602 silly audit   '@types/eslint-scope': [ '3.7.7' ],
2602 silly audit   '@types/estree': [ '0.0.51' ],
2602 silly audit   '@types/jasmine': [ '3.10.19' ],
2602 silly audit   '@types/json-schema': [ '7.0.15' ],
2602 silly audit   '@types/node': [ '12.20.55' ],
2602 silly audit   '@webassemblyjs/ast': [ '1.11.1' ],
2602 silly audit   '@webassemblyjs/floating-point-hex-parser': [ '1.11.1' ],
2602 silly audit   '@webassemblyjs/helper-api-error': [ '1.11.1' ],
2602 silly audit   '@webassemblyjs/helper-buffer': [ '1.11.1' ],
2602 silly audit   '@webassemblyjs/helper-numbers': [ '1.11.1' ],
2602 silly audit   '@webassemblyjs/helper-wasm-bytecode': [ '1.11.1' ],
2602 silly audit   '@webassemblyjs/helper-wasm-section': [ '1.11.1' ],
2602 silly audit   '@webassemblyjs/ieee754': [ '1.11.1' ],
2602 silly audit   '@webassemblyjs/leb128': [ '1.11.1' ],
2602 silly audit   '@webassemblyjs/utf8': [ '1.11.1' ],
2602 silly audit   '@webassemblyjs/wasm-edit': [ '1.11.1' ],
2602 silly audit   '@webassemblyjs/wasm-gen': [ '1.11.1' ],
2602 silly audit   '@webassemblyjs/wasm-opt': [ '1.11.1' ],
2602 silly audit   '@webassemblyjs/wasm-parser': [ '1.11.1' ],
2602 silly audit   '@webassemblyjs/wast-printer': [ '1.11.1' ],
2602 silly audit   '@xtuc/ieee754': [ '1.2.0' ],
2602 silly audit   '@xtuc/long': [ '4.2.2' ],
2602 silly audit   '@yarnpkg/lockfile': [ '1.1.0' ],
2602 silly audit   accepts: [ '1.3.8' ],
2602 silly audit   negotiator: [ '0.6.3', '0.6.4' ],
2602 silly audit   acorn: [ '8.15.0' ],
2602 silly audit   'acorn-import-assertions': [ '1.9.0' ],
2602 silly audit   'adjust-sourcemap-loader': [ '4.0.0' ],
2602 silly audit   'loader-utils': [ '2.0.4', '3.2.1' ],
2602 silly audit   'agent-base': [ '6.0.2' ],
2602 silly audit   ajv: [ '6.12.6', '8.12.0' ],
2602 silly audit   'ajv-formats': [ '2.1.1' ],
2602 silly audit   'ajv-keywords': [ '5.1.0', '3.5.2' ],
2602 silly audit   'ansi-colors': [ '4.1.3' ],
2602 silly audit   'ansi-escapes': [ '4.3.2' ],
2602 silly audit   'ansi-regex': [ '5.0.1', '6.2.2' ],
2602 silly audit   'ansi-styles': [ '4.3.0', '6.2.3' ],
2602 silly audit   anymatch: [ '3.1.3' ],
2602 silly audit   aos: [ '2.3.4' ],
2602 silly audit   argparse: [ '1.0.10' ],
2602 silly audit   'babel-plugin-istanbul': [ '6.1.1' ],
2602 silly audit   'balanced-match': [ '1.0.2' ],
2602 silly audit   'base64-js': [ '1.5.1' ],
2602 silly audit   base64id: [ '2.0.0' ],
2602 silly audit   'baseline-browser-mapping': [ '2.9.15' ],
2602 silly audit   'big.js': [ '5.2.2' ],
2602 silly audit   'binary-extensions': [ '2.3.0' ],
2602 silly audit   bl: [ '4.1.0' ],
2602 silly audit   'body-parser': [ '1.20.4' ],
2602 silly audit   debug: [ '2.6.9', '4.3.4', '4.4.3' ],
2602 silly audit   ms: [ '2.0.0', '2.1.3', '2.1.2' ],
2602 silly audit   boolbase: [ '1.0.0' ],
2602 silly audit   'brace-expansion': [ '1.1.12', '2.0.2' ],
2602 silly audit   braces: [ '3.0.3' ],
2602 silly audit   browserslist: [ '4.28.1', '4.21.5' ],
2602 silly audit   buffer: [ '5.7.1' ],
2602 silly audit   'buffer-from': [ '1.1.2' ],
2602 silly audit   bytes: [ '3.1.2' ],
2602 silly audit   'call-bind-apply-helpers': [ '1.0.2' ],
2602 silly audit   'call-bound': [ '1.0.4' ],
2602 silly audit   camelcase: [ '5.3.1' ],
2602 silly audit   'caniuse-lite': [ '1.0.30001765' ],
2602 silly audit   chalk: [ '4.1.2' ],
2602 silly audit   chardet: [ '0.7.0' ],
2602 silly audit   chokidar: [ '3.6.0', '3.5.3' ],
2602 silly audit   'chrome-trace-event': [ '1.0.4' ],
2602 silly audit   'classlist-polyfill': [ '1.2.0' ],
2602 silly audit   'cli-cursor': [ '3.1.0' ],
2602 silly audit   'cli-spinners': [ '2.9.2' ],
2602 silly audit   'cli-width': [ '3.0.0' ],
2602 silly audit   cliui: [ '7.0.4', '8.0.1' ],
2602 silly audit   clone: [ '1.0.4' ],
2602 silly audit   'clone-deep': [ '4.0.1' ],
2602 silly audit   'color-convert': [ '2.0.1' ],
2602 silly audit   'color-name': [ '1.1.4' ],
2602 silly audit   commander: [ '2.20.3' ],
2602 silly audit   'concat-map': [ '0.0.1' ],
2602 silly audit   connect: [ '3.7.0' ],
2602 silly audit   'content-type': [ '1.0.5' ],
2602 silly audit   'convert-source-map': [ '1.9.0' ],
2602 silly audit   cookie: [ '0.7.2' ],
2602 silly audit   'copy-webpack-plugin': [ '11.0.0' ],
2602 silly audit   'glob-parent': [ '6.0.2', '5.1.2' ],
2602 silly audit   'schema-utils': [ '3.3.0', '4.3.3' ],
2602 silly audit   cors: [ '2.8.5' ],
2602 silly audit   critters: [ '0.0.16' ],
2602 silly audit   'css-select': [ '4.3.0' ],
2602 silly audit   'css-what': [ '6.2.2' ],
2602 silly audit   'custom-event': [ '1.0.1' ],
2602 silly audit   'date-format': [ '4.0.14' ],
2602 silly audit   defaults: [ '1.0.4' ],
2602 silly audit   depd: [ '2.0.0', '1.1.2' ],
2602 silly audit   destroy: [ '1.2.0' ],
2602 silly audit   di: [ '0.0.1' ],
2602 silly audit   'dir-glob': [ '3.0.1' ],
2602 silly audit   'dom-serialize': [ '2.2.1' ],
2602 silly audit   'dom-serializer': [ '1.4.1' ],
2602 silly audit   domelementtype: [ '2.3.0' ],
2602 silly audit   domhandler: [ '4.3.1' ],
2602 silly audit   domutils: [ '2.8.0' ],
2602 silly audit   'dunder-proto': [ '1.0.1' ],
2602 silly audit   'ee-first': [ '1.1.1' ],
2602 silly audit   'electron-to-chromium': [ '1.5.267' ],
2602 silly audit   'emoji-regex': [ '8.0.0', '9.2.2' ],
2602 silly audit   'emojis-list': [ '3.0.0' ],
2602 silly audit   encodeurl: [ '1.0.2', '2.0.0' ],
2602 silly audit   'iconv-lite': [ '0.4.24', '0.6.3' ],
2602 silly audit   'engine.io': [ '6.6.5' ],
2602 silly audit   'engine.io-parser': [ '5.2.3' ],
2602 silly audit   'enhanced-resolve': [ '5.18.4' ],
2602 silly audit   ent: [ '2.2.2' ],
2602 silly audit   entities: [ '2.2.0', '4.5.0', '6.0.1' ],
2602 silly audit   'es-define-property': [ '1.0.1' ],
2602 silly audit   'es-errors': [ '1.3.0' ],
2602 silly audit   'es-module-lexer': [ '0.9.3' ],
2602 silly audit   'es-object-atoms': [ '1.1.1' ],
2602 silly audit   escalade: [ '3.2.0' ],
2602 silly audit   'escape-html': [ '1.0.3' ],
2602 silly audit   'escape-string-regexp': [ '1.0.5' ],
2602 silly audit   'eslint-scope': [ '5.1.1' ],
2602 silly audit   esprima: [ '4.0.1' ],
2602 silly audit   esrecurse: [ '4.3.0' ],
2602 silly audit   estraverse: [ '5.3.0', '4.3.0' ],
2602 silly audit   'eventemitter-asyncresource': [ '1.0.0' ],
2602 silly audit   eventemitter3: [ '4.0.7' ],
2602 silly audit   events: [ '3.3.0' ],
2602 silly audit   finalhandler: [ '1.1.2', '1.3.2' ],
2602 silly audit   statuses: [ '2.0.2', '1.5.0' ],
2602 silly audit   extend: [ '3.0.2' ],
2602 silly audit   'external-editor': [ '3.1.0' ],
2602 silly audit   'fast-deep-equal': [ '3.1.3' ],
2602 silly audit   'fast-glob': [ '3.3.3' ],
2602 silly audit   'fast-json-stable-stringify': [ '2.1.0' ],
2602 silly audit   fastq: [ '1.20.1' ],
2602 silly audit   figures: [ '3.2.0' ],
2602 silly audit   'fill-range': [ '7.1.1' ],
2602 silly audit   'on-finished': [ '2.3.0', '2.4.1' ],
2602 silly audit   'find-up': [ '4.1.0' ],
2602 silly audit   flatted: [ '3.3.3' ],
2602 silly audit   'follow-redirects': [ '1.15.11' ],
2602 silly audit   'fs-extra': [ '8.1.0' ],
2602 silly audit   'fs.realpath': [ '1.0.0' ],
2602 silly audit   fsevents: [ '2.3.3' ],
2602 silly audit   'function-bind': [ '1.1.2' ],
2602 silly audit   gensync: [ '1.0.0-beta.2' ],
2602 silly audit   'get-caller-file': [ '2.0.5' ],
2602 silly audit   'get-intrinsic': [ '1.3.0' ],
2602 silly audit   'get-package-type': [ '0.1.0' ],
2602 silly audit   'get-proto': [ '1.0.1' ],
2602 silly audit   glob: [ '7.2.3', '8.1.0', '10.5.0' ],
2602 silly audit   'glob-to-regexp': [ '0.4.1' ],
2602 silly audit   globby: [ '13.2.2' ],
2602 silly audit   gopd: [ '1.2.0' ],
2602 silly audit   'graceful-fs': [ '4.2.11' ],
2602 silly audit   gsap: [ '3.14.2' ],
2602 silly audit   'has-flag': [ '4.0.0' ],
2602 silly audit   'has-symbols': [ '1.1.0' ],
2602 silly audit   'has-tostringtag': [ '1.0.2' ],
2602 silly audit   hasown: [ '2.0.2' ],
2602 silly audit   'hdr-histogram-js': [ '2.0.3' ],
2602 silly audit   'hdr-histogram-percentiles-obj': [ '3.0.0' ],
2602 silly audit   'readable-stream': [ '3.6.2', '2.3.8' ],
2602 silly audit   'safe-buffer': [ '5.2.1', '5.1.2' ],
2602 silly audit   string_decoder: [ '1.3.0', '1.1.1' ],
2602 silly audit   'html-escaper': [ '2.0.2' ],
2602 silly audit   'http-errors': [ '2.0.1', '1.6.3' ],
2602 silly audit   'http-proxy': [ '1.18.1' ],
2602 silly audit   'https-proxy-agent': [ '5.0.1' ],
2602 silly audit   ieee754: [ '1.2.1' ],
2602 silly audit   ignore: [ '5.3.2' ],
2602 silly audit   'resolve-from': [ '5.0.0', '4.0.0' ],
2602 silly audit   inflight: [ '1.0.6' ],
2602 silly audit   inherits: [ '2.0.4', '2.0.3' ],
2602 silly audit   inquirer: [ '8.2.4' ],
2602 silly audit   'is-binary-path': [ '2.1.0' ],
2602 silly audit   'is-core-module': [ '2.16.1' ],
2602 silly audit   'is-extglob': [ '2.1.1' ],
2602 silly audit   'is-fullwidth-code-point': [ '3.0.0' ],
2602 silly audit   'is-glob': [ '4.0.3' ],
2602 silly audit   'is-interactive': [ '1.0.0' ],
2602 silly audit   'is-number': [ '7.0.0' ],
2602 silly audit   'is-plain-object': [ '2.0.4' ],
2602 silly audit   'is-regex': [ '1.2.1' ],
2602 silly audit   'is-unicode-supported': [ '0.1.0' ],
2602 silly audit   isbinaryfile: [ '4.0.10' ],
2602 silly audit   isexe: [ '2.0.0' ],
2602 silly audit   isobject: [ '3.0.1' ],
2602 silly audit   'istanbul-lib-coverage': [ '3.2.2' ],
2602 silly audit   'istanbul-lib-instrument': [ '5.2.1', '4.0.3' ],
2602 silly audit   'istanbul-lib-report': [ '3.0.1' ],
2602 silly audit   'make-dir': [ '4.0.0', '3.1.0', '2.1.0' ],
2602 silly audit   'istanbul-lib-source-maps': [ '4.0.1' ],
2602 silly audit   'source-map': [ '0.6.1', '0.7.4' ],
2602 silly audit   'istanbul-reports': [ '3.2.0' ],
2602 silly audit   'jasmine-core': [ '4.0.1', '3.99.1' ],
2602 silly audit   'jest-worker': [ '27.5.1' ],
2602 silly audit   'supports-color': [ '8.1.1', '7.2.0' ],
2602 silly audit   'js-tokens': [ '4.0.0' ],
2602 silly audit   'js-yaml': [ '3.14.2' ],
2602 silly audit   'json-parse-even-better-errors': [ '2.3.1', '3.0.2' ],
2602 silly audit   'json-schema-traverse': [ '1.0.0', '0.4.1' ],
2602 silly audit   json5: [ '2.2.3' ],
2602 silly audit   jsonfile: [ '4.0.0' ],
2602 silly audit   karma: [ '6.3.20' ],
2602 silly audit   'karma-chrome-launcher': [ '3.1.1' ],
2602 silly audit   'karma-coverage': [ '2.1.1' ],
2602 silly audit   minimatch: [ '3.1.2', '5.1.6', '9.0.5' ],
2602 silly audit   'karma-jasmine': [ '4.0.2' ],
2602 silly audit   'karma-jasmine-html-reporter': [ '1.7.0' ],
2602 silly audit   'karma-source-map-support': [ '1.4.0' ],
2602 silly audit   mkdirp: [ '0.5.6', '1.0.4' ],
2602 silly audit   tmp: [ '0.2.5', '0.0.33' ],
2602 silly audit   yargs: [ '16.2.0', '17.6.2' ],
2602 silly audit   'yargs-parser': [ '20.2.9', '21.1.1' ],
2602 silly audit   'kind-of': [ '6.0.3' ],
2602 silly audit   mime: [ '2.6.0', '1.6.0' ],
2602 silly audit   'license-webpack-plugin': [ '4.0.2' ],
2602 silly audit   'loader-runner': [ '4.3.1' ],
2602 silly audit   'locate-path': [ '5.0.0' ],
2602 silly audit   lodash: [ '4.17.21' ],
2602 silly audit   'lodash.debounce': [ '4.0.8' ],
2602 silly audit   'lodash.throttle': [ '4.1.1' ],
2602 silly audit   'log-symbols': [ '4.1.0' ],
2602 silly audit   log4js: [ '6.9.1' ],
2602 silly audit   'math-intrinsics': [ '1.1.0' ],
2602 silly audit   'media-typer': [ '0.3.0' ],
2602 silly audit   'merge-stream': [ '2.0.0' ],
2602 silly audit   merge2: [ '1.4.1' ],
2602 silly audit   micromatch: [ '4.0.8' ],
2602 silly audit   'mime-db': [ '1.52.0' ],
2602 silly audit   'mime-types': [ '2.1.35' ],
2602 silly audit   'mimic-fn': [ '2.1.0' ],
2602 silly audit   minimist: [ '1.2.8' ],
2602 silly audit   yallist: [ '4.0.0', '3.1.1' ],
2602 silly audit   'mute-stream': [ '0.0.8' ],
2602 silly audit   nanoid: [ '3.3.11' ],
2602 silly audit   'neo-async': [ '2.6.2' ],
2602 silly audit   'nice-napi': [ '1.0.2' ],
2602 silly audit   'node-addon-api': [ '3.2.1' ],
2602 silly audit   'node-gyp-build': [ '4.8.4' ],
2602 silly audit   'node-releases': [ '2.0.27' ],
2602 silly audit   'normalize-path': [ '3.0.0' ],
2602 silly audit   'nth-check': [ '2.1.1' ],
2602 silly audit   'object-assign': [ '4.1.1' ],
2602 silly audit   'object-inspect': [ '1.13.4' ],
2602 silly audit   once: [ '1.4.0' ],
2602 silly audit   onetime: [ '5.1.2' ],
2602 silly audit   ora: [ '5.4.1' ],
2602 silly audit   'os-tmpdir': [ '1.0.2' ],
2602 silly audit   'p-limit': [ '2.3.0' ],
2602 silly audit   'p-locate': [ '4.1.0' ],
2602 silly audit   'p-try': [ '2.2.0' ],
2602 silly audit   pako: [ '1.0.11' ],
2602 silly audit   parse5: [ '6.0.1', '7.3.0' ],
2602 silly audit   'parse5-htmlparser2-tree-adapter': [ '6.0.1' ],
2602 silly audit   parseurl: [ '1.3.3' ],
2602 silly audit   'path-exists': [ '4.0.0' ],
2602 silly audit   'path-is-absolute': [ '1.0.1' ],
2602 silly audit   'path-parse': [ '1.0.7' ],
2602 silly audit   'path-type': [ '4.0.0' ],
2602 silly audit   picocolors: [ '1.1.1' ],
2602 silly audit   picomatch: [ '2.3.1' ],
2602 silly audit   piscina: [ '3.2.0' ],
2602 silly audit   postcss: [ '8.4.31' ],
2602 silly audit   'pretty-bytes': [ '5.6.0' ],
2602 silly audit   punycode: [ '1.4.1', '2.3.1' ],
2602 silly audit   qjobs: [ '1.2.0' ],
2602 silly audit   qs: [ '6.14.1' ],
2602 silly audit   'queue-microtask': [ '1.2.3' ],
2602 silly audit   randombytes: [ '2.1.0' ],
2602 silly audit   'range-parser': [ '1.2.1' ],
2602 silly audit   'raw-body': [ '2.5.3' ],
2602 silly audit   readdirp: [ '3.6.0' ],
2602 silly audit   'regex-parser': [ '2.3.1' ],
2602 silly audit   'require-directory': [ '2.1.1' ],
2602 silly audit   'require-from-string': [ '2.0.2' ],
2602 silly audit   'requires-port': [ '1.0.0' ],
2602 silly audit   resolve: [ '1.22.1' ],
2602 silly audit   'resolve-url-loader': [ '5.0.0' ],
2602 silly audit   'restore-cursor': [ '3.1.0' ],
2602 silly audit   reusify: [ '1.1.0' ],
2602 silly audit   rfdc: [ '1.4.1' ],
2602 silly audit   rimraf: [ '3.0.2' ],
2602 silly audit   'run-async': [ '2.4.1' ],
2602 silly audit   'run-parallel': [ '1.2.0' ],
2602 silly audit   'safe-regex-test': [ '1.1.0' ],
2602 silly audit   'safer-buffer': [ '2.1.2' ],
2602 silly audit   'serialize-javascript': [ '6.0.2' ],
2602 silly audit   setprototypeof: [ '1.2.0', '1.1.0' ],
2602 silly audit   'shallow-clone': [ '3.0.1' ],
2602 silly audit   'side-channel': [ '1.1.0' ],
2602 silly audit   'side-channel-list': [ '1.0.0' ],
2602 silly audit   'side-channel-map': [ '1.0.1' ],
2602 silly audit   'side-channel-weakmap': [ '1.0.2' ],
2602 silly audit   'signal-exit': [ '3.0.7', '4.1.0' ],
2602 silly audit   slash: [ '4.0.0' ],
2602 silly audit   'socket.io': [ '4.8.3' ],
2602 silly audit   'socket.io-adapter': [ '2.5.6' ],
2602 silly audit   'socket.io-parser': [ '4.2.5' ],
2602 silly audit   'source-map-js': [ '1.2.1' ],
2602 silly audit   'source-map-support': [ '0.5.21' ],
2602 silly audit   'sprintf-js': [ '1.0.3' ],
2602 silly audit   streamroller: [ '3.1.5' ],
2602 silly audit   'string-width': [ '4.2.3', '5.1.2' ],
2602 silly audit   'strip-ansi': [ '6.0.1', '7.1.2' ],
2602 silly audit   'supports-preserve-symlinks-flag': [ '1.0.0' ],
2602 silly audit   'symbol-observable': [ '4.0.0' ],
2602 silly audit   tapable: [ '2.3.0' ],
2602 silly audit   terser: [ '5.46.0', '5.16.3' ],
2602 silly audit   'terser-webpack-plugin': [ '5.3.16' ],
2602 silly audit   'test-exclude': [ '6.0.0' ],
2602 silly audit   'text-table': [ '0.2.0' ],
2602 silly audit   through: [ '2.3.8' ],
2602 silly audit   'to-regex-range': [ '5.0.1' ],
2602 silly audit   toidentifier: [ '1.0.1' ],
2602 silly audit   'tree-kill': [ '1.2.2' ],
2602 silly audit   'type-fest': [ '0.21.3' ],
2602 silly audit   'type-is': [ '1.6.18' ],
2602 silly audit   'typed-assert': [ '1.0.9' ],
2602 silly audit   'ua-parser-js': [ '0.7.41' ],
2602 silly audit   universalify: [ '0.1.2' ],
2602 silly audit   unpipe: [ '1.0.0' ],
2602 silly audit   'update-browserslist-db': [ '1.2.3' ],
2602 silly audit   'uri-js': [ '4.4.1' ],
2602 silly audit   'util-deprecate': [ '1.0.2' ],
2602 silly audit   'utils-merge': [ '1.0.1' ],
2602 silly audit   vary: [ '1.1.2' ],
2602 silly audit   'void-elements': [ '2.0.1' ],
2602 silly audit   watchpack: [ '2.5.1' ],
2602 silly audit   wcwidth: [ '1.0.1' ],
2602 silly audit   webpack: [ '5.76.1' ],
2602 silly audit   'webpack-merge': [ '5.8.0' ],
2602 silly audit   'webpack-sources': [ '3.3.3' ],
2602 silly audit   'webpack-subresource-integrity': [ '5.1.0' ],
2602 silly audit   wildcard: [ '2.0.1' ],
2602 silly audit   'wrap-ansi': [ '7.0.0', '8.1.0' ],
2602 silly audit   wrappy: [ '1.0.2' ],
2602 silly audit   ws: [ '8.18.3' ],
2602 silly audit   y18n: [ '5.0.8' ],
2602 silly audit   'zone.js': [ '0.11.8' ],
2602 silly audit   '@angular-devkit/build-angular': [ '15.2.11' ],
2602 silly audit   typescript: [ '4.9.5' ],
2602 silly audit   '@angular/compiler-cli': [ '15.2.10' ],
2602 silly audit   '@angular/compiler': [ '15.2.10' ],
2602 silly audit   '@angular/core': [ '15.2.10' ],
2602 silly audit   '@angular/animations': [ '15.2.10' ],
2602 silly audit   '@angular/cli': [ '15.2.11' ],
2602 silly audit   '@angular/common': [ '15.2.10' ],
2602 silly audit   '@angular/forms': [ '15.2.10' ],
2602 silly audit   '@angular/platform-browser': [ '15.2.10' ],
2602 silly audit   '@angular/platform-browser-dynamic': [ '15.2.10' ],
2602 silly audit   '@angular/router': [ '15.2.10' ],
2602 silly audit   '@angular-devkit/architect': [ '0.1502.11' ],
2602 silly audit   '@angular-devkit/build-webpack': [ '0.1502.11' ],
2602 silly audit   'webpack-dev-server': [ '4.11.1' ],
2602 silly audit   '@angular-devkit/core': [ '15.2.11' ],
2602 silly audit   '@babel/helper-annotate-as-pure': [ '7.18.6', '7.27.3' ],
2602 silly audit   '@babel/helper-split-export-declaration': [ '7.18.6' ],
2602 silly audit   '@babel/plugin-proposal-async-generator-functions': [ '7.20.7' ],
2602 silly audit   '@babel/plugin-transform-async-to-generator': [ '7.20.7' ],
2602 silly audit   '@babel/plugin-transform-runtime': [ '7.19.6' ],
2602 silly audit   '@babel/preset-env': [ '7.20.2' ],
2602 silly audit   '@babel/runtime': [ '7.20.13' ],
2602 silly audit   '@ngtools/webpack': [ '15.2.11' ],
2602 silly audit   autoprefixer: [ '10.4.13' ],
2602 silly audit   'babel-loader': [ '9.1.2' ],
2602 silly audit   cacache: [ '17.0.4', '16.1.3' ],
2602 silly audit   'css-loader': [ '6.7.3' ],
2602 silly audit   esbuild: [ '0.17.8' ],
2602 silly audit   'esbuild-wasm': [ '0.17.8' ],
2602 silly audit   'jsonc-parser': [ '3.2.0' ],
2602 silly audit   less: [ '4.1.3' ],
2602 silly audit   'less-loader': [ '11.1.0' ],
2602 silly audit   'magic-string': [ '0.29.0', '0.27.0' ],
2602 silly audit   'mini-css-extract-plugin': [ '2.7.2' ],
2602 silly audit   open: [ '8.4.1' ],
2602 silly audit   'parse5-html-rewriting-stream': [ '7.0.0' ],
2602 silly audit   'postcss-loader': [ '7.0.2' ],
2602 silly audit   sass: [ '1.58.1' ],
2602 silly audit   'sass-loader': [ '13.2.0' ],
2602 silly audit   'source-map-loader': [ '4.0.1' ],
2602 silly audit   'webpack-dev-middleware': [ '6.1.2', '5.3.4' ],
2602 silly audit   '@angular-devkit/schematics': [ '15.2.11' ],
2602 silly audit   '@schematics/angular': [ '15.2.11' ],
2602 silly audit   ini: [ '3.0.1' ],
2602 silly audit   'npm-package-arg': [ '10.1.0' ],
2602 silly audit   'npm-pick-manifest': [ '8.0.1' ],
2602 silly audit   pacote: [ '15.1.0' ],
2602 silly audit   'dependency-graph': [ '0.11.0' ],
2602 silly audit   'reflect-metadata': [ '0.1.14' ],
2602 silly audit   '@babel/helper-environment-visitor': [ '7.24.7' ],
2602 silly audit   '@babel/helper-remap-async-to-generator': [ '7.27.1' ],
2602 silly audit   '@babel/plugin-syntax-async-generators': [ '7.8.4' ],
2602 silly audit   '@babel/helper-wrap-function': [ '7.28.6' ],
2602 silly audit   'babel-plugin-polyfill-corejs2': [ '0.3.3' ],
2602 silly audit   'babel-plugin-polyfill-corejs3': [ '0.6.0' ],
2602 silly audit   'babel-plugin-polyfill-regenerator': [ '0.4.1' ],
2602 silly audit   '@babel/plugin-bugfix-safari-id-destructuring-collision-in-function-expression': [ '7.27.1' ],
2602 silly audit   '@babel/plugin-bugfix-v8-spread-parameters-in-optional-chaining': [ '7.27.1' ],
2602 silly audit   '@babel/plugin-proposal-class-properties': [ '7.18.6' ],
2602 silly audit   '@babel/plugin-proposal-class-static-block': [ '7.21.0' ],
2602 silly audit   '@babel/plugin-proposal-dynamic-import': [ '7.18.6' ],
2602 silly audit   '@babel/plugin-proposal-export-namespace-from': [ '7.18.9' ],
2602 silly audit   '@babel/plugin-proposal-json-strings': [ '7.18.6' ],
2602 silly audit   '@babel/plugin-proposal-logical-assignment-operators': [ '7.20.7' ],
2602 silly audit   '@babel/plugin-proposal-nullish-coalescing-operator': [ '7.18.6' ],
2602 silly audit   '@babel/plugin-proposal-numeric-separator': [ '7.18.6' ],
2602 silly audit   '@babel/plugin-proposal-object-rest-spread': [ '7.20.7' ],
2602 silly audit   '@babel/plugin-proposal-optional-catch-binding': [ '7.18.6' ],
2602 silly audit   '@babel/plugin-proposal-optional-chaining': [ '7.21.0' ],
2602 silly audit   '@babel/plugin-proposal-private-methods': [ '7.18.6' ],
2602 silly audit   '@babel/plugin-proposal-private-property-in-object': [ '7.21.11' ],
2602 silly audit   '@babel/plugin-proposal-unicode-property-regex': [ '7.18.6' ],
2602 silly audit   '@babel/plugin-syntax-class-properties': [ '7.12.13' ],
2602 silly audit   '@babel/plugin-syntax-class-static-block': [ '7.14.5' ],
2602 silly audit   '@babel/plugin-syntax-dynamic-import': [ '7.8.3' ],
2602 silly audit   '@babel/plugin-syntax-export-namespace-from': [ '7.8.3' ],
2602 silly audit   '@babel/plugin-syntax-import-assertions': [ '7.28.6' ],
2602 silly audit   '@babel/plugin-syntax-json-strings': [ '7.8.3' ],
2602 silly audit   '@babel/plugin-syntax-logical-assignment-operators': [ '7.10.4' ],
2602 silly audit   '@babel/plugin-syntax-nullish-coalescing-operator': [ '7.8.3' ],
2602 silly audit   '@babel/plugin-syntax-numeric-separator': [ '7.10.4' ],
2602 silly audit   '@babel/plugin-syntax-object-rest-spread': [ '7.8.3' ],
2602 silly audit   '@babel/plugin-syntax-optional-catch-binding': [ '7.8.3' ],
2602 silly audit   '@babel/plugin-syntax-optional-chaining': [ '7.8.3' ],
2602 silly audit   '@babel/plugin-syntax-private-property-in-object': [ '7.14.5' ],
2602 silly audit   '@babel/plugin-syntax-top-level-await': [ '7.14.5' ],
2602 silly audit   '@babel/plugin-transform-arrow-functions': [ '7.27.1' ],
2602 silly audit   '@babel/plugin-transform-block-scoped-functions': [ '7.27.1' ],
2602 silly audit   '@babel/plugin-transform-block-scoping': [ '7.28.6' ],
2602 silly audit   '@babel/plugin-transform-classes': [ '7.28.6' ],
2602 silly audit   '@babel/plugin-transform-computed-properties': [ '7.28.6' ],
2602 silly audit   '@babel/plugin-transform-destructuring': [ '7.28.5' ],
2602 silly audit   '@babel/plugin-transform-dotall-regex': [ '7.28.6' ],
2602 silly audit   '@babel/plugin-transform-duplicate-keys': [ '7.27.1' ],
2602 silly audit   '@babel/plugin-transform-exponentiation-operator': [ '7.28.6' ],
2602 silly audit   '@babel/plugin-transform-for-of': [ '7.27.1' ],
2602 silly audit   '@babel/plugin-transform-function-name': [ '7.27.1' ],
2602 silly audit   '@babel/plugin-transform-literals': [ '7.27.1' ],
2602 silly audit   '@babel/plugin-transform-member-expression-literals': [ '7.27.1' ],
2602 silly audit   '@babel/plugin-transform-modules-amd': [ '7.27.1' ],
2602 silly audit   '@babel/plugin-transform-modules-commonjs': [ '7.28.6' ],
2602 silly audit   '@babel/plugin-transform-modules-systemjs': [ '7.28.5' ],
2602 silly audit   '@babel/plugin-transform-modules-umd': [ '7.27.1' ],
2602 silly audit   '@babel/plugin-transform-named-capturing-groups-regex': [ '7.27.1' ],
2602 silly audit   '@babel/plugin-transform-new-target': [ '7.27.1' ],
2602 silly audit   '@babel/plugin-transform-object-super': [ '7.27.1' ],
2602 silly audit   '@babel/plugin-transform-parameters': [ '7.27.7' ],
2602 silly audit   '@babel/plugin-transform-property-literals': [ '7.27.1' ],
2602 silly audit   '@babel/plugin-transform-regenerator': [ '7.28.6' ],
2602 silly audit   '@babel/plugin-transform-reserved-words': [ '7.27.1' ],
2602 silly audit   '@babel/plugin-transform-shorthand-properties': [ '7.27.1' ],
2602 silly audit   '@babel/plugin-transform-spread': [ '7.28.6' ],
2602 silly audit   '@babel/plugin-transform-sticky-regex': [ '7.27.1' ],
2602 silly audit   '@babel/plugin-transform-template-literals': [ '7.27.1' ],
2602 silly audit   '@babel/plugin-transform-typeof-symbol': [ '7.27.1' ],
2602 silly audit   '@babel/plugin-transform-unicode-escapes': [ '7.27.1' ],
2602 silly audit   '@babel/plugin-transform-unicode-regex': [ '7.27.1' ],
2602 silly audit   '@babel/preset-modules': [ '0.1.6' ],
2602 silly audit   'core-js-compat': [ '3.47.0' ],
2602 silly audit   '@babel/helper-skip-transparent-expression-wrappers': [ '7.27.1' ],
2602 silly audit   '@babel/plugin-transform-optional-chaining': [ '7.28.6' ],
2602 silly audit   '@babel/helper-create-class-features-plugin': [ '7.28.6' ],
2602 silly audit   '@babel/helper-member-expression-to-functions': [ '7.28.5' ],
2602 silly audit   '@babel/helper-optimise-call-expression': [ '7.27.1' ],
2602 silly audit   '@babel/helper-replace-supers': [ '7.28.6' ],
2602 silly audit   '@babel/helper-create-regexp-features-plugin': [ '7.28.5' ],
2602 silly audit   'regexpu-core': [ '6.4.0' ],
2602 silly audit   esutils: [ '2.0.3' ],
2602 silly audit   'regenerator-runtime': [ '0.13.11' ],
2602 silly audit   'fraction.js': [ '4.3.7' ],
2602 silly audit   'normalize-range': [ '0.1.2' ],
2602 silly audit   'postcss-value-parser': [ '4.2.0' ],
2602 silly audit   'find-cache-dir': [ '3.3.2' ],
2602 silly audit   '@babel/helper-define-polyfill-provider': [ '0.3.3' ],
2602 silly audit   '@npmcli/fs': [ '3.1.1', '2.1.2' ],
2602 silly audit   'fs-minipass': [ '3.0.3', '2.1.0' ],
2602 silly audit   minipass: [ '4.2.8', '7.1.2', '3.3.6', '5.0.0' ],
2602 silly audit   'minipass-collect': [ '1.0.2' ],
2602 silly audit   'minipass-flush': [ '1.0.5' ],
2602 silly audit   'minipass-pipeline': [ '1.2.4' ],
2602 silly audit   'p-map': [ '4.0.0' ],
2602 silly audit   'promise-inflight': [ '1.0.1' ],
2602 silly audit   ssri: [ '10.0.6', '9.0.1' ],
2602 silly audit   tar: [ '6.2.1' ],
2602 silly audit   'unique-filename': [ '3.0.0', '2.0.1' ],
2602 silly audit   'icss-utils': [ '5.1.0' ],
2602 silly audit   'postcss-modules-extract-imports': [ '3.1.0' ],
2602 silly audit   'postcss-modules-local-by-default': [ '4.2.0' ],
2602 silly audit   'postcss-modules-scope': [ '3.2.1' ],
2602 silly audit   'postcss-modules-values': [ '4.0.0' ],
2602 silly audit   '@esbuild/android-arm': [ '0.17.8' ],
2602 silly audit   '@esbuild/android-arm64': [ '0.17.8' ],
2602 silly audit   '@esbuild/android-x64': [ '0.17.8' ],
2602 silly audit   '@esbuild/darwin-arm64': [ '0.17.8' ],
2602 silly audit   '@esbuild/darwin-x64': [ '0.17.8' ],
2602 silly audit   '@esbuild/freebsd-arm64': [ '0.17.8' ],
2602 silly audit   '@esbuild/freebsd-x64': [ '0.17.8' ],
2602 silly audit   '@esbuild/linux-arm': [ '0.17.8' ],
2602 silly audit   '@esbuild/linux-arm64': [ '0.17.8' ],
2602 silly audit   '@esbuild/linux-ia32': [ '0.17.8' ],
2602 silly audit   '@esbuild/linux-loong64': [ '0.17.8' ],
2602 silly audit   '@esbuild/linux-mips64el': [ '0.17.8' ],
2602 silly audit   '@esbuild/linux-ppc64': [ '0.17.8' ],
2602 silly audit   '@esbuild/linux-riscv64': [ '0.17.8' ],
2602 silly audit   '@esbuild/linux-s390x': [ '0.17.8' ],
2602 silly audit   '@esbuild/linux-x64': [ '0.17.8' ],
2602 silly audit   '@esbuild/netbsd-x64': [ '0.17.8' ],
2602 silly audit   '@esbuild/openbsd-x64': [ '0.17.8' ],
2602 silly audit   '@esbuild/sunos-x64': [ '0.17.8' ],
2602 silly audit   '@esbuild/win32-arm64': [ '0.17.8' ],
2602 silly audit   '@esbuild/win32-ia32': [ '0.17.8' ],
2602 silly audit   '@esbuild/win32-x64': [ '0.17.8' ],
2602 silly audit   commondir: [ '1.0.1' ],
2602 silly audit   'pkg-dir': [ '4.2.0' ],
2602 silly audit   'copy-anything': [ '2.0.6' ],
2602 silly audit   errno: [ '0.1.8' ],
2602 silly audit   'image-size': [ '0.5.5' ],
2602 silly audit   needle: [ '3.3.1' ],
2602 silly audit   'parse-node-version': [ '1.0.1' ],
2602 silly audit   'is-what': [ '3.14.1' ],
2602 silly audit   prr: [ '1.0.1' ],
2602 silly audit   klona: [ '2.0.6' ],
2602 silly audit   sax: [ '1.4.4' ],
2602 silly audit   'hosted-git-info': [ '6.1.3' ],
2602 silly audit   'proc-log': [ '3.0.0' ],
2602 silly audit   'validate-npm-package-name': [ '5.0.1' ],
2602 silly audit   'npm-install-checks': [ '6.3.0' ],
2602 silly audit   'npm-normalize-package-bin': [ '3.0.1' ],
2602 silly audit   'define-lazy-prop': [ '2.0.0' ],
2602 silly audit   'is-docker': [ '2.2.1' ],
2602 silly audit   'is-wsl': [ '2.2.0' ],
2602 silly audit   'aggregate-error': [ '3.1.0' ],
2602 silly audit   'clean-stack': [ '2.2.0' ],
2602 silly audit   'indent-string': [ '4.0.0' ],
2602 silly audit   '@npmcli/git': [ '4.1.0' ],
2602 silly audit   '@npmcli/installed-package-contents': [ '2.1.0' ],
2602 silly audit   '@npmcli/promise-spawn': [ '6.0.2' ],
2602 silly audit   '@npmcli/run-script': [ '6.0.2' ],
2602 silly audit   'npm-packlist': [ '7.0.4' ],
2602 silly audit   'npm-registry-fetch': [ '14.0.5' ],
2602 silly audit   'promise-retry': [ '2.0.1' ],
2602 silly audit   'read-package-json': [ '6.0.4' ],
2602 silly audit   'read-package-json-fast': [ '3.0.2' ],
2602 silly audit   sigstore: [ '1.9.0' ],
2602 silly audit   'npm-bundled': [ '3.0.1' ],
2602 silly audit   '@npmcli/node-gyp': [ '3.0.0' ],
2602 silly audit   'node-gyp': [ '9.4.1' ],
2602 silly audit   'env-paths': [ '2.2.1' ],
2602 silly audit   'exponential-backoff': [ '3.1.3' ],
2602 silly audit   'make-fetch-happen': [ '10.2.1', '11.1.1' ],
2602 silly audit   nopt: [ '6.0.0' ],
2602 silly audit   npmlog: [ '6.0.2' ],
2602 silly audit   agentkeepalive: [ '4.6.0' ],
2602 silly audit   'http-cache-semantics': [ '4.2.0' ],
2602 silly audit   'http-proxy-agent': [ '5.0.0' ],
2602 silly audit   'is-lambda': [ '1.0.1' ],
2602 silly audit   'minipass-fetch': [ '2.1.2', '3.0.5' ],
2602 silly audit   'socks-proxy-agent': [ '7.0.0' ],
2602 silly audit   'humanize-ms': [ '1.2.1' ],
2602 silly audit   '@tootallnate/once': [ '2.0.0' ],
2602 silly audit   encoding: [ '0.1.13' ],
2602 silly audit   'minipass-sized': [ '1.0.3' ],
2602 silly audit   minizlib: [ '2.1.2' ],
2602 silly audit   abbrev: [ '1.1.1' ],
2602 silly audit   'ignore-walk': [ '6.0.5' ],
2602 silly audit   'minipass-json-stream': [ '1.0.2' ],
2602 silly audit   jsonparse: [ '1.3.1' ],
2602 silly audit   'are-we-there-yet': [ '3.0.1' ],
2602 silly audit   'console-control-strings': [ '1.1.0' ],
2602 silly audit   gauge: [ '4.0.4' ],
2602 silly audit   'set-blocking': [ '2.0.0' ],
2602 silly audit   delegates: [ '1.0.0' ],
2602 silly audit   aproba: [ '2.1.0' ],
2602 silly audit   'color-support': [ '1.1.3' ],
2602 silly audit   'has-unicode': [ '2.0.1' ],
2602 silly audit   'wide-align': [ '1.1.5' ],
2602 silly audit   'parse5-sax-parser': [ '7.0.0' ],
2602 silly audit   cosmiconfig: [ '7.1.0' ],
2602 silly audit   '@types/parse-json': [ '4.0.2' ],
2602 silly audit   'import-fresh': [ '3.3.1' ],
2602 silly audit   'parse-json': [ '5.2.0' ],
2602 silly audit   yaml: [ '1.10.2' ],
2602 silly audit   'parent-module': [ '1.0.1' ],
2602 silly audit   callsites: [ '3.1.0' ],
2602 silly audit   'error-ex': [ '1.3.4' ],
2602 silly audit   'lines-and-columns': [ '1.2.4' ],
2602 silly audit   'is-arrayish': [ '0.2.1' ],
2602 silly audit   'postcss-selector-parser': [ '7.1.1' ],
2602 silly audit   cssesc: [ '3.0.0' ],
2602 silly audit   'err-code': [ '2.0.3' ],
2602 silly audit   retry: [ '0.12.0', '0.13.1' ],
2602 silly audit   'normalize-package-data': [ '5.0.0' ],
2602 silly audit   'validate-npm-package-license': [ '3.0.4' ],
2602 silly audit   regenerate: [ '1.4.2' ],
2602 silly audit   'regenerate-unicode-properties': [ '10.2.2' ],
2602 silly audit   regjsgen: [ '0.8.0' ],
2602 silly audit   regjsparser: [ '0.13.0' ],
2602 silly audit   'unicode-match-property-ecmascript': [ '2.0.0' ],
2602 silly audit   'unicode-match-property-value-ecmascript': [ '2.2.1' ],
2602 silly audit   immutable: [ '4.3.7' ],
2602 silly audit   '@sigstore/bundle': [ '1.1.0' ],
2602 silly audit   '@sigstore/protobuf-specs': [ '0.2.1' ],
2602 silly audit   '@sigstore/sign': [ '1.0.0' ],
2602 silly audit   '@sigstore/tuf': [ '1.0.3' ],
2602 silly audit   'tuf-js': [ '1.1.7' ],
2602 silly audit   socks: [ '2.8.7' ],
2602 silly audit   'ip-address': [ '10.1.0' ],
2602 silly audit   'smart-buffer': [ '4.2.0' ],
2602 silly audit   abab: [ '2.0.6' ],
2602 silly audit   chownr: [ '2.0.0' ],
2602 silly audit   '@tufjs/models': [ '1.0.4' ],
2602 silly audit   '@tufjs/canonical-json': [ '1.0.0' ],
2602 silly audit   'unicode-canonical-property-names-ecmascript': [ '2.0.1' ],
2602 silly audit   'unicode-property-aliases-ecmascript': [ '2.2.0' ],
2602 silly audit   'unique-slug': [ '4.0.0', '3.0.0' ],
2602 silly audit   imurmurhash: [ '0.1.4' ],
2602 silly audit   'spdx-correct': [ '3.2.0' ],
2602 silly audit   'spdx-expression-parse': [ '3.0.1' ],
2602 silly audit   'spdx-license-ids': [ '3.0.22' ],
2602 silly audit   'spdx-exceptions': [ '2.5.0' ],
2602 silly audit   colorette: [ '2.0.20' ],
2602 silly audit   memfs: [ '3.5.3' ],
2602 silly audit   'fs-monkey': [ '1.1.0' ],
2602 silly audit   '@types/bonjour': [ '3.5.13' ],
2602 silly audit   '@types/connect-history-api-fallback': [ '1.5.4' ],
2602 silly audit   '@types/express': [ '4.17.25' ],
2602 silly audit   '@types/serve-index': [ '1.9.4' ],
2602 silly audit   '@types/serve-static': [ '1.15.10' ],
2602 silly audit   '@types/sockjs': [ '0.3.36' ],
2602 silly audit   '@types/ws': [ '8.18.1' ],
2602 silly audit   'ansi-html-community': [ '0.0.8' ],
2602 silly audit   'bonjour-service': [ '1.3.0' ],
2602 silly audit   compression: [ '1.8.1' ],
2602 silly audit   'connect-history-api-fallback': [ '2.0.0' ],
2602 silly audit   'default-gateway': [ '6.0.3' ],
2602 silly audit   express: [ '4.22.1' ],
2602 silly audit   'html-entities': [ '2.6.0' ],
2602 silly audit   'http-proxy-middleware': [ '2.0.9' ],
2602 silly audit   'ipaddr.js': [ '2.3.0', '1.9.1' ],
2602 silly audit   'p-retry': [ '4.6.2' ],
2602 silly audit   selfsigned: [ '2.4.1' ],
2602 silly audit   'serve-index': [ '1.9.1' ],
2602 silly audit   sockjs: [ '0.3.24' ],
2602 silly audit   spdy: [ '4.0.2' ],
2602 silly audit   '@types/express-serve-static-core': [ '5.1.1', '4.19.8' ],
2602 silly audit   '@types/body-parser': [ '1.19.6' ],
2602 silly audit   '@types/qs': [ '6.14.0' ],
2602 silly audit   '@types/connect': [ '3.4.38' ],
2602 silly audit   '@types/range-parser': [ '1.2.7' ],
2602 silly audit   '@types/send': [ '1.2.1', '0.17.6' ],
2602 silly audit   '@types/http-errors': [ '2.0.5' ],
2602 silly audit   'multicast-dns': [ '7.2.5' ],
2602 silly audit   compressible: [ '2.0.18' ],
2602 silly audit   'on-headers': [ '1.1.0' ],
2602 silly audit   execa: [ '5.1.1' ],
2602 silly audit   'cross-spawn': [ '7.0.6' ],
2602 silly audit   'get-stream': [ '6.0.1' ],
2602 silly audit   'human-signals': [ '2.1.0' ],
2602 silly audit   'is-stream': [ '2.0.1' ],
2602 silly audit   'npm-run-path': [ '4.0.1' ],
2602 silly audit   'strip-final-newline': [ '2.0.0' ],
2602 silly audit   'path-key': [ '3.1.1' ],
2602 silly audit   'shebang-command': [ '2.0.0' ],
2602 silly audit   'array-flatten': [ '1.1.1' ],
2602 silly audit   'content-disposition': [ '0.5.4' ],
2602 silly audit   'cookie-signature': [ '1.0.7' ],
2602 silly audit   etag: [ '1.8.1' ],
2602 silly audit   fresh: [ '0.5.2' ],
2602 silly audit   'merge-descriptors': [ '1.0.3' ],
2602 silly audit   methods: [ '1.1.2' ],
2602 silly audit   'path-to-regexp': [ '0.1.12' ],
2602 silly audit   'proxy-addr': [ '2.0.7' ],
2602 silly audit   send: [ '0.19.2' ],
2602 silly audit   'serve-static': [ '1.16.3' ],
2602 silly audit   '@types/http-proxy': [ '1.17.17' ],
2602 silly audit   'is-plain-obj': [ '3.0.0' ],
2602 silly audit   'dns-packet': [ '5.6.1' ],
2602 silly audit   thunky: [ '1.1.0' ],
2602 silly audit   '@leichtgewicht/ip-codec': [ '2.0.5' ],
2602 silly audit   '@types/retry': [ '0.12.0' ],
2602 silly audit   forwarded: [ '0.2.0' ],
2602 silly audit   '@types/node-forge': [ '1.3.14' ],
2602 silly audit   'node-forge': [ '1.3.3' ],
2602 silly audit   batch: [ '0.6.1' ],
2602 silly audit   'shebang-regex': [ '3.0.0' ],
2602 silly audit   'faye-websocket': [ '0.11.4' ],
2602 silly audit   uuid: [ '8.3.2' ],
2602 silly audit   'websocket-driver': [ '0.7.4' ],
2602 silly audit   'handle-thing': [ '2.0.1' ],
2602 silly audit   'http-deceiver': [ '1.2.7' ],
2602 silly audit   'select-hose': [ '2.0.0' ],
2602 silly audit   'spdy-transport': [ '3.0.0' ],
2602 silly audit   'detect-node': [ '2.1.0' ],
2602 silly audit   'hpack.js': [ '2.1.6' ],
2602 silly audit   obuf: [ '1.1.2' ],
2602 silly audit   wbuf: [ '1.7.3' ],
2602 silly audit   'minimalistic-assert': [ '1.0.1' ],
2602 silly audit   'http-parser-js': [ '0.5.10' ],
2602 silly audit   'websocket-extensions': [ '0.1.4' ],
2602 silly audit   '@types/mime': [ '1.3.5' ],
2602 silly audit   'core-util-is': [ '1.0.3' ],
2602 silly audit   isarray: [ '1.0.0' ],
2602 silly audit   'process-nextick-args': [ '2.0.1' ],
2602 silly audit   pify: [ '4.0.1' ],
2602 silly audit   '@npmcli/move-file': [ '2.0.1' ],
2602 silly audit   'infer-owner': [ '1.0.4' ],
2602 silly audit   '@gar/promisify': [ '1.1.3' ],
2602 silly audit   'foreground-child': [ '3.3.1' ],
2602 silly audit   jackspeak: [ '3.4.3' ],
2602 silly audit   'package-json-from-dist': [ '1.0.1' ],
2602 silly audit   'path-scurry': [ '1.11.1' ],
2602 silly audit   '@isaacs/cliui': [ '8.0.2' ],
2602 silly audit   '@pkgjs/parseargs': [ '0.11.0' ],
2602 silly audit   eastasianwidth: [ '0.2.0' ]
2602 silly audit }
2603 verbose reify failed optional dependency /Users/djiby/Documents/portfolio/portforlio/node_modules/@esbuild/win32-x64
2604 silly reify mark deleted [
2604 silly reify   '/Users/djiby/Documents/portfolio/portforlio/node_modules/@esbuild/win32-x64'
2604 silly reify ]
2605 verbose reify failed optional dependency /Users/djiby/Documents/portfolio/portforlio/node_modules/@esbuild/win32-ia32
2606 silly reify mark deleted [
2606 silly reify   '/Users/djiby/Documents/portfolio/portforlio/node_modules/@esbuild/win32-ia32'
2606 silly reify ]
2607 verbose reify failed optional dependency /Users/djiby/Documents/portfolio/portforlio/node_modules/@esbuild/win32-arm64
2608 silly reify mark deleted [
2608 silly reify   '/Users/djiby/Documents/portfolio/portforlio/node_modules/@esbuild/win32-arm64'
2608 silly reify ]
2609 verbose reify failed optional dependency /Users/djiby/Documents/portfolio/portforlio/node_modules/@esbuild/sunos-x64
2610 silly reify mark deleted [
2610 silly reify   '/Users/djiby/Documents/portfolio/portforlio/node_modules/@esbuild/sunos-x64'
2610 silly reify ]
2611 verbose reify failed optional dependency /Users/djiby/Documents/portfolio/portforlio/node_modules/@esbuild/openbsd-x64
2612 silly reify mark deleted [
2612 silly reify   '/Users/djiby/Documents/portfolio/portforlio/node_modules/@esbuild/openbsd-x64'
2612 silly reify ]
2613 verbose reify failed optional dependency /Users/djiby/Documents/portfolio/portforlio/node_modules/@esbuild/netbsd-x64
2614 silly reify mark deleted [
2614 silly reify   '/Users/djiby/Documents/portfolio/portforlio/node_modules/@esbuild/netbsd-x64'
2614 silly reify ]
2615 verbose reify failed optional dependency /Users/djiby/Documents/portfolio/portforlio/node_modules/@esbuild/linux-x64
2616 silly reify mark deleted [
2616 silly reify   '/Users/djiby/Documents/portfolio/portforlio/node_modules/@esbuild/linux-x64'
2616 silly reify ]
2617 verbose reify failed optional dependency /Users/djiby/Documents/portfolio/portforlio/node_modules/@esbuild/linux-s390x
2618 silly reify mark deleted [
2618 silly reify   '/Users/djiby/Documents/portfolio/portforlio/node_modules/@esbuild/linux-s390x'
2618 silly reify ]
2619 verbose reify failed optional dependency /Users/djiby/Documents/portfolio/portforlio/node_modules/@esbuild/linux-riscv64
2620 silly reify mark deleted [
2620 silly reify   '/Users/djiby/Documents/portfolio/portforlio/node_modules/@esbuild/linux-riscv64'
2620 silly reify ]
2621 verbose reify failed optional dependency /Users/djiby/Documents/portfolio/portforlio/node_modules/@esbuild/linux-ppc64
2622 silly reify mark deleted [
2622 silly reify   '/Users/djiby/Documents/portfolio/portforlio/node_modules/@esbuild/linux-ppc64'
2622 silly reify ]
2623 verbose reify failed optional dependency /Users/djiby/Documents/portfolio/portforlio/node_modules/@esbuild/linux-mips64el
2624 silly reify mark deleted [
2624 silly reify   '/Users/djiby/Documents/portfolio/portforlio/node_modules/@esbuild/linux-mips64el'
2624 silly reify ]
2625 verbose reify failed optional dependency /Users/djiby/Documents/portfolio/portforlio/node_modules/@esbuild/linux-loong64
2626 silly reify mark deleted [
2626 silly reify   '/Users/djiby/Documents/portfolio/portforlio/node_modules/@esbuild/linux-loong64'
2626 silly reify ]
2627 verbose reify failed optional dependency /Users/djiby/Documents/portfolio/portforlio/node_modules/@esbuild/linux-ia32
2628 silly reify mark deleted [
2628 silly reify   '/Users/djiby/Documents/portfolio/portforlio/node_modules/@esbuild/linux-ia32'
2628 silly reify ]
2629 verbose reify failed optional dependency /Users/djiby/Documents/portfolio/portforlio/node_modules/@esbuild/linux-arm64
2630 silly reify mark deleted [
2630 silly reify   '/Users/djiby/Documents/portfolio/portforlio/node_modules/@esbuild/linux-arm64'
2630 silly reify ]
2631 verbose reify failed optional dependency /Users/djiby/Documents/portfolio/portforlio/node_modules/@esbuild/linux-arm
2632 silly reify mark deleted [
2632 silly reify   '/Users/djiby/Documents/portfolio/portforlio/node_modules/@esbuild/linux-arm'
2632 silly reify ]
2633 verbose reify failed optional dependency /Users/djiby/Documents/portfolio/portforlio/node_modules/@esbuild/freebsd-x64
2634 silly reify mark deleted [
2634 silly reify   '/Users/djiby/Documents/portfolio/portforlio/node_modules/@esbuild/freebsd-x64'
2634 silly reify ]
2635 verbose reify failed optional dependency /Users/djiby/Documents/portfolio/portforlio/node_modules/@esbuild/freebsd-arm64
2636 silly reify mark deleted [
2636 silly reify   '/Users/djiby/Documents/portfolio/portforlio/node_modules/@esbuild/freebsd-arm64'
2636 silly reify ]
2637 verbose reify failed optional dependency /Users/djiby/Documents/portfolio/portforlio/node_modules/@esbuild/darwin-x64
2638 silly reify mark deleted [
2638 silly reify   '/Users/djiby/Documents/portfolio/portforlio/node_modules/@esbuild/darwin-x64'
2638 silly reify ]
2639 verbose reify failed optional dependency /Users/djiby/Documents/portfolio/portforlio/node_modules/@esbuild/android-x64
2640 silly reify mark deleted [
2640 silly reify   '/Users/djiby/Documents/portfolio/portforlio/node_modules/@esbuild/android-x64'
2640 silly reify ]
2641 verbose reify failed optional dependency /Users/djiby/Documents/portfolio/portforlio/node_modules/@esbuild/android-arm64
2642 silly reify mark deleted [
2642 silly reify   '/Users/djiby/Documents/portfolio/portforlio/node_modules/@esbuild/android-arm64'
2642 silly reify ]
2643 verbose reify failed optional dependency /Users/djiby/Documents/portfolio/portforlio/node_modules/@esbuild/android-arm
2644 silly reify mark deleted [
2644 silly reify   '/Users/djiby/Documents/portfolio/portforlio/node_modules/@esbuild/android-arm'
2644 silly reify ]
2645 silly tarball no local data for parse5@https://registry.npmjs.org/parse5/-/parse5-7.3.0.tgz. Extracting by manifest.
2646 silly tarball no local data for parse5-sax-parser@https://registry.npmjs.org/parse5-sax-parser/-/parse5-sax-parser-7.0.0.tgz. Extracting by manifest.
2647 silly tarball no local data for entities@https://registry.npmjs.org/entities/-/entities-6.0.1.tgz. Extracting by manifest.
2648 silly tarball no local data for @esbuild/darwin-arm64@https://registry.npmjs.org/@esbuild/darwin-arm64/-/darwin-arm64-0.17.8.tgz. Extracting by manifest.
2649 silly tarball no local data for normalize-range@https://registry.npmjs.org/normalize-range/-/normalize-range-0.1.2.tgz. Extracting by manifest.
2650 silly tarball no local data for fraction.js@https://registry.npmjs.org/fraction.js/-/fraction.js-4.3.7.tgz. Extracting by manifest.
2651 silly tarball no local data for regenerator-runtime@https://registry.npmjs.org/regenerator-runtime/-/regenerator-runtime-0.13.11.tgz. Extracting by manifest.
2652 silly tarball no local data for babel-plugin-polyfill-corejs3@https://registry.npmjs.org/babel-plugin-polyfill-corejs3/-/babel-plugin-polyfill-corejs3-0.6.0.tgz. Extracting by manifest.
2653 silly tarball no local data for @babel/core@https://registry.npmjs.org/@babel/core/-/core-7.19.3.tgz. Extracting by manifest.
2654 silly tarball no local data for source-map-loader@https://registry.npmjs.org/source-map-loader/-/source-map-loader-4.0.1.tgz. Extracting by manifest.
2655 silly tarball no local data for sass-loader@https://registry.npmjs.org/sass-loader/-/sass-loader-13.2.0.tgz. Extracting by manifest.
2656 silly tarball no local data for sass@https://registry.npmjs.org/sass/-/sass-1.58.1.tgz. Extracting by manifest.
2657 silly tarball no local data for terser@https://registry.npmjs.org/terser/-/terser-5.16.3.tgz. Extracting by manifest.
2658 silly tarball no local data for webpack-dev-middleware@https://registry.npmjs.org/webpack-dev-middleware/-/webpack-dev-middleware-6.1.2.tgz. Extracting by manifest.
2659 silly tarball no local data for postcss-loader@https://registry.npmjs.org/postcss-loader/-/postcss-loader-7.0.2.tgz. Extracting by manifest.
2660 silly tarball no local data for parse5-html-rewriting-stream@https://registry.npmjs.org/parse5-html-rewriting-stream/-/parse5-html-rewriting-stream-7.0.0.tgz. Extracting by manifest.
2661 silly tarball no local data for entities@https://registry.npmjs.org/entities/-/entities-4.5.0.tgz. Extracting by manifest.
2662 silly tarball no local data for entities@https://registry.npmjs.org/entities/-/entities-6.0.1.tgz. Extracting by manifest.
2663 silly tarball no local data for mini-css-extract-plugin@https://registry.npmjs.org/mini-css-extract-plugin/-/mini-css-extract-plugin-2.7.2.tgz. Extracting by manifest.
2664 silly tarball no local data for less-loader@https://registry.npmjs.org/less-loader/-/less-loader-11.1.0.tgz. Extracting by manifest.
2665 silly tarball no local data for esbuild@https://registry.npmjs.org/esbuild/-/esbuild-0.17.8.tgz. Extracting by manifest.
2666 silly tarball no local data for css-loader@https://registry.npmjs.org/css-loader/-/css-loader-6.7.3.tgz. Extracting by manifest.
2667 silly tarball no local data for esbuild-wasm@https://registry.npmjs.org/esbuild-wasm/-/esbuild-wasm-0.17.8.tgz. Extracting by manifest.
2668 silly tarball no local data for cacache@https://registry.npmjs.org/cacache/-/cacache-17.0.4.tgz. Extracting by manifest.
2669 silly tarball no local data for autoprefixer@https://registry.npmjs.org/autoprefixer/-/autoprefixer-10.4.13.tgz. Extracting by manifest.
2670 silly tarball no local data for parse5@https://registry.npmjs.org/parse5/-/parse5-7.3.0.tgz. Extracting by manifest.
2671 silly tarball no local data for @babel/runtime@https://registry.npmjs.org/@babel/runtime/-/runtime-7.20.13.tgz. Extracting by manifest.
2672 silly tarball no local data for @ngtools/webpack@https://registry.npmjs.org/@ngtools/webpack/-/webpack-15.2.11.tgz. Extracting by manifest.
2673 silly tarball no local data for babel-loader@https://registry.npmjs.org/babel-loader/-/babel-loader-9.1.2.tgz. Extracting by manifest.
2674 silly tarball no local data for @babel/template@https://registry.npmjs.org/@babel/template/-/template-7.20.7.tgz. Extracting by manifest.
2675 silly tarball no local data for @babel/preset-env@https://registry.npmjs.org/@babel/preset-env/-/preset-env-7.20.2.tgz. Extracting by manifest.
2676 silly tarball no local data for @babel/plugin-proposal-async-generator-functions@https://registry.npmjs.org/@babel/plugin-proposal-async-generator-functions/-/plugin-proposal-async-generator-functions-7.20.7.tgz. Extracting by manifest.
2677 silly tarball no local data for @babel/helper-split-export-declaration@https://registry.npmjs.org/@babel/helper-split-export-declaration/-/helper-split-export-declaration-7.18.6.tgz. Extracting by manifest.
2678 silly tarball no local data for @babel/plugin-transform-runtime@https://registry.npmjs.org/@babel/plugin-transform-runtime/-/plugin-transform-runtime-7.19.6.tgz. Extracting by manifest.
2679 silly tarball no local data for @babel/generator@https://registry.npmjs.org/@babel/generator/-/generator-7.20.14.tgz. Extracting by manifest.
2680 silly tarball no local data for webpack-dev-server@https://registry.npmjs.org/webpack-dev-server/-/webpack-dev-server-4.11.1.tgz. Extracting by manifest.
2681 silly tarball no local data for @angular-devkit/build-webpack@https://registry.npmjs.org/@angular-devkit/build-webpack/-/build-webpack-0.1502.11.tgz. Extracting by manifest.
2682 silly tarball no local data for @babel/plugin-transform-async-to-generator@https://registry.npmjs.org/@babel/plugin-transform-async-to-generator/-/plugin-transform-async-to-generator-7.20.7.tgz. Extracting by manifest.
2683 silly tarball no local data for webpack-dev-middleware@https://registry.npmjs.org/webpack-dev-middleware/-/webpack-dev-middleware-5.3.4.tgz. Extracting by manifest.
2684 silly tarball no local data for @angular/platform-browser@https://registry.npmjs.org/@angular/platform-browser/-/platform-browser-15.2.10.tgz. Extracting by manifest.
2685 silly tarball no local data for @angular/router@https://registry.npmjs.org/@angular/router/-/router-15.2.10.tgz. Extracting by manifest.
2686 silly tarball no local data for @angular/common@https://registry.npmjs.org/@angular/common/-/common-15.2.10.tgz. Extracting by manifest.
2687 silly tarball no local data for @angular/forms@https://registry.npmjs.org/@angular/forms/-/forms-15.2.10.tgz. Extracting by manifest.
2688 silly tarball no local data for @angular/animations@https://registry.npmjs.org/@angular/animations/-/animations-15.2.10.tgz. Extracting by manifest.
2689 silly tarball no local data for @angular/core@https://registry.npmjs.org/@angular/core/-/core-15.2.10.tgz. Extracting by manifest.
2690 silly tarball no local data for @angular/compiler@https://registry.npmjs.org/@angular/compiler/-/compiler-15.2.10.tgz. Extracting by manifest.
2691 silly tarball no local data for @angular/compiler-cli@https://registry.npmjs.org/@angular/compiler-cli/-/compiler-cli-15.2.10.tgz. Extracting by manifest.
2692 silly tarball no local data for @angular/platform-browser-dynamic@https://registry.npmjs.org/@angular/platform-browser-dynamic/-/platform-browser-dynamic-15.2.10.tgz. Extracting by manifest.
2693 silly tarball no local data for typescript@https://registry.npmjs.org/typescript/-/typescript-4.9.5.tgz. Extracting by manifest.
2694 silly tarball no local data for tslib@https://registry.npmjs.org/tslib/-/tslib-2.5.0.tgz. Extracting by manifest.
2695 silly tarball no local data for browserslist@https://registry.npmjs.org/browserslist/-/browserslist-4.21.5.tgz. Extracting by manifest.
2696 silly tarball no local data for @babel/core@https://registry.npmjs.org/@babel/core/-/core-7.20.12.tgz. Extracting by manifest.
2697 silly tarball no local data for magic-string@https://registry.npmjs.org/magic-string/-/magic-string-0.27.0.tgz. Extracting by manifest.
2698 silly tarball no local data for chokidar@https://registry.npmjs.org/chokidar/-/chokidar-3.5.3.tgz. Extracting by manifest.
2699 silly tarball no local data for @angular-devkit/build-angular@https://registry.npmjs.org/@angular-devkit/build-angular/-/build-angular-15.2.11.tgz. Extracting by manifest.
2700 http fetch POST 200 https://registry.npmjs.org/-/npm/v1/security/advisories/bulk 702ms
2701 silly audit report {
2701 silly audit report   tmp: [
2701 silly audit report     {
2701 silly audit report       id: 1109537,
2701 silly audit report       url: 'https://github.com/advisories/GHSA-52f5-9888-hmc6',
2701 silly audit report       title: 'tmp allows arbitrary temporary file / directory write via symbolic link `dir` parameter',
2701 silly audit report       severity: 'low',
2701 silly audit report       vulnerable_versions: '<=0.2.3',
2701 silly audit report       cwe: [Array],
2701 silly audit report       cvss: [Object]
2701 silly audit report     }
2701 silly audit report   ],
2701 silly audit report   webpack: [
2701 silly audit report     {
2701 silly audit report       id: 1099351,
2701 silly audit report       url: 'https://github.com/advisories/GHSA-4vvj-4cpr-p986',
2701 silly audit report       title: "Webpack's AutoPublicPathRuntimeModule has a DOM Clobbering Gadget that leads to XSS",
2701 silly audit report       severity: 'moderate',
2701 silly audit report       vulnerable_versions: '>=5.0.0-alpha.0 <5.94.0',
2701 silly audit report       cwe: [Array],
2701 silly audit report       cvss: [Object]
2701 silly audit report     }
2701 silly audit report   ],
2701 silly audit report   '@angular/compiler': [
2701 silly audit report     {
2701 silly audit report       id: 1111180,
2701 silly audit report       url: 'https://github.com/advisories/GHSA-v4hv-rgfq-gp49',
2701 silly audit report       title: 'Angular Stored XSS Vulnerability via SVG Animation, SVG URL and MathML Attributes',
2701 silly audit report       severity: 'high',
2701 silly audit report       vulnerable_versions: '<=18.2.14',
2701 silly audit report       cwe: [Array],
2701 silly audit report       cvss: [Object]
2701 silly audit report     },
2701 silly audit report     {
2701 silly audit report       id: 1112156,
2701 silly audit report       url: 'https://github.com/advisories/GHSA-jrmj-c5cx-3cw6',
2701 silly audit report       title: 'Angular has XSS Vulnerability via Unsanitized SVG Script Attributes',
2701 silly audit report       severity: 'high',
2701 silly audit report       vulnerable_versions: '<=18.2.14',
2701 silly audit report       cwe: [Array],
2701 silly audit report       cvss: [Object]
2701 silly audit report     }
2701 silly audit report   ],
2701 silly audit report   '@angular/core': [
2701 silly audit report     {
2701 silly audit report       id: 1112155,
2701 silly audit report       url: 'https://github.com/advisories/GHSA-jrmj-c5cx-3cw6',
2701 silly audit report       title: 'Angular has XSS Vulnerability via Unsanitized SVG Script Attributes',
2701 silly audit report       severity: 'high',
2701 silly audit report       vulnerable_versions: '<=18.2.14',
2701 silly audit report       cwe: [Array],
2701 silly audit report       cvss: [Object]
2701 silly audit report     }
2701 silly audit report   ],
2701 silly audit report   '@angular/common': [
2701 silly audit report     {
2701 silly audit report       id: 1111063,
2701 silly audit report       url: 'https://github.com/advisories/GHSA-58c5-g7wp-6w37',
2701 silly audit report       title: 'Angular is Vulnerable to XSRF Token Leakage via Protocol-Relative URLs in Angular HTTP Client',
2701 silly audit report       severity: 'high',
2701 silly audit report       vulnerable_versions: '<19.2.16',
2701 silly audit report       cwe: [Array],
2701 silly audit report       cvss: [Object]
2701 silly audit report     }
2701 silly audit report   ],
2701 silly audit report   'webpack-dev-server': [
2701 silly audit report     {
2701 silly audit report       id: 1108429,
2701 silly audit report       url: 'https://github.com/advisories/GHSA-9jgg-88mc-972h',
2701 silly audit report       title: "webpack-dev-server users' source code may be stolen when they access a malicious web site with non-Chromium based browser",
2701 silly audit report       severity: 'moderate',
2701 silly audit report       vulnerable_versions: '<=5.2.0',
2701 silly audit report       cwe: [Array],
2701 silly audit report       cvss: [Object]
2701 silly audit report     },
2701 silly audit report     {
2701 silly audit report       id: 1108430,
2701 silly audit report       url: 'https://github.com/advisories/GHSA-4v9v-hfq4-rm2v',
2701 silly audit report       title: "webpack-dev-server users' source code may be stolen when they access a malicious web site",
2701 silly audit report       severity: 'moderate',
2701 silly audit report       vulnerable_versions: '<=5.2.0',
2701 silly audit report       cwe: [Array],
2701 silly audit report       cvss: [Object]
2701 silly audit report     }
2701 silly audit report   ],
2701 silly audit report   '@babel/runtime': [
2701 silly audit report     {
2701 silly audit report       id: 1104000,
2701 silly audit report       url: 'https://github.com/advisories/GHSA-968p-4wvh-cqc8',
2701 silly audit report       title: 'Babel has inefficient RegExp complexity in generated code with .replace when transpiling named capturing groups',
2701 silly audit report       severity: 'moderate',
2701 silly audit report       vulnerable_versions: '<7.26.10',
2701 silly audit report       cwe: [Array],
2701 silly audit report       cvss: [Object]
2701 silly audit report     }
2701 silly audit report   ],
2701 silly audit report   esbuild: [
2701 silly audit report     {
2701 silly audit report       id: 1102341,
2701 silly audit report       url: 'https://github.com/advisories/GHSA-67mh-4wv8-2f99',
2701 silly audit report       title: 'esbuild enables any website to send any requests to the development server and read the response',
2701 silly audit report       severity: 'moderate',
2701 silly audit report       vulnerable_versions: '<=0.24.2',
2701 silly audit report       cwe: [Array],
2701 silly audit report       cvss: [Object]
2701 silly audit report     }
2701 silly audit report   ],
2701 silly audit report   tar: [
2701 silly audit report     {
2701 silly audit report       id: 1112255,
2701 silly audit report       url: 'https://github.com/advisories/GHSA-8qq5-rm4j-mr97',
2701 silly audit report       title: 'node-tar is Vulnerable to Arbitrary File Overwrite and Symlink Poisoning via Insufficient Path Sanitization',
2701 silly audit report       severity: 'high',
2701 silly audit report       vulnerable_versions: '<=7.5.2',
2701 silly audit report       cwe: [Array],
2701 silly audit report       cvss: [Object]
2701 silly audit report     }
2701 silly audit report   ]
2701 silly audit report }
2702 silly packumentCache corgi:https://registry.npmjs.org/tmp cache-miss
2703 silly packumentCache corgi:https://registry.npmjs.org/webpack cache-miss
2704 silly packumentCache corgi:https://registry.npmjs.org/@angular%2fcompiler cache-miss
2705 silly packumentCache corgi:https://registry.npmjs.org/@angular%2fcore cache-miss
2706 silly packumentCache corgi:https://registry.npmjs.org/@angular%2fcommon cache-miss
2707 silly packumentCache corgi:https://registry.npmjs.org/webpack-dev-server cache-miss
2708 silly packumentCache corgi:https://registry.npmjs.org/@babel%2fruntime cache-miss
2709 silly packumentCache corgi:https://registry.npmjs.org/esbuild cache-miss
2710 silly packumentCache corgi:https://registry.npmjs.org/tar cache-miss
2711 warn deprecated inflight@1.0.6: This module is not supported, and leaks memory. Do not use it. Check out lru-cache if you want a good and tested way to coalesce async requests by a key value, which is much more comprehensive and powerful.
2712 warn deprecated @npmcli/move-file@2.0.1: This functionality has been moved to @npmcli/fs
2713 warn deprecated read-package-json@6.0.4: This package is no longer supported. Please use @npmcli/package-json instead.
2714 warn deprecated @babel/plugin-proposal-unicode-property-regex@7.18.6: This proposal has been merged to the ECMAScript standard and thus this plugin is no longer maintained. Please use @babel/plugin-transform-unicode-property-regex instead.
2715 warn deprecated @babel/plugin-proposal-optional-catch-binding@7.18.6: This proposal has been merged to the ECMAScript standard and thus this plugin is no longer maintained. Please use @babel/plugin-transform-optional-catch-binding instead.
2716 warn deprecated @babel/plugin-proposal-private-methods@7.18.6: This proposal has been merged to the ECMAScript standard and thus this plugin is no longer maintained. Please use @babel/plugin-transform-private-methods instead.
2717 warn deprecated @babel/plugin-proposal-numeric-separator@7.18.6: This proposal has been merged to the ECMAScript standard and thus this plugin is no longer maintained. Please use @babel/plugin-transform-numeric-separator instead.
2718 warn deprecated @babel/plugin-proposal-nullish-coalescing-operator@7.18.6: This proposal has been merged to the ECMAScript standard and thus this plugin is no longer maintained. Please use @babel/plugin-transform-nullish-coalescing-operator instead.
2719 warn deprecated @babel/plugin-proposal-json-strings@7.18.6: This proposal has been merged to the ECMAScript standard and thus this plugin is no longer maintained. Please use @babel/plugin-transform-json-strings instead.
2720 warn deprecated @babel/plugin-proposal-export-namespace-from@7.18.9: This proposal has been merged to the ECMAScript standard and thus this plugin is no longer maintained. Please use @babel/plugin-transform-export-namespace-from instead.
2721 warn deprecated @babel/plugin-proposal-dynamic-import@7.18.6: This proposal has been merged to the ECMAScript standard and thus this plugin is no longer maintained. Please use @babel/plugin-transform-dynamic-import instead.
2722 warn deprecated @babel/plugin-proposal-class-properties@7.18.6: This proposal has been merged to the ECMAScript standard and thus this plugin is no longer maintained. Please use @babel/plugin-transform-class-properties instead.
2723 warn deprecated npmlog@6.0.2: This package is no longer supported.
2724 warn deprecated @babel/plugin-proposal-logical-assignment-operators@7.20.7: This proposal has been merged to the ECMAScript standard and thus this plugin is no longer maintained. Please use @babel/plugin-transform-logical-assignment-operators instead.
2725 warn deprecated @babel/plugin-proposal-class-static-block@7.21.0: This proposal has been merged to the ECMAScript standard and thus this plugin is no longer maintained. Please use @babel/plugin-transform-class-static-block instead.
2726 warn deprecated abab@2.0.6: Use your platform's native atob() and btoa() methods instead
2727 warn deprecated @babel/plugin-proposal-private-property-in-object@7.21.11: This proposal has been merged to the ECMAScript standard and thus this plugin is no longer maintained. Please use @babel/plugin-transform-private-property-in-object instead.
2728 warn deprecated @babel/plugin-proposal-optional-chaining@7.21.0: This proposal has been merged to the ECMAScript standard and thus this plugin is no longer maintained. Please use @babel/plugin-transform-optional-chaining instead.
2729 warn deprecated rimraf@3.0.2: Rimraf versions prior to v4 are no longer supported
2730 warn deprecated acorn-import-assertions@1.9.0: package has been renamed to acorn-import-attributes
2731 warn deprecated are-we-there-yet@3.0.1: This package is no longer supported.
2732 warn deprecated glob@7.2.3: Glob versions prior to v9 are no longer supported
2733 warn deprecated glob@8.1.0: Glob versions prior to v9 are no longer supported
2734 warn deprecated glob@7.2.3: Glob versions prior to v9 are no longer supported
2735 warn deprecated glob@7.2.3: Glob versions prior to v9 are no longer supported
2736 warn deprecated glob@7.2.3: Glob versions prior to v9 are no longer supported
2737 http fetch GET 200 https://registry.npmjs.org/parse5-sax-parser/-/parse5-sax-parser-7.0.0.tgz 891ms (cache miss)
2738 warn deprecated @babel/plugin-proposal-object-rest-spread@7.20.7: This proposal has been merged to the ECMAScript standard and thus this plugin is no longer maintained. Please use @babel/plugin-transform-object-rest-spread instead.
2739 http fetch GET 200 https://registry.npmjs.org/normalize-range/-/normalize-range-0.1.2.tgz 901ms (cache miss)
2740 http fetch GET 200 https://registry.npmjs.org/fraction.js/-/fraction.js-4.3.7.tgz 911ms (cache miss)
2741 http fetch GET 200 https://registry.npmjs.org/source-map-loader/-/source-map-loader-4.0.1.tgz 906ms (cache miss)
2742 http fetch GET 200 https://registry.npmjs.org/parse5-html-rewriting-stream/-/parse5-html-rewriting-stream-7.0.0.tgz 905ms (cache miss)
2743 http fetch GET 200 https://registry.npmjs.org/regenerator-runtime/-/regenerator-runtime-0.13.11.tgz 919ms (cache miss)
2744 http fetch GET 200 https://registry.npmjs.org/postcss-loader/-/postcss-loader-7.0.2.tgz 913ms (cache miss)
2745 http fetch GET 200 https://registry.npmjs.org/less-loader/-/less-loader-11.1.0.tgz 919ms (cache miss)
2746 http fetch GET 200 https://registry.npmjs.org/@babel/plugin-proposal-async-generator-functions/-/plugin-proposal-async-generator-functions-7.20.7.tgz 937ms (cache miss)
2747 warn deprecated @babel/plugin-proposal-async-generator-functions@7.20.7: This proposal has been merged to the ECMAScript standard and thus this plugin is no longer maintained. Please use @babel/plugin-transform-async-generator-functions instead.
2748 http fetch GET 200 https://registry.npmjs.org/tmp 323ms (cache hit)
2749 silly packumentCache corgi:https://registry.npmjs.org/tmp set size:23979 disposed:false
2750 http fetch GET 200 https://registry.npmjs.org/tar 322ms (cache hit)
2751 silly packumentCache corgi:https://registry.npmjs.org/tar set size:190166 disposed:false
2752 http fetch GET 200 https://registry.npmjs.org/babel-loader/-/babel-loader-9.1.2.tgz 980ms (cache miss)
2753 warn deprecated gauge@4.0.4: This package is no longer supported.
2754 http fetch GET 200 https://registry.npmjs.org/cacache/-/cacache-17.0.4.tgz 1017ms (cache miss)
2755 http fetch GET 200 https://registry.npmjs.org/esbuild/-/esbuild-0.17.8.tgz 1019ms (cache miss)
2756 http fetch GET 200 https://registry.npmjs.org/babel-plugin-polyfill-corejs3/-/babel-plugin-polyfill-corejs3-0.6.0.tgz 1040ms (cache miss)
2757 http fetch GET 200 https://registry.npmjs.org/@babel/helper-split-export-declaration/-/helper-split-export-declaration-7.18.6.tgz 1040ms (cache miss)
2758 http fetch GET 200 https://registry.npmjs.org/sass-loader/-/sass-loader-13.2.0.tgz 1062ms (cache miss)
2759 http fetch GET 200 https://registry.npmjs.org/@babel/plugin-transform-async-to-generator/-/plugin-transform-async-to-generator-7.20.7.tgz 1079ms (cache miss)
2760 http fetch GET 200 https://registry.npmjs.org/browserslist/-/browserslist-4.21.5.tgz 1076ms (cache miss)
2761 http fetch GET 200 https://registry.npmjs.org/mini-css-extract-plugin/-/mini-css-extract-plugin-2.7.2.tgz 1086ms (cache miss)
2762 http fetch GET 200 https://registry.npmjs.org/tslib/-/tslib-2.5.0.tgz 1094ms (cache miss)
2763 warn deprecated tar@6.2.1: Old versions of tar are not supported, and contain widely publicized security vulnerabilities, which have been fixed in the current version. Please update. Support for old versions may be purchased (at exhorbitant rates) by contacting i@izs.me
2764 http fetch GET 200 https://registry.npmjs.org/webpack-dev-middleware/-/webpack-dev-middleware-5.3.4.tgz 1149ms (cache miss)
2765 http fetch GET 200 https://registry.npmjs.org/@angular-devkit/build-webpack/-/build-webpack-0.1502.11.tgz 1150ms (cache miss)
2766 http fetch GET 200 https://registry.npmjs.org/css-loader/-/css-loader-6.7.3.tgz 1157ms (cache miss)
2767 http fetch GET 200 https://registry.npmjs.org/webpack-dev-server 558ms (cache revalidated)
2768 silly packumentCache corgi:https://registry.npmjs.org/webpack-dev-server set size:458386 disposed:false
2769 http fetch GET 200 https://registry.npmjs.org/@babel/plugin-transform-runtime/-/plugin-transform-runtime-7.19.6.tgz 1180ms (cache miss)
2770 http fetch GET 200 https://registry.npmjs.org/webpack-dev-middleware/-/webpack-dev-middleware-6.1.2.tgz 1209ms (cache miss)
2771 http fetch GET 200 https://registry.npmjs.org/chokidar/-/chokidar-3.5.3.tgz 1243ms (cache miss)
2772 http fetch GET 200 https://registry.npmjs.org/magic-string/-/magic-string-0.27.0.tgz 1245ms (cache miss)
2773 http fetch GET 200 https://registry.npmjs.org/@babel/preset-env/-/preset-env-7.20.2.tgz 1264ms (cache miss)
2774 http fetch GET 200 https://registry.npmjs.org/@ngtools/webpack/-/webpack-15.2.11.tgz 1314ms (cache miss)
2775 http fetch GET 200 https://registry.npmjs.org/webpack-dev-server/-/webpack-dev-server-4.11.1.tgz 1350ms (cache miss)
2776 http fetch GET 200 https://registry.npmjs.org/@babel/generator/-/generator-7.20.14.tgz 1357ms (cache miss)
2777 http fetch GET 200 https://registry.npmjs.org/entities/-/entities-4.5.0.tgz 1381ms (cache miss)
2778 http fetch GET 200 https://registry.npmjs.org/autoprefixer/-/autoprefixer-10.4.13.tgz 1383ms (cache miss)
2779 http fetch GET 200 https://registry.npmjs.org/@angular/platform-browser-dynamic/-/platform-browser-dynamic-15.2.10.tgz 1378ms (cache miss)
2780 http fetch GET 200 https://registry.npmjs.org/@babel/template/-/template-7.20.7.tgz 1399ms (cache miss)
2781 http fetch GET 200 https://registry.npmjs.org/entities/-/entities-6.0.1.tgz 1445ms (cache miss)
2782 http fetch GET 200 https://registry.npmjs.org/entities/-/entities-6.0.1.tgz 1436ms (cache miss)
2783 http fetch GET 200 https://registry.npmjs.org/parse5/-/parse5-7.3.0.tgz 1455ms (cache miss)
2784 http fetch GET 200 https://registry.npmjs.org/parse5/-/parse5-7.3.0.tgz 1452ms (cache miss)
2785 http fetch GET 200 https://registry.npmjs.org/webpack 853ms (cache revalidated)
2786 silly packumentCache corgi:https://registry.npmjs.org/webpack set size:1981654 disposed:false
2787 http fetch GET 200 https://registry.npmjs.org/@babel%2fruntime 922ms (cache revalidated)
2788 silly packumentCache corgi:https://registry.npmjs.org/@babel%2fruntime set size:219996 disposed:false
2789 http fetch GET 200 https://registry.npmjs.org/esbuild 932ms (cache revalidated)
2790 silly packumentCache corgi:https://registry.npmjs.org/esbuild set size:877737 disposed:false
2791 http fetch GET 200 https://registry.npmjs.org/@angular/platform-browser/-/platform-browser-15.2.10.tgz 1631ms (cache miss)
2792 http fetch GET 200 https://registry.npmjs.org/@babel/runtime/-/runtime-7.20.13.tgz 1636ms (cache miss)
2793 http fetch GET 200 https://registry.npmjs.org/@babel/core/-/core-7.19.3.tgz 1684ms (cache miss)
2794 http fetch GET 200 https://registry.npmjs.org/terser/-/terser-5.16.3.tgz 1681ms (cache miss)
2795 http fetch GET 200 https://registry.npmjs.org/@angular/forms/-/forms-15.2.10.tgz 1758ms (cache miss)
2796 http fetch GET 200 https://registry.npmjs.org/@angular/animations/-/animations-15.2.10.tgz 1765ms (cache miss)
2797 http fetch GET 200 https://registry.npmjs.org/@angular%2fcommon 1192ms (cache revalidated)
2798 silly packumentCache corgi:https://registry.npmjs.org/@angular%2fcommon set size:1117534 disposed:false
2799 http fetch GET 200 https://registry.npmjs.org/@angular/router/-/router-15.2.10.tgz 1826ms (cache miss)
2800 http fetch GET 200 https://registry.npmjs.org/sass/-/sass-1.58.1.tgz 1834ms (cache miss)
2801 http fetch GET 200 https://registry.npmjs.org/@babel/core/-/core-7.20.12.tgz 1912ms (cache miss)
2802 http fetch GET 200 https://registry.npmjs.org/@esbuild/darwin-arm64/-/darwin-arm64-0.17.8.tgz 2068ms (cache miss)
2803 http fetch GET 200 https://registry.npmjs.org/esbuild-wasm/-/esbuild-wasm-0.17.8.tgz 2104ms (cache miss)
2804 http fetch GET 200 https://registry.npmjs.org/@angular%2fcompiler 1493ms (cache revalidated)
2805 silly packumentCache corgi:https://registry.npmjs.org/@angular%2fcompiler set size:1094455 disposed:false
2806 http fetch GET 200 https://registry.npmjs.org/@angular-devkit/build-angular/-/build-angular-15.2.11.tgz 2160ms (cache miss)
2807 http fetch GET 200 https://registry.npmjs.org/@angular/compiler/-/compiler-15.2.10.tgz 2170ms (cache miss)
2808 http fetch GET 200 https://registry.npmjs.org/@angular%2fcore 1683ms (cache revalidated)
2809 silly packumentCache corgi:https://registry.npmjs.org/@angular%2fcore set size:1117256 disposed:false
2810 silly packumentCache corgi:https://registry.npmjs.org/external-editor cache-miss
2811 http fetch GET 200 https://registry.npmjs.org/external-editor 10ms (cache hit)
2812 silly packumentCache corgi:https://registry.npmjs.org/external-editor set size:17808 disposed:false
2813 silly packumentCache corgi:https://registry.npmjs.org/copy-webpack-plugin cache-miss
2814 silly packumentCache corgi:https://registry.npmjs.org/terser-webpack-plugin cache-miss
2815 silly packumentCache corgi:https://registry.npmjs.org/webpack-subresource-integrity cache-miss
2816 silly packumentCache corgi:https://registry.npmjs.org/@angular-devkit%2fbuild-angular cache-miss
2817 silly packumentCache corgi:https://registry.npmjs.org/@angular-devkit%2fbuild-webpack cache-miss
2818 silly packumentCache corgi:https://registry.npmjs.org/@ngtools%2fwebpack cache-miss
2819 silly packumentCache corgi:https://registry.npmjs.org/babel-loader cache-miss
2820 silly packumentCache corgi:https://registry.npmjs.org/css-loader cache-miss
2821 silly packumentCache corgi:https://registry.npmjs.org/less-loader cache-miss
2822 silly packumentCache corgi:https://registry.npmjs.org/mini-css-extract-plugin cache-miss
2823 silly packumentCache corgi:https://registry.npmjs.org/postcss-loader cache-miss
2824 silly packumentCache corgi:https://registry.npmjs.org/sass-loader cache-miss
2825 silly packumentCache corgi:https://registry.npmjs.org/source-map-loader cache-miss
2826 silly packumentCache corgi:https://registry.npmjs.org/webpack-dev-middleware cache-miss
2827 http fetch GET 200 https://registry.npmjs.org/@angular/compiler-cli/-/compiler-cli-15.2.10.tgz 2365ms (cache miss)
2828 http fetch GET 200 https://registry.npmjs.org/postcss-loader 269ms (cache revalidated)
2829 silly packumentCache corgi:https://registry.npmjs.org/postcss-loader set size:132485 disposed:false
2830 http fetch GET 200 https://registry.npmjs.org/css-loader 279ms (cache revalidated)
2831 silly packumentCache corgi:https://registry.npmjs.org/css-loader set size:239472 disposed:false
2832 http fetch GET 200 https://registry.npmjs.org/less-loader 285ms (cache revalidated)
2833 silly packumentCache corgi:https://registry.npmjs.org/less-loader set size:93680 disposed:false
2834 http fetch GET 200 https://registry.npmjs.org/copy-webpack-plugin 287ms (cache revalidated)
2835 silly packumentCache corgi:https://registry.npmjs.org/copy-webpack-plugin set size:138758 disposed:false
2836 http fetch GET 200 https://registry.npmjs.org/terser-webpack-plugin 295ms (cache revalidated)
2837 silly packumentCache corgi:https://registry.npmjs.org/terser-webpack-plugin set size:203483 disposed:false
2838 http fetch GET 200 https://registry.npmjs.org/webpack-subresource-integrity 300ms (cache revalidated)
2839 silly packumentCache corgi:https://registry.npmjs.org/webpack-subresource-integrity set size:93374 disposed:false
2840 http fetch GET 200 https://registry.npmjs.org/babel-loader 302ms (cache revalidated)
2841 silly packumentCache corgi:https://registry.npmjs.org/babel-loader set size:112155 disposed:false
2842 http fetch GET 200 https://registry.npmjs.org/mini-css-extract-plugin 304ms (cache revalidated)
2843 silly packumentCache corgi:https://registry.npmjs.org/mini-css-extract-plugin set size:184585 disposed:false
2844 http fetch GET 200 https://registry.npmjs.org/webpack-dev-middleware 305ms (cache revalidated)
2845 silly packumentCache corgi:https://registry.npmjs.org/webpack-dev-middleware set size:169900 disposed:false
2846 http fetch GET 200 https://registry.npmjs.org/source-map-loader 308ms (cache revalidated)
2847 silly packumentCache corgi:https://registry.npmjs.org/source-map-loader set size:45783 disposed:false
2848 http fetch GET 200 https://registry.npmjs.org/sass-loader 310ms (cache revalidated)
2849 silly packumentCache corgi:https://registry.npmjs.org/sass-loader set size:203008 disposed:false
2850 http fetch GET 200 https://registry.npmjs.org/@angular-devkit%2fbuild-webpack 488ms (cache revalidated)
2851 silly packumentCache corgi:https://registry.npmjs.org/@angular-devkit%2fbuild-webpack set size:1178768 disposed:false
2852 http fetch GET 200 https://registry.npmjs.org/@angular-devkit%2fbuild-angular 512ms (cache revalidated)
2853 silly packumentCache corgi:https://registry.npmjs.org/@angular-devkit%2fbuild-angular set size:2966350 disposed:false
2854 http fetch GET 200 https://registry.npmjs.org/@angular/core/-/core-15.2.10.tgz 2863ms (cache miss)
2855 http fetch GET 200 https://registry.npmjs.org/@ngtools%2fwebpack 946ms (cache revalidated)
2856 silly packumentCache corgi:https://registry.npmjs.org/@ngtools%2fwebpack set size:1266916 disposed:false
2857 silly packumentCache corgi:https://registry.npmjs.org/@angular%2fcompiler-cli cache-miss
2858 silly packumentCache corgi:https://registry.npmjs.org/@angular%2fplatform-browser-dynamic cache-miss
2859 http fetch GET 200 https://registry.npmjs.org/@angular/common/-/common-15.2.10.tgz 3609ms (cache miss)
2860 http fetch GET 200 https://registry.npmjs.org/typescript/-/typescript-4.9.5.tgz 3624ms (cache miss)
2861 info run nice-napi@1.0.2 install node_modules/nice-napi node-gyp-build
2862 http fetch GET 200 https://registry.npmjs.org/@angular%2fcompiler-cli 491ms (cache revalidated)
2863 silly packumentCache corgi:https://registry.npmjs.org/@angular%2fcompiler-cli set size:1455330 disposed:false
2864 http fetch GET 200 https://registry.npmjs.org/@angular%2fplatform-browser-dynamic 522ms (cache revalidated)
2865 silly packumentCache corgi:https://registry.npmjs.org/@angular%2fplatform-browser-dynamic set size:1250713 disposed:false
2866 silly packumentCache corgi:https://registry.npmjs.org/@angular%2fanimations cache-miss
2867 silly packumentCache corgi:https://registry.npmjs.org/@angular%2fforms cache-miss
2868 silly packumentCache corgi:https://registry.npmjs.org/@angular%2fplatform-browser cache-miss
2869 silly packumentCache corgi:https://registry.npmjs.org/@angular%2frouter cache-miss
2870 http fetch GET 200 https://registry.npmjs.org/@angular%2frouter 47ms (cache hit)
2871 silly packumentCache corgi:https://registry.npmjs.org/@angular%2frouter set size:1205399 disposed:false
2872 http fetch GET 200 https://registry.npmjs.org/@angular%2fplatform-browser 533ms (cache revalidated)
2873 silly packumentCache corgi:https://registry.npmjs.org/@angular%2fplatform-browser set size:1222511 disposed:false
2874 http fetch GET 200 https://registry.npmjs.org/@angular%2fanimations 545ms (cache revalidated)
2875 silly packumentCache corgi:https://registry.npmjs.org/@angular%2fanimations set size:1078352 disposed:false
2876 http fetch GET 200 https://registry.npmjs.org/@angular%2fforms 984ms (cache revalidated)
2877 silly packumentCache corgi:https://registry.npmjs.org/@angular%2fforms set size:1175572 disposed:false
2878 silly packumentCache corgi:https://registry.npmjs.org/cacache cache-miss
2879 silly packumentCache corgi:https://registry.npmjs.org/pacote cache-miss
2880 silly packumentCache corgi:https://registry.npmjs.org/node-gyp cache-miss
2881 http fetch GET 200 https://registry.npmjs.org/node-gyp 6ms (cache hit)
2882 silly packumentCache corgi:https://registry.npmjs.org/node-gyp set size:156213 disposed:false
2883 http fetch GET 200 https://registry.npmjs.org/cacache 8ms (cache hit)
2884 silly packumentCache corgi:https://registry.npmjs.org/cacache set size:155668 disposed:false
2885 http fetch GET 200 https://registry.npmjs.org/pacote 10ms (cache hit)
2886 silly packumentCache corgi:https://registry.npmjs.org/pacote set size:388737 disposed:false
2887 silly packumentCache corgi:https://registry.npmjs.org/inquirer cache-miss
2888 http fetch GET 200 https://registry.npmjs.org/inquirer 5ms (cache hit)
2889 silly packumentCache corgi:https://registry.npmjs.org/inquirer set size:253599 disposed:false
2890 silly packumentCache corgi:https://registry.npmjs.org/@npmcli%2frun-script cache-miss
2891 http fetch GET 200 https://registry.npmjs.org/@npmcli%2frun-script 2ms (cache hit)
2892 silly packumentCache corgi:https://registry.npmjs.org/@npmcli%2frun-script set size:98912 disposed:false
2893 silly packumentCache corgi:https://registry.npmjs.org/make-fetch-happen cache-miss
2894 http fetch GET 200 https://registry.npmjs.org/make-fetch-happen 4ms (cache hit)
2895 silly packumentCache corgi:https://registry.npmjs.org/make-fetch-happen set size:181868 disposed:false
2896 silly packumentCache corgi:https://registry.npmjs.org/@angular%2fcli cache-miss
2897 http fetch GET 200 https://registry.npmjs.org/@angular%2fcli 4ms (cache hit)
2898 silly packumentCache corgi:https://registry.npmjs.org/@angular%2fcli set size:1722534 disposed:false
2899 silly packumentCache corgi:https://registry.npmjs.org/npm-registry-fetch cache-miss
2900 silly packumentCache corgi:https://registry.npmjs.org/sigstore cache-miss
2901 silly packumentCache corgi:https://registry.npmjs.org/@sigstore%2fsign cache-miss
2902 silly packumentCache corgi:https://registry.npmjs.org/tuf-js cache-miss
2903 http fetch GET 200 https://registry.npmjs.org/tuf-js 4ms (cache hit)
2904 silly packumentCache corgi:https://registry.npmjs.org/tuf-js set size:38215 disposed:false
2905 http fetch GET 200 https://registry.npmjs.org/sigstore 6ms (cache hit)
2906 silly packumentCache corgi:https://registry.npmjs.org/sigstore set size:62485 disposed:false
2907 http fetch GET 200 https://registry.npmjs.org/@sigstore%2fsign 6ms (cache hit)
2908 silly packumentCache corgi:https://registry.npmjs.org/@sigstore%2fsign set size:15485 disposed:false
2909 http fetch GET 200 https://registry.npmjs.org/npm-registry-fetch 7ms (cache hit)
2910 silly packumentCache corgi:https://registry.npmjs.org/npm-registry-fetch set size:133668 disposed:false
2911 silly packumentCache corgi:https://registry.npmjs.org/@sigstore%2ftuf cache-miss
2912 http fetch GET 200 https://registry.npmjs.org/@sigstore%2ftuf 1ms (cache hit)
2913 silly packumentCache corgi:https://registry.npmjs.org/@sigstore%2ftuf set size:15441 disposed:false
2914 info run nice-napi@1.0.2 install { code: 0, signal: null }
2915 info run esbuild@0.17.8 postinstall node_modules/esbuild node install.js
2916 info run esbuild@0.17.8 postinstall { code: 0, signal: null }
2917 silly ADD node_modules/eastasianwidth
2918 silly ADD node_modules/wrap-ansi-cjs
2919 silly ADD node_modules/strip-ansi-cjs
2920 silly ADD node_modules/string-width-cjs
2921 silly ADD node_modules/@pkgjs/parseargs
2922 silly ADD node_modules/@isaacs/cliui
2923 silly ADD node_modules/@isaacs/cliui/node_modules/ansi-styles
2924 silly ADD node_modules/@isaacs/cliui/node_modules/ansi-regex
2925 silly ADD node_modules/@isaacs/cliui/node_modules/emoji-regex
2926 silly ADD node_modules/@isaacs/cliui/node_modules/wrap-ansi
2927 silly ADD node_modules/@isaacs/cliui/node_modules/strip-ansi
2928 silly ADD node_modules/@isaacs/cliui/node_modules/string-width
2929 silly ADD node_modules/path-scurry
2930 silly ADD node_modules/path-scurry/node_modules/minipass
2931 silly ADD node_modules/path-scurry/node_modules/lru-cache
2932 silly ADD node_modules/package-json-from-dist
2933 silly ADD node_modules/jackspeak
2934 silly ADD node_modules/foreground-child
2935 silly ADD node_modules/foreground-child/node_modules/signal-exit
2936 silly ADD node_modules/@gar/promisify
2937 silly ADD node_modules/infer-owner
2938 silly ADD node_modules/@npmcli/move-file
2939 silly ADD node_modules/pify
2940 silly ADD node_modules/process-nextick-args
2941 silly ADD node_modules/isarray
2942 silly ADD node_modules/core-util-is
2943 silly ADD node_modules/@types/mime
2944 silly ADD node_modules/websocket-extensions
2945 silly ADD node_modules/http-parser-js
2946 silly ADD node_modules/minimalistic-assert
2947 silly ADD node_modules/wbuf
2948 silly ADD node_modules/obuf
2949 silly ADD node_modules/hpack.js
2950 silly ADD node_modules/hpack.js/node_modules/string_decoder
2951 silly ADD node_modules/hpack.js/node_modules/safe-buffer
2952 silly ADD node_modules/hpack.js/node_modules/readable-stream
2953 silly ADD node_modules/detect-node
2954 silly ADD node_modules/spdy-transport
2955 silly ADD node_modules/select-hose
2956 silly ADD node_modules/http-deceiver
2957 silly ADD node_modules/handle-thing
2958 silly ADD node_modules/websocket-driver
2959 silly ADD node_modules/uuid
2960 silly ADD node_modules/faye-websocket
2961 silly ADD node_modules/shebang-regex
2962 silly ADD node_modules/batch
2963 silly ADD node_modules/node-forge
2964 silly ADD node_modules/@types/node-forge
2965 silly ADD node_modules/forwarded
2966 silly ADD node_modules/@types/retry
2967 silly ADD node_modules/@leichtgewicht/ip-codec
2968 silly ADD node_modules/thunky
2969 silly ADD node_modules/dns-packet
2970 silly ADD node_modules/is-plain-obj
2971 silly ADD node_modules/@types/http-proxy
2972 silly ADD node_modules/serve-static
2973 silly ADD node_modules/serve-static/node_modules/encodeurl
2974 silly ADD node_modules/send
2975 silly ADD node_modules/send/node_modules/statuses
2976 silly ADD node_modules/send/node_modules/ms
2977 silly ADD node_modules/send/node_modules/mime
2978 silly ADD node_modules/send/node_modules/encodeurl
2979 silly ADD node_modules/send/node_modules/debug
2980 silly ADD node_modules/send/node_modules/debug/node_modules/ms
2981 silly ADD node_modules/proxy-addr
2982 silly ADD node_modules/proxy-addr/node_modules/ipaddr.js
2983 silly ADD node_modules/path-to-regexp
2984 silly ADD node_modules/methods
2985 silly ADD node_modules/merge-descriptors
2986 silly ADD node_modules/fresh
2987 silly ADD node_modules/etag
2988 silly ADD node_modules/cookie-signature
2989 silly ADD node_modules/content-disposition
2990 silly ADD node_modules/array-flatten
2991 silly ADD node_modules/shebang-command
2992 silly ADD node_modules/path-key
2993 silly ADD node_modules/strip-final-newline
2994 silly ADD node_modules/npm-run-path
2995 silly ADD node_modules/is-stream
2996 silly ADD node_modules/human-signals
2997 silly ADD node_modules/get-stream
2998 silly ADD node_modules/cross-spawn
2999 silly ADD node_modules/cross-spawn/node_modules/which
3000 silly ADD node_modules/execa
3001 silly ADD node_modules/on-headers
3002 silly ADD node_modules/compressible
3003 silly ADD node_modules/multicast-dns
3004 silly ADD node_modules/@types/http-errors
3005 silly ADD node_modules/@types/send
3006 silly ADD node_modules/@types/range-parser
3007 silly ADD node_modules/@types/connect
3008 silly ADD node_modules/@types/qs
3009 silly ADD node_modules/@types/body-parser
3010 silly ADD node_modules/@types/express-serve-static-core
3011 silly ADD node_modules/spdy
3012 silly ADD node_modules/sockjs
3013 silly ADD node_modules/serve-index
3014 silly ADD node_modules/serve-index/node_modules/setprototypeof
3015 silly ADD node_modules/serve-index/node_modules/inherits
3016 silly ADD node_modules/serve-index/node_modules/depd
3017 silly ADD node_modules/serve-index/node_modules/ms
3018 silly ADD node_modules/serve-index/node_modules/http-errors
3019 silly ADD node_modules/serve-index/node_modules/debug
3020 silly ADD node_modules/selfsigned
3021 silly ADD node_modules/p-retry
3022 silly ADD node_modules/p-retry/node_modules/retry
3023 silly ADD node_modules/ipaddr.js
3024 silly ADD node_modules/http-proxy-middleware
3025 silly ADD node_modules/html-entities
3026 silly ADD node_modules/express
3027 silly ADD node_modules/express/node_modules/ms
3028 silly ADD node_modules/express/node_modules/statuses
3029 silly ADD node_modules/express/node_modules/finalhandler
3030 silly ADD node_modules/express/node_modules/encodeurl
3031 silly ADD node_modules/express/node_modules/debug
3032 silly ADD node_modules/default-gateway
3033 silly ADD node_modules/connect-history-api-fallback
3034 silly ADD node_modules/compression
3035 silly ADD node_modules/compression/node_modules/ms
3036 silly ADD node_modules/compression/node_modules/debug
3037 silly ADD node_modules/bonjour-service
3038 silly ADD node_modules/ansi-html-community
3039 silly ADD node_modules/@types/ws
3040 silly ADD node_modules/@types/sockjs
3041 silly ADD node_modules/@types/serve-static
3042 silly ADD node_modules/@types/serve-static/node_modules/@types/send
3043 silly ADD node_modules/@types/serve-index
3044 silly ADD node_modules/@types/express
3045 silly ADD node_modules/@types/express/node_modules/@types/express-serve-static-core
3046 silly ADD node_modules/@types/connect-history-api-fallback
3047 silly ADD node_modules/@types/bonjour
3048 silly ADD node_modules/fs-monkey
3049 silly ADD node_modules/memfs
3050 silly ADD node_modules/colorette
3051 silly ADD node_modules/spdx-exceptions
3052 silly ADD node_modules/spdx-license-ids
3053 silly ADD node_modules/spdx-expression-parse
3054 silly ADD node_modules/spdx-correct
3055 silly ADD node_modules/imurmurhash
3056 silly ADD node_modules/unique-slug
3057 silly ADD node_modules/unicode-property-aliases-ecmascript
3058 silly ADD node_modules/unicode-canonical-property-names-ecmascript
3059 silly ADD node_modules/@tufjs/canonical-json
3060 silly ADD node_modules/@tufjs/models
3061 silly ADD node_modules/@tufjs/models/node_modules/minimatch
3062 silly ADD node_modules/mkdirp
3063 silly ADD node_modules/chownr
3064 silly ADD node_modules/abab
3065 silly ADD node_modules/smart-buffer
3066 silly ADD node_modules/ip-address
3067 silly ADD node_modules/socks
3068 silly ADD node_modules/tuf-js
3069 silly ADD node_modules/tuf-js/node_modules/minipass-fetch
3070 silly ADD node_modules/tuf-js/node_modules/minipass-fetch/node_modules/minipass
3071 silly ADD node_modules/tuf-js/node_modules/minipass
3072 silly ADD node_modules/tuf-js/node_modules/lru-cache
3073 silly ADD node_modules/tuf-js/node_modules/make-fetch-happen
3074 silly ADD node_modules/@sigstore/tuf
3075 silly ADD node_modules/@sigstore/sign
3076 silly ADD node_modules/@sigstore/sign/node_modules/minipass-fetch
3077 silly ADD node_modules/@sigstore/sign/node_modules/minipass-fetch/node_modules/minipass
3078 silly ADD node_modules/@sigstore/sign/node_modules/minipass
3079 silly ADD node_modules/@sigstore/sign/node_modules/lru-cache
3080 silly ADD node_modules/@sigstore/sign/node_modules/make-fetch-happen
3081 silly ADD node_modules/@sigstore/protobuf-specs
3082 silly ADD node_modules/@sigstore/bundle
3083 silly ADD node_modules/immutable
3084 silly ADD node_modules/unicode-match-property-value-ecmascript
3085 silly ADD node_modules/unicode-match-property-ecmascript
3086 silly ADD node_modules/regjsparser
3087 silly ADD node_modules/regjsparser/node_modules/jsesc
3088 silly ADD node_modules/regjsgen
3089 silly ADD node_modules/regenerate-unicode-properties
3090 silly ADD node_modules/regenerate
3091 silly ADD node_modules/validate-npm-package-license
3092 silly ADD node_modules/normalize-package-data
3093 silly ADD node_modules/retry
3094 silly ADD node_modules/err-code
3095 silly ADD node_modules/cssesc
3096 silly ADD node_modules/postcss-selector-parser
3097 silly ADD node_modules/is-arrayish
3098 silly ADD node_modules/lines-and-columns
3099 silly ADD node_modules/error-ex
3100 silly ADD node_modules/callsites
3101 silly ADD node_modules/parent-module
3102 silly ADD node_modules/yaml
3103 silly ADD node_modules/parse-json
3104 silly ADD node_modules/import-fresh
3105 silly ADD node_modules/import-fresh/node_modules/resolve-from
3106 silly ADD node_modules/@types/parse-json
3107 silly ADD node_modules/cosmiconfig
3108 silly ADD node_modules/parse5-sax-parser
3109 silly ADD node_modules/parse5-sax-parser/node_modules/entities
3110 silly ADD node_modules/parse5-sax-parser/node_modules/parse5
3111 silly ADD node_modules/wide-align
3112 silly ADD node_modules/has-unicode
3113 silly ADD node_modules/color-support
3114 silly ADD node_modules/aproba
3115 silly ADD node_modules/delegates
3116 silly ADD node_modules/set-blocking
3117 silly ADD node_modules/gauge
3118 silly ADD node_modules/console-control-strings
3119 silly ADD node_modules/are-we-there-yet
3120 silly ADD node_modules/jsonparse
3121 silly ADD node_modules/minipass-json-stream
3122 silly ADD node_modules/minipass-json-stream/node_modules/yallist
3123 silly ADD node_modules/minipass-json-stream/node_modules/minipass
3124 silly ADD node_modules/ignore-walk
3125 silly ADD node_modules/ignore-walk/node_modules/minimatch
3126 silly ADD node_modules/abbrev
3127 silly ADD node_modules/minizlib
3128 silly ADD node_modules/minizlib/node_modules/yallist
3129 silly ADD node_modules/minizlib/node_modules/minipass
3130 silly ADD node_modules/minipass-sized
3131 silly ADD node_modules/minipass-sized/node_modules/yallist
3132 silly ADD node_modules/minipass-sized/node_modules/minipass
3133 silly ADD node_modules/encoding
3134 silly ADD node_modules/encoding/node_modules/iconv-lite
3135 silly ADD node_modules/@tootallnate/once
3136 silly ADD node_modules/humanize-ms
3137 silly ADD node_modules/socks-proxy-agent
3138 silly ADD node_modules/negotiator
3139 silly ADD node_modules/minipass-fetch
3140 silly ADD node_modules/minipass-fetch/node_modules/yallist
3141 silly ADD node_modules/minipass-fetch/node_modules/minipass
3142 silly ADD node_modules/is-lambda
3143 silly ADD node_modules/http-proxy-agent
3144 silly ADD node_modules/http-cache-semantics
3145 silly ADD node_modules/agentkeepalive
3146 silly ADD node_modules/npmlog
3147 silly ADD node_modules/nopt
3148 silly ADD node_modules/make-fetch-happen
3149 silly ADD node_modules/make-fetch-happen/node_modules/unique-slug
3150 silly ADD node_modules/make-fetch-happen/node_modules/yallist
3151 silly ADD node_modules/make-fetch-happen/node_modules/unique-filename
3152 silly ADD node_modules/make-fetch-happen/node_modules/fs-minipass
3153 silly ADD node_modules/make-fetch-happen/node_modules/@npmcli/fs
3154 silly ADD node_modules/make-fetch-happen/node_modules/ssri
3155 silly ADD node_modules/make-fetch-happen/node_modules/minipass
3156 silly ADD node_modules/make-fetch-happen/node_modules/lru-cache
3157 silly ADD node_modules/make-fetch-happen/node_modules/cacache
3158 silly ADD node_modules/exponential-backoff
3159 silly ADD node_modules/env-paths
3160 silly ADD node_modules/node-gyp
3161 silly ADD node_modules/node-gyp/node_modules/brace-expansion
3162 silly ADD node_modules/node-gyp/node_modules/minimatch
3163 silly ADD node_modules/node-gyp/node_modules/which
3164 silly ADD node_modules/node-gyp/node_modules/glob
3165 silly ADD node_modules/@npmcli/node-gyp
3166 silly ADD node_modules/npm-bundled
3167 silly ADD node_modules/sigstore
3168 silly ADD node_modules/sigstore/node_modules/minipass-fetch
3169 silly ADD node_modules/sigstore/node_modules/minipass-fetch/node_modules/minipass
3170 silly ADD node_modules/sigstore/node_modules/minipass
3171 silly ADD node_modules/sigstore/node_modules/lru-cache
3172 silly ADD node_modules/sigstore/node_modules/make-fetch-happen
3173 silly ADD node_modules/read-package-json-fast
3174 silly ADD node_modules/read-package-json-fast/node_modules/json-parse-even-better-errors
3175 silly ADD node_modules/read-package-json
3176 silly ADD node_modules/read-package-json/node_modules/minipass
3177 silly ADD node_modules/read-package-json/node_modules/minimatch
3178 silly ADD node_modules/read-package-json/node_modules/json-parse-even-better-errors
3179 silly ADD node_modules/read-package-json/node_modules/glob
3180 silly ADD node_modules/promise-retry
3181 silly ADD node_modules/npm-registry-fetch
3182 silly ADD node_modules/npm-registry-fetch/node_modules/lru-cache
3183 silly ADD node_modules/npm-registry-fetch/node_modules/minipass-fetch
3184 silly ADD node_modules/npm-registry-fetch/node_modules/minipass-fetch/node_modules/minipass
3185 silly ADD node_modules/npm-registry-fetch/node_modules/minipass
3186 silly ADD node_modules/npm-registry-fetch/node_modules/make-fetch-happen
3187 silly ADD node_modules/npm-packlist
3188 silly ADD node_modules/@npmcli/run-script
3189 silly ADD node_modules/@npmcli/run-script/node_modules/which
3190 silly ADD node_modules/@npmcli/promise-spawn
3191 silly ADD node_modules/@npmcli/promise-spawn/node_modules/which
3192 silly ADD node_modules/@npmcli/installed-package-contents
3193 silly ADD node_modules/@npmcli/git
3194 silly ADD node_modules/@npmcli/git/node_modules/which
3195 silly ADD node_modules/@npmcli/git/node_modules/lru-cache
3196 silly ADD node_modules/indent-string
3197 silly ADD node_modules/clean-stack
3198 silly ADD node_modules/aggregate-error
3199 silly ADD node_modules/is-wsl
3200 silly ADD node_modules/is-docker
3201 silly ADD node_modules/define-lazy-prop
3202 silly ADD node_modules/npm-normalize-package-bin
3203 silly ADD node_modules/npm-install-checks
3204 silly ADD node_modules/validate-npm-package-name
3205 silly ADD node_modules/proc-log
3206 silly ADD node_modules/hosted-git-info
3207 silly ADD node_modules/hosted-git-info/node_modules/lru-cache
3208 silly ADD node_modules/sax
3209 silly ADD node_modules/brace-expansion
3210 silly ADD node_modules/klona
3211 silly ADD node_modules/prr
3212 silly ADD node_modules/is-what
3213 silly ADD node_modules/parse-node-version
3214 silly ADD node_modules/needle
3215 silly ADD node_modules/needle/node_modules/iconv-lite
3216 silly ADD node_modules/image-size
3217 silly ADD node_modules/errno
3218 silly ADD node_modules/copy-anything
3219 silly ADD node_modules/minimatch
3220 silly ADD node_modules/pkg-dir
3221 silly ADD node_modules/make-dir
3222 silly ADD node_modules/make-dir/node_modules/semver
3223 silly ADD node_modules/commondir
3224 silly ADD
3225 silly ADD
3226 silly ADD
3227 silly ADD
3228 silly ADD
3229 silly ADD
3230 silly ADD
3231 silly ADD
3232 silly ADD
3233 silly ADD
3234 silly ADD
3235 silly ADD
3236 silly ADD
3237 silly ADD
3238 silly ADD
3239 silly ADD
3240 silly ADD
3241 silly ADD
3242 silly ADD node_modules/@esbuild/darwin-arm64
3243 silly ADD
3244 silly ADD
3245 silly ADD
3246 silly ADD node_modules/postcss-modules-values
3247 silly ADD node_modules/postcss-modules-scope
3248 silly ADD node_modules/postcss-modules-local-by-default
3249 silly ADD node_modules/postcss-modules-extract-imports
3250 silly ADD node_modules/icss-utils
3251 silly ADD node_modules/unique-filename
3252 silly ADD node_modules/tar
3253 silly ADD node_modules/tar/node_modules/yallist
3254 silly ADD node_modules/tar/node_modules/minipass
3255 silly ADD node_modules/tar/node_modules/fs-minipass
3256 silly ADD node_modules/tar/node_modules/fs-minipass/node_modules/minipass
3257 silly ADD node_modules/ssri
3258 silly ADD node_modules/ssri/node_modules/minipass
3259 silly ADD node_modules/promise-inflight
3260 silly ADD node_modules/p-map
3261 silly ADD node_modules/minipass-pipeline
3262 silly ADD node_modules/minipass-pipeline/node_modules/yallist
3263 silly ADD node_modules/minipass-pipeline/node_modules/minipass
3264 silly ADD node_modules/minipass-flush
3265 silly ADD node_modules/minipass-flush/node_modules/yallist
3266 silly ADD node_modules/minipass-flush/node_modules/minipass
3267 silly ADD node_modules/minipass-collect
3268 silly ADD node_modules/minipass-collect/node_modules/yallist
3269 silly ADD node_modules/minipass-collect/node_modules/minipass
3270 silly ADD node_modules/minipass
3271 silly ADD node_modules/fs-minipass
3272 silly ADD node_modules/fs-minipass/node_modules/minipass
3273 silly ADD node_modules/@npmcli/fs
3274 silly ADD node_modules/@babel/helper-define-polyfill-provider
3275 silly ADD node_modules/@babel/helper-define-polyfill-provider/node_modules/semver
3276 silly ADD node_modules/schema-utils
3277 silly ADD node_modules/find-cache-dir
3278 silly ADD node_modules/postcss-value-parser
3279 silly ADD node_modules/normalize-range
3280 silly ADD node_modules/fraction.js
3281 silly ADD node_modules/regenerator-runtime
3282 silly ADD node_modules/esutils
3283 silly ADD node_modules/regexpu-core
3284 silly ADD node_modules/@babel/helper-create-regexp-features-plugin
3285 silly ADD node_modules/@babel/helper-create-regexp-features-plugin/node_modules/semver
3286 silly ADD node_modules/@babel/helper-create-regexp-features-plugin/node_modules/@babel/helper-annotate-as-pure
3287 silly ADD node_modules/@babel/helper-replace-supers
3288 silly ADD node_modules/@babel/helper-optimise-call-expression
3289 silly ADD node_modules/@babel/helper-member-expression-to-functions
3290 silly ADD node_modules/@babel/helper-create-class-features-plugin
3291 silly ADD node_modules/@babel/helper-create-class-features-plugin/node_modules/semver
3292 silly ADD node_modules/@babel/helper-create-class-features-plugin/node_modules/@babel/helper-annotate-as-pure
3293 silly ADD node_modules/@babel/plugin-transform-optional-chaining
3294 silly ADD node_modules/@babel/helper-skip-transparent-expression-wrappers
3295 silly ADD node_modules/core-js-compat
3296 silly ADD node_modules/@babel/preset-modules
3297 silly ADD node_modules/@babel/plugin-transform-unicode-regex
3298 silly ADD node_modules/@babel/plugin-transform-unicode-escapes
3299 silly ADD node_modules/@babel/plugin-transform-typeof-symbol
3300 silly ADD node_modules/@babel/plugin-transform-template-literals
3301 silly ADD node_modules/@babel/plugin-transform-sticky-regex
3302 silly ADD node_modules/@babel/plugin-transform-spread
3303 silly ADD node_modules/@babel/plugin-transform-shorthand-properties
3304 silly ADD node_modules/@babel/plugin-transform-reserved-words
3305 silly ADD node_modules/@babel/plugin-transform-regenerator
3306 silly ADD node_modules/@babel/plugin-transform-property-literals
3307 silly ADD node_modules/@babel/plugin-transform-parameters
3308 silly ADD node_modules/@babel/plugin-transform-object-super
3309 silly ADD node_modules/@babel/plugin-transform-new-target
3310 silly ADD node_modules/@babel/plugin-transform-named-capturing-groups-regex
3311 silly ADD node_modules/@babel/plugin-transform-modules-umd
3312 silly ADD node_modules/@babel/plugin-transform-modules-systemjs
3313 silly ADD node_modules/@babel/plugin-transform-modules-commonjs
3314 silly ADD node_modules/@babel/plugin-transform-modules-amd
3315 silly ADD node_modules/@babel/plugin-transform-member-expression-literals
3316 silly ADD node_modules/@babel/plugin-transform-literals
3317 silly ADD node_modules/@babel/plugin-transform-function-name
3318 silly ADD node_modules/@babel/plugin-transform-for-of
3319 silly ADD node_modules/@babel/plugin-transform-exponentiation-operator
3320 silly ADD node_modules/@babel/plugin-transform-duplicate-keys
3321 silly ADD node_modules/@babel/plugin-transform-dotall-regex
3322 silly ADD node_modules/@babel/plugin-transform-destructuring
3323 silly ADD node_modules/@babel/plugin-transform-computed-properties
3324 silly ADD node_modules/@babel/plugin-transform-computed-properties/node_modules/@babel/template
3325 silly ADD node_modules/@babel/plugin-transform-classes
3326 silly ADD node_modules/@babel/plugin-transform-classes/node_modules/@babel/helper-annotate-as-pure
3327 silly ADD node_modules/@babel/plugin-transform-block-scoping
3328 silly ADD node_modules/@babel/plugin-transform-block-scoped-functions
3329 silly ADD node_modules/@babel/plugin-transform-arrow-functions
3330 silly ADD node_modules/@babel/plugin-syntax-top-level-await
3331 silly ADD node_modules/@babel/plugin-syntax-private-property-in-object
3332 silly ADD node_modules/@babel/plugin-syntax-optional-chaining
3333 silly ADD node_modules/@babel/plugin-syntax-optional-catch-binding
3334 silly ADD node_modules/@babel/plugin-syntax-object-rest-spread
3335 silly ADD node_modules/@babel/plugin-syntax-numeric-separator
3336 silly ADD node_modules/@babel/plugin-syntax-nullish-coalescing-operator
3337 silly ADD node_modules/@babel/plugin-syntax-logical-assignment-operators
3338 silly ADD node_modules/@babel/plugin-syntax-json-strings
3339 silly ADD node_modules/@babel/plugin-syntax-import-assertions
3340 silly ADD node_modules/@babel/plugin-syntax-export-namespace-from
3341 silly ADD node_modules/@babel/plugin-syntax-dynamic-import
3342 silly ADD node_modules/@babel/plugin-syntax-class-static-block
3343 silly ADD node_modules/@babel/plugin-syntax-class-properties
3344 silly ADD node_modules/@babel/plugin-proposal-unicode-property-regex
3345 silly ADD node_modules/@babel/plugin-proposal-private-property-in-object
3346 silly ADD node_modules/@babel/plugin-proposal-private-methods
3347 silly ADD node_modules/@babel/plugin-proposal-optional-chaining
3348 silly ADD node_modules/@babel/plugin-proposal-optional-catch-binding
3349 silly ADD node_modules/@babel/plugin-proposal-object-rest-spread
3350 silly ADD node_modules/@babel/plugin-proposal-numeric-separator
3351 silly ADD node_modules/@babel/plugin-proposal-nullish-coalescing-operator
3352 silly ADD node_modules/@babel/plugin-proposal-logical-assignment-operators
3353 silly ADD node_modules/@babel/plugin-proposal-json-strings
3354 silly ADD node_modules/@babel/plugin-proposal-export-namespace-from
3355 silly ADD node_modules/@babel/plugin-proposal-dynamic-import
3356 silly ADD node_modules/@babel/plugin-proposal-class-static-block
3357 silly ADD node_modules/@babel/plugin-proposal-class-properties
3358 silly ADD node_modules/@babel/plugin-bugfix-v8-spread-parameters-in-optional-chaining
3359 silly ADD node_modules/@babel/plugin-bugfix-safari-id-destructuring-collision-in-function-expression
3360 silly ADD node_modules/babel-plugin-polyfill-regenerator
3361 silly ADD node_modules/babel-plugin-polyfill-corejs3
3362 silly ADD node_modules/babel-plugin-polyfill-corejs2
3363 silly ADD node_modules/babel-plugin-polyfill-corejs2/node_modules/semver
3364 silly ADD node_modules/@babel/helper-wrap-function
3365 silly ADD node_modules/@babel/helper-wrap-function/node_modules/@babel/template
3366 silly ADD node_modules/@babel/plugin-syntax-async-generators
3367 silly ADD node_modules/@babel/helper-remap-async-to-generator
3368 silly ADD node_modules/@babel/helper-remap-async-to-generator/node_modules/@babel/helper-annotate-as-pure
3369 silly ADD node_modules/@babel/helper-environment-visitor
3370 silly ADD node_modules/reflect-metadata
3371 silly ADD node_modules/dependency-graph
3372 silly ADD node_modules/@babel/core
3373 silly ADD node_modules/@babel/core/node_modules/semver
3374 silly ADD node_modules/yargs
3375 silly ADD node_modules/yargs/node_modules/cliui
3376 silly ADD node_modules/pacote
3377 silly ADD node_modules/npm-pick-manifest
3378 silly ADD node_modules/npm-package-arg
3379 silly ADD node_modules/ini
3380 silly ADD node_modules/@schematics/angular
3381 silly ADD node_modules/@angular-devkit/schematics
3382 silly ADD node_modules/@angular-devkit/schematics/node_modules/tslib
3383 silly ADD node_modules/@angular-devkit/schematics/node_modules/rxjs
3384 silly ADD node_modules/source-map
3385 silly ADD node_modules/ajv
3386 silly ADD node_modules/webpack-dev-middleware
3387 silly ADD node_modules/terser
3388 silly ADD node_modules/source-map-loader
3389 silly ADD node_modules/source-map-loader/node_modules/iconv-lite
3390 silly ADD node_modules/sass-loader
3391 silly ADD node_modules/sass
3392 silly ADD node_modules/postcss-loader
3393 silly ADD node_modules/parse5-html-rewriting-stream
3394 silly ADD node_modules/parse5-html-rewriting-stream/node_modules/parse5
3395 silly ADD node_modules/parse5-html-rewriting-stream/node_modules/parse5/node_modules/entities
3396 silly ADD node_modules/parse5-html-rewriting-stream/node_modules/entities
3397 silly ADD node_modules/open
3398 silly ADD node_modules/mini-css-extract-plugin
3399 silly ADD node_modules/magic-string
3400 silly ADD node_modules/less-loader
3401 silly ADD node_modules/less
3402 silly ADD node_modules/less/node_modules/semver
3403 silly ADD node_modules/less/node_modules/source-map
3404 silly ADD node_modules/less/node_modules/mime
3405 silly ADD node_modules/less/node_modules/make-dir
3406 silly ADD node_modules/jsonc-parser
3407 silly ADD node_modules/glob
3408 silly ADD node_modules/esbuild-wasm
3409 silly ADD node_modules/esbuild
3410 silly ADD node_modules/css-loader
3411 silly ADD node_modules/cacache
3412 silly ADD node_modules/cacache/node_modules/lru-cache
3413 silly ADD node_modules/babel-loader
3414 silly ADD node_modules/autoprefixer
3415 silly ADD node_modules/@ngtools/webpack
3416 silly ADD node_modules/@babel/template
3417 silly ADD node_modules/@babel/runtime
3418 silly ADD node_modules/@babel/preset-env
3419 silly ADD node_modules/@babel/preset-env/node_modules/semver
3420 silly ADD node_modules/@babel/plugin-transform-runtime
3421 silly ADD node_modules/@babel/plugin-transform-runtime/node_modules/semver
3422 silly ADD node_modules/@babel/plugin-transform-async-to-generator
3423 silly ADD node_modules/@babel/plugin-proposal-async-generator-functions
3424 silly ADD node_modules/@babel/helper-split-export-declaration
3425 silly ADD node_modules/@babel/helper-annotate-as-pure
3426 silly ADD node_modules/@babel/generator
3427 silly ADD node_modules/@babel/generator/node_modules/@jridgewell/gen-mapping
3428 silly ADD node_modules/@angular-devkit/core
3429 silly ADD node_modules/@angular-devkit/core/node_modules/tslib
3430 silly ADD node_modules/@angular-devkit/core/node_modules/rxjs
3431 silly ADD node_modules/webpack-dev-server
3432 silly ADD node_modules/webpack-dev-server/node_modules/webpack-dev-middleware
3433 silly ADD node_modules/@angular-devkit/build-webpack
3434 silly ADD node_modules/@angular-devkit/build-webpack/node_modules/tslib
3435 silly ADD node_modules/@angular-devkit/build-webpack/node_modules/rxjs
3436 silly ADD node_modules/@angular-devkit/architect
3437 silly ADD node_modules/@angular-devkit/architect/node_modules/tslib
3438 silly ADD node_modules/@angular-devkit/architect/node_modules/rxjs
3439 silly ADD node_modules/@angular/router
3440 silly ADD node_modules/@angular/platform-browser-dynamic
3441 silly ADD node_modules/@angular/platform-browser
3442 silly ADD node_modules/@angular/forms
3443 silly ADD node_modules/@angular/common
3444 silly ADD node_modules/@angular/cli
3445 silly ADD node_modules/@angular/animations
3446 silly ADD node_modules/@angular/core
3447 silly ADD node_modules/@angular/compiler
3448 silly ADD node_modules/@angular/compiler-cli
3449 silly ADD node_modules/@angular/compiler-cli/node_modules/magic-string
3450 silly ADD node_modules/typescript
3451 silly ADD node_modules/@angular-devkit/build-angular
3452 silly ADD node_modules/@angular-devkit/build-angular/node_modules/tslib
3453 silly ADD node_modules/@angular-devkit/build-angular/node_modules/chokidar
3454 silly ADD node_modules/@angular-devkit/build-angular/node_modules/browserslist
3455 silly ADD node_modules/@angular-devkit/build-angular/node_modules/@babel/core
3456 silly ADD node_modules/@angular-devkit/build-angular/node_modules/@babel/core/node_modules/semver
3457 silly ADD node_modules/@angular-devkit/build-angular/node_modules/rxjs
3458 silly ADD node_modules/@angular-devkit/build-angular/node_modules/rxjs/node_modules/tslib
3459 silly ADD node_modules/zone.js
3460 silly ADD node_modules/yargs-parser
3461 silly ADD node_modules/yallist
3462 silly ADD node_modules/y18n
3463 silly ADD node_modules/ws
3464 silly ADD node_modules/wrappy
3465 silly ADD node_modules/wrap-ansi
3466 silly ADD node_modules/wildcard
3467 silly ADD node_modules/which
3468 silly ADD node_modules/webpack-subresource-integrity
3469 silly ADD node_modules/webpack-sources
3470 silly ADD node_modules/webpack-merge
3471 silly ADD node_modules/webpack
3472 silly ADD node_modules/webpack/node_modules/schema-utils
3473 silly ADD node_modules/webpack/node_modules/json-schema-traverse
3474 silly ADD node_modules/webpack/node_modules/ajv-keywords
3475 silly ADD node_modules/webpack/node_modules/ajv
3476 silly ADD node_modules/wcwidth
3477 silly ADD node_modules/watchpack
3478 silly ADD node_modules/void-elements
3479 silly ADD node_modules/vary
3480 silly ADD node_modules/utils-merge
3481 silly ADD node_modules/util-deprecate
3482 silly ADD node_modules/uri-js
3483 silly ADD node_modules/uri-js/node_modules/punycode
3484 silly ADD node_modules/update-browserslist-db
3485 silly ADD node_modules/unpipe
3486 silly ADD node_modules/universalify
3487 silly ADD node_modules/ua-parser-js
3488 silly ADD node_modules/typed-assert
3489 silly ADD node_modules/type-is
3490 silly ADD node_modules/type-fest
3491 silly ADD node_modules/tslib
3492 silly ADD node_modules/tree-kill
3493 silly ADD node_modules/toidentifier
3494 silly ADD node_modules/to-regex-range
3495 silly ADD node_modules/tmp
3496 silly ADD node_modules/through
3497 silly ADD node_modules/text-table
3498 silly ADD node_modules/test-exclude
3499 silly ADD node_modules/test-exclude/node_modules/minimatch
3500 silly ADD node_modules/test-exclude/node_modules/glob
3501 silly ADD node_modules/test-exclude/node_modules/brace-expansion
3502 silly ADD node_modules/terser-webpack-plugin
3503 silly ADD node_modules/terser-webpack-plugin/node_modules/terser
3504 silly ADD node_modules/tapable
3505 silly ADD node_modules/symbol-observable
3506 silly ADD node_modules/supports-preserve-symlinks-flag
3507 silly ADD node_modules/supports-color
3508 silly ADD node_modules/strip-ansi
3509 silly ADD node_modules/string-width
3510 silly ADD node_modules/string_decoder
3511 silly ADD node_modules/streamroller
3512 silly ADD node_modules/statuses
3513 silly ADD node_modules/sprintf-js
3514 silly ADD node_modules/source-map-support
3515 silly ADD node_modules/source-map-support/node_modules/source-map
3516 silly ADD node_modules/source-map-js
3517 silly ADD node_modules/socket.io-parser
3518 silly ADD node_modules/socket.io-parser/node_modules/ms
3519 silly ADD node_modules/socket.io-parser/node_modules/debug
3520 silly ADD node_modules/socket.io-adapter
3521 silly ADD node_modules/socket.io-adapter/node_modules/ms
3522 silly ADD node_modules/socket.io-adapter/node_modules/debug
3523 silly ADD node_modules/socket.io
3524 silly ADD node_modules/socket.io/node_modules/ms
3525 silly ADD node_modules/socket.io/node_modules/debug
3526 silly ADD node_modules/slash
3527 silly ADD node_modules/signal-exit
3528 silly ADD node_modules/side-channel-weakmap
3529 silly ADD node_modules/side-channel-map
3530 silly ADD node_modules/side-channel-list
3531 silly ADD node_modules/side-channel
3532 silly ADD node_modules/shallow-clone
3533 silly ADD node_modules/setprototypeof
3534 silly ADD node_modules/serialize-javascript
3535 silly ADD node_modules/semver
3536 silly ADD node_modules/semver/node_modules/yallist
3537 silly ADD node_modules/semver/node_modules/lru-cache
3538 silly ADD node_modules/safer-buffer
3539 silly ADD node_modules/safe-regex-test
3540 silly ADD node_modules/safe-buffer
3541 silly ADD node_modules/rxjs
3542 silly ADD node_modules/run-parallel
3543 silly ADD node_modules/run-async
3544 silly ADD node_modules/rimraf
3545 silly ADD node_modules/rimraf/node_modules/minimatch
3546 silly ADD node_modules/rimraf/node_modules/glob
3547 silly ADD node_modules/rimraf/node_modules/brace-expansion
3548 silly ADD node_modules/rfdc
3549 silly ADD node_modules/reusify
3550 silly ADD node_modules/restore-cursor
3551 silly ADD node_modules/resolve-url-loader
3552 silly ADD node_modules/resolve-url-loader/node_modules/source-map
3553 silly ADD node_modules/resolve-url-loader/node_modules/loader-utils
3554 silly ADD node_modules/resolve-from
3555 silly ADD node_modules/resolve
3556 silly ADD node_modules/requires-port
3557 silly ADD node_modules/require-from-string
3558 silly ADD node_modules/require-directory
3559 silly ADD node_modules/regex-parser
3560 silly ADD node_modules/readdirp
3561 silly ADD node_modules/readable-stream
3562 silly ADD node_modules/raw-body
3563 silly ADD node_modules/range-parser
3564 silly ADD node_modules/randombytes
3565 silly ADD node_modules/queue-microtask
3566 silly ADD node_modules/qs
3567 silly ADD node_modules/qjobs
3568 silly ADD node_modules/punycode
3569 silly ADD node_modules/pretty-bytes
3570 silly ADD node_modules/postcss
3571 silly ADD node_modules/piscina
3572 silly ADD node_modules/picomatch
3573 silly ADD node_modules/picocolors
3574 silly ADD node_modules/path-type
3575 silly ADD node_modules/path-parse
3576 silly ADD node_modules/path-is-absolute
3577 silly ADD node_modules/path-exists
3578 silly ADD node_modules/parseurl
3579 silly ADD node_modules/parse5-htmlparser2-tree-adapter
3580 silly ADD node_modules/parse5
3581 silly ADD node_modules/pako
3582 silly ADD node_modules/p-try
3583 silly ADD node_modules/p-locate
3584 silly ADD node_modules/p-limit
3585 silly ADD node_modules/os-tmpdir
3586 silly ADD node_modules/ora
3587 silly ADD node_modules/onetime
3588 silly ADD node_modules/once
3589 silly ADD node_modules/on-finished
3590 silly ADD node_modules/object-inspect
3591 silly ADD node_modules/object-assign
3592 silly ADD node_modules/nth-check
3593 silly ADD node_modules/normalize-path
3594 silly ADD node_modules/node-releases
3595 silly ADD node_modules/node-gyp-build
3596 silly ADD node_modules/node-addon-api
3597 silly ADD node_modules/nice-napi
3598 silly ADD node_modules/neo-async
3599 silly ADD node_modules/nanoid
3600 silly ADD node_modules/mute-stream
3601 silly ADD node_modules/ms
3602 silly ADD node_modules/minimist
3603 silly ADD node_modules/mimic-fn
3604 silly ADD node_modules/mime-types
3605 silly ADD node_modules/mime-db
3606 silly ADD node_modules/mime
3607 silly ADD node_modules/micromatch
3608 silly ADD node_modules/merge2
3609 silly ADD node_modules/merge-stream
3610 silly ADD node_modules/media-typer
3611 silly ADD node_modules/math-intrinsics
3612 silly ADD node_modules/lru-cache
3613 silly ADD node_modules/log4js
3614 silly ADD node_modules/log-symbols
3615 silly ADD node_modules/lodash.throttle
3616 silly ADD node_modules/lodash.debounce
3617 silly ADD node_modules/lodash
3618 silly ADD node_modules/locate-path
3619 silly ADD node_modules/loader-utils
3620 silly ADD node_modules/loader-runner
3621 silly ADD node_modules/license-webpack-plugin
3622 silly ADD node_modules/kind-of
3623 silly ADD node_modules/karma-source-map-support
3624 silly ADD node_modules/karma-jasmine-html-reporter
3625 silly ADD node_modules/karma-jasmine
3626 silly ADD node_modules/karma-jasmine/node_modules/jasmine-core
3627 silly ADD node_modules/karma-coverage
3628 silly ADD node_modules/karma-coverage/node_modules/semver
3629 silly ADD node_modules/karma-coverage/node_modules/minimatch
3630 silly ADD node_modules/karma-coverage/node_modules/istanbul-lib-instrument
3631 silly ADD node_modules/karma-coverage/node_modules/brace-expansion
3632 silly ADD node_modules/karma-chrome-launcher
3633 silly ADD node_modules/karma
3634 silly ADD node_modules/karma/node_modules/yargs-parser
3635 silly ADD node_modules/karma/node_modules/yargs
3636 silly ADD node_modules/karma/node_modules/tmp
3637 silly ADD node_modules/karma/node_modules/source-map
3638 silly ADD node_modules/karma/node_modules/mkdirp
3639 silly ADD node_modules/karma/node_modules/minimatch
3640 silly ADD node_modules/karma/node_modules/glob
3641 silly ADD node_modules/karma/node_modules/brace-expansion
3642 silly ADD node_modules/jsonfile
3643 silly ADD node_modules/json5
3644 silly ADD node_modules/json-schema-traverse
3645 silly ADD node_modules/json-parse-even-better-errors
3646 silly ADD node_modules/jsesc
3647 silly ADD node_modules/js-yaml
3648 silly ADD node_modules/js-tokens
3649 silly ADD node_modules/jest-worker
3650 silly ADD node_modules/jest-worker/node_modules/supports-color
3651 silly ADD node_modules/jasmine-core
3652 silly ADD node_modules/istanbul-reports
3653 silly ADD node_modules/istanbul-lib-source-maps
3654 silly ADD node_modules/istanbul-lib-source-maps/node_modules/source-map
3655 silly ADD node_modules/istanbul-lib-report
3656 silly ADD node_modules/istanbul-lib-report/node_modules/make-dir
3657 silly ADD node_modules/istanbul-lib-instrument
3658 silly ADD node_modules/istanbul-lib-instrument/node_modules/semver
3659 silly ADD node_modules/istanbul-lib-coverage
3660 silly ADD node_modules/isobject
3661 silly ADD node_modules/isexe
3662 silly ADD node_modules/isbinaryfile
3663 silly ADD node_modules/is-unicode-supported
3664 silly ADD node_modules/is-regex
3665 silly ADD node_modules/is-plain-object
3666 silly ADD node_modules/is-number
3667 silly ADD node_modules/is-interactive
3668 silly ADD node_modules/is-glob
3669 silly ADD node_modules/is-fullwidth-code-point
3670 silly ADD node_modules/is-extglob
3671 silly ADD node_modules/is-core-module
3672 silly ADD node_modules/is-binary-path
3673 silly ADD node_modules/inquirer
3674 silly ADD node_modules/inherits
3675 silly ADD node_modules/inflight
3676 silly ADD node_modules/ignore
3677 silly ADD node_modules/ieee754
3678 silly ADD node_modules/iconv-lite
3679 silly ADD node_modules/https-proxy-agent
3680 silly ADD node_modules/http-proxy
3681 silly ADD node_modules/http-errors
3682 silly ADD node_modules/http-errors/node_modules/statuses
3683 silly ADD node_modules/html-escaper
3684 silly ADD node_modules/hdr-histogram-percentiles-obj
3685 silly ADD node_modules/hdr-histogram-js
3686 silly ADD node_modules/hasown
3687 silly ADD node_modules/has-tostringtag
3688 silly ADD node_modules/has-symbols
3689 silly ADD node_modules/has-flag
3690 silly ADD node_modules/gsap
3691 silly ADD node_modules/graceful-fs
3692 silly ADD node_modules/gopd
3693 silly ADD node_modules/globby
3694 silly ADD node_modules/glob-to-regexp
3695 silly ADD node_modules/glob-parent
3696 silly ADD node_modules/get-proto
3697 silly ADD node_modules/get-package-type
3698 silly ADD node_modules/get-intrinsic
3699 silly ADD node_modules/get-caller-file
3700 silly ADD node_modules/gensync
3701 silly ADD node_modules/function-bind
3702 silly ADD node_modules/fsevents
3703 silly ADD node_modules/fs.realpath
3704 silly ADD node_modules/fs-extra
3705 silly ADD node_modules/follow-redirects
3706 silly ADD node_modules/flatted
3707 silly ADD node_modules/find-up
3708 silly ADD node_modules/finalhandler
3709 silly ADD node_modules/finalhandler/node_modules/on-finished
3710 silly ADD node_modules/finalhandler/node_modules/ms
3711 silly ADD node_modules/finalhandler/node_modules/debug
3712 silly ADD node_modules/fill-range
3713 silly ADD node_modules/figures
3714 silly ADD node_modules/fastq
3715 silly ADD node_modules/fast-json-stable-stringify
3716 silly ADD node_modules/fast-glob
3717 silly ADD node_modules/fast-deep-equal
3718 silly ADD node_modules/external-editor
3719 silly ADD node_modules/extend
3720 silly ADD node_modules/events
3721 silly ADD node_modules/eventemitter3
3722 silly ADD node_modules/eventemitter-asyncresource
3723 silly ADD node_modules/estraverse
3724 silly ADD node_modules/esrecurse
3725 silly ADD node_modules/esrecurse/node_modules/estraverse
3726 silly ADD node_modules/esprima
3727 silly ADD node_modules/eslint-scope
3728 silly ADD node_modules/escape-string-regexp
3729 silly ADD node_modules/escape-html
3730 silly ADD node_modules/escalade
3731 silly ADD node_modules/es-object-atoms
3732 silly ADD node_modules/es-module-lexer
3733 silly ADD node_modules/es-errors
3734 silly ADD node_modules/es-define-property
3735 silly ADD node_modules/entities
3736 silly ADD node_modules/ent
3737 silly ADD node_modules/enhanced-resolve
3738 silly ADD node_modules/engine.io-parser
3739 silly ADD node_modules/engine.io
3740 silly ADD node_modules/engine.io/node_modules/ms
3741 silly ADD node_modules/engine.io/node_modules/debug
3742 silly ADD node_modules/encodeurl
3743 silly ADD node_modules/emojis-list
3744 silly ADD node_modules/emoji-regex
3745 silly ADD node_modules/electron-to-chromium
3746 silly ADD node_modules/ee-first
3747 silly ADD node_modules/dunder-proto
3748 silly ADD node_modules/domutils
3749 silly ADD node_modules/domhandler
3750 silly ADD node_modules/domelementtype
3751 silly ADD node_modules/dom-serializer
3752 silly ADD node_modules/dom-serialize
3753 silly ADD node_modules/dir-glob
3754 silly ADD node_modules/di
3755 silly ADD node_modules/destroy
3756 silly ADD node_modules/depd
3757 silly ADD node_modules/defaults
3758 silly ADD node_modules/debug
3759 silly ADD node_modules/date-format
3760 silly ADD node_modules/custom-event
3761 silly ADD node_modules/css-what
3762 silly ADD node_modules/css-select
3763 silly ADD node_modules/critters
3764 silly ADD node_modules/cors
3765 silly ADD node_modules/copy-webpack-plugin
3766 silly ADD node_modules/copy-webpack-plugin/node_modules/glob-parent
3767 silly ADD node_modules/cookie
3768 silly ADD node_modules/convert-source-map
3769 silly ADD node_modules/content-type
3770 silly ADD node_modules/connect
3771 silly ADD node_modules/connect/node_modules/ms
3772 silly ADD node_modules/connect/node_modules/debug
3773 silly ADD node_modules/concat-map
3774 silly ADD node_modules/commander
3775 silly ADD node_modules/color-name
3776 silly ADD node_modules/color-convert
3777 silly ADD node_modules/clone-deep
3778 silly ADD node_modules/clone
3779 silly ADD node_modules/cliui
3780 silly ADD node_modules/cli-width
3781 silly ADD node_modules/cli-spinners
3782 silly ADD node_modules/cli-cursor
3783 silly ADD node_modules/classlist-polyfill
3784 silly ADD node_modules/chrome-trace-event
3785 silly ADD node_modules/chokidar
3786 silly ADD node_modules/chardet
3787 silly ADD node_modules/chalk
3788 silly ADD node_modules/caniuse-lite
3789 silly ADD node_modules/camelcase
3790 silly ADD node_modules/call-bound
3791 silly ADD node_modules/call-bind-apply-helpers
3792 silly ADD node_modules/bytes
3793 silly ADD node_modules/buffer-from
3794 silly ADD node_modules/buffer
3795 silly ADD node_modules/browserslist
3796 silly ADD node_modules/braces
3797 silly ADD node_modules/boolbase
3798 silly ADD node_modules/body-parser
3799 silly ADD node_modules/body-parser/node_modules/ms
3800 silly ADD node_modules/body-parser/node_modules/debug
3801 silly ADD node_modules/bl
3802 silly ADD node_modules/binary-extensions
3803 silly ADD node_modules/big.js
3804 silly ADD node_modules/baseline-browser-mapping
3805 silly ADD node_modules/base64id
3806 silly ADD node_modules/base64-js
3807 silly ADD node_modules/balanced-match
3808 silly ADD node_modules/babel-plugin-istanbul
3809 silly ADD node_modules/argparse
3810 silly ADD node_modules/aos
3811 silly ADD node_modules/anymatch
3812 silly ADD node_modules/ansi-styles
3813 silly ADD node_modules/ansi-regex
3814 silly ADD node_modules/ansi-escapes
3815 silly ADD node_modules/ansi-colors
3816 silly ADD node_modules/ajv-keywords
3817 silly ADD node_modules/ajv-formats
3818 silly ADD node_modules/agent-base
3819 silly ADD node_modules/adjust-sourcemap-loader
3820 silly ADD node_modules/adjust-sourcemap-loader/node_modules/loader-utils
3821 silly ADD node_modules/acorn-import-assertions
3822 silly ADD node_modules/acorn
3823 silly ADD node_modules/accepts
3824 silly ADD node_modules/accepts/node_modules/negotiator
3825 silly ADD node_modules/@yarnpkg/lockfile
3826 silly ADD node_modules/@xtuc/long
3827 silly ADD node_modules/@xtuc/ieee754
3828 silly ADD node_modules/@webassemblyjs/wast-printer
3829 silly ADD node_modules/@webassemblyjs/wasm-parser
3830 silly ADD node_modules/@webassemblyjs/wasm-opt
3831 silly ADD node_modules/@webassemblyjs/wasm-gen
3832 silly ADD node_modules/@webassemblyjs/wasm-edit
3833 silly ADD node_modules/@webassemblyjs/utf8
3834 silly ADD node_modules/@webassemblyjs/leb128
3835 silly ADD node_modules/@webassemblyjs/ieee754
3836 silly ADD node_modules/@webassemblyjs/helper-wasm-section
3837 silly ADD node_modules/@webassemblyjs/helper-wasm-bytecode
3838 silly ADD node_modules/@webassemblyjs/helper-numbers
3839 silly ADD node_modules/@webassemblyjs/helper-buffer
3840 silly ADD node_modules/@webassemblyjs/helper-api-error
3841 silly ADD node_modules/@webassemblyjs/floating-point-hex-parser
3842 silly ADD node_modules/@webassemblyjs/ast
3843 silly ADD node_modules/@types/node
3844 silly ADD node_modules/@types/json-schema
3845 silly ADD node_modules/@types/jasmine
3846 silly ADD node_modules/@types/estree
3847 silly ADD node_modules/@types/eslint-scope
3848 silly ADD node_modules/@types/eslint
3849 silly ADD node_modules/@types/cors
3850 silly ADD node_modules/@types/aos
3851 silly ADD node_modules/@socket.io/component-emitter
3852 silly ADD node_modules/@nodelib/fs.walk
3853 silly ADD node_modules/@nodelib/fs.stat
3854 silly ADD node_modules/@nodelib/fs.scandir
3855 silly ADD node_modules/@jridgewell/trace-mapping
3856 silly ADD node_modules/@jridgewell/sourcemap-codec
3857 silly ADD node_modules/@jridgewell/source-map
3858 silly ADD node_modules/@jridgewell/source-map/node_modules/@jridgewell/gen-mapping
3859 silly ADD node_modules/@jridgewell/set-array
3860 silly ADD node_modules/@jridgewell/resolve-uri
3861 silly ADD node_modules/@jridgewell/gen-mapping
3862 silly ADD node_modules/@istanbuljs/schema
3863 silly ADD node_modules/@istanbuljs/load-nyc-config
3864 silly ADD node_modules/@discoveryjs/json-ext
3865 silly ADD node_modules/@colors/colors
3866 silly ADD node_modules/@babel/types
3867 silly ADD node_modules/@babel/traverse
3868 silly ADD node_modules/@babel/traverse/node_modules/jsesc
3869 silly ADD node_modules/@babel/traverse/node_modules/@jridgewell/gen-mapping
3870 silly ADD node_modules/@babel/traverse/node_modules/@babel/template
3871 silly ADD node_modules/@babel/traverse/node_modules/@babel/generator
3872 silly ADD node_modules/@babel/parser
3873 silly ADD node_modules/@babel/helpers
3874 silly ADD node_modules/@babel/helpers/node_modules/@babel/template
3875 silly ADD node_modules/@babel/helper-validator-option
3876 silly ADD node_modules/@babel/helper-validator-identifier
3877 silly ADD node_modules/@babel/helper-string-parser
3878 silly ADD node_modules/@babel/helper-plugin-utils
3879 silly ADD node_modules/@babel/helper-module-transforms
3880 silly ADD node_modules/@babel/helper-module-imports
3881 silly ADD node_modules/@babel/helper-globals
3882 silly ADD node_modules/@babel/helper-compilation-targets
3883 silly ADD node_modules/@babel/helper-compilation-targets/node_modules/semver
3884 silly ADD node_modules/@babel/compat-data
3885 silly ADD node_modules/@babel/code-frame
3886 silly ADD node_modules/@assemblyscript/loader
3887 silly ADD node_modules/@ampproject/remapping
3888 verbose cwd /Users/djiby/Documents/portfolio/portforlio
3889 verbose os Darwin 24.1.0
3890 verbose node v20.19.6
3891 verbose npm  v10.8.2
3892 verbose exit 0
3893 info ok
