0 verbose cli /opt/homebrew/Cellar/node@20/20.19.6/bin/node /opt/homebrew/bin/npm
1 info using npm@10.8.2
2 info using node@v20.19.6
3 silly config load:file:/opt/homebrew/Cellar/node@20/20.19.6/lib/node_modules/npm/npmrc
4 silly config load:file:/Users/djiby/Documents/portfolio/portforlio/.npmrc
5 silly config load:file:/Users/djiby/.npmrc
6 silly config load:file:/opt/homebrew/etc/npmrc
7 verbose title npm install
8 verbose argv "install"
9 verbose logfile logs-max:10 dir:/Users/djiby/Documents/portfolio/portforlio/.npm-cache/_logs/2026-01-20T12_06_23_615Z-
10 verbose logfile /Users/djiby/Documents/portfolio/portforlio/.npm-cache/_logs/2026-01-20T12_06_23_615Z-debug-0.log
11 silly packumentCache heap:4345298944 maxSize:1086324736 maxEntrySize:543162368
12 silly logfile done cleaning log files
13 silly idealTree buildDeps
14 silly fetch manifest @angular/animations@~14.3.0
15 silly packumentCache full:https://registry.npmjs.org/@angular%2fanimations cache-miss
16 http fetch GET 200 https://registry.npmjs.org/@angular%2fanimations 9ms (cache hit)
17 silly packumentCache full:https://registry.npmjs.org/@angular%2fanimations set size:2692534 disposed:false
18 silly fetch manifest @angular/core@~14.3.0
19 silly packumentCache full:https://registry.npmjs.org/@angular%2fcore cache-miss
20 http fetch GET 200 https://registry.npmjs.org/@angular%2fcore 5ms (cache hit)
21 silly packumentCache full:https://registry.npmjs.org/@angular%2fcore set size:2838843 disposed:false
22 silly fetch manifest rxjs@~7.5.0
23 silly packumentCache full:https://registry.npmjs.org/rxjs cache-miss
24 http fetch GET 200 https://registry.npmjs.org/rxjs 5ms (cache hit)
25 silly packumentCache full:https://registry.npmjs.org/rxjs set size:980097 disposed:false
26 silly fetch manifest zone.js@~0.11.4
27 silly packumentCache full:https://registry.npmjs.org/zone.js cache-miss
28 http fetch GET 200 https://registry.npmjs.org/zone.js 3ms (cache hit)
29 silly packumentCache full:https://registry.npmjs.org/zone.js set size:372304 disposed:false
30 silly fetch manifest @angular/common@~14.3.0
31 silly packumentCache full:https://registry.npmjs.org/@angular%2fcommon cache-miss
32 http fetch GET 200 https://registry.npmjs.org/@angular%2fcommon 5ms (cache hit)
33 silly packumentCache full:https://registry.npmjs.org/@angular%2fcommon set size:2972963 disposed:false
34 silly fetch manifest @angular/compiler@~14.3.0
35 silly packumentCache full:https://registry.npmjs.org/@angular%2fcompiler cache-miss
36 http fetch GET 200 https://registry.npmjs.org/@angular%2fcompiler 4ms (cache hit)
37 silly packumentCache full:https://registry.npmjs.org/@angular%2fcompiler set size:2598980 disposed:false
38 silly fetch manifest @angular/forms@~14.3.0
39 silly packumentCache full:https://registry.npmjs.org/@angular%2fforms cache-miss
40 http fetch GET 200 https://registry.npmjs.org/@angular%2fforms 5ms (cache hit)
41 silly packumentCache full:https://registry.npmjs.org/@angular%2fforms set size:2631021 disposed:false
42 silly fetch manifest @angular/platform-browser@~14.3.0
43 silly packumentCache full:https://registry.npmjs.org/@angular%2fplatform-browser cache-miss
44 http fetch GET 200 https://registry.npmjs.org/@angular%2fplatform-browser 5ms (cache hit)
45 silly packumentCache full:https://registry.npmjs.org/@angular%2fplatform-browser set size:2968666 disposed:false
46 silly fetch manifest @angular/platform-browser-dynamic@~14.3.0
47 silly packumentCache full:https://registry.npmjs.org/@angular%2fplatform-browser-dynamic cache-miss
48 http fetch GET 200 https://registry.npmjs.org/@angular%2fplatform-browser-dynamic 7ms (cache hit)
49 silly packumentCache full:https://registry.npmjs.org/@angular%2fplatform-browser-dynamic set size:2973492 disposed:false
50 silly fetch manifest @angular/router@~14.3.0
51 silly packumentCache full:https://registry.npmjs.org/@angular%2frouter cache-miss
52 http fetch GET 200 https://registry.npmjs.org/@angular%2frouter 5ms (cache hit)
53 silly packumentCache full:https://registry.npmjs.org/@angular%2frouter set size:2869751 disposed:false
54 silly fetch manifest aos@^2.3.4
55 silly packumentCache full:https://registry.npmjs.org/aos cache-miss
56 http fetch GET 200 https://registry.npmjs.org/aos 77ms (cache miss)
57 silly packumentCache full:https://registry.npmjs.org/aos set size:undefined disposed:false
58 silly fetch manifest gsap@^3.13.0
59 silly packumentCache full:https://registry.npmjs.org/gsap cache-miss
60 http fetch GET 200 https://registry.npmjs.org/gsap 260ms (cache miss)
61 silly packumentCache full:https://registry.npmjs.org/gsap set size:undefined disposed:false
62 silly fetch manifest tslib@^2.3.0
63 silly packumentCache full:https://registry.npmjs.org/tslib cache-miss
64 http fetch GET 200 https://registry.npmjs.org/tslib 2ms (cache hit)
65 silly packumentCache full:https://registry.npmjs.org/tslib set size:108760 disposed:false
66 silly fetch manifest @angular-devkit/build-angular@~14.2.13
67 silly packumentCache full:https://registry.npmjs.org/@angular-devkit%2fbuild-angular cache-miss
68 http fetch GET 200 https://registry.npmjs.org/@angular-devkit%2fbuild-angular 5ms (cache hit)
69 silly packumentCache full:https://registry.npmjs.org/@angular-devkit%2fbuild-angular set size:3894917 disposed:false
70 silly fetch manifest @angular/compiler-cli@~14.3.0
71 silly packumentCache full:https://registry.npmjs.org/@angular%2fcompiler-cli cache-miss
72 http fetch GET 200 https://registry.npmjs.org/@angular%2fcompiler-cli 5ms (cache hit)
73 silly packumentCache full:https://registry.npmjs.org/@angular%2fcompiler-cli set size:3134456 disposed:false
74 silly fetch manifest typescript@~4.6.2
75 silly packumentCache full:https://registry.npmjs.org/typescript cache-miss
76 http fetch GET 200 https://registry.npmjs.org/typescript 13ms (cache hit)
77 silly packumentCache full:https://registry.npmjs.org/typescript set size:15148409 disposed:false
78 silly fetch manifest @angular/localize@^14.0.0
79 silly packumentCache full:https://registry.npmjs.org/@angular%2flocalize cache-miss
80 http fetch GET 200 https://registry.npmjs.org/@angular%2flocalize 5ms (cache hit)
81 silly packumentCache full:https://registry.npmjs.org/@angular%2flocalize set size:2256510 disposed:false
82 silly fetch manifest @angular/service-worker@^14.0.0
83 silly packumentCache full:https://registry.npmjs.org/@angular%2fservice-worker cache-miss
84 http fetch GET 200 https://registry.npmjs.org/@angular%2fservice-worker 4ms (cache hit)
85 silly packumentCache full:https://registry.npmjs.org/@angular%2fservice-worker set size:2787713 disposed:false
86 silly fetch manifest karma@~6.3.0
87 silly packumentCache full:https://registry.npmjs.org/karma cache-miss
88 http fetch GET 200 https://registry.npmjs.org/karma 5ms (cache hit)
89 silly packumentCache full:https://registry.npmjs.org/karma set size:3361521 disposed:false
90 silly fetch manifest ng-packagr@^14.0.0
91 silly packumentCache full:https://registry.npmjs.org/ng-packagr cache-miss
92 http fetch GET 200 https://registry.npmjs.org/ng-packagr 2ms (cache hit)
93 silly packumentCache full:https://registry.npmjs.org/ng-packagr set size:1080091 disposed:false
94 silly fetch manifest protractor@^7.0.0
95 silly packumentCache full:https://registry.npmjs.org/protractor cache-miss
96 http fetch GET 200 https://registry.npmjs.org/protractor 3ms (cache hit)
97 silly packumentCache full:https://registry.npmjs.org/protractor set size:265914 disposed:false
98 silly fetch manifest tailwindcss@^2.0.0 || ^3.0.0
99 silly packumentCache full:https://registry.npmjs.org/tailwindcss cache-miss
100 http fetch GET 200 https://registry.npmjs.org/tailwindcss 17ms (cache hit)
101 silly packumentCache full:https://registry.npmjs.org/tailwindcss set size:10106959 disposed:false
102 silly fetch manifest @angular/cli@~14.2.13
103 silly packumentCache full:https://registry.npmjs.org/@angular%2fcli cache-miss
104 http fetch GET 200 https://registry.npmjs.org/@angular%2fcli 4ms (cache hit)
105 silly packumentCache full:https://registry.npmjs.org/@angular%2fcli set size:2997909 disposed:false
106 silly fetch manifest @types/aos@^3.0.7
107 silly packumentCache full:https://registry.npmjs.org/@types%2faos cache-miss
108 http fetch GET 200 https://registry.npmjs.org/@types%2faos 31ms (cache miss)
109 silly packumentCache full:https://registry.npmjs.org/@types%2faos set size:undefined disposed:false
110 silly fetch manifest @types/jasmine@~3.10.0
111 silly packumentCache full:https://registry.npmjs.org/@types%2fjasmine cache-miss
112 http fetch GET 200 https://registry.npmjs.org/@types%2fjasmine 510ms (cache miss)
113 silly packumentCache full:https://registry.npmjs.org/@types%2fjasmine set size:undefined disposed:false
114 silly fetch manifest @types/node@^12.11.1
115 silly packumentCache full:https://registry.npmjs.org/@types%2fnode cache-miss
116 http fetch GET 200 https://registry.npmjs.org/@types%2fnode 103ms (cache miss)
117 silly packumentCache full:https://registry.npmjs.org/@types%2fnode set size:undefined disposed:false
118 silly fetch manifest jasmine-core@~4.0.0
119 silly packumentCache full:https://registry.npmjs.org/jasmine-core cache-miss
120 http fetch GET 200 https://registry.npmjs.org/jasmine-core 244ms (cache miss)
121 silly packumentCache full:https://registry.npmjs.org/jasmine-core set size:undefined disposed:false
122 silly fetch manifest karma-chrome-launcher@~3.1.0
123 silly packumentCache full:https://registry.npmjs.org/karma-chrome-launcher cache-miss
124 http fetch GET 200 https://registry.npmjs.org/karma-chrome-launcher 25ms (cache miss)
125 silly packumentCache full:https://registry.npmjs.org/karma-chrome-launcher set size:undefined disposed:false
126 silly fetch manifest karma-coverage@~2.1.0
127 silly packumentCache full:https://registry.npmjs.org/karma-coverage cache-miss
128 http fetch GET 200 https://registry.npmjs.org/karma-coverage 256ms (cache miss)
129 silly packumentCache full:https://registry.npmjs.org/karma-coverage set size:undefined disposed:false
130 silly fetch manifest karma-jasmine@~4.0.0
131 silly packumentCache full:https://registry.npmjs.org/karma-jasmine cache-miss
132 http fetch GET 200 https://registry.npmjs.org/karma-jasmine 244ms (cache miss)
133 silly packumentCache full:https://registry.npmjs.org/karma-jasmine set size:undefined disposed:false
134 silly fetch manifest karma-jasmine-html-reporter@~1.7.0
135 silly packumentCache full:https://registry.npmjs.org/karma-jasmine-html-reporter cache-miss
136 http fetch GET 200 https://registry.npmjs.org/karma-jasmine-html-reporter 24ms (cache miss)
137 silly packumentCache full:https://registry.npmjs.org/karma-jasmine-html-reporter set size:undefined disposed:false
138 silly placeDep ROOT @angular-devkit/build-angular@14.2.13 OK for: portforlio@0.0.0 want: ~14.2.13
139 silly placeDep ROOT typescript@4.6.4 OK for: @angular-devkit/build-angular@14.2.13 want: >=4.6.2 <4.9
140 silly placeDep ROOT @angular/compiler-cli@14.3.0 OK for: @angular-devkit/build-angular@14.2.13 want: ^14.0.0
141 silly placeDep ROOT @angular/compiler@14.3.0 OK for: @angular/compiler-cli@14.3.0 want: 14.3.0
142 silly placeDep ROOT @angular/animations@14.3.0 OK for: portforlio@0.0.0 want: ~14.3.0
143 silly placeDep ROOT @angular/core@14.3.0 OK for: @angular/animations@14.3.0 want: 14.3.0
144 silly placeDep ROOT rxjs@7.5.7 OK for: @angular/core@14.3.0 want: ^6.5.3 || ^7.4.0
145 silly placeDep ROOT zone.js@0.11.8 OK for: @angular/core@14.3.0 want: ~0.11.4 || ~0.12.0
146 silly placeDep ROOT @angular/cli@14.2.13 OK for: portforlio@0.0.0 want: ~14.2.13
147 silly placeDep ROOT @angular/common@14.3.0 OK for: portforlio@0.0.0 want: ~14.3.0
148 silly placeDep ROOT @angular/forms@14.3.0 OK for: portforlio@0.0.0 want: ~14.3.0
149 silly placeDep ROOT @angular/platform-browser@14.3.0 OK for: @angular/forms@14.3.0 want: 14.3.0
150 silly placeDep ROOT @angular/platform-browser-dynamic@14.3.0 OK for: portforlio@0.0.0 want: ~14.3.0
151 silly placeDep ROOT @angular/router@14.3.0 OK for: portforlio@0.0.0 want: ~14.3.0
152 silly placeDep ROOT @types/aos@3.0.7 OK for: portforlio@0.0.0 want: ^3.0.7
153 silly placeDep ROOT @types/jasmine@3.10.19 OK for: portforlio@0.0.0 want: ~3.10.0
154 silly placeDep ROOT @types/node@12.20.55 OK for: portforlio@0.0.0 want: ^12.11.1
155 silly placeDep ROOT aos@2.3.4 OK for: portforlio@0.0.0 want: ^2.3.4
156 silly placeDep ROOT gsap@3.14.2 OK for: portforlio@0.0.0 want: ^3.13.0
157 silly placeDep ROOT jasmine-core@4.0.1 OK for: portforlio@0.0.0 want: ~4.0.0
158 silly placeDep ROOT karma@6.3.20 OK for: portforlio@0.0.0 want: ~6.3.0
159 silly placeDep ROOT karma-chrome-launcher@3.1.1 OK for: portforlio@0.0.0 want: ~3.1.0
160 silly placeDep ROOT karma-coverage@2.1.1 OK for: portforlio@0.0.0 want: ~2.1.0
161 silly placeDep ROOT karma-jasmine@4.0.2 OK for: portforlio@0.0.0 want: ~4.0.0
162 silly placeDep ROOT karma-jasmine-html-reporter@1.7.0 OK for: portforlio@0.0.0 want: ~1.7.0
163 silly placeDep ROOT tslib@2.8.1 OK for: portforlio@0.0.0 want: ^2.3.0
164 silly fetch manifest ora@5.4.1
165 silly packumentCache full:https://registry.npmjs.org/ora cache-miss
166 silly fetch manifest glob@8.0.3
167 silly packumentCache full:https://registry.npmjs.org/glob cache-miss
168 silly fetch manifest less@4.1.3
169 silly packumentCache full:https://registry.npmjs.org/less cache-miss
170 silly fetch manifest open@8.4.0
171 silly packumentCache full:https://registry.npmjs.org/open cache-miss
172 silly fetch manifest rxjs@6.6.7
173 silly packumentCache full:https://registry.npmjs.org/rxjs cache-hit
174 silly fetch manifest sass@1.54.4
175 silly packumentCache full:https://registry.npmjs.org/sass cache-miss
176 silly fetch manifest tslib@2.4.0
177 silly packumentCache full:https://registry.npmjs.org/tslib cache-hit
178 silly fetch manifest semver@7.5.3
179 silly packumentCache full:https://registry.npmjs.org/semver cache-miss
180 silly fetch manifest stylus@0.59.0
181 silly packumentCache full:https://registry.npmjs.org/stylus cache-miss
182 silly fetch manifest terser@5.14.2
183 silly packumentCache full:https://registry.npmjs.org/terser cache-miss
184 silly fetch manifest cacache@16.1.2
185 silly packumentCache full:https://registry.npmjs.org/cacache cache-miss
186 silly fetch manifest piscina@3.2.0
187 silly packumentCache full:https://registry.npmjs.org/piscina cache-miss
188 silly fetch manifest postcss@8.4.31
189 silly packumentCache full:https://registry.npmjs.org/postcss cache-miss
190 http fetch GET 200 https://registry.npmjs.org/ora 9ms (cache hit)
191 silly packumentCache full:https://registry.npmjs.org/ora set size:134628 disposed:false
192 silly fetch manifest webpack@5.76.1
193 silly packumentCache full:https://registry.npmjs.org/webpack cache-miss
194 http fetch GET 200 https://registry.npmjs.org/glob 10ms (cache hit)
195 silly packumentCache full:https://registry.npmjs.org/glob set size:415427 disposed:false
196 silly fetch manifest critters@0.0.16
197 silly packumentCache full:https://registry.npmjs.org/critters cache-miss
198 http fetch GET 200 https://registry.npmjs.org/semver 11ms (cache hit)
199 silly packumentCache full:https://registry.npmjs.org/semver set size:226907 disposed:false
200 silly fetch manifest inquirer@8.2.4
201 silly packumentCache full:https://registry.npmjs.org/inquirer cache-miss
202 http fetch GET 200 https://registry.npmjs.org/open 14ms (cache hit)
203 silly packumentCache full:https://registry.npmjs.org/open set size:136392 disposed:false
204 silly fetch manifest minimatch@5.1.0
205 silly packumentCache full:https://registry.npmjs.org/minimatch cache-miss
206 http fetch GET 200 https://registry.npmjs.org/sass 15ms (cache hit)
207 silly packumentCache full:https://registry.npmjs.org/sass set size:719969 disposed:false
208 silly fetch manifest tree-kill@1.2.2
209 silly packumentCache full:https://registry.npmjs.org/tree-kill cache-miss
210 http fetch GET 200 https://registry.npmjs.org/less 19ms (cache hit)
211 silly packumentCache full:https://registry.npmjs.org/less set size:430648 disposed:false
212 silly fetch manifest css-loader@6.7.1
213 silly packumentCache full:https://registry.npmjs.org/css-loader cache-miss
214 http fetch GET 200 https://registry.npmjs.org/stylus 21ms (cache hit)
215 silly packumentCache full:https://registry.npmjs.org/stylus set size:286766 disposed:false
216 silly fetch manifest text-table@0.2.0
217 silly packumentCache full:https://registry.npmjs.org/text-table cache-miss
218 http fetch GET 200 https://registry.npmjs.org/cacache 27ms (cache hit)
219 silly packumentCache full:https://registry.npmjs.org/cacache set size:379664 disposed:false
220 silly fetch manifest @babel/core@7.18.10
221 silly packumentCache full:https://registry.npmjs.org/@babel%2fcore cache-miss
222 http fetch GET 200 https://registry.npmjs.org/postcss 29ms (cache hit)
223 silly packumentCache full:https://registry.npmjs.org/postcss set size:696248 disposed:false
224 silly fetch manifest ansi-colors@4.1.3
225 silly packumentCache full:https://registry.npmjs.org/ansi-colors cache-miss
226 http fetch GET 200 https://registry.npmjs.org/minimatch 23ms (cache hit)
227 silly packumentCache full:https://registry.npmjs.org/minimatch set size:303959 disposed:false
228 silly fetch manifest less-loader@11.0.0
229 silly packumentCache full:https://registry.npmjs.org/less-loader cache-miss
230 http fetch GET 200 https://registry.npmjs.org/inquirer 26ms (cache hit)
231 silly packumentCache full:https://registry.npmjs.org/inquirer set size:585050 disposed:false
232 silly fetch manifest sass-loader@13.0.2
233 silly packumentCache full:https://registry.npmjs.org/sass-loader cache-miss
234 http fetch GET 200 https://registry.npmjs.org/css-loader 23ms (cache hit)
235 silly packumentCache full:https://registry.npmjs.org/css-loader set size:512155 disposed:false
236 silly fetch manifest babel-loader@8.2.5
237 silly packumentCache full:https://registry.npmjs.org/babel-loader cache-miss
238 http fetch GET 200 https://registry.npmjs.org/webpack 39ms (cache hit)
239 silly packumentCache full:https://registry.npmjs.org/webpack set size:4926367 disposed:false
240 silly fetch manifest browserslist@^4.9.1
241 silly packumentCache full:https://registry.npmjs.org/browserslist cache-miss
242 http fetch GET 200 https://registry.npmjs.org/@babel%2fcore 42ms (cache hit)
243 silly packumentCache full:https://registry.npmjs.org/@babel%2fcore set size:745002 disposed:false
244 silly fetch manifest esbuild-wasm@0.15.5
245 silly packumentCache full:https://registry.npmjs.org/esbuild-wasm cache-miss
246 http fetch GET 200 https://registry.npmjs.org/ansi-colors 42ms (cache hit)
247 silly packumentCache full:https://registry.npmjs.org/ansi-colors set size:110876 disposed:false
248 silly fetch manifest jsonc-parser@3.1.0
249 silly packumentCache full:https://registry.npmjs.org/jsonc-parser cache-miss
250 http fetch GET 200 https://registry.npmjs.org/sass-loader 38ms (cache hit)
251 silly packumentCache full:https://registry.npmjs.org/sass-loader set size:418808 disposed:false
252 silly fetch manifest loader-utils@3.2.1
253 silly packumentCache full:https://registry.npmjs.org/loader-utils cache-miss
254 http fetch GET 200 https://registry.npmjs.org/less-loader 44ms (cache hit)
255 silly packumentCache full:https://registry.npmjs.org/less-loader set size:210110 disposed:false
256 silly fetch manifest stylus-loader@7.0.0
257 silly packumentCache full:https://registry.npmjs.org/stylus-loader cache-miss
258 http fetch GET 200 https://registry.npmjs.org/browserslist 19ms (cache hit)
259 silly packumentCache full:https://registry.npmjs.org/browserslist set size:502989 disposed:false
260 silly fetch manifest webpack-merge@5.8.0
261 silly packumentCache full:https://registry.npmjs.org/webpack-merge cache-miss
262 http fetch GET 200 https://registry.npmjs.org/jsonc-parser 19ms (cache hit)
263 silly packumentCache full:https://registry.npmjs.org/jsonc-parser set size:122648 disposed:false
264 silly fetch manifest @babel/runtime@7.18.9
265 silly packumentCache full:https://registry.npmjs.org/@babel%2fruntime cache-miss
266 http fetch GET 200 https://registry.npmjs.org/esbuild-wasm 22ms (cache hit)
267 silly packumentCache full:https://registry.npmjs.org/esbuild-wasm set size:1032624 disposed:false
268 silly fetch manifest postcss-import@15.0.0
269 silly packumentCache full:https://registry.npmjs.org/postcss-import cache-miss
270 http fetch GET 200 https://registry.npmjs.org/stylus-loader 16ms (cache hit)
271 silly packumentCache full:https://registry.npmjs.org/stylus-loader set size:171582 disposed:false
272 silly fetch manifest postcss-loader@7.0.1
273 silly packumentCache full:https://registry.npmjs.org/postcss-loader cache-miss
274 http fetch GET 200 https://registry.npmjs.org/terser 102ms (cache miss)
275 silly packumentCache full:https://registry.npmjs.org/terser set size:undefined disposed:false
276 silly fetch manifest @babel/template@7.18.10
277 silly packumentCache full:https://registry.npmjs.org/@babel%2ftemplate cache-miss
278 http fetch GET 200 https://registry.npmjs.org/postcss-import 9ms (cache hit)
279 silly packumentCache full:https://registry.npmjs.org/postcss-import set size:120971 disposed:false
280 silly fetch manifest @babel/generator@7.18.12
281 silly packumentCache full:https://registry.npmjs.org/@babel%2fgenerator cache-miss
282 http fetch GET 200 https://registry.npmjs.org/@babel%2fruntime 17ms (cache hit)
283 silly packumentCache full:https://registry.npmjs.org/@babel%2fruntime set size:3289397 disposed:false
284 silly fetch manifest @ngtools/webpack@14.2.13
285 silly packumentCache full:https://registry.npmjs.org/@ngtools%2fwebpack cache-miss
286 http fetch GET 200 https://registry.npmjs.org/postcss-loader 26ms (cache hit)
287 silly packumentCache full:https://registry.npmjs.org/postcss-loader set size:278121 disposed:false
288 silly fetch manifest @babel/preset-env@7.18.10
289 silly packumentCache full:https://registry.npmjs.org/@babel%2fpreset-env cache-miss
290 http fetch GET 200 https://registry.npmjs.org/@babel%2ftemplate 26ms (cache hit)
291 silly packumentCache full:https://registry.npmjs.org/@babel%2ftemplate set size:221398 disposed:false
292 silly fetch manifest https-proxy-agent@5.0.1
293 silly packumentCache full:https://registry.npmjs.org/https-proxy-agent cache-miss
294 http fetch GET 200 https://registry.npmjs.org/tree-kill 115ms (cache miss)
295 silly packumentCache full:https://registry.npmjs.org/tree-kill set size:undefined disposed:false
296 silly fetch manifest source-map-loader@4.0.0
297 silly packumentCache full:https://registry.npmjs.org/source-map-loader cache-miss
298 http fetch GET 200 https://registry.npmjs.org/@babel%2fgenerator 24ms (cache hit)
299 silly packumentCache full:https://registry.npmjs.org/@babel%2fgenerator set size:496498 disposed:false
300 silly fetch manifest postcss-preset-env@7.8.0
301 silly packumentCache full:https://registry.npmjs.org/postcss-preset-env cache-miss
302 http fetch GET 200 https://registry.npmjs.org/@ngtools%2fwebpack 12ms (cache hit)
303 silly packumentCache full:https://registry.npmjs.org/@ngtools%2fwebpack set size:2353106 disposed:false
304 silly fetch manifest resolve-url-loader@5.0.0
305 silly packumentCache full:https://registry.npmjs.org/resolve-url-loader cache-miss
306 http fetch GET 200 https://registry.npmjs.org/@babel%2fpreset-env 15ms (cache hit)
307 silly packumentCache full:https://registry.npmjs.org/@babel%2fpreset-env set size:1128060 disposed:false
308 silly fetch manifest source-map-support@0.5.21
309 silly packumentCache full:https://registry.npmjs.org/source-map-support cache-miss
310 http fetch GET 200 https://registry.npmjs.org/https-proxy-agent 18ms (cache hit)
311 silly packumentCache full:https://registry.npmjs.org/https-proxy-agent set size:76241 disposed:false
312 silly fetch manifest webpack-dev-server@4.11.0
313 silly packumentCache full:https://registry.npmjs.org/webpack-dev-server cache-miss
314 http fetch GET 200 https://registry.npmjs.org/source-map-loader 18ms (cache hit)
315 silly packumentCache full:https://registry.npmjs.org/source-map-loader set size:100772 disposed:false
316 silly fetch manifest copy-webpack-plugin@11.0.0
317 silly packumentCache full:https://registry.npmjs.org/copy-webpack-plugin cache-miss
318 http fetch GET 200 https://registry.npmjs.org/postcss-preset-env 19ms (cache hit)
319 silly packumentCache full:https://registry.npmjs.org/postcss-preset-env set size:710735 disposed:false
320 silly fetch manifest regenerator-runtime@0.13.9
321 silly packumentCache full:https://registry.npmjs.org/regenerator-runtime cache-miss
322 http fetch GET 200 https://registry.npmjs.org/copy-webpack-plugin 8ms (cache hit)
323 silly packumentCache full:https://registry.npmjs.org/copy-webpack-plugin set size:299383 disposed:false
324 silly fetch manifest @angular-devkit/core@14.2.13
325 silly packumentCache full:https://registry.npmjs.org/@angular-devkit%2fcore cache-miss
326 http fetch GET 200 https://registry.npmjs.org/webpack-dev-server 11ms (cache hit)
327 silly packumentCache full:https://registry.npmjs.org/webpack-dev-server set size:846408 disposed:false
328 silly fetch manifest @ampproject/remapping@2.2.0
329 silly packumentCache full:https://registry.npmjs.org/@ampproject%2fremapping cache-miss
330 http fetch GET 200 https://registry.npmjs.org/regenerator-runtime 10ms (cache hit)
331 silly packumentCache full:https://registry.npmjs.org/regenerator-runtime set size:59671 disposed:false
332 silly fetch manifest @discoveryjs/json-ext@0.5.7
333 silly packumentCache full:https://registry.npmjs.org/@discoveryjs%2fjson-ext cache-miss
334 http fetch GET 200 https://registry.npmjs.org/loader-utils 85ms (cache miss)
335 silly packumentCache full:https://registry.npmjs.org/loader-utils set size:undefined disposed:false
336 silly fetch manifest babel-plugin-istanbul@6.1.1
337 silly packumentCache full:https://registry.npmjs.org/babel-plugin-istanbul cache-miss
338 http fetch GET 200 https://registry.npmjs.org/@ampproject%2fremapping 5ms (cache hit)
339 silly packumentCache full:https://registry.npmjs.org/@ampproject%2fremapping set size:88598 disposed:false
340 silly fetch manifest license-webpack-plugin@4.0.2
341 silly packumentCache full:https://registry.npmjs.org/license-webpack-plugin cache-miss
342 http fetch GET 200 https://registry.npmjs.org/@angular-devkit%2fcore 12ms (cache hit)
343 silly packumentCache full:https://registry.npmjs.org/@angular-devkit%2fcore set size:2240704 disposed:false
344 silly fetch manifest webpack-dev-middleware@5.3.3
345 silly packumentCache full:https://registry.npmjs.org/webpack-dev-middleware cache-miss
346 http fetch GET 200 https://registry.npmjs.org/@discoveryjs%2fjson-ext 14ms (cache hit)
347 silly packumentCache full:https://registry.npmjs.org/@discoveryjs%2fjson-ext set size:73094 disposed:false
348 silly fetch manifest mini-css-extract-plugin@2.6.1
349 silly packumentCache full:https://registry.npmjs.org/mini-css-extract-plugin cache-miss
350 http fetch GET 200 https://registry.npmjs.org/webpack-dev-middleware 5ms (cache hit)
351 silly packumentCache full:https://registry.npmjs.org/webpack-dev-middleware set size:357747 disposed:false
352 silly fetch manifest karma-source-map-support@1.4.0
353 silly packumentCache full:https://registry.npmjs.org/karma-source-map-support cache-miss
354 http fetch GET 200 https://registry.npmjs.org/mini-css-extract-plugin 4ms (cache hit)
355 silly packumentCache full:https://registry.npmjs.org/mini-css-extract-plugin set size:396581 disposed:false
356 silly fetch manifest @angular-devkit/architect@0.1402.13
357 silly packumentCache full:https://registry.npmjs.org/@angular-devkit%2farchitect cache-miss
358 http fetch GET 200 https://registry.npmjs.org/@angular-devkit%2farchitect 5ms (cache hit)
359 silly packumentCache full:https://registry.npmjs.org/@angular-devkit%2farchitect set size:2054585 disposed:false
360 silly fetch manifest parse5-html-rewriting-stream@6.0.1
361 silly packumentCache full:https://registry.npmjs.org/parse5-html-rewriting-stream cache-miss
362 http fetch GET 200 https://registry.npmjs.org/piscina 308ms (cache miss)
363 silly packumentCache full:https://registry.npmjs.org/piscina set size:undefined disposed:false
364 silly fetch manifest @angular-devkit/build-webpack@0.1402.13
365 silly packumentCache full:https://registry.npmjs.org/@angular-devkit%2fbuild-webpack cache-miss
366 http fetch GET 200 https://registry.npmjs.org/@angular-devkit%2fbuild-webpack 3ms (cache hit)
367 silly packumentCache full:https://registry.npmjs.org/@angular-devkit%2fbuild-webpack set size:2133657 disposed:false
368 silly fetch manifest webpack-subresource-integrity@5.1.0
369 silly packumentCache full:https://registry.npmjs.org/webpack-subresource-integrity cache-miss
370 http fetch GET 200 https://registry.npmjs.org/critters 334ms (cache miss)
371 silly packumentCache full:https://registry.npmjs.org/critters set size:undefined disposed:false
372 silly fetch manifest @babel/helper-annotate-as-pure@7.18.6
373 silly packumentCache full:https://registry.npmjs.org/@babel%2fhelper-annotate-as-pure cache-miss
374 http fetch GET 200 https://registry.npmjs.org/@babel%2fhelper-annotate-as-pure 2ms (cache hit)
375 silly packumentCache full:https://registry.npmjs.org/@babel%2fhelper-annotate-as-pure set size:165818 disposed:false
376 silly fetch manifest @babel/plugin-transform-runtime@7.18.10
377 silly packumentCache full:https://registry.npmjs.org/@babel%2fplugin-transform-runtime cache-miss
378 http fetch GET 200 https://registry.npmjs.org/@babel%2fplugin-transform-runtime 1ms (cache hit)
379 silly packumentCache full:https://registry.npmjs.org/@babel%2fplugin-transform-runtime set size:441671 disposed:false
380 silly fetch manifest @babel/plugin-transform-async-to-generator@7.18.6
381 silly packumentCache full:https://registry.npmjs.org/@babel%2fplugin-transform-async-to-generator cache-miss
382 http fetch GET 200 https://registry.npmjs.org/@babel%2fplugin-transform-async-to-generator 1ms (cache hit)
383 silly packumentCache full:https://registry.npmjs.org/@babel%2fplugin-transform-async-to-generator set size:228496 disposed:false
384 silly fetch manifest @babel/plugin-proposal-async-generator-functions@7.18.10
385 silly packumentCache full:https://registry.npmjs.org/@babel%2fplugin-proposal-async-generator-functions cache-miss
386 http fetch GET 200 https://registry.npmjs.org/@babel%2fplugin-proposal-async-generator-functions 2ms (cache hit)
387 silly packumentCache full:https://registry.npmjs.org/@babel%2fplugin-proposal-async-generator-functions set size:213309 disposed:false
388 silly fetch manifest esbuild@0.15.5
389 silly packumentCache full:https://registry.npmjs.org/esbuild cache-miss
390 http fetch GET 200 https://registry.npmjs.org/esbuild 2ms (cache hit)
391 silly packumentCache full:https://registry.npmjs.org/esbuild set size:1239695 disposed:false
392 silly fetch manifest yargs@^17.2.1
393 silly packumentCache full:https://registry.npmjs.org/yargs cache-miss
394 http fetch GET 200 https://registry.npmjs.org/yargs 2ms (cache hit)
395 silly packumentCache full:https://registry.npmjs.org/yargs set size:743056 disposed:false
396 silly fetch manifest semver@^7.0.0
397 silly packumentCache full:https://registry.npmjs.org/semver cache-hit
398 silly fetch manifest chokidar@^3.0.0
399 silly packumentCache full:https://registry.npmjs.org/chokidar cache-miss
400 http fetch GET 200 https://registry.npmjs.org/chokidar 2ms (cache hit)
401 silly packumentCache full:https://registry.npmjs.org/chokidar set size:255902 disposed:false
402 silly fetch manifest @babel/core@^7.17.2
403 silly packumentCache full:https://registry.npmjs.org/@babel%2fcore cache-hit
404 silly fetch manifest magic-string@^0.26.0
405 silly packumentCache full:https://registry.npmjs.org/magic-string cache-miss
406 http fetch GET 200 https://registry.npmjs.org/magic-string 2ms (cache hit)
407 silly packumentCache full:https://registry.npmjs.org/magic-string set size:331817 disposed:false
408 silly fetch manifest sourcemap-codec@^1.4.8
409 silly packumentCache full:https://registry.npmjs.org/sourcemap-codec cache-miss
410 http fetch GET 200 https://registry.npmjs.org/sourcemap-codec 2ms (cache hit)
411 silly packumentCache full:https://registry.npmjs.org/sourcemap-codec set size:45470 disposed:false
412 silly fetch manifest dependency-graph@^0.11.0
413 silly packumentCache full:https://registry.npmjs.org/dependency-graph cache-miss
414 http fetch GET 200 https://registry.npmjs.org/dependency-graph 2ms (cache hit)
415 silly packumentCache full:https://registry.npmjs.org/dependency-graph set size:40812 disposed:false
416 silly fetch manifest reflect-metadata@^0.1.2
417 silly packumentCache full:https://registry.npmjs.org/reflect-metadata cache-miss
418 http fetch GET 200 https://registry.npmjs.org/reflect-metadata 1ms (cache hit)
419 silly packumentCache full:https://registry.npmjs.org/reflect-metadata set size:61305 disposed:false
420 silly fetch manifest convert-source-map@^1.5.1
421 silly packumentCache full:https://registry.npmjs.org/convert-source-map cache-miss
422 http fetch GET 200 https://registry.npmjs.org/webpack-merge 296ms (cache miss)
423 silly packumentCache full:https://registry.npmjs.org/webpack-merge set size:undefined disposed:false
424 silly fetch manifest tslib@^2.1.0
425 silly packumentCache full:https://registry.npmjs.org/tslib cache-hit
426 silly fetch manifest ini@3.0.0
427 silly packumentCache full:https://registry.npmjs.org/ini cache-miss
428 http fetch GET 200 https://registry.npmjs.org/ini 1ms (cache hit)
429 silly packumentCache full:https://registry.npmjs.org/ini set size:57019 disposed:false
430 silly fetch manifest uuid@8.3.2
431 silly packumentCache full:https://registry.npmjs.org/uuid cache-miss
432 http fetch GET 200 https://registry.npmjs.org/uuid 4ms (cache hit)
433 silly packumentCache full:https://registry.npmjs.org/uuid set size:224608 disposed:false
434 silly fetch manifest debug@4.3.4
435 silly packumentCache full:https://registry.npmjs.org/debug cache-miss
436 http fetch GET 200 https://registry.npmjs.org/debug 2ms (cache hit)
437 silly packumentCache full:https://registry.npmjs.org/debug set size:195840 disposed:false
438 silly fetch manifest yargs@17.5.1
439 silly packumentCache full:https://registry.npmjs.org/yargs cache-hit
440 silly fetch manifest pacote@13.6.2
441 silly packumentCache full:https://registry.npmjs.org/pacote cache-miss
442 http fetch GET 200 https://registry.npmjs.org/resolve-url-loader 252ms (cache miss)
443 silly packumentCache full:https://registry.npmjs.org/resolve-url-loader set size:undefined disposed:false
444 silly fetch manifest resolve@1.22.1
445 silly packumentCache full:https://registry.npmjs.org/resolve cache-miss
446 http fetch GET 200 https://registry.npmjs.org/pacote 3ms (cache hit)
447 silly packumentCache full:https://registry.npmjs.org/pacote set size:734587 disposed:false
448 silly fetch manifest npm-package-arg@9.1.0
449 silly packumentCache full:https://registry.npmjs.org/npm-package-arg cache-miss
450 http fetch GET 200 https://registry.npmjs.org/resolve 5ms (cache hit)
451 silly packumentCache full:https://registry.npmjs.org/resolve set size:246681 disposed:false
452 silly fetch manifest @yarnpkg/lockfile@1.1.0
453 silly packumentCache full:https://registry.npmjs.org/@yarnpkg%2flockfile cache-miss
454 http fetch GET 200 https://registry.npmjs.org/npm-package-arg 4ms (cache hit)
455 silly packumentCache full:https://registry.npmjs.org/npm-package-arg set size:131455 disposed:false
456 silly fetch manifest npm-pick-manifest@7.0.1
457 silly packumentCache full:https://registry.npmjs.org/npm-pick-manifest cache-miss
458 http fetch GET 200 https://registry.npmjs.org/@yarnpkg%2flockfile 3ms (cache hit)
459 silly packumentCache full:https://registry.npmjs.org/@yarnpkg%2flockfile set size:8937 disposed:false
460 silly fetch manifest symbol-observable@4.0.0
461 silly packumentCache full:https://registry.npmjs.org/symbol-observable cache-miss
462 http fetch GET 200 https://registry.npmjs.org/npm-pick-manifest 2ms (cache hit)
463 silly packumentCache full:https://registry.npmjs.org/npm-pick-manifest set size:102383 disposed:false
464 silly fetch manifest @schematics/angular@14.2.13
465 silly packumentCache full:https://registry.npmjs.org/@schematics%2fangular cache-miss
466 http fetch GET 200 https://registry.npmjs.org/symbol-observable 4ms (cache hit)
467 silly packumentCache full:https://registry.npmjs.org/symbol-observable set size:44379 disposed:false
468 silly fetch manifest @angular-devkit/schematics@14.2.13
469 silly packumentCache full:https://registry.npmjs.org/@angular-devkit%2fschematics cache-miss
470 http fetch GET 200 https://registry.npmjs.org/@schematics%2fangular 5ms (cache hit)
471 silly packumentCache full:https://registry.npmjs.org/@schematics%2fangular set size:2257358 disposed:false
472 silly fetch manifest classlist-polyfill@^1.0.3
473 silly packumentCache full:https://registry.npmjs.org/classlist-polyfill cache-miss
474 http fetch GET 200 https://registry.npmjs.org/@angular-devkit%2fschematics 10ms (cache hit)
475 silly packumentCache full:https://registry.npmjs.org/@angular-devkit%2fschematics set size:2218802 disposed:false
476 silly fetch manifest lodash.debounce@^4.0.6
477 silly packumentCache full:https://registry.npmjs.org/lodash.debounce cache-miss
478 http fetch GET 200 https://registry.npmjs.org/babel-plugin-istanbul 272ms (cache miss)
479 silly packumentCache full:https://registry.npmjs.org/babel-plugin-istanbul set size:undefined disposed:false
480 silly fetch manifest lodash.throttle@^4.0.1
481 silly packumentCache full:https://registry.npmjs.org/lodash.throttle cache-miss
482 http fetch GET 200 https://registry.npmjs.org/source-map-support 299ms (cache miss)
483 silly packumentCache full:https://registry.npmjs.org/source-map-support set size:undefined disposed:false
484 silly fetch manifest di@^0.0.1
485 silly packumentCache full:https://registry.npmjs.org/di cache-miss
486 http fetch GET 200 https://registry.npmjs.org/karma-source-map-support 292ms (cache miss)
487 silly packumentCache full:https://registry.npmjs.org/karma-source-map-support set size:undefined disposed:false
488 silly fetch manifest tmp@^0.2.1
489 silly packumentCache full:https://registry.npmjs.org/tmp cache-miss
490 http fetch GET 200 https://registry.npmjs.org/tmp 2ms (cache hit)
491 silly packumentCache full:https://registry.npmjs.org/tmp set size:75072 disposed:false
492 silly fetch manifest glob@^7.1.7
493 silly packumentCache full:https://registry.npmjs.org/glob cache-hit
494 silly fetch manifest mime@^2.5.2
495 silly packumentCache full:https://registry.npmjs.org/mime cache-miss
496 http fetch GET 200 https://registry.npmjs.org/mime 1ms (cache hit)
497 silly packumentCache full:https://registry.npmjs.org/mime set size:119236 disposed:false
498 silly fetch manifest qjobs@^1.2.0
499 silly packumentCache full:https://registry.npmjs.org/qjobs cache-miss
500 http fetch GET 200 https://registry.npmjs.org/webpack-subresource-integrity 256ms (cache miss)
501 silly packumentCache full:https://registry.npmjs.org/webpack-subresource-integrity set size:undefined disposed:false
502 silly fetch manifest yargs@^16.1.1
503 silly packumentCache full:https://registry.npmjs.org/yargs cache-hit
504 silly fetch manifest braces@^3.0.2
505 silly packumentCache full:https://registry.npmjs.org/braces cache-miss
506 http fetch GET 200 https://registry.npmjs.org/convert-source-map 257ms (cache miss)
507 silly packumentCache full:https://registry.npmjs.org/convert-source-map set size:undefined disposed:false
508 silly fetch manifest lodash@^4.17.21
509 silly packumentCache full:https://registry.npmjs.org/lodash cache-miss
510 http fetch GET 200 https://registry.npmjs.org/lodash 2ms (cache hit)
511 silly packumentCache full:https://registry.npmjs.org/lodash set size:242504 disposed:false
512 silly fetch manifest log4js@^6.4.1
513 silly packumentCache full:https://registry.npmjs.org/log4js cache-miss
514 http fetch GET 200 https://registry.npmjs.org/lodash.debounce 251ms (cache miss)
515 silly packumentCache full:https://registry.npmjs.org/lodash.debounce set size:undefined disposed:false
516 silly fetch manifest mkdirp@^0.5.5
517 silly packumentCache full:https://registry.npmjs.org/mkdirp cache-miss
518 http fetch GET 200 https://registry.npmjs.org/mkdirp 2ms (cache hit)
519 silly packumentCache full:https://registry.npmjs.org/mkdirp set size:116455 disposed:false
520 silly fetch manifest rimraf@^3.0.2
521 silly packumentCache full:https://registry.npmjs.org/rimraf cache-miss
522 http fetch GET 200 https://registry.npmjs.org/classlist-polyfill 268ms (cache miss)
523 silly packumentCache full:https://registry.npmjs.org/classlist-polyfill set size:undefined disposed:false
524 silly fetch manifest connect@^3.7.0
525 silly packumentCache full:https://registry.npmjs.org/connect cache-miss
526 http fetch GET 200 https://registry.npmjs.org/rimraf 8ms (cache hit)
527 silly packumentCache full:https://registry.npmjs.org/rimraf set size:208943 disposed:false
528 silly fetch manifest chokidar@^3.5.1
529 silly packumentCache full:https://registry.npmjs.org/chokidar cache-hit
530 silly fetch manifest minimatch@^3.0.4
531 silly packumentCache full:https://registry.npmjs.org/minimatch cache-hit
532 silly fetch manifest socket.io@^4.4.1
533 silly packumentCache full:https://registry.npmjs.org/socket.io cache-miss
534 http fetch GET 200 https://registry.npmjs.org/lodash.throttle 261ms (cache miss)
535 silly packumentCache full:https://registry.npmjs.org/lodash.throttle set size:undefined disposed:false
536 silly fetch manifest http-proxy@^1.18.1
537 silly packumentCache full:https://registry.npmjs.org/http-proxy cache-miss
538 http fetch GET 200 https://registry.npmjs.org/qjobs 250ms (cache miss)
539 silly packumentCache full:https://registry.npmjs.org/qjobs set size:undefined disposed:false
540 silly fetch manifest source-map@^0.6.1
541 silly packumentCache full:https://registry.npmjs.org/source-map cache-miss
542 http fetch GET 200 https://registry.npmjs.org/source-map 4ms (cache hit)
543 silly packumentCache full:https://registry.npmjs.org/source-map set size:226141 disposed:false
544 silly fetch manifest body-parser@^1.19.0
545 silly packumentCache full:https://registry.npmjs.org/body-parser cache-miss
546 http fetch GET 200 https://registry.npmjs.org/babel-loader 718ms (cache miss)
547 silly packumentCache full:https://registry.npmjs.org/babel-loader set size:undefined disposed:false
548 silly fetch manifest graceful-fs@^4.2.6
549 silly packumentCache full:https://registry.npmjs.org/graceful-fs cache-miss
550 http fetch GET 200 https://registry.npmjs.org/text-table 743ms (cache miss)
551 silly packumentCache full:https://registry.npmjs.org/text-table set size:undefined disposed:false
552 silly fetch manifest isbinaryfile@^4.0.8
553 silly packumentCache full:https://registry.npmjs.org/isbinaryfile cache-miss
554 http fetch GET 200 https://registry.npmjs.org/graceful-fs 3ms (cache hit)
555 silly packumentCache full:https://registry.npmjs.org/graceful-fs set size:124285 disposed:false
556 silly fetch manifest range-parser@^1.2.1
557 silly packumentCache full:https://registry.npmjs.org/range-parser cache-miss
558 http fetch GET 200 https://registry.npmjs.org/body-parser 29ms (cache miss)
559 silly packumentCache full:https://registry.npmjs.org/body-parser set size:undefined disposed:false
560 silly fetch manifest ua-parser-js@^0.7.30
561 silly packumentCache full:https://registry.npmjs.org/ua-parser-js cache-miss
562 http fetch GET 200 https://registry.npmjs.org/range-parser 40ms (cache miss)
563 silly packumentCache full:https://registry.npmjs.org/range-parser set size:undefined disposed:false
564 silly fetch manifest dom-serialize@^2.2.1
565 silly packumentCache full:https://registry.npmjs.org/dom-serialize cache-miss
566 http fetch GET 200 https://registry.npmjs.org/braces 257ms (cache miss)
567 silly packumentCache full:https://registry.npmjs.org/braces set size:undefined disposed:false
568 silly fetch manifest @colors/colors@1.5.0
569 silly packumentCache full:https://registry.npmjs.org/@colors%2fcolors cache-miss
570 http fetch GET 200 https://registry.npmjs.org/log4js 250ms (cache miss)
571 silly packumentCache full:https://registry.npmjs.org/log4js set size:undefined disposed:false
572 silly fetch manifest which@^1.2.1
573 silly packumentCache full:https://registry.npmjs.org/which cache-miss
574 http fetch GET 200 https://registry.npmjs.org/which 3ms (cache hit)
575 silly packumentCache full:https://registry.npmjs.org/which set size:65264 disposed:false
576 silly fetch manifest istanbul-lib-coverage@^3.2.0
577 silly packumentCache full:https://registry.npmjs.org/istanbul-lib-coverage cache-miss
578 http fetch GET 200 https://registry.npmjs.org/license-webpack-plugin 750ms (cache miss)
579 silly packumentCache full:https://registry.npmjs.org/license-webpack-plugin set size:undefined disposed:false
580 silly fetch manifest istanbul-lib-instrument@^4.0.3
581 silly packumentCache full:https://registry.npmjs.org/istanbul-lib-instrument cache-miss
582 http fetch GET 200 https://registry.npmjs.org/parse5-html-rewriting-stream 738ms (cache miss)
583 silly packumentCache full:https://registry.npmjs.org/parse5-html-rewriting-stream set size:undefined disposed:false
584 silly fetch manifest istanbul-lib-report@^3.0.0
585 silly packumentCache full:https://registry.npmjs.org/istanbul-lib-report cache-miss
586 http fetch GET 200 https://registry.npmjs.org/@colors%2fcolors 106ms (cache miss)
587 silly packumentCache full:https://registry.npmjs.org/@colors%2fcolors set size:undefined disposed:false
588 silly fetch manifest istanbul-lib-source-maps@^4.0.1
589 silly packumentCache full:https://registry.npmjs.org/istanbul-lib-source-maps cache-miss
590 http fetch GET 200 https://registry.npmjs.org/socket.io 257ms (cache miss)
591 silly packumentCache full:https://registry.npmjs.org/socket.io set size:undefined disposed:false
592 silly fetch manifest istanbul-reports@^3.0.5
593 silly packumentCache full:https://registry.npmjs.org/istanbul-reports cache-miss
594 http fetch GET 200 https://registry.npmjs.org/connect 270ms (cache miss)
595 silly packumentCache full:https://registry.npmjs.org/connect set size:undefined disposed:false
596 silly fetch manifest jasmine-core@^3.6.0
597 silly packumentCache full:https://registry.npmjs.org/jasmine-core cache-miss
598 http fetch GET 200 https://registry.npmjs.org/jasmine-core 2ms (cache hit)
599 silly packumentCache full:https://registry.npmjs.org/jasmine-core set size:221688 disposed:false
600 http fetch GET 200 https://registry.npmjs.org/http-proxy 262ms (cache miss)
601 silly packumentCache full:https://registry.npmjs.org/http-proxy set size:undefined disposed:false
602 http fetch GET 200 https://registry.npmjs.org/isbinaryfile 257ms (cache miss)
603 silly packumentCache full:https://registry.npmjs.org/isbinaryfile set size:undefined disposed:false
604 http fetch GET 200 https://registry.npmjs.org/ua-parser-js 267ms (cache miss)
605 silly packumentCache full:https://registry.npmjs.org/ua-parser-js set size:undefined disposed:false
606 http fetch GET 200 https://registry.npmjs.org/dom-serialize 246ms (cache miss)
607 silly packumentCache full:https://registry.npmjs.org/dom-serialize set size:undefined disposed:false
608 http fetch GET 200 https://registry.npmjs.org/istanbul-lib-coverage 245ms (cache miss)
609 silly packumentCache full:https://registry.npmjs.org/istanbul-lib-coverage set size:undefined disposed:false
610 http fetch GET 200 https://registry.npmjs.org/di 713ms (cache miss)
611 silly packumentCache full:https://registry.npmjs.org/di set size:undefined disposed:false
612 http fetch GET 200 https://registry.npmjs.org/istanbul-lib-instrument 258ms (cache miss)
613 silly packumentCache full:https://registry.npmjs.org/istanbul-lib-instrument set size:undefined disposed:false
614 http fetch GET 200 https://registry.npmjs.org/istanbul-reports 255ms (cache miss)
615 silly packumentCache full:https://registry.npmjs.org/istanbul-reports set size:undefined disposed:false
616 http fetch GET 200 https://registry.npmjs.org/istanbul-lib-source-maps 265ms (cache miss)
617 silly packumentCache full:https://registry.npmjs.org/istanbul-lib-source-maps set size:undefined disposed:false
618 http fetch GET 200 https://registry.npmjs.org/istanbul-lib-report 713ms (cache miss)
619 silly packumentCache full:https://registry.npmjs.org/istanbul-lib-report set size:undefined disposed:false
620 silly fetch manifest fibers@>= 3.1.0
621 silly packumentCache full:https://registry.npmjs.org/fibers cache-miss
622 http fetch GET 200 https://registry.npmjs.org/fibers 3ms (cache hit)
623 silly packumentCache full:https://registry.npmjs.org/fibers set size:131396 disposed:false
624 silly fetch manifest node-sass@^4.0.0 || ^5.0.0 || ^6.0.0 || ^7.0.0
625 silly packumentCache full:https://registry.npmjs.org/node-sass cache-miss
626 http fetch GET 200 https://registry.npmjs.org/node-sass 3ms (cache hit)
627 silly packumentCache full:https://registry.npmjs.org/node-sass set size:494960 disposed:false
628 silly fetch manifest sass-embedded@*
629 silly packumentCache full:https://registry.npmjs.org/sass-embedded cache-miss
630 http fetch GET 200 https://registry.npmjs.org/sass-embedded 3ms (cache hit)
631 silly packumentCache full:https://registry.npmjs.org/sass-embedded set size:403302 disposed:false
632 silly fetch manifest @angular/compiler-cli@^14.0.0
633 silly packumentCache full:https://registry.npmjs.org/@angular%2fcompiler-cli cache-miss
634 http fetch GET 200 https://registry.npmjs.org/@angular%2fcompiler-cli 3ms (cache hit)
635 silly packumentCache full:https://registry.npmjs.org/@angular%2fcompiler-cli set size:3134456 disposed:false
636 silly fetch manifest @angular/compiler@14.3.0
637 silly packumentCache full:https://registry.npmjs.org/@angular%2fcompiler cache-miss
638 http fetch GET 200 https://registry.npmjs.org/@angular%2fcompiler 4ms (cache hit)
639 silly packumentCache full:https://registry.npmjs.org/@angular%2fcompiler set size:2598980 disposed:false
640 silly fetch manifest @angular/core@14.3.0
641 silly packumentCache full:https://registry.npmjs.org/@angular%2fcore cache-miss
642 http fetch GET 200 https://registry.npmjs.org/@angular%2fcore 4ms (cache hit)
643 silly packumentCache full:https://registry.npmjs.org/@angular%2fcore set size:2838843 disposed:false
644 silly fetch manifest zone.js@~0.11.4 || ~0.12.0
645 silly packumentCache full:https://registry.npmjs.org/zone.js cache-hit
646 silly fetch manifest typescript@>=4.6.2 <4.9
647 silly packumentCache full:https://registry.npmjs.org/typescript cache-miss
648 http fetch GET 200 https://registry.npmjs.org/typescript 14ms (cache hit)
649 silly packumentCache full:https://registry.npmjs.org/typescript set size:15148409 disposed:false
650 silly fetch manifest chokidar@^3.5.2
651 silly packumentCache full:https://registry.npmjs.org/chokidar cache-hit
652 silly fetch manifest html-webpack-plugin@>= 5.0.0-beta.1 < 6
653 silly packumentCache full:https://registry.npmjs.org/html-webpack-plugin cache-miss
654 http fetch GET 200 https://registry.npmjs.org/html-webpack-plugin 264ms (cache miss)
655 silly packumentCache full:https://registry.npmjs.org/html-webpack-plugin set size:undefined disposed:false
656 silly fetch manifest @rspack/core@0.x || 1.x
657 silly packumentCache full:https://registry.npmjs.org/@rspack%2fcore cache-miss
658 http fetch GET 200 https://registry.npmjs.org/@rspack%2fcore 1011ms (cache miss)
659 silly packumentCache full:https://registry.npmjs.org/@rspack%2fcore set size:undefined disposed:false
660 silly fetch manifest @swc/helpers@>=0.5.1
661 silly packumentCache full:https://registry.npmjs.org/@swc%2fhelpers cache-miss
662 http fetch GET 200 https://registry.npmjs.org/@swc%2fhelpers 122ms (cache miss)
663 silly packumentCache full:https://registry.npmjs.org/@swc%2fhelpers set size:undefined disposed:false
664 silly placeDep ROOT @ampproject/remapping@2.2.0 OK for: @angular-devkit/build-angular@14.2.13 want: 2.2.0
665 silly placeDep ROOT @angular-devkit/architect@0.1402.13 OK for: @angular-devkit/build-angular@14.2.13 want: 0.1402.13
666 silly placeDep ROOT @angular-devkit/build-webpack@0.1402.13 OK for: @angular-devkit/build-angular@14.2.13 want: 0.1402.13
667 silly placeDep ROOT webpack@5.76.1 OK for: @angular-devkit/build-webpack@0.1402.13 want: ^5.30.0
668 silly placeDep ROOT webpack-dev-server@4.11.0 OK for: @angular-devkit/build-webpack@0.1402.13 want: ^4.0.0
669 silly placeDep ROOT @angular-devkit/core@14.2.13 OK for: @angular-devkit/build-angular@14.2.13 want: 14.2.13
670 silly placeDep ROOT @babel/core@7.18.10 OK for: @angular-devkit/build-angular@14.2.13 want: 7.18.10
671 silly placeDep ROOT @babel/generator@7.18.12 OK for: @angular-devkit/build-angular@14.2.13 want: 7.18.12
672 silly placeDep ROOT @babel/helper-annotate-as-pure@7.18.6 OK for: @angular-devkit/build-angular@14.2.13 want: 7.18.6
673 silly placeDep ROOT @babel/plugin-proposal-async-generator-functions@7.18.10 OK for: @angular-devkit/build-angular@14.2.13 want: 7.18.10
674 silly placeDep ROOT @babel/plugin-transform-async-to-generator@7.18.6 OK for: @angular-devkit/build-angular@14.2.13 want: 7.18.6
675 silly placeDep ROOT @babel/plugin-transform-runtime@7.18.10 OK for: @angular-devkit/build-angular@14.2.13 want: 7.18.10
676 silly placeDep ROOT @babel/preset-env@7.18.10 OK for: @angular-devkit/build-angular@14.2.13 want: 7.18.10
677 silly placeDep ROOT @babel/runtime@7.18.9 OK for: @angular-devkit/build-angular@14.2.13 want: 7.18.9
678 silly placeDep ROOT @babel/template@7.18.10 OK for: @angular-devkit/build-angular@14.2.13 want: 7.18.10
679 silly placeDep ROOT @discoveryjs/json-ext@0.5.7 OK for: @angular-devkit/build-angular@14.2.13 want: 0.5.7
680 silly placeDep ROOT @ngtools/webpack@14.2.13 OK for: @angular-devkit/build-angular@14.2.13 want: 14.2.13
681 silly placeDep ROOT ansi-colors@4.1.3 OK for: @angular-devkit/build-angular@14.2.13 want: 4.1.3
682 silly placeDep ROOT babel-loader@8.2.5 OK for: @angular-devkit/build-angular@14.2.13 want: 8.2.5
683 silly placeDep ROOT babel-plugin-istanbul@6.1.1 OK for: @angular-devkit/build-angular@14.2.13 want: 6.1.1
684 silly placeDep ROOT browserslist@4.28.1 OK for: @angular-devkit/build-angular@14.2.13 want: ^4.9.1
685 silly placeDep ROOT cacache@16.1.2 OK for: @angular-devkit/build-angular@14.2.13 want: 16.1.2
686 silly placeDep ROOT copy-webpack-plugin@11.0.0 OK for: @angular-devkit/build-angular@14.2.13 want: 11.0.0
687 silly placeDep ROOT critters@0.0.16 OK for: @angular-devkit/build-angular@14.2.13 want: 0.0.16
688 silly placeDep ROOT css-loader@6.7.1 OK for: @angular-devkit/build-angular@14.2.13 want: 6.7.1
689 silly placeDep ROOT esbuild@0.15.5 OK for: @angular-devkit/build-angular@14.2.13 want: 0.15.5
690 silly placeDep ROOT esbuild-wasm@0.15.5 OK for: @angular-devkit/build-angular@14.2.13 want: 0.15.5
691 silly placeDep ROOT glob@8.0.3 OK for: @angular-devkit/build-angular@14.2.13 want: 8.0.3
692 silly placeDep ROOT https-proxy-agent@5.0.1 OK for: @angular-devkit/build-angular@14.2.13 want: 5.0.1
693 silly placeDep ROOT inquirer@8.2.4 OK for: @angular-devkit/build-angular@14.2.13 want: 8.2.4
694 silly placeDep ROOT jsonc-parser@3.1.0 OK for: @angular-devkit/build-angular@14.2.13 want: 3.1.0
695 silly placeDep ROOT karma-source-map-support@1.4.0 OK for: @angular-devkit/build-angular@14.2.13 want: 1.4.0
696 silly placeDep ROOT less@4.1.3 OK for: @angular-devkit/build-angular@14.2.13 want: 4.1.3
697 silly placeDep ROOT less-loader@11.0.0 OK for: @angular-devkit/build-angular@14.2.13 want: 11.0.0
698 silly placeDep ROOT license-webpack-plugin@4.0.2 OK for: @angular-devkit/build-angular@14.2.13 want: 4.0.2
699 silly placeDep ROOT loader-utils@3.2.1 OK for: @angular-devkit/build-angular@14.2.13 want: 3.2.1
700 silly placeDep ROOT mini-css-extract-plugin@2.6.1 OK for: @angular-devkit/build-angular@14.2.13 want: 2.6.1
701 silly placeDep ROOT minimatch@5.1.0 OK for: @angular-devkit/build-angular@14.2.13 want: 5.1.0
702 silly placeDep ROOT open@8.4.0 OK for: @angular-devkit/build-angular@14.2.13 want: 8.4.0
703 silly placeDep ROOT ora@5.4.1 OK for: @angular-devkit/build-angular@14.2.13 want: 5.4.1
704 silly placeDep ROOT parse5-html-rewriting-stream@6.0.1 OK for: @angular-devkit/build-angular@14.2.13 want: 6.0.1
705 silly placeDep ROOT piscina@3.2.0 OK for: @angular-devkit/build-angular@14.2.13 want: 3.2.0
706 silly placeDep ROOT postcss@8.4.31 OK for: @angular-devkit/build-angular@14.2.13 want: 8.4.31
707 silly placeDep ROOT postcss-import@15.0.0 OK for: @angular-devkit/build-angular@14.2.13 want: 15.0.0
708 silly placeDep ROOT postcss-loader@7.0.1 OK for: @angular-devkit/build-angular@14.2.13 want: 7.0.1
709 silly placeDep ROOT postcss-preset-env@7.8.0 OK for: @angular-devkit/build-angular@14.2.13 want: 7.8.0
710 silly placeDep ROOT regenerator-runtime@0.13.9 OK for: @angular-devkit/build-angular@14.2.13 want: 0.13.9
711 silly placeDep ROOT resolve-url-loader@5.0.0 OK for: @angular-devkit/build-angular@14.2.13 want: 5.0.0
712 silly placeDep node_modules/@angular-devkit/build-angular rxjs@6.6.7 OK for: @angular-devkit/build-angular@14.2.13 want: 6.6.7
713 silly placeDep ROOT sass@1.54.4 OK for: @angular-devkit/build-angular@14.2.13 want: 1.54.4
714 silly placeDep ROOT sass-loader@13.0.2 OK for: @angular-devkit/build-angular@14.2.13 want: 13.0.2
715 silly placeDep ROOT semver@7.5.3 OK for: @angular-devkit/build-angular@14.2.13 want: 7.5.3
716 silly placeDep ROOT source-map-loader@4.0.0 OK for: @angular-devkit/build-angular@14.2.13 want: 4.0.0
717 silly placeDep ROOT source-map-support@0.5.21 OK for: @angular-devkit/build-angular@14.2.13 want: 0.5.21
718 silly placeDep ROOT stylus@0.59.0 OK for: @angular-devkit/build-angular@14.2.13 want: 0.59.0
719 silly placeDep ROOT stylus-loader@7.0.0 OK for: @angular-devkit/build-angular@14.2.13 want: 7.0.0
720 silly placeDep ROOT terser@5.14.2 OK for: @angular-devkit/build-angular@14.2.13 want: 5.14.2
721 silly placeDep ROOT text-table@0.2.0 OK for: @angular-devkit/build-angular@14.2.13 want: 0.2.0
722 silly placeDep ROOT tree-kill@1.2.2 OK for: @angular-devkit/build-angular@14.2.13 want: 1.2.2
723 silly placeDep node_modules/@angular-devkit/build-angular tslib@2.4.0 OK for: @angular-devkit/build-angular@14.2.13 want: 2.4.0
724 silly placeDep ROOT webpack-dev-middleware@5.3.3 OK for: @angular-devkit/build-angular@14.2.13 want: 5.3.3
725 silly placeDep ROOT webpack-merge@5.8.0 OK for: @angular-devkit/build-angular@14.2.13 want: 5.8.0
726 silly placeDep ROOT webpack-subresource-integrity@5.1.0 OK for: @angular-devkit/build-angular@14.2.13 want: 5.1.0
727 silly fetch manifest @jridgewell/gen-mapping@^0.1.0
728 silly packumentCache full:https://registry.npmjs.org/@jridgewell%2fgen-mapping cache-miss
729 silly fetch manifest @jridgewell/trace-mapping@^0.3.9
730 silly packumentCache full:https://registry.npmjs.org/@jridgewell%2ftrace-mapping cache-miss
731 silly fetch manifest ws@^8.4.2
732 silly packumentCache full:https://registry.npmjs.org/ws cache-miss
733 silly fetch manifest open@^8.0.9
734 silly packumentCache full:https://registry.npmjs.org/open cache-hit
735 silly fetch manifest spdy@^4.0.2
736 silly packumentCache full:https://registry.npmjs.org/spdy cache-miss
737 silly fetch manifest sockjs@^0.3.24
738 silly packumentCache full:https://registry.npmjs.org/sockjs cache-miss
739 silly fetch manifest express@^4.17.3
740 silly packumentCache full:https://registry.npmjs.org/express cache-miss
741 silly fetch manifest p-retry@^4.5.0
742 silly packumentCache full:https://registry.npmjs.org/p-retry cache-miss
743 silly fetch manifest chokidar@^3.5.3
744 silly packumentCache full:https://registry.npmjs.org/chokidar cache-hit
745 silly fetch manifest @types/ws@^8.5.1
746 silly packumentCache full:https://registry.npmjs.org/@types%2fws cache-miss
747 silly fetch manifest colorette@^2.0.10
748 silly packumentCache full:https://registry.npmjs.org/colorette cache-miss
749 silly fetch manifest ipaddr.js@^2.0.1
750 silly packumentCache full:https://registry.npmjs.org/ipaddr.js cache-miss
751 silly fetch manifest selfsigned@^2.0.1
752 silly packumentCache full:https://registry.npmjs.org/selfsigned cache-miss
753 http fetch GET 200 https://registry.npmjs.org/sockjs 7ms (cache hit)
754 silly packumentCache full:https://registry.npmjs.org/sockjs set size:78786 disposed:false
755 silly fetch manifest compression@^1.7.4
756 silly packumentCache full:https://registry.npmjs.org/compression cache-miss
757 http fetch GET 200 https://registry.npmjs.org/spdy 9ms (cache hit)
758 silly packumentCache full:https://registry.npmjs.org/spdy set size:358688 disposed:false
759 silly fetch manifest serve-index@^1.9.1
760 silly packumentCache full:https://registry.npmjs.org/serve-index cache-miss
761 http fetch GET 200 https://registry.npmjs.org/p-retry 9ms (cache hit)
762 silly packumentCache full:https://registry.npmjs.org/p-retry set size:69543 disposed:false
763 silly fetch manifest schema-utils@^4.0.0
764 silly packumentCache full:https://registry.npmjs.org/schema-utils cache-miss
765 http fetch GET 200 https://registry.npmjs.org/ipaddr.js 8ms (cache hit)
766 silly packumentCache full:https://registry.npmjs.org/ipaddr.js set size:67857 disposed:false
767 silly fetch manifest @types/sockjs@^0.3.33
768 silly packumentCache full:https://registry.npmjs.org/@types%2fsockjs cache-miss
769 http fetch GET 200 https://registry.npmjs.org/express 12ms (cache hit)
770 silly packumentCache full:https://registry.npmjs.org/express set size:801203 disposed:false
771 silly fetch manifest html-entities@^2.3.2
772 silly packumentCache full:https://registry.npmjs.org/html-entities cache-miss
773 http fetch GET 200 https://registry.npmjs.org/@types%2fws 16ms (cache hit)
774 silly packumentCache full:https://registry.npmjs.org/@types%2fws set size:167959 disposed:false
775 silly fetch manifest @types/bonjour@^3.5.9
776 silly packumentCache full:https://registry.npmjs.org/@types%2fbonjour cache-miss
777 http fetch GET 200 https://registry.npmjs.org/@jridgewell%2fgen-mapping 20ms (cache hit)
778 silly packumentCache full:https://registry.npmjs.org/@jridgewell%2fgen-mapping set size:80719 disposed:false
779 silly fetch manifest @types/express@^4.17.13
780 silly packumentCache full:https://registry.npmjs.org/@types%2fexpress cache-miss
781 http fetch GET 200 https://registry.npmjs.org/@jridgewell%2ftrace-mapping 21ms (cache hit)
782 silly packumentCache full:https://registry.npmjs.org/@jridgewell%2ftrace-mapping set size:170909 disposed:false
783 silly fetch manifest bonjour-service@^1.0.11
784 silly packumentCache full:https://registry.npmjs.org/bonjour-service cache-miss
785 http fetch GET 200 https://registry.npmjs.org/colorette 19ms (cache hit)
786 silly packumentCache full:https://registry.npmjs.org/colorette set size:92733 disposed:false
787 silly fetch manifest default-gateway@^6.0.3
788 silly packumentCache full:https://registry.npmjs.org/default-gateway cache-miss
789 http fetch GET 200 https://registry.npmjs.org/selfsigned 19ms (cache hit)
790 silly packumentCache full:https://registry.npmjs.org/selfsigned set size:100477 disposed:false
791 silly fetch manifest @types/serve-index@^1.9.1
792 silly packumentCache full:https://registry.npmjs.org/@types%2fserve-index cache-miss
793 http fetch GET 200 https://registry.npmjs.org/schema-utils 14ms (cache hit)
794 silly packumentCache full:https://registry.npmjs.org/schema-utils set size:166364 disposed:false
795 silly fetch manifest @types/serve-static@^1.13.10
796 silly packumentCache full:https://registry.npmjs.org/@types%2fserve-static cache-miss
797 http fetch GET 200 https://registry.npmjs.org/compression 20ms (cache hit)
798 silly packumentCache full:https://registry.npmjs.org/compression set size:98467 disposed:false
799 silly fetch manifest ansi-html-community@^0.0.8
800 silly packumentCache full:https://registry.npmjs.org/ansi-html-community cache-miss
801 http fetch GET 200 https://registry.npmjs.org/serve-index 19ms (cache hit)
802 silly packumentCache full:https://registry.npmjs.org/serve-index set size:68878 disposed:false
803 silly fetch manifest http-proxy-middleware@^2.0.3
804 silly packumentCache full:https://registry.npmjs.org/http-proxy-middleware cache-miss
805 http fetch GET 200 https://registry.npmjs.org/html-entities 14ms (cache hit)
806 silly packumentCache full:https://registry.npmjs.org/html-entities set size:145148 disposed:false
807 silly fetch manifest webpack-dev-middleware@^5.3.1
808 silly packumentCache full:https://registry.npmjs.org/webpack-dev-middleware cache-hit
809 silly fetch manifest connect-history-api-fallback@^2.0.0
810 silly packumentCache full:https://registry.npmjs.org/connect-history-api-fallback cache-miss
811 http fetch GET 200 https://registry.npmjs.org/@types%2fsockjs 20ms (cache hit)
812 silly packumentCache full:https://registry.npmjs.org/@types%2fsockjs set size:29384 disposed:false
813 silly fetch manifest @types/connect-history-api-fallback@^1.3.5
814 silly packumentCache full:https://registry.npmjs.org/@types%2fconnect-history-api-fallback cache-miss
815 http fetch GET 200 https://registry.npmjs.org/@types%2fbonjour 13ms (cache hit)
816 silly packumentCache full:https://registry.npmjs.org/@types%2fbonjour set size:24290 disposed:false
817 silly fetch manifest acorn@^8.7.1
818 silly packumentCache full:https://registry.npmjs.org/acorn cache-miss
819 http fetch GET 200 https://registry.npmjs.org/@types%2fexpress 13ms (cache hit)
820 silly packumentCache full:https://registry.npmjs.org/@types%2fexpress set size:111364 disposed:false
821 silly fetch manifest events@^3.2.0
822 silly packumentCache full:https://registry.npmjs.org/events cache-miss
823 http fetch GET 200 https://registry.npmjs.org/bonjour-service 14ms (cache hit)
824 silly packumentCache full:https://registry.npmjs.org/bonjour-service set size:59755 disposed:false
825 silly fetch manifest tapable@^2.1.1
826 silly packumentCache full:https://registry.npmjs.org/tapable cache-miss
827 http fetch GET 200 https://registry.npmjs.org/default-gateway 15ms (cache hit)
828 silly packumentCache full:https://registry.npmjs.org/default-gateway set size:110170 disposed:false
829 silly fetch manifest neo-async@^2.6.2
830 silly packumentCache full:https://registry.npmjs.org/neo-async cache-miss
831 http fetch GET 200 https://registry.npmjs.org/@types%2fserve-index 17ms (cache hit)
832 silly packumentCache full:https://registry.npmjs.org/@types%2fserve-index set size:29301 disposed:false
833 silly fetch manifest watchpack@^2.4.0
834 silly packumentCache full:https://registry.npmjs.org/watchpack cache-miss
835 http fetch GET 200 https://registry.npmjs.org/@types%2fserve-static 20ms (cache hit)
836 silly packumentCache full:https://registry.npmjs.org/@types%2fserve-static set size:70859 disposed:false
837 silly fetch manifest mime-types@^2.1.27
838 silly packumentCache full:https://registry.npmjs.org/mime-types cache-miss
839 http fetch GET 200 https://registry.npmjs.org/http-proxy-middleware 18ms (cache hit)
840 silly packumentCache full:https://registry.npmjs.org/http-proxy-middleware set size:316066 disposed:false
841 silly fetch manifest graceful-fs@^4.2.9
842 silly packumentCache full:https://registry.npmjs.org/graceful-fs cache-hit
843 silly fetch manifest browserslist@^4.14.5
844 silly packumentCache full:https://registry.npmjs.org/browserslist cache-hit
845 silly fetch manifest eslint-scope@5.1.1
846 silly packumentCache full:https://registry.npmjs.org/eslint-scope cache-miss
847 http fetch GET 200 https://registry.npmjs.org/ansi-html-community 22ms (cache hit)
848 silly packumentCache full:https://registry.npmjs.org/ansi-html-community set size:4862 disposed:false
849 silly fetch manifest schema-utils@^3.1.0
850 silly packumentCache full:https://registry.npmjs.org/schema-utils cache-hit
851 silly fetch manifest @types/estree@^0.0.51
852 silly packumentCache full:https://registry.npmjs.org/@types%2festree cache-miss
853 http fetch GET 200 https://registry.npmjs.org/connect-history-api-fallback 19ms (cache hit)
854 silly packumentCache full:https://registry.npmjs.org/connect-history-api-fallback set size:30068 disposed:false
855 silly fetch manifest loader-runner@^4.2.0
856 silly packumentCache full:https://registry.npmjs.org/loader-runner cache-miss
857 http fetch GET 200 https://registry.npmjs.org/@types%2fconnect-history-api-fallback 19ms (cache hit)
858 silly packumentCache full:https://registry.npmjs.org/@types%2fconnect-history-api-fallback set size:23738 disposed:false
859 silly fetch manifest glob-to-regexp@^0.4.1
860 silly packumentCache full:https://registry.npmjs.org/glob-to-regexp cache-miss
861 http fetch GET 200 https://registry.npmjs.org/ws 54ms (cache miss)
862 silly packumentCache full:https://registry.npmjs.org/ws set size:undefined disposed:false
863 silly fetch manifest es-module-lexer@^0.9.0
864 silly packumentCache full:https://registry.npmjs.org/es-module-lexer cache-miss
865 http fetch GET 200 https://registry.npmjs.org/events 29ms (cache miss)
866 silly packumentCache full:https://registry.npmjs.org/events set size:undefined disposed:false
867 silly fetch manifest webpack-sources@^3.2.3
868 silly packumentCache full:https://registry.npmjs.org/webpack-sources cache-miss
869 http fetch GET 200 https://registry.npmjs.org/watchpack 28ms (cache miss)
870 silly packumentCache full:https://registry.npmjs.org/watchpack set size:undefined disposed:false
871 silly fetch manifest enhanced-resolve@^5.10.0
872 silly packumentCache full:https://registry.npmjs.org/enhanced-resolve cache-miss
873 http fetch GET 200 https://registry.npmjs.org/acorn 40ms (cache miss)
874 silly packumentCache full:https://registry.npmjs.org/acorn set size:undefined disposed:false
875 silly fetch manifest @webassemblyjs/ast@1.11.1
876 silly packumentCache full:https://registry.npmjs.org/@webassemblyjs%2fast cache-miss
877 http fetch GET 200 https://registry.npmjs.org/neo-async 38ms (cache miss)
878 silly packumentCache full:https://registry.npmjs.org/neo-async set size:undefined disposed:false
879 silly fetch manifest chrome-trace-event@^1.0.2
880 silly packumentCache full:https://registry.npmjs.org/chrome-trace-event cache-miss
881 http fetch GET 200 https://registry.npmjs.org/eslint-scope 29ms (cache miss)
882 silly packumentCache full:https://registry.npmjs.org/eslint-scope set size:undefined disposed:false
883 silly fetch manifest @types/eslint-scope@^3.7.3
884 silly packumentCache full:https://registry.npmjs.org/@types%2feslint-scope cache-miss
885 http fetch GET 200 https://registry.npmjs.org/webpack-sources 35ms (cache miss)
886 silly packumentCache full:https://registry.npmjs.org/webpack-sources set size:undefined disposed:false
887 silly fetch manifest terser-webpack-plugin@^5.1.3
888 silly packumentCache full:https://registry.npmjs.org/terser-webpack-plugin cache-miss
889 http fetch GET 200 https://registry.npmjs.org/chrome-trace-event 24ms (cache miss)
890 silly packumentCache full:https://registry.npmjs.org/chrome-trace-event set size:undefined disposed:false
891 silly fetch manifest acorn-import-assertions@^1.7.6
892 silly packumentCache full:https://registry.npmjs.org/acorn-import-assertions cache-miss
893 http fetch GET 200 https://registry.npmjs.org/terser-webpack-plugin 28ms (cache miss)
894 silly packumentCache full:https://registry.npmjs.org/terser-webpack-plugin set size:undefined disposed:false
895 silly fetch manifest @webassemblyjs/wasm-edit@1.11.1
896 silly packumentCache full:https://registry.npmjs.org/@webassemblyjs%2fwasm-edit cache-miss
897 http fetch GET 200 https://registry.npmjs.org/@webassemblyjs%2fwasm-edit 42ms (cache miss)
898 silly packumentCache full:https://registry.npmjs.org/@webassemblyjs%2fwasm-edit set size:undefined disposed:false
899 silly fetch manifest @webassemblyjs/wasm-parser@1.11.1
900 silly packumentCache full:https://registry.npmjs.org/@webassemblyjs%2fwasm-parser cache-miss
901 http fetch GET 200 https://registry.npmjs.org/tapable 262ms (cache miss)
902 silly packumentCache full:https://registry.npmjs.org/tapable set size:undefined disposed:false
903 silly fetch manifest json-parse-even-better-errors@^2.3.1
904 silly packumentCache full:https://registry.npmjs.org/json-parse-even-better-errors cache-miss
905 http fetch GET 200 https://registry.npmjs.org/glob-to-regexp 251ms (cache miss)
906 silly packumentCache full:https://registry.npmjs.org/glob-to-regexp set size:undefined disposed:false
907 silly fetch manifest ajv@8.11.0
908 silly packumentCache full:https://registry.npmjs.org/ajv cache-miss
909 http fetch GET 200 https://registry.npmjs.org/json-parse-even-better-errors 3ms (cache hit)
910 silly packumentCache full:https://registry.npmjs.org/json-parse-even-better-errors set size:34572 disposed:false
911 silly fetch manifest source-map@0.7.4
912 silly packumentCache full:https://registry.npmjs.org/source-map cache-hit
913 silly fetch manifest ajv-formats@2.1.1
914 silly packumentCache full:https://registry.npmjs.org/ajv-formats cache-miss
915 http fetch GET 200 https://registry.npmjs.org/ajv-formats 2ms (cache hit)
916 silly packumentCache full:https://registry.npmjs.org/ajv-formats set size:141264 disposed:false
917 silly fetch manifest debug@^4.1.0
918 silly packumentCache full:https://registry.npmjs.org/debug cache-hit
919 silly fetch manifest json5@^2.2.1
920 silly packumentCache full:https://registry.npmjs.org/json5 cache-miss
921 http fetch GET 200 https://registry.npmjs.org/es-module-lexer 252ms (cache miss)
922 silly packumentCache full:https://registry.npmjs.org/es-module-lexer set size:undefined disposed:false
923 silly fetch manifest semver@^6.3.0
924 silly packumentCache full:https://registry.npmjs.org/semver cache-hit
925 silly fetch manifest gensync@^1.0.0-beta.2
926 silly packumentCache full:https://registry.npmjs.org/gensync cache-miss
927 http fetch GET 200 https://registry.npmjs.org/ajv 7ms (cache hit)
928 silly packumentCache full:https://registry.npmjs.org/ajv set size:1126055 disposed:false
929 silly fetch manifest @babel/types@^7.18.10
930 silly packumentCache full:https://registry.npmjs.org/@babel%2ftypes cache-miss
931 http fetch GET 200 https://registry.npmjs.org/loader-runner 262ms (cache miss)
932 silly packumentCache full:https://registry.npmjs.org/loader-runner set size:undefined disposed:false
933 silly fetch manifest @babel/parser@^7.18.10
934 silly packumentCache full:https://registry.npmjs.org/@babel%2fparser cache-miss
935 http fetch GET 200 https://registry.npmjs.org/@babel%2ftypes 3ms (cache hit)
936 silly packumentCache full:https://registry.npmjs.org/@babel%2ftypes set size:479758 disposed:false
937 silly fetch manifest @babel/helpers@^7.18.9
938 silly packumentCache full:https://registry.npmjs.org/@babel%2fhelpers cache-miss
939 http fetch GET 200 https://registry.npmjs.org/@babel%2fparser 4ms (cache hit)
940 silly packumentCache full:https://registry.npmjs.org/@babel%2fparser set size:707345 disposed:false
941 silly fetch manifest @babel/template@^7.18.10
942 silly packumentCache full:https://registry.npmjs.org/@babel%2ftemplate cache-hit
943 silly fetch manifest @babel/traverse@^7.18.10
944 silly packumentCache full:https://registry.npmjs.org/@babel%2ftraverse cache-miss
945 http fetch GET 200 https://registry.npmjs.org/@babel%2ftraverse 2ms (cache hit)
946 silly packumentCache full:https://registry.npmjs.org/@babel%2ftraverse set size:540005 disposed:false
947 silly fetch manifest @babel/generator@^7.18.10
948 silly packumentCache full:https://registry.npmjs.org/@babel%2fgenerator cache-hit
949 silly fetch manifest @babel/code-frame@^7.18.6
950 silly packumentCache full:https://registry.npmjs.org/@babel%2fcode-frame cache-miss
951 http fetch GET 200 https://registry.npmjs.org/@babel%2fcode-frame 1ms (cache hit)
952 silly packumentCache full:https://registry.npmjs.org/@babel%2fcode-frame set size:188246 disposed:false
953 silly fetch manifest convert-source-map@^1.7.0
954 silly packumentCache full:https://registry.npmjs.org/convert-source-map cache-miss
955 http fetch GET 200 https://registry.npmjs.org/@webassemblyjs%2fast 254ms (cache miss)
956 silly packumentCache full:https://registry.npmjs.org/@webassemblyjs%2fast set size:undefined disposed:false
957 silly fetch manifest @babel/helper-module-transforms@^7.18.9
958 silly packumentCache full:https://registry.npmjs.org/@babel%2fhelper-module-transforms cache-miss
959 http fetch GET 200 https://registry.npmjs.org/convert-source-map 2ms (cache hit)
960 silly packumentCache full:https://registry.npmjs.org/convert-source-map set size:66997 disposed:false
961 silly fetch manifest @babel/helper-compilation-targets@^7.18.9
962 silly packumentCache full:https://registry.npmjs.org/@babel%2fhelper-compilation-targets cache-miss
963 http fetch GET 200 https://registry.npmjs.org/@babel%2fhelper-module-transforms 2ms (cache hit)
964 silly packumentCache full:https://registry.npmjs.org/@babel%2fhelper-module-transforms set size:327322 disposed:false
965 silly fetch manifest jsesc@^2.5.1
966 silly packumentCache full:https://registry.npmjs.org/jsesc cache-miss
967 http fetch GET 200 https://registry.npmjs.org/@babel%2fhelper-compilation-targets 4ms (cache hit)
968 silly packumentCache full:https://registry.npmjs.org/@babel%2fhelper-compilation-targets set size:212538 disposed:false
969 silly fetch manifest @jridgewell/gen-mapping@^0.3.2
970 silly packumentCache full:https://registry.npmjs.org/@jridgewell%2fgen-mapping cache-hit
971 silly fetch manifest @babel/types@^7.18.6
972 silly packumentCache full:https://registry.npmjs.org/@babel%2ftypes cache-hit
973 silly fetch manifest @babel/helper-environment-visitor@^7.18.9
974 silly packumentCache full:https://registry.npmjs.org/@babel%2fhelper-environment-visitor cache-miss
975 http fetch GET 200 https://registry.npmjs.org/jsesc 5ms (cache hit)
976 silly packumentCache full:https://registry.npmjs.org/jsesc set size:61512 disposed:false
977 silly fetch manifest @babel/helper-plugin-utils@^7.18.9
978 silly packumentCache full:https://registry.npmjs.org/@babel%2fhelper-plugin-utils cache-miss
979 http fetch GET 200 https://registry.npmjs.org/@babel%2fhelper-environment-visitor 2ms (cache hit)
980 silly packumentCache full:https://registry.npmjs.org/@babel%2fhelper-environment-visitor set size:61477 disposed:false
981 silly fetch manifest @babel/helper-remap-async-to-generator@^7.18.9
982 silly packumentCache full:https://registry.npmjs.org/@babel%2fhelper-remap-async-to-generator cache-miss
983 http fetch GET 200 https://registry.npmjs.org/@types%2feslint-scope 259ms (cache miss)
984 silly packumentCache full:https://registry.npmjs.org/@types%2feslint-scope set size:undefined disposed:false
985 silly fetch manifest @babel/plugin-syntax-async-generators@^7.8.4
986 silly packumentCache full:https://registry.npmjs.org/@babel%2fplugin-syntax-async-generators cache-miss
987 http fetch GET 200 https://registry.npmjs.org/@babel%2fhelper-plugin-utils 3ms (cache hit)
988 silly packumentCache full:https://registry.npmjs.org/@babel%2fhelper-plugin-utils set size:158351 disposed:false
989 silly fetch manifest @babel/helper-plugin-utils@^7.18.6
990 silly packumentCache full:https://registry.npmjs.org/@babel%2fhelper-plugin-utils cache-hit
991 silly fetch manifest @babel/helper-module-imports@^7.18.6
992 silly packumentCache full:https://registry.npmjs.org/@babel%2fhelper-module-imports cache-miss
993 http fetch GET 200 https://registry.npmjs.org/@babel%2fhelper-remap-async-to-generator 3ms (cache hit)
994 silly packumentCache full:https://registry.npmjs.org/@babel%2fhelper-remap-async-to-generator set size:211253 disposed:false
995 silly fetch manifest @babel/helper-remap-async-to-generator@^7.18.6
996 silly packumentCache full:https://registry.npmjs.org/@babel%2fhelper-remap-async-to-generator cache-hit
997 silly fetch manifest @babel/helper-module-imports@^7.18.6
998 silly packumentCache full:https://registry.npmjs.org/@babel%2fhelper-module-imports cache-miss
999 http fetch GET 200 https://registry.npmjs.org/@babel%2fplugin-syntax-async-generators 4ms (cache hit)
1000 silly packumentCache full:https://registry.npmjs.org/@babel%2fplugin-syntax-async-generators set size:82646 disposed:false
1001 silly fetch manifest babel-plugin-polyfill-corejs2@^0.3.2
1002 silly packumentCache full:https://registry.npmjs.org/babel-plugin-polyfill-corejs2 cache-miss
1003 http fetch GET 200 https://registry.npmjs.org/@babel%2fhelper-module-imports 4ms (cache hit)
1004 silly packumentCache full:https://registry.npmjs.org/@babel%2fhelper-module-imports set size:187679 disposed:false
1005 silly fetch manifest babel-plugin-polyfill-corejs3@^0.5.3
1006 silly packumentCache full:https://registry.npmjs.org/babel-plugin-polyfill-corejs3 cache-miss
1007 http fetch GET 200 https://registry.npmjs.org/@babel%2fhelper-module-imports 4ms (cache hit)
1008 silly packumentCache full:https://registry.npmjs.org/@babel%2fhelper-module-imports set size:187679 disposed:false
1009 silly packumentCache full:https://registry.npmjs.org/@babel%2fhelper-module-imports dispose
1010 silly fetch manifest babel-plugin-polyfill-regenerator@^0.4.0
1011 silly packumentCache full:https://registry.npmjs.org/babel-plugin-polyfill-regenerator cache-miss
1012 http fetch GET 200 https://registry.npmjs.org/babel-plugin-polyfill-corejs2 4ms (cache hit)
1013 silly packumentCache full:https://registry.npmjs.org/babel-plugin-polyfill-corejs2 set size:110236 disposed:false
1014 silly fetch manifest core-js-compat@^3.22.1
1015 silly packumentCache full:https://registry.npmjs.org/core-js-compat cache-miss
1016 http fetch GET 200 https://registry.npmjs.org/babel-plugin-polyfill-corejs3 3ms (cache hit)
1017 silly packumentCache full:https://registry.npmjs.org/babel-plugin-polyfill-corejs3 set size:140660 disposed:false
1018 silly fetch manifest @babel/compat-data@^7.18.8
1019 silly packumentCache full:https://registry.npmjs.org/@babel%2fcompat-data cache-miss
1020 http fetch GET 200 https://registry.npmjs.org/babel-plugin-polyfill-regenerator 3ms (cache hit)
1021 silly packumentCache full:https://registry.npmjs.org/babel-plugin-polyfill-regenerator set size:89229 disposed:false
1022 silly fetch manifest @babel/preset-modules@^0.1.5
1023 silly packumentCache full:https://registry.npmjs.org/@babel%2fpreset-modules cache-miss
1024 http fetch GET 200 https://registry.npmjs.org/core-js-compat 3ms (cache hit)
1025 silly packumentCache full:https://registry.npmjs.org/core-js-compat set size:342644 disposed:false
1026 silly fetch manifest @babel/helper-validator-option@^7.18.6
1027 silly packumentCache full:https://registry.npmjs.org/@babel%2fhelper-validator-option cache-miss
1028 http fetch GET 200 https://registry.npmjs.org/@babel%2fcompat-data 4ms (cache hit)
1029 silly packumentCache full:https://registry.npmjs.org/@babel%2fcompat-data set size:297216 disposed:false
1030 silly fetch manifest @babel/plugin-transform-for-of@^7.18.8
1031 silly packumentCache full:https://registry.npmjs.org/@babel%2fplugin-transform-for-of cache-miss
1032 http fetch GET 200 https://registry.npmjs.org/@babel%2fpreset-modules 4ms (cache hit)
1033 silly packumentCache full:https://registry.npmjs.org/@babel%2fpreset-modules set size:44565 disposed:false
1034 silly fetch manifest @babel/plugin-transform-spread@^7.18.9
1035 silly packumentCache full:https://registry.npmjs.org/@babel%2fplugin-transform-spread cache-miss
1036 http fetch GET 200 https://registry.npmjs.org/@babel%2fhelper-validator-option 3ms (cache hit)
1037 silly packumentCache full:https://registry.npmjs.org/@babel%2fhelper-validator-option set size:87094 disposed:false
1038 silly fetch manifest @babel/plugin-transform-classes@^7.18.9
1039 silly packumentCache full:https://registry.npmjs.org/@babel%2fplugin-transform-classes cache-miss
1040 http fetch GET 200 https://registry.npmjs.org/@babel%2fplugin-transform-for-of 4ms (cache hit)
1041 silly packumentCache full:https://registry.npmjs.org/@babel%2fplugin-transform-for-of set size:226707 disposed:false
1042 silly fetch manifest @babel/plugin-transform-literals@^7.18.9
1043 silly packumentCache full:https://registry.npmjs.org/@babel%2fplugin-transform-literals cache-miss
1044 http fetch GET 200 https://registry.npmjs.org/@babel%2fplugin-transform-spread 4ms (cache hit)
1045 silly packumentCache full:https://registry.npmjs.org/@babel%2fplugin-transform-spread set size:213569 disposed:false
1046 silly fetch manifest @babel/plugin-syntax-json-strings@^7.8.3
1047 silly packumentCache full:https://registry.npmjs.org/@babel%2fplugin-syntax-json-strings cache-miss
1048 http fetch GET 200 https://registry.npmjs.org/@babel%2fplugin-transform-classes 5ms (cache hit)
1049 silly packumentCache full:https://registry.npmjs.org/@babel%2fplugin-transform-classes set size:319443 disposed:false
1050 silly fetch manifest @babel/plugin-transform-new-target@^7.18.6
1051 silly packumentCache full:https://registry.npmjs.org/@babel%2fplugin-transform-new-target cache-miss
1052 http fetch GET 200 https://registry.npmjs.org/@babel%2fplugin-transform-literals 3ms (cache hit)
1053 silly packumentCache full:https://registry.npmjs.org/@babel%2fplugin-transform-literals set size:189136 disposed:false
1054 silly fetch manifest @babel/plugin-transform-parameters@^7.18.8
1055 silly packumentCache full:https://registry.npmjs.org/@babel%2fplugin-transform-parameters cache-miss
1056 http fetch GET 200 https://registry.npmjs.org/@babel%2fplugin-transform-new-target 2ms (cache hit)
1057 silly packumentCache full:https://registry.npmjs.org/@babel%2fplugin-transform-new-target set size:203978 disposed:false
1058 silly fetch manifest @babel/plugin-proposal-json-strings@^7.18.6
1059 silly packumentCache full:https://registry.npmjs.org/@babel%2fplugin-proposal-json-strings cache-miss
1060 http fetch GET 200 https://registry.npmjs.org/@babel%2fplugin-syntax-json-strings 5ms (cache hit)
1061 silly packumentCache full:https://registry.npmjs.org/@babel%2fplugin-syntax-json-strings set size:50036 disposed:false
1062 silly fetch manifest @babel/plugin-syntax-dynamic-import@^7.8.3
1063 silly packumentCache full:https://registry.npmjs.org/@babel%2fplugin-syntax-dynamic-import cache-miss
1064 http fetch GET 200 https://registry.npmjs.org/@babel%2fplugin-transform-parameters 3ms (cache hit)
1065 silly packumentCache full:https://registry.npmjs.org/@babel%2fplugin-transform-parameters set size:263162 disposed:false
1066 silly fetch manifest @babel/plugin-transform-modules-amd@^7.18.6
1067 silly packumentCache full:https://registry.npmjs.org/@babel%2fplugin-transform-modules-amd cache-miss
1068 http fetch GET 200 https://registry.npmjs.org/@babel%2fplugin-proposal-json-strings 4ms (cache hit)
1069 silly packumentCache full:https://registry.npmjs.org/@babel%2fplugin-proposal-json-strings set size:108561 disposed:false
1070 silly fetch manifest @babel/plugin-transform-modules-umd@^7.18.6
1071 silly packumentCache full:https://registry.npmjs.org/@babel%2fplugin-transform-modules-umd cache-miss
1072 http fetch GET 200 https://registry.npmjs.org/@babel%2fplugin-syntax-dynamic-import 4ms (cache hit)
1073 silly packumentCache full:https://registry.npmjs.org/@babel%2fplugin-syntax-dynamic-import set size:81432 disposed:false
1074 silly fetch manifest @babel/plugin-transform-regenerator@^7.18.6
1075 silly packumentCache full:https://registry.npmjs.org/@babel%2fplugin-transform-regenerator cache-miss
1076 http fetch GET 200 https://registry.npmjs.org/@babel%2fplugin-transform-modules-amd 4ms (cache hit)
1077 silly packumentCache full:https://registry.npmjs.org/@babel%2fplugin-transform-modules-amd set size:231923 disposed:false
1078 silly fetch manifest @babel/plugin-syntax-top-level-await@^7.14.5
1079 silly packumentCache full:https://registry.npmjs.org/@babel%2fplugin-syntax-top-level-await cache-miss
1080 http fetch GET 200 https://registry.npmjs.org/@babel%2fplugin-transform-modules-umd 3ms (cache hit)
1081 silly packumentCache full:https://registry.npmjs.org/@babel%2fplugin-transform-modules-umd set size:209237 disposed:false
1082 silly fetch manifest @babel/plugin-transform-dotall-regex@^7.18.6
1083 silly packumentCache full:https://registry.npmjs.org/@babel%2fplugin-transform-dotall-regex cache-miss
1084 http fetch GET 200 https://registry.npmjs.org/@babel%2fplugin-transform-regenerator 4ms (cache hit)
1085 silly packumentCache full:https://registry.npmjs.org/@babel%2fplugin-transform-regenerator set size:253889 disposed:false
1086 silly fetch manifest @babel/plugin-transform-object-super@^7.18.6
1087 silly packumentCache full:https://registry.npmjs.org/@babel%2fplugin-transform-object-super cache-miss
1088 http fetch GET 200 https://registry.npmjs.org/@babel%2fplugin-syntax-top-level-await 4ms (cache hit)
1089 silly packumentCache full:https://registry.npmjs.org/@babel%2fplugin-syntax-top-level-await set size:25370 disposed:false
1090 silly fetch manifest @babel/plugin-transform-sticky-regex@^7.18.6
1091 silly packumentCache full:https://registry.npmjs.org/@babel%2fplugin-transform-sticky-regex cache-miss
1092 http fetch GET 200 https://registry.npmjs.org/@babel%2fplugin-transform-object-super 2ms (cache hit)
1093 silly packumentCache full:https://registry.npmjs.org/@babel%2fplugin-transform-object-super set size:192551 disposed:false
1094 silly fetch manifest @babel/plugin-proposal-dynamic-import@^7.18.6
1095 silly packumentCache full:https://registry.npmjs.org/@babel%2fplugin-proposal-dynamic-import cache-miss
1096 http fetch GET 200 https://registry.npmjs.org/@babel%2fplugin-transform-dotall-regex 4ms (cache hit)
1097 silly packumentCache full:https://registry.npmjs.org/@babel%2fplugin-transform-dotall-regex set size:206485 disposed:false
1098 silly fetch manifest @babel/plugin-syntax-class-properties@^7.12.13
1099 silly packumentCache full:https://registry.npmjs.org/@babel%2fplugin-syntax-class-properties cache-miss
1100 http fetch GET 200 https://registry.npmjs.org/@babel%2fplugin-transform-sticky-regex 5ms (cache hit)
1101 silly packumentCache full:https://registry.npmjs.org/@babel%2fplugin-transform-sticky-regex set size:188423 disposed:false
1102 silly fetch manifest @babel/plugin-transform-block-scoping@^7.18.9
1103 silly packumentCache full:https://registry.npmjs.org/@babel%2fplugin-transform-block-scoping cache-miss
1104 http fetch GET 200 https://registry.npmjs.org/@babel%2fplugin-proposal-dynamic-import 5ms (cache hit)
1105 silly packumentCache full:https://registry.npmjs.org/@babel%2fplugin-proposal-dynamic-import set size:64685 disposed:false
1106 silly fetch manifest @babel/plugin-transform-destructuring@^7.18.9
1107 silly packumentCache full:https://registry.npmjs.org/@babel%2fplugin-transform-destructuring cache-miss
1108 http fetch GET 200 https://registry.npmjs.org/@babel%2fplugin-syntax-class-properties 5ms (cache hit)
1109 silly packumentCache full:https://registry.npmjs.org/@babel%2fplugin-syntax-class-properties set size:92860 disposed:false
1110 silly fetch manifest @babel/plugin-transform-function-name@^7.18.9
1111 silly packumentCache full:https://registry.npmjs.org/@babel%2fplugin-transform-function-name cache-miss
1112 http fetch GET 200 https://registry.npmjs.org/@babel%2fplugin-transform-block-scoping 2ms (cache hit)
1113 silly packumentCache full:https://registry.npmjs.org/@babel%2fplugin-transform-block-scoping set size:306387 disposed:false
1114 silly fetch manifest @babel/plugin-transform-typeof-symbol@^7.18.9
1115 silly packumentCache full:https://registry.npmjs.org/@babel%2fplugin-transform-typeof-symbol cache-miss
1116 http fetch GET 200 https://registry.npmjs.org/@babel%2fplugin-transform-function-name 3ms (cache hit)
1117 silly packumentCache full:https://registry.npmjs.org/@babel%2fplugin-transform-function-name set size:210455 disposed:false
1118 silly fetch manifest @babel/plugin-transform-unicode-regex@^7.18.6
1119 silly packumentCache full:https://registry.npmjs.org/@babel%2fplugin-transform-unicode-regex cache-miss
1120 http fetch GET 200 https://registry.npmjs.org/@babel%2fplugin-transform-destructuring 4ms (cache hit)
1121 silly packumentCache full:https://registry.npmjs.org/@babel%2fplugin-transform-destructuring set size:282438 disposed:false
1122 silly fetch manifest @babel/plugin-proposal-private-methods@^7.18.6
1123 silly packumentCache full:https://registry.npmjs.org/@babel%2fplugin-proposal-private-methods cache-miss
1124 http fetch GET 200 https://registry.npmjs.org/@babel%2fplugin-transform-typeof-symbol 4ms (cache hit)
1125 silly packumentCache full:https://registry.npmjs.org/@babel%2fplugin-transform-typeof-symbol set size:215761 disposed:false
1126 silly fetch manifest @babel/plugin-syntax-import-assertions@^7.18.6
1127 silly packumentCache full:https://registry.npmjs.org/@babel%2fplugin-syntax-import-assertions cache-miss
1128 http fetch GET 200 https://registry.npmjs.org/@babel%2fplugin-transform-unicode-regex 5ms (cache hit)
1129 silly packumentCache full:https://registry.npmjs.org/@babel%2fplugin-transform-unicode-regex set size:201210 disposed:false
1130 silly fetch manifest @babel/plugin-syntax-numeric-separator@^7.10.4
1131 silly packumentCache full:https://registry.npmjs.org/@babel%2fplugin-syntax-numeric-separator cache-miss
1132 http fetch GET 200 https://registry.npmjs.org/@babel%2fplugin-proposal-private-methods 5ms (cache hit)
1133 silly packumentCache full:https://registry.npmjs.org/@babel%2fplugin-proposal-private-methods set size:98762 disposed:false
1134 silly fetch manifest @babel/plugin-syntax-optional-chaining@^7.8.3
1135 silly packumentCache full:https://registry.npmjs.org/@babel%2fplugin-syntax-optional-chaining cache-miss
1136 http fetch GET 200 https://registry.npmjs.org/@babel%2fplugin-syntax-import-assertions 7ms (cache hit)
1137 silly packumentCache full:https://registry.npmjs.org/@babel%2fplugin-syntax-import-assertions set size:101184 disposed:false
1138 silly fetch manifest @babel/plugin-transform-duplicate-keys@^7.18.9
1139 silly packumentCache full:https://registry.npmjs.org/@babel%2fplugin-transform-duplicate-keys cache-miss
1140 http fetch GET 200 https://registry.npmjs.org/@babel%2fplugin-syntax-optional-chaining 5ms (cache hit)
1141 silly packumentCache full:https://registry.npmjs.org/@babel%2fplugin-syntax-optional-chaining set size:82606 disposed:false
1142 silly fetch manifest @babel/plugin-transform-reserved-words@^7.18.6
1143 silly packumentCache full:https://registry.npmjs.org/@babel%2fplugin-transform-reserved-words cache-miss
1144 http fetch GET 200 https://registry.npmjs.org/@babel%2fplugin-syntax-numeric-separator 9ms (cache hit)
1145 silly packumentCache full:https://registry.npmjs.org/@babel%2fplugin-syntax-numeric-separator set size:91054 disposed:false
1146 silly fetch manifest @babel/plugin-proposal-class-properties@^7.18.6
1147 silly packumentCache full:https://registry.npmjs.org/@babel%2fplugin-proposal-class-properties cache-miss
1148 http fetch GET 200 https://registry.npmjs.org/@babel%2fplugin-transform-reserved-words 6ms (cache hit)
1149 silly packumentCache full:https://registry.npmjs.org/@babel%2fplugin-transform-reserved-words set size:186415 disposed:false
1150 silly fetch manifest @babel/plugin-syntax-class-static-block@^7.14.5
1151 silly packumentCache full:https://registry.npmjs.org/@babel%2fplugin-syntax-class-static-block cache-miss
1152 http fetch GET 200 https://registry.npmjs.org/@babel%2fplugin-proposal-class-properties 5ms (cache hit)
1153 silly packumentCache full:https://registry.npmjs.org/@babel%2fplugin-proposal-class-properties set size:191045 disposed:false
1154 silly fetch manifest @babel/plugin-syntax-object-rest-spread@^7.8.3
1155 silly packumentCache full:https://registry.npmjs.org/@babel%2fplugin-syntax-object-rest-spread cache-miss
1156 http fetch GET 200 https://registry.npmjs.org/@babel%2fplugin-transform-duplicate-keys 10ms (cache hit)
1157 silly packumentCache full:https://registry.npmjs.org/@babel%2fplugin-transform-duplicate-keys set size:193473 disposed:false
1158 silly fetch manifest @babel/plugin-transform-arrow-functions@^7.18.6
1159 silly packumentCache full:https://registry.npmjs.org/@babel%2fplugin-transform-arrow-functions cache-miss
1160 http fetch GET 200 https://registry.npmjs.org/@babel%2fplugin-syntax-object-rest-spread 3ms (cache hit)
1161 silly packumentCache full:https://registry.npmjs.org/@babel%2fplugin-syntax-object-rest-spread set size:82808 disposed:false
1162 silly fetch manifest @babel/plugin-transform-unicode-escapes@^7.18.10
1163 silly packumentCache full:https://registry.npmjs.org/@babel%2fplugin-transform-unicode-escapes cache-miss
1164 http fetch GET 200 https://registry.npmjs.org/@babel%2fplugin-syntax-class-static-block 4ms (cache hit)
1165 silly packumentCache full:https://registry.npmjs.org/@babel%2fplugin-syntax-class-static-block set size:11519 disposed:false
1166 silly fetch manifest @babel/plugin-proposal-numeric-separator@^7.18.6
1167 silly packumentCache full:https://registry.npmjs.org/@babel%2fplugin-proposal-numeric-separator cache-miss
1168 http fetch GET 200 https://registry.npmjs.org/@babel%2fplugin-transform-arrow-functions 3ms (cache hit)
1169 silly packumentCache full:https://registry.npmjs.org/@babel%2fplugin-transform-arrow-functions set size:199232 disposed:false
1170 silly fetch manifest @babel/plugin-proposal-optional-chaining@^7.18.9
1171 silly packumentCache full:https://registry.npmjs.org/@babel%2fplugin-proposal-optional-chaining cache-miss
1172 http fetch GET 200 https://registry.npmjs.org/@babel%2fplugin-transform-unicode-escapes 3ms (cache hit)
1173 silly packumentCache full:https://registry.npmjs.org/@babel%2fplugin-transform-unicode-escapes set size:110829 disposed:false
1174 silly fetch manifest @babel/plugin-transform-modules-commonjs@^7.18.6
1175 silly packumentCache full:https://registry.npmjs.org/@babel%2fplugin-transform-modules-commonjs cache-miss
1176 http fetch GET 200 https://registry.npmjs.org/@babel%2fplugin-proposal-optional-chaining 2ms (cache hit)
1177 silly packumentCache full:https://registry.npmjs.org/@babel%2fplugin-proposal-optional-chaining set size:196573 disposed:false
1178 silly fetch manifest @babel/plugin-transform-modules-systemjs@^7.18.9
1179 silly packumentCache full:https://registry.npmjs.org/@babel%2fplugin-transform-modules-systemjs cache-miss
1180 http fetch GET 200 https://registry.npmjs.org/@babel%2fplugin-proposal-numeric-separator 4ms (cache hit)
1181 silly packumentCache full:https://registry.npmjs.org/@babel%2fplugin-proposal-numeric-separator set size:149998 disposed:false
1182 silly fetch manifest @babel/plugin-proposal-class-static-block@^7.18.6
1183 silly packumentCache full:https://registry.npmjs.org/@babel%2fplugin-proposal-class-static-block cache-miss
1184 http fetch GET 200 https://registry.npmjs.org/@babel%2fplugin-transform-modules-systemjs 4ms (cache hit)
1185 silly packumentCache full:https://registry.npmjs.org/@babel%2fplugin-transform-modules-systemjs set size:285445 disposed:false
1186 silly fetch manifest @babel/plugin-proposal-object-rest-spread@^7.18.9
1187 silly packumentCache full:https://registry.npmjs.org/@babel%2fplugin-proposal-object-rest-spread cache-miss
1188 http fetch GET 200 https://registry.npmjs.org/@babel%2fplugin-transform-modules-commonjs 6ms (cache hit)
1189 silly packumentCache full:https://registry.npmjs.org/@babel%2fplugin-transform-modules-commonjs set size:293097 disposed:false
1190 silly fetch manifest @babel/plugin-transform-property-literals@^7.18.6
1191 silly packumentCache full:https://registry.npmjs.org/@babel%2fplugin-transform-property-literals cache-miss
1192 http fetch GET 200 https://registry.npmjs.org/@babel%2fplugin-proposal-class-static-block 5ms (cache hit)
1193 silly packumentCache full:https://registry.npmjs.org/@babel%2fplugin-proposal-class-static-block set size:66352 disposed:false
1194 silly fetch manifest @babel/plugin-transform-template-literals@^7.18.9
1195 silly packumentCache full:https://registry.npmjs.org/@babel%2fplugin-transform-template-literals cache-miss
1196 http fetch GET 200 https://registry.npmjs.org/@webassemblyjs%2fwasm-parser 253ms (cache miss)
1197 silly packumentCache full:https://registry.npmjs.org/@webassemblyjs%2fwasm-parser set size:undefined disposed:false
1198 silly fetch manifest @babel/plugin-syntax-export-namespace-from@^7.8.3
1199 silly packumentCache full:https://registry.npmjs.org/@babel%2fplugin-syntax-export-namespace-from cache-miss
1200 http fetch GET 200 https://registry.npmjs.org/@babel%2fplugin-proposal-object-rest-spread 5ms (cache hit)
1201 silly packumentCache full:https://registry.npmjs.org/@babel%2fplugin-proposal-object-rest-spread set size:249794 disposed:false
1202 silly fetch manifest @babel/plugin-syntax-optional-catch-binding@^7.8.3
1203 silly packumentCache full:https://registry.npmjs.org/@babel%2fplugin-syntax-optional-catch-binding cache-miss
1204 http fetch GET 200 https://registry.npmjs.org/@babel%2fplugin-transform-template-literals 6ms (cache hit)
1205 silly packumentCache full:https://registry.npmjs.org/@babel%2fplugin-transform-template-literals set size:210130 disposed:false
1206 silly fetch manifest @babel/plugin-transform-computed-properties@^7.18.9
1207 silly packumentCache full:https://registry.npmjs.org/@babel%2fplugin-transform-computed-properties cache-miss
1208 http fetch GET 200 https://registry.npmjs.org/@babel%2fplugin-transform-property-literals 7ms (cache hit)
1209 silly packumentCache full:https://registry.npmjs.org/@babel%2fplugin-transform-property-literals set size:187133 disposed:false
1210 silly fetch manifest @babel/plugin-proposal-export-namespace-from@^7.18.9
1211 silly packumentCache full:https://registry.npmjs.org/@babel%2fplugin-proposal-export-namespace-from cache-miss
1212 http fetch GET 200 https://registry.npmjs.org/@babel%2fplugin-syntax-export-namespace-from 6ms (cache hit)
1213 silly packumentCache full:https://registry.npmjs.org/@babel%2fplugin-syntax-export-namespace-from set size:77794 disposed:false
1214 silly fetch manifest @babel/plugin-transform-shorthand-properties@^7.18.6
1215 silly packumentCache full:https://registry.npmjs.org/@babel%2fplugin-transform-shorthand-properties cache-miss
1216 http fetch GET 200 https://registry.npmjs.org/@babel%2fplugin-syntax-optional-catch-binding 6ms (cache hit)
1217 silly packumentCache full:https://registry.npmjs.org/@babel%2fplugin-syntax-optional-catch-binding set size:83975 disposed:false
1218 silly fetch manifest @babel/plugin-proposal-optional-catch-binding@^7.18.6
1219 silly packumentCache full:https://registry.npmjs.org/@babel%2fplugin-proposal-optional-catch-binding cache-miss
1220 http fetch GET 200 https://registry.npmjs.org/@babel%2fplugin-proposal-export-namespace-from 4ms (cache hit)
1221 silly packumentCache full:https://registry.npmjs.org/@babel%2fplugin-proposal-export-namespace-from set size:145189 disposed:false
1222 silly fetch manifest @babel/plugin-proposal-unicode-property-regex@^7.18.6
1223 silly packumentCache full:https://registry.npmjs.org/@babel%2fplugin-proposal-unicode-property-regex cache-miss
1224 http fetch GET 200 https://registry.npmjs.org/@babel%2fplugin-transform-computed-properties 6ms (cache hit)
1225 silly packumentCache full:https://registry.npmjs.org/@babel%2fplugin-transform-computed-properties set size:206887 disposed:false
1226 silly fetch manifest @babel/plugin-transform-block-scoped-functions@^7.18.6
1227 silly packumentCache full:https://registry.npmjs.org/@babel%2fplugin-transform-block-scoped-functions cache-miss
1228 http fetch GET 200 https://registry.npmjs.org/@babel%2fplugin-proposal-optional-catch-binding 4ms (cache hit)
1229 silly packumentCache full:https://registry.npmjs.org/@babel%2fplugin-proposal-optional-catch-binding set size:143831 disposed:false
1230 silly fetch manifest @babel/plugin-syntax-private-property-in-object@^7.14.5
1231 silly packumentCache full:https://registry.npmjs.org/@babel%2fplugin-syntax-private-property-in-object cache-miss
1232 http fetch GET 200 https://registry.npmjs.org/@babel%2fplugin-transform-shorthand-properties 5ms (cache hit)
1233 silly packumentCache full:https://registry.npmjs.org/@babel%2fplugin-transform-shorthand-properties set size:187310 disposed:false
1234 silly fetch manifest @babel/plugin-transform-exponentiation-operator@^7.18.6
1235 silly packumentCache full:https://registry.npmjs.org/@babel%2fplugin-transform-exponentiation-operator cache-miss
1236 http fetch GET 200 https://registry.npmjs.org/@babel%2fplugin-proposal-unicode-property-regex 5ms (cache hit)
1237 silly packumentCache full:https://registry.npmjs.org/@babel%2fplugin-proposal-unicode-property-regex set size:173384 disposed:false
1238 silly fetch manifest @babel/plugin-syntax-nullish-coalescing-operator@^7.8.3
1239 silly packumentCache full:https://registry.npmjs.org/@babel%2fplugin-syntax-nullish-coalescing-operator cache-miss
1240 http fetch GET 200 https://registry.npmjs.org/@babel%2fplugin-syntax-private-property-in-object 4ms (cache hit)
1241 silly packumentCache full:https://registry.npmjs.org/@babel%2fplugin-syntax-private-property-in-object set size:6479 disposed:false
1242 silly fetch manifest @babel/plugin-proposal-private-property-in-object@^7.18.6
1243 silly packumentCache full:https://registry.npmjs.org/@babel%2fplugin-proposal-private-property-in-object cache-miss
1244 http fetch GET 200 https://registry.npmjs.org/@babel%2fplugin-transform-block-scoped-functions 5ms (cache hit)
1245 silly packumentCache full:https://registry.npmjs.org/@babel%2fplugin-transform-block-scoped-functions set size:193386 disposed:false
1246 silly fetch manifest @babel/plugin-syntax-logical-assignment-operators@^7.10.4
1247 silly packumentCache full:https://registry.npmjs.org/@babel%2fplugin-syntax-logical-assignment-operators cache-miss
1248 http fetch GET 200 https://registry.npmjs.org/@babel%2fplugin-transform-exponentiation-operator 5ms (cache hit)
1249 silly packumentCache full:https://registry.npmjs.org/@babel%2fplugin-transform-exponentiation-operator set size:203672 disposed:false
1250 silly fetch manifest @babel/plugin-proposal-nullish-coalescing-operator@^7.18.6
1251 silly packumentCache full:https://registry.npmjs.org/@babel%2fplugin-proposal-nullish-coalescing-operator cache-miss
1252 http fetch GET 200 https://registry.npmjs.org/@babel%2fplugin-syntax-nullish-coalescing-operator 3ms (cache hit)
1253 silly packumentCache full:https://registry.npmjs.org/@babel%2fplugin-syntax-nullish-coalescing-operator set size:85378 disposed:false
1254 silly fetch manifest @babel/plugin-transform-member-expression-literals@^7.18.6
1255 silly packumentCache full:https://registry.npmjs.org/@babel%2fplugin-transform-member-expression-literals cache-miss
1256 http fetch GET 200 https://registry.npmjs.org/@babel%2fplugin-syntax-logical-assignment-operators 4ms (cache hit)
1257 silly packumentCache full:https://registry.npmjs.org/@babel%2fplugin-syntax-logical-assignment-operators set size:72392 disposed:false
1258 silly fetch manifest @babel/plugin-proposal-logical-assignment-operators@^7.18.9
1259 silly packumentCache full:https://registry.npmjs.org/@babel%2fplugin-proposal-logical-assignment-operators cache-miss
1260 http fetch GET 200 https://registry.npmjs.org/@babel%2fplugin-proposal-private-property-in-object 7ms (cache hit)
1261 silly packumentCache full:https://registry.npmjs.org/@babel%2fplugin-proposal-private-property-in-object set size:80252 disposed:false
1262 silly fetch manifest @babel/plugin-transform-named-capturing-groups-regex@^7.18.6
1263 silly packumentCache full:https://registry.npmjs.org/@babel%2fplugin-transform-named-capturing-groups-regex cache-miss
1264 http fetch GET 200 https://registry.npmjs.org/@babel%2fplugin-proposal-nullish-coalescing-operator 5ms (cache hit)
1265 silly packumentCache full:https://registry.npmjs.org/@babel%2fplugin-proposal-nullish-coalescing-operator set size:163532 disposed:false
1266 silly fetch manifest @babel/plugin-bugfix-v8-spread-parameters-in-optional-chaining@^7.18.9
1267 silly packumentCache full:https://registry.npmjs.org/@babel%2fplugin-bugfix-v8-spread-parameters-in-optional-chaining cache-miss
1268 http fetch GET 200 https://registry.npmjs.org/@babel%2fplugin-transform-member-expression-literals 5ms (cache hit)
1269 silly packumentCache full:https://registry.npmjs.org/@babel%2fplugin-transform-member-expression-literals set size:191766 disposed:false
1270 silly fetch manifest @babel/plugin-bugfix-safari-id-destructuring-collision-in-function-expression@^7.18.6
1271 silly packumentCache full:https://registry.npmjs.org/@babel%2fplugin-bugfix-safari-id-destructuring-collision-in-function-expression cache-miss
1272 http fetch GET 200 https://registry.npmjs.org/@babel%2fplugin-proposal-logical-assignment-operators 4ms (cache hit)
1273 silly packumentCache full:https://registry.npmjs.org/@babel%2fplugin-proposal-logical-assignment-operators set size:153052 disposed:false
1274 silly fetch manifest regenerator-runtime@^0.13.4
1275 silly packumentCache full:https://registry.npmjs.org/regenerator-runtime cache-hit
1276 silly fetch manifest make-dir@^3.1.0
1277 silly packumentCache full:https://registry.npmjs.org/make-dir cache-miss
1278 http fetch GET 200 https://registry.npmjs.org/@babel%2fplugin-transform-named-capturing-groups-regex 5ms (cache hit)
1279 silly packumentCache full:https://registry.npmjs.org/@babel%2fplugin-transform-named-capturing-groups-regex set size:172986 disposed:false
1280 silly fetch manifest loader-utils@^2.0.0
1281 silly packumentCache full:https://registry.npmjs.org/loader-utils cache-miss
1282 http fetch GET 200 https://registry.npmjs.org/@babel%2fplugin-bugfix-safari-id-destructuring-collision-in-function-expression 5ms (cache hit)
1283 silly packumentCache full:https://registry.npmjs.org/@babel%2fplugin-bugfix-safari-id-destructuring-collision-in-function-expression set size:111583 disposed:false
1284 silly fetch manifest schema-utils@^2.6.5
1285 silly packumentCache full:https://registry.npmjs.org/schema-utils cache-hit
1286 silly fetch manifest find-cache-dir@^3.3.1
1287 silly packumentCache full:https://registry.npmjs.org/find-cache-dir cache-miss
1288 http fetch GET 200 https://registry.npmjs.org/@babel%2fplugin-bugfix-v8-spread-parameters-in-optional-chaining 6ms (cache hit)
1289 silly packumentCache full:https://registry.npmjs.org/@babel%2fplugin-bugfix-v8-spread-parameters-in-optional-chaining set size:126586 disposed:false
1290 silly fetch manifest test-exclude@^6.0.0
1291 silly packumentCache full:https://registry.npmjs.org/test-exclude cache-miss
1292 http fetch GET 200 https://registry.npmjs.org/loader-utils 5ms (cache hit)
1293 silly packumentCache full:https://registry.npmjs.org/loader-utils set size:168663 disposed:false
1294 silly fetch manifest @istanbuljs/schema@^0.1.2
1295 silly packumentCache full:https://registry.npmjs.org/@istanbuljs%2fschema cache-miss
1296 http fetch GET 200 https://registry.npmjs.org/make-dir 8ms (cache hit)
1297 silly packumentCache full:https://registry.npmjs.org/make-dir set size:34889 disposed:false
1298 silly fetch manifest istanbul-lib-instrument@^5.0.4
1299 silly packumentCache full:https://registry.npmjs.org/istanbul-lib-instrument cache-miss
1300 http fetch GET 200 https://registry.npmjs.org/istanbul-lib-instrument 1ms (cache hit)
1301 silly packumentCache full:https://registry.npmjs.org/istanbul-lib-instrument set size:219175 disposed:false
1302 silly fetch manifest @babel/helper-plugin-utils@^7.0.0
1303 silly packumentCache full:https://registry.npmjs.org/@babel%2fhelper-plugin-utils cache-hit
1304 silly fetch manifest @istanbuljs/load-nyc-config@^1.0.0
1305 silly packumentCache full:https://registry.npmjs.org/@istanbuljs%2fload-nyc-config cache-miss
1306 http fetch GET 200 https://registry.npmjs.org/@types%2festree 486ms (cache miss)
1307 silly packumentCache full:https://registry.npmjs.org/@types%2festree set size:undefined disposed:false
1308 silly fetch manifest baseline-browser-mapping@^2.9.0
1309 silly packumentCache full:https://registry.npmjs.org/baseline-browser-mapping cache-miss
1310 http fetch GET 200 https://registry.npmjs.org/baseline-browser-mapping 2ms (cache hit)
1311 silly packumentCache full:https://registry.npmjs.org/baseline-browser-mapping set size:371176 disposed:false
1312 silly fetch manifest caniuse-lite@^1.0.30001759
1313 silly packumentCache full:https://registry.npmjs.org/caniuse-lite cache-miss
1314 http fetch GET 200 https://registry.npmjs.org/caniuse-lite 2ms (cache hit)
1315 silly packumentCache full:https://registry.npmjs.org/caniuse-lite set size:2244473 disposed:false
1316 silly fetch manifest electron-to-chromium@^1.5.263
1317 silly packumentCache full:https://registry.npmjs.org/electron-to-chromium cache-miss
1318 http fetch GET 200 https://registry.npmjs.org/json5 244ms (cache miss)
1319 silly packumentCache full:https://registry.npmjs.org/json5 set size:undefined disposed:false
1320 silly fetch manifest node-releases@^2.0.27
1321 silly packumentCache full:https://registry.npmjs.org/node-releases cache-miss
1322 http fetch GET 200 https://registry.npmjs.org/electron-to-chromium 7ms (cache hit)
1323 silly packumentCache full:https://registry.npmjs.org/electron-to-chromium set size:4707129 disposed:false
1324 silly fetch manifest update-browserslist-db@^1.2.0
1325 silly packumentCache full:https://registry.npmjs.org/update-browserslist-db cache-miss
1326 http fetch GET 200 https://registry.npmjs.org/gensync 262ms (cache miss)
1327 silly packumentCache full:https://registry.npmjs.org/gensync set size:undefined disposed:false
1328 silly fetch manifest tar@^6.1.11
1329 silly packumentCache full:https://registry.npmjs.org/tar cache-miss
1330 http fetch GET 200 https://registry.npmjs.org/node-releases 20ms (cache hit)
1331 silly packumentCache full:https://registry.npmjs.org/node-releases set size:269192 disposed:false
1332 silly fetch manifest glob@^8.0.1
1333 silly packumentCache full:https://registry.npmjs.org/glob cache-hit
1334 silly fetch manifest ssri@^9.0.0
1335 silly packumentCache full:https://registry.npmjs.org/ssri cache-miss
1336 http fetch GET 200 https://registry.npmjs.org/update-browserslist-db 5ms (cache hit)
1337 silly packumentCache full:https://registry.npmjs.org/update-browserslist-db set size:62000 disposed:false
1338 silly fetch manifest p-map@^4.0.0
1339 silly packumentCache full:https://registry.npmjs.org/p-map cache-miss
1340 http fetch GET 200 https://registry.npmjs.org/p-map 1ms (cache hit)
1341 silly packumentCache full:https://registry.npmjs.org/p-map set size:52373 disposed:false
1342 silly fetch manifest chownr@^2.0.0
1343 silly packumentCache full:https://registry.npmjs.org/chownr cache-miss
1344 http fetch GET 200 https://registry.npmjs.org/ssri 3ms (cache hit)
1345 silly packumentCache full:https://registry.npmjs.org/ssri set size:133159 disposed:false
1346 silly fetch manifest mkdirp@^1.0.4
1347 silly packumentCache full:https://registry.npmjs.org/mkdirp cache-hit
1348 silly fetch manifest minipass@^3.1.6
1349 silly packumentCache full:https://registry.npmjs.org/minipass cache-miss
1350 http fetch GET 200 https://registry.npmjs.org/tar 7ms (cache hit)
1351 silly packumentCache full:https://registry.npmjs.org/tar set size:469766 disposed:false
1352 silly fetch manifest lru-cache@^7.7.1
1353 silly packumentCache full:https://registry.npmjs.org/lru-cache cache-miss
1354 http fetch GET 200 https://registry.npmjs.org/chownr 4ms (cache hit)
1355 silly packumentCache full:https://registry.npmjs.org/chownr set size:22157 disposed:false
1356 silly fetch manifest @npmcli/fs@^2.1.0
1357 silly packumentCache full:https://registry.npmjs.org/@npmcli%2ffs cache-miss
1358 http fetch GET 200 https://registry.npmjs.org/minipass 4ms (cache hit)
1359 silly packumentCache full:https://registry.npmjs.org/minipass set size:490195 disposed:false
1360 silly fetch manifest fs-minipass@^2.1.0
1361 silly packumentCache full:https://registry.npmjs.org/fs-minipass cache-miss
1362 http fetch GET 200 https://registry.npmjs.org/lru-cache 4ms (cache hit)
1363 silly packumentCache full:https://registry.npmjs.org/lru-cache set size:406394 disposed:false
1364 silly fetch manifest infer-owner@^1.0.4
1365 silly packumentCache full:https://registry.npmjs.org/infer-owner cache-miss
1366 http fetch GET 200 https://registry.npmjs.org/@npmcli%2ffs 7ms (cache hit)
1367 silly packumentCache full:https://registry.npmjs.org/@npmcli%2ffs set size:40552 disposed:false
1368 silly fetch manifest minipass-flush@^1.0.5
1369 silly packumentCache full:https://registry.npmjs.org/minipass-flush cache-miss
1370 http fetch GET 200 https://registry.npmjs.org/fs-minipass 6ms (cache hit)
1371 silly packumentCache full:https://registry.npmjs.org/fs-minipass set size:44606 disposed:false
1372 silly fetch manifest unique-filename@^1.1.1
1373 silly packumentCache full:https://registry.npmjs.org/unique-filename cache-miss
1374 http fetch GET 200 https://registry.npmjs.org/infer-owner 4ms (cache hit)
1375 silly packumentCache full:https://registry.npmjs.org/infer-owner set size:7030 disposed:false
1376 silly fetch manifest minipass-collect@^1.0.2
1377 silly packumentCache full:https://registry.npmjs.org/minipass-collect cache-miss
1378 http fetch GET 200 https://registry.npmjs.org/minipass-flush 3ms (cache hit)
1379 silly packumentCache full:https://registry.npmjs.org/minipass-flush set size:16292 disposed:false
1380 silly fetch manifest promise-inflight@^1.0.1
1381 silly packumentCache full:https://registry.npmjs.org/promise-inflight cache-miss
1382 http fetch GET 200 https://registry.npmjs.org/unique-filename 3ms (cache hit)
1383 silly packumentCache full:https://registry.npmjs.org/unique-filename set size:22047 disposed:false
1384 silly fetch manifest @npmcli/move-file@^2.0.0
1385 silly packumentCache full:https://registry.npmjs.org/@npmcli%2fmove-file cache-miss
1386 http fetch GET 200 https://registry.npmjs.org/minipass-collect 2ms (cache hit)
1387 silly packumentCache full:https://registry.npmjs.org/minipass-collect set size:12471 disposed:false
1388 silly fetch manifest minipass-pipeline@^1.2.4
1389 silly packumentCache full:https://registry.npmjs.org/minipass-pipeline cache-miss
1390 http fetch GET 200 https://registry.npmjs.org/promise-inflight 3ms (cache hit)
1391 silly packumentCache full:https://registry.npmjs.org/promise-inflight set size:4685 disposed:false
1392 silly fetch manifest globby@^13.1.1
1393 silly packumentCache full:https://registry.npmjs.org/globby cache-miss
1394 http fetch GET 200 https://registry.npmjs.org/@npmcli%2fmove-file 2ms (cache hit)
1395 silly packumentCache full:https://registry.npmjs.org/@npmcli%2fmove-file set size:25481 disposed:false
1396 silly fetch manifest fast-glob@^3.2.11
1397 silly packumentCache full:https://registry.npmjs.org/fast-glob cache-miss
1398 http fetch GET 200 https://registry.npmjs.org/minipass-pipeline 3ms (cache hit)
1399 silly packumentCache full:https://registry.npmjs.org/minipass-pipeline set size:27941 disposed:false
1400 silly fetch manifest glob-parent@^6.0.1
1401 silly packumentCache full:https://registry.npmjs.org/glob-parent cache-miss
1402 http fetch GET 200 https://registry.npmjs.org/fast-glob 3ms (cache hit)
1403 silly packumentCache full:https://registry.npmjs.org/fast-glob set size:220556 disposed:false
1404 silly fetch manifest normalize-path@^3.0.0
1405 silly packumentCache full:https://registry.npmjs.org/normalize-path cache-miss
1406 http fetch GET 200 https://registry.npmjs.org/glob-parent 3ms (cache hit)
1407 silly packumentCache full:https://registry.npmjs.org/glob-parent set size:42445 disposed:false
1408 silly fetch manifest serialize-javascript@^6.0.0
1409 silly packumentCache full:https://registry.npmjs.org/serialize-javascript cache-miss
1410 http fetch GET 200 https://registry.npmjs.org/globby 6ms (cache hit)
1411 silly packumentCache full:https://registry.npmjs.org/globby set size:154712 disposed:false
1412 silly fetch manifest chalk@^4.1.0
1413 silly packumentCache full:https://registry.npmjs.org/chalk cache-miss
1414 http fetch GET 200 https://registry.npmjs.org/chalk 2ms (cache hit)
1415 silly packumentCache full:https://registry.npmjs.org/chalk set size:117861 disposed:false
1416 silly fetch manifest parse5@^6.0.1
1417 silly packumentCache full:https://registry.npmjs.org/parse5 cache-miss
1418 http fetch GET 200 https://registry.npmjs.org/serialize-javascript 36ms (cache miss)
1419 silly packumentCache full:https://registry.npmjs.org/serialize-javascript set size:undefined disposed:false
1420 silly fetch manifest postcss@^8.3.7
1421 silly packumentCache full:https://registry.npmjs.org/postcss cache-hit
1422 silly fetch manifest css-select@^4.2.0
1423 silly packumentCache full:https://registry.npmjs.org/css-select cache-miss
1424 http fetch GET 200 https://registry.npmjs.org/test-exclude 253ms (cache miss)
1425 silly packumentCache full:https://registry.npmjs.org/test-exclude set size:undefined disposed:false
1426 silly fetch manifest pretty-bytes@^5.3.0
1427 silly packumentCache full:https://registry.npmjs.org/pretty-bytes cache-miss
1428 http fetch GET 200 https://registry.npmjs.org/find-cache-dir 266ms (cache miss)
1429 silly packumentCache full:https://registry.npmjs.org/find-cache-dir set size:undefined disposed:false
1430 silly fetch manifest parse5-htmlparser2-tree-adapter@^6.0.1
1431 silly packumentCache full:https://registry.npmjs.org/parse5-htmlparser2-tree-adapter cache-miss
1432 http fetch GET 200 https://registry.npmjs.org/mime-types 703ms (cache miss)
1433 silly packumentCache full:https://registry.npmjs.org/mime-types set size:undefined disposed:false
1434 silly fetch manifest icss-utils@^5.1.0
1435 silly packumentCache full:https://registry.npmjs.org/icss-utils cache-miss
1436 http fetch GET 200 https://registry.npmjs.org/icss-utils 3ms (cache hit)
1437 silly packumentCache full:https://registry.npmjs.org/icss-utils set size:31661 disposed:false
1438 silly fetch manifest postcss@^8.4.7
1439 silly packumentCache full:https://registry.npmjs.org/postcss cache-hit
1440 silly fetch manifest postcss-modules-extract-imports@^3.0.0
1441 silly packumentCache full:https://registry.npmjs.org/postcss-modules-extract-imports cache-miss
1442 http fetch GET 200 https://registry.npmjs.org/postcss-modules-extract-imports 1ms (cache hit)
1443 silly packumentCache full:https://registry.npmjs.org/postcss-modules-extract-imports set size:57788 disposed:false
1444 silly fetch manifest postcss-modules-local-by-default@^4.0.0
1445 silly packumentCache full:https://registry.npmjs.org/postcss-modules-local-by-default cache-miss
1446 http fetch GET 200 https://registry.npmjs.org/postcss-modules-local-by-default 1ms (cache hit)
1447 silly packumentCache full:https://registry.npmjs.org/postcss-modules-local-by-default set size:107445 disposed:false
1448 silly fetch manifest postcss-modules-scope@^3.0.0
1449 silly packumentCache full:https://registry.npmjs.org/postcss-modules-scope cache-miss
1450 http fetch GET 200 https://registry.npmjs.org/postcss-modules-scope 1ms (cache hit)
1451 silly packumentCache full:https://registry.npmjs.org/postcss-modules-scope set size:72581 disposed:false
1452 silly fetch manifest postcss-modules-values@^4.0.0
1453 silly packumentCache full:https://registry.npmjs.org/postcss-modules-values cache-miss
1454 http fetch GET 200 https://registry.npmjs.org/postcss-modules-values 1ms (cache hit)
1455 silly packumentCache full:https://registry.npmjs.org/postcss-modules-values set size:56722 disposed:false
1456 silly fetch manifest postcss-value-parser@^4.2.0
1457 silly packumentCache full:https://registry.npmjs.org/postcss-value-parser cache-miss
1458 http fetch GET 200 https://registry.npmjs.org/postcss-value-parser 1ms (cache hit)
1459 silly packumentCache full:https://registry.npmjs.org/postcss-value-parser set size:73484 disposed:false
1460 silly fetch manifest semver@^7.3.5
1461 silly packumentCache full:https://registry.npmjs.org/semver cache-hit
1462 silly fetch manifest esbuild-linux-32@0.15.5
1463 silly packumentCache full:https://registry.npmjs.org/esbuild-linux-32 cache-miss
1464 http fetch GET 200 https://registry.npmjs.org/esbuild-linux-32 1ms (cache hit)
1465 silly packumentCache full:https://registry.npmjs.org/esbuild-linux-32 set size:578736 disposed:false
1466 silly fetch manifest esbuild-linux-64@0.15.5
1467 silly packumentCache full:https://registry.npmjs.org/esbuild-linux-64 cache-miss
1468 http fetch GET 200 https://registry.npmjs.org/esbuild-linux-64 2ms (cache hit)
1469 silly packumentCache full:https://registry.npmjs.org/esbuild-linux-64 set size:829573 disposed:false
1470 silly fetch manifest esbuild-sunos-64@0.15.5
1471 silly packumentCache full:https://registry.npmjs.org/esbuild-sunos-64 cache-miss
1472 http fetch GET 200 https://registry.npmjs.org/acorn-import-assertions 671ms (cache miss)
1473 silly packumentCache full:https://registry.npmjs.org/acorn-import-assertions set size:undefined disposed:false
1474 silly fetch manifest esbuild-darwin-64@0.15.5
1475 silly packumentCache full:https://registry.npmjs.org/esbuild-darwin-64 cache-miss
1476 http fetch GET 200 https://registry.npmjs.org/esbuild-sunos-64 4ms (cache hit)
1477 silly packumentCache full:https://registry.npmjs.org/esbuild-sunos-64 set size:206603 disposed:false
1478 silly fetch manifest esbuild-linux-arm@0.15.5
1479 silly packumentCache full:https://registry.npmjs.org/esbuild-linux-arm cache-miss
1480 http fetch GET 200 https://registry.npmjs.org/esbuild-linux-arm 3ms (cache hit)
1481 silly packumentCache full:https://registry.npmjs.org/esbuild-linux-arm set size:417520 disposed:false
1482 silly fetch manifest esbuild-netbsd-64@0.15.5
1483 silly packumentCache full:https://registry.npmjs.org/esbuild-netbsd-64 cache-miss
1484 http fetch GET 200 https://registry.npmjs.org/esbuild-darwin-64 4ms (cache hit)
1485 silly packumentCache full:https://registry.npmjs.org/esbuild-darwin-64 set size:834250 disposed:false
1486 silly fetch manifest esbuild-android-64@0.15.5
1487 silly packumentCache full:https://registry.npmjs.org/esbuild-android-64 cache-miss
1488 http fetch GET 200 https://registry.npmjs.org/enhanced-resolve 711ms (cache miss)
1489 silly packumentCache full:https://registry.npmjs.org/enhanced-resolve set size:undefined disposed:false
1490 silly fetch manifest esbuild-freebsd-64@0.15.5
1491 silly packumentCache full:https://registry.npmjs.org/esbuild-freebsd-64 cache-miss
1492 http fetch GET 200 https://registry.npmjs.org/esbuild-android-64 5ms (cache hit)
1493 silly packumentCache full:https://registry.npmjs.org/esbuild-android-64 set size:119281 disposed:false
1494 silly fetch manifest esbuild-openbsd-64@0.15.5
1495 silly packumentCache full:https://registry.npmjs.org/esbuild-openbsd-64 cache-miss
1496 http fetch GET 200 https://registry.npmjs.org/esbuild-netbsd-64 7ms (cache hit)
1497 silly packumentCache full:https://registry.npmjs.org/esbuild-netbsd-64 set size:185019 disposed:false
1498 silly fetch manifest esbuild-windows-32@0.15.5
1499 silly packumentCache full:https://registry.npmjs.org/esbuild-windows-32 cache-miss
1500 http fetch GET 200 https://registry.npmjs.org/esbuild-freebsd-64 5ms (cache hit)
1501 silly packumentCache full:https://registry.npmjs.org/esbuild-freebsd-64 set size:604637 disposed:false
1502 silly fetch manifest esbuild-windows-64@0.15.5
1503 silly packumentCache full:https://registry.npmjs.org/esbuild-windows-64 cache-miss
1504 http fetch GET 200 https://registry.npmjs.org/esbuild-openbsd-64 6ms (cache hit)
1505 silly packumentCache full:https://registry.npmjs.org/esbuild-openbsd-64 set size:276627 disposed:false
1506 silly fetch manifest esbuild-linux-arm64@0.15.5
1507 silly packumentCache full:https://registry.npmjs.org/esbuild-linux-arm64 cache-miss
1508 http fetch GET 200 https://registry.npmjs.org/esbuild-windows-32 6ms (cache hit)
1509 silly packumentCache full:https://registry.npmjs.org/esbuild-windows-32 set size:577811 disposed:false
1510 silly fetch manifest esbuild-linux-s390x@0.15.5
1511 silly packumentCache full:https://registry.npmjs.org/esbuild-linux-s390x cache-miss
1512 http fetch GET 200 https://registry.npmjs.org/esbuild-windows-64 6ms (cache hit)
1513 silly packumentCache full:https://registry.npmjs.org/esbuild-windows-64 set size:836305 disposed:false
1514 silly fetch manifest esbuild-darwin-arm64@0.15.5
1515 silly packumentCache full:https://registry.npmjs.org/esbuild-darwin-arm64 cache-miss
1516 http fetch GET 200 https://registry.npmjs.org/esbuild-linux-arm64 8ms (cache hit)
1517 silly packumentCache full:https://registry.npmjs.org/esbuild-linux-arm64 set size:701170 disposed:false
1518 silly fetch manifest esbuild-android-arm64@0.15.5
1519 silly packumentCache full:https://registry.npmjs.org/esbuild-android-arm64 cache-miss
1520 http fetch GET 200 https://registry.npmjs.org/esbuild-linux-s390x 9ms (cache hit)
1521 silly packumentCache full:https://registry.npmjs.org/esbuild-linux-s390x set size:157663 disposed:false
1522 silly fetch manifest esbuild-freebsd-arm64@0.15.5
1523 silly packumentCache full:https://registry.npmjs.org/esbuild-freebsd-arm64 cache-miss
1524 http fetch GET 200 https://registry.npmjs.org/esbuild-darwin-arm64 7ms (cache hit)
1525 silly packumentCache full:https://registry.npmjs.org/esbuild-darwin-arm64 set size:369675 disposed:false
1526 silly fetch manifest esbuild-linux-ppc64le@0.15.5
1527 silly packumentCache full:https://registry.npmjs.org/esbuild-linux-ppc64le cache-miss
1528 http fetch GET 200 https://registry.npmjs.org/@babel%2fhelpers 488ms (cache miss)
1529 silly packumentCache full:https://registry.npmjs.org/@babel%2fhelpers set size:undefined disposed:false
1530 silly fetch manifest esbuild-linux-riscv64@0.15.5
1531 silly packumentCache full:https://registry.npmjs.org/esbuild-linux-riscv64 cache-miss
1532 http fetch GET 200 https://registry.npmjs.org/esbuild-freebsd-arm64 5ms (cache hit)
1533 silly packumentCache full:https://registry.npmjs.org/esbuild-freebsd-arm64 set size:614941 disposed:false
1534 silly fetch manifest esbuild-windows-arm64@0.15.5
1535 silly packumentCache full:https://registry.npmjs.org/esbuild-windows-arm64 cache-miss
1536 http fetch GET 200 https://registry.npmjs.org/esbuild-android-arm64 7ms (cache hit)
1537 silly packumentCache full:https://registry.npmjs.org/esbuild-android-arm64 set size:328600 disposed:false
1538 silly fetch manifest @esbuild/linux-loong64@0.15.5
1539 silly packumentCache full:https://registry.npmjs.org/@esbuild%2flinux-loong64 cache-miss
1540 http fetch GET 200 https://registry.npmjs.org/esbuild-linux-ppc64le 7ms (cache hit)
1541 silly packumentCache full:https://registry.npmjs.org/esbuild-linux-ppc64le set size:694098 disposed:false
1542 silly fetch manifest esbuild-linux-mips64le@0.15.5
1543 silly packumentCache full:https://registry.npmjs.org/esbuild-linux-mips64le cache-miss
1544 http fetch GET 200 https://registry.npmjs.org/esbuild-linux-riscv64 8ms (cache hit)
1545 silly packumentCache full:https://registry.npmjs.org/esbuild-linux-riscv64 set size:128029 disposed:false
1546 silly fetch manifest once@^1.3.0
1547 silly packumentCache full:https://registry.npmjs.org/once cache-miss
1548 http fetch GET 200 https://registry.npmjs.org/esbuild-windows-arm64 7ms (cache hit)
1549 silly packumentCache full:https://registry.npmjs.org/esbuild-windows-arm64 set size:220550 disposed:false
1550 silly fetch manifest inflight@^1.0.4
1551 silly packumentCache full:https://registry.npmjs.org/inflight cache-miss
1552 http fetch GET 200 https://registry.npmjs.org/@esbuild%2flinux-loong64 7ms (cache hit)
1553 silly packumentCache full:https://registry.npmjs.org/@esbuild%2flinux-loong64 set size:242096 disposed:false
1554 silly fetch manifest inherits@2
1555 silly packumentCache full:https://registry.npmjs.org/inherits cache-miss
1556 http fetch GET 200 https://registry.npmjs.org/esbuild-linux-mips64le 4ms (cache hit)
1557 silly packumentCache full:https://registry.npmjs.org/esbuild-linux-mips64le set size:457654 disposed:false
1558 silly fetch manifest minimatch@^5.0.1
1559 silly packumentCache full:https://registry.npmjs.org/minimatch cache-hit
1560 silly fetch manifest fs.realpath@^1.0.0
1561 silly packumentCache full:https://registry.npmjs.org/fs.realpath cache-miss
1562 http fetch GET 200 https://registry.npmjs.org/inflight 4ms (cache hit)
1563 silly packumentCache full:https://registry.npmjs.org/inflight set size:13140 disposed:false
1564 silly fetch manifest debug@4
1565 silly packumentCache full:https://registry.npmjs.org/debug cache-hit
1566 silly fetch manifest agent-base@6
1567 silly packumentCache full:https://registry.npmjs.org/agent-base cache-miss
1568 http fetch GET 200 https://registry.npmjs.org/once 6ms (cache hit)
1569 silly packumentCache full:https://registry.npmjs.org/once set size:11768 disposed:false
1570 silly fetch manifest ora@^5.4.1
1571 silly packumentCache full:https://registry.npmjs.org/ora cache-hit
1572 silly fetch manifest chalk@^4.1.1
1573 silly packumentCache full:https://registry.npmjs.org/chalk cache-hit
1574 silly fetch manifest figures@^3.0.0
1575 silly packumentCache full:https://registry.npmjs.org/figures cache-miss
1576 http fetch GET 200 https://registry.npmjs.org/inherits 7ms (cache hit)
1577 silly packumentCache full:https://registry.npmjs.org/inherits set size:12925 disposed:false
1578 silly fetch manifest through@^2.3.6
1579 silly packumentCache full:https://registry.npmjs.org/through cache-miss
1580 http fetch GET 200 https://registry.npmjs.org/fs.realpath 6ms (cache hit)
1581 silly packumentCache full:https://registry.npmjs.org/fs.realpath set size:4806 disposed:false
1582 silly fetch manifest cli-width@^3.0.0
1583 silly packumentCache full:https://registry.npmjs.org/cli-width cache-miss
1584 http fetch GET 200 https://registry.npmjs.org/agent-base 6ms (cache hit)
1585 silly packumentCache full:https://registry.npmjs.org/agent-base set size:67460 disposed:false
1586 silly fetch manifest run-async@^2.4.0
1587 silly packumentCache full:https://registry.npmjs.org/run-async cache-miss
1588 http fetch GET 200 https://registry.npmjs.org/figures 6ms (cache hit)
1589 silly packumentCache full:https://registry.npmjs.org/figures set size:64597 disposed:false
1590 silly fetch manifest wrap-ansi@^7.0.0
1591 silly packumentCache full:https://registry.npmjs.org/wrap-ansi cache-miss
1592 http fetch GET 200 https://registry.npmjs.org/through 4ms (cache hit)
1593 silly packumentCache full:https://registry.npmjs.org/through set size:38387 disposed:false
1594 silly fetch manifest cli-cursor@^3.1.0
1595 silly packumentCache full:https://registry.npmjs.org/cli-cursor cache-miss
1596 http fetch GET 200 https://registry.npmjs.org/cli-width 4ms (cache hit)
1597 silly packumentCache full:https://registry.npmjs.org/cli-width set size:24976 disposed:false
1598 silly fetch manifest strip-ansi@^6.0.0
1599 silly packumentCache full:https://registry.npmjs.org/strip-ansi cache-miss
1600 http fetch GET 200 https://registry.npmjs.org/run-async 3ms (cache hit)
1601 silly packumentCache full:https://registry.npmjs.org/run-async set size:30788 disposed:false
1602 silly fetch manifest mute-stream@0.0.8
1603 silly packumentCache full:https://registry.npmjs.org/mute-stream cache-miss
1604 http fetch GET 200 https://registry.npmjs.org/wrap-ansi 3ms (cache hit)
1605 silly packumentCache full:https://registry.npmjs.org/wrap-ansi set size:51195 disposed:false
1606 silly fetch manifest ansi-escapes@^4.2.1
1607 silly packumentCache full:https://registry.npmjs.org/ansi-escapes cache-miss
1608 http fetch GET 200 https://registry.npmjs.org/mute-stream 2ms (cache hit)
1609 silly packumentCache full:https://registry.npmjs.org/mute-stream set size:21918 disposed:false
1610 silly fetch manifest string-width@^4.1.0
1611 silly packumentCache full:https://registry.npmjs.org/string-width cache-miss
1612 http fetch GET 200 https://registry.npmjs.org/cli-cursor 6ms (cache hit)
1613 silly packumentCache full:https://registry.npmjs.org/cli-cursor set size:18913 disposed:false
1614 silly fetch manifest external-editor@^3.0.3
1615 silly packumentCache full:https://registry.npmjs.org/external-editor cache-miss
1616 http fetch GET 200 https://registry.npmjs.org/strip-ansi 7ms (cache hit)
1617 silly packumentCache full:https://registry.npmjs.org/strip-ansi set size:41855 disposed:false
1618 silly fetch manifest source-map-support@^0.5.5
1619 silly packumentCache full:https://registry.npmjs.org/source-map-support cache-miss
1620 http fetch GET 200 https://registry.npmjs.org/ansi-escapes 5ms (cache hit)
1621 silly packumentCache full:https://registry.npmjs.org/ansi-escapes set size:68402 disposed:false
1622 silly fetch manifest copy-anything@^2.0.1
1623 silly packumentCache full:https://registry.npmjs.org/copy-anything cache-miss
1624 http fetch GET 200 https://registry.npmjs.org/string-width 6ms (cache hit)
1625 silly packumentCache full:https://registry.npmjs.org/string-width set size:64158 disposed:false
1626 silly fetch manifest parse-node-version@^1.0.1
1627 silly packumentCache full:https://registry.npmjs.org/parse-node-version cache-miss
1628 http fetch GET 200 https://registry.npmjs.org/source-map-support 3ms (cache hit)
1629 silly packumentCache full:https://registry.npmjs.org/source-map-support set size:125488 disposed:false
1630 silly fetch manifest mime@^1.4.1
1631 silly packumentCache full:https://registry.npmjs.org/mime cache-hit
1632 silly fetch manifest errno@^0.1.1
1633 silly packumentCache full:https://registry.npmjs.org/errno cache-miss
1634 http fetch GET 200 https://registry.npmjs.org/external-editor 4ms (cache hit)
1635 silly packumentCache full:https://registry.npmjs.org/external-editor set size:48675 disposed:false
1636 silly fetch manifest needle@^3.1.0
1637 silly packumentCache full:https://registry.npmjs.org/needle cache-miss
1638 http fetch GET 200 https://registry.npmjs.org/copy-anything 4ms (cache hit)
1639 silly packumentCache full:https://registry.npmjs.org/copy-anything set size:101828 disposed:false
1640 silly fetch manifest make-dir@^2.1.0
1641 silly packumentCache full:https://registry.npmjs.org/make-dir cache-hit
1642 silly fetch manifest image-size@~0.5.0
1643 silly packumentCache full:https://registry.npmjs.org/image-size cache-miss
1644 http fetch GET 200 https://registry.npmjs.org/parse-node-version 4ms (cache hit)
1645 silly packumentCache full:https://registry.npmjs.org/parse-node-version set size:11258 disposed:false
1646 silly fetch manifest source-map@~0.6.0
1647 silly packumentCache full:https://registry.npmjs.org/source-map cache-hit
1648 silly fetch manifest graceful-fs@^4.1.2
1649 silly packumentCache full:https://registry.npmjs.org/graceful-fs cache-hit
1650 silly fetch manifest klona@^2.0.4
1651 silly packumentCache full:https://registry.npmjs.org/klona cache-miss
1652 http fetch GET 200 https://registry.npmjs.org/needle 4ms (cache hit)
1653 silly packumentCache full:https://registry.npmjs.org/needle set size:227370 disposed:false
1654 silly fetch manifest webpack-sources@^3.0.0
1655 silly packumentCache full:https://registry.npmjs.org/webpack-sources cache-miss
1656 http fetch GET 200 https://registry.npmjs.org/image-size 5ms (cache hit)
1657 silly packumentCache full:https://registry.npmjs.org/image-size set size:155542 disposed:false
1658 silly fetch manifest brace-expansion@^2.0.1
1659 silly packumentCache full:https://registry.npmjs.org/brace-expansion cache-miss
1660 http fetch GET 200 https://registry.npmjs.org/errno 8ms (cache hit)
1661 silly packumentCache full:https://registry.npmjs.org/errno set size:26467 disposed:false
1662 silly fetch manifest is-wsl@^2.2.0
1663 silly packumentCache full:https://registry.npmjs.org/is-wsl cache-miss
1664 http fetch GET 200 https://registry.npmjs.org/klona 7ms (cache hit)
1665 silly packumentCache full:https://registry.npmjs.org/klona set size:42195 disposed:false
1666 silly fetch manifest is-docker@^2.1.1
1667 silly packumentCache full:https://registry.npmjs.org/is-docker cache-miss
1668 http fetch GET 200 https://registry.npmjs.org/webpack-sources 4ms (cache hit)
1669 silly packumentCache full:https://registry.npmjs.org/webpack-sources set size:165698 disposed:false
1670 silly fetch manifest define-lazy-prop@^2.0.0
1671 silly packumentCache full:https://registry.npmjs.org/define-lazy-prop cache-miss
1672 http fetch GET 200 https://registry.npmjs.org/brace-expansion 4ms (cache hit)
1673 silly packumentCache full:https://registry.npmjs.org/brace-expansion set size:46250 disposed:false
1674 silly fetch manifest bl@^4.1.0
1675 silly packumentCache full:https://registry.npmjs.org/bl cache-miss
1676 http fetch GET 200 https://registry.npmjs.org/is-wsl 4ms (cache hit)
1677 silly packumentCache full:https://registry.npmjs.org/is-wsl set size:18741 disposed:false
1678 silly fetch manifest wcwidth@^1.0.1
1679 silly packumentCache full:https://registry.npmjs.org/wcwidth cache-miss
1680 http fetch GET 200 https://registry.npmjs.org/is-docker 4ms (cache hit)
1681 silly packumentCache full:https://registry.npmjs.org/is-docker set size:23690 disposed:false
1682 silly fetch manifest log-symbols@^4.1.0
1683 silly packumentCache full:https://registry.npmjs.org/log-symbols cache-miss
1684 http fetch GET 200 https://registry.npmjs.org/define-lazy-prop 3ms (cache hit)
1685 silly packumentCache full:https://registry.npmjs.org/define-lazy-prop set size:9337 disposed:false
1686 silly fetch manifest cli-spinners@^2.5.0
1687 silly packumentCache full:https://registry.npmjs.org/cli-spinners cache-miss
1688 http fetch GET 200 https://registry.npmjs.org/wcwidth 4ms (cache hit)
1689 silly packumentCache full:https://registry.npmjs.org/wcwidth set size:5904 disposed:false
1690 silly fetch manifest is-interactive@^1.0.0
1691 silly packumentCache full:https://registry.npmjs.org/is-interactive cache-miss
1692 http fetch GET 200 https://registry.npmjs.org/log-symbols 4ms (cache hit)
1693 silly packumentCache full:https://registry.npmjs.org/log-symbols set size:31977 disposed:false
1694 silly fetch manifest is-unicode-supported@^0.1.0
1695 silly packumentCache full:https://registry.npmjs.org/is-unicode-supported cache-miss
1696 http fetch GET 200 https://registry.npmjs.org/bl 5ms (cache hit)
1697 silly packumentCache full:https://registry.npmjs.org/bl set size:188910 disposed:false
1698 silly fetch manifest parse5@^6.0.1
1699 silly packumentCache full:https://registry.npmjs.org/parse5 cache-miss
1700 http fetch GET 200 https://registry.npmjs.org/cli-spinners 6ms (cache hit)
1701 silly packumentCache full:https://registry.npmjs.org/cli-spinners set size:67473 disposed:false
1702 silly fetch manifest parse5-sax-parser@^6.0.1
1703 silly packumentCache full:https://registry.npmjs.org/parse5-sax-parser cache-miss
1704 http fetch GET 200 https://registry.npmjs.org/is-unicode-supported 4ms (cache hit)
1705 silly packumentCache full:https://registry.npmjs.org/is-unicode-supported set size:19461 disposed:false
1706 silly fetch manifest hdr-histogram-js@^2.0.1
1707 silly packumentCache full:https://registry.npmjs.org/hdr-histogram-js cache-miss
1708 http fetch GET 200 https://registry.npmjs.org/is-interactive 5ms (cache hit)
1709 silly packumentCache full:https://registry.npmjs.org/is-interactive set size:10692 disposed:false
1710 silly fetch manifest eventemitter-asyncresource@^1.0.0
1711 silly packumentCache full:https://registry.npmjs.org/eventemitter-asyncresource cache-miss
1712 http fetch GET 200 https://registry.npmjs.org/css-select 261ms (cache miss)
1713 silly packumentCache full:https://registry.npmjs.org/css-select set size:undefined disposed:false
1714 silly fetch manifest hdr-histogram-percentiles-obj@^3.0.0
1715 silly packumentCache full:https://registry.npmjs.org/hdr-histogram-percentiles-obj cache-miss
1716 http fetch GET 200 https://registry.npmjs.org/pretty-bytes 251ms (cache miss)
1717 silly packumentCache full:https://registry.npmjs.org/pretty-bytes set size:undefined disposed:false
1718 silly fetch manifest nice-napi@^1.0.2
1719 silly packumentCache full:https://registry.npmjs.org/nice-napi cache-miss
1720 http fetch GET 200 https://registry.npmjs.org/@istanbuljs%2fschema 555ms (cache miss)
1721 silly packumentCache full:https://registry.npmjs.org/@istanbuljs%2fschema set size:undefined disposed:false
1722 silly fetch manifest nanoid@^3.3.6
1723 silly packumentCache full:https://registry.npmjs.org/nanoid cache-miss
1724 http fetch GET 200 https://registry.npmjs.org/eventemitter-asyncresource 245ms (cache miss)
1725 silly packumentCache full:https://registry.npmjs.org/eventemitter-asyncresource set size:undefined disposed:false
1726 silly fetch manifest picocolors@^1.0.0
1727 silly packumentCache full:https://registry.npmjs.org/picocolors cache-miss
1728 http fetch GET 200 https://registry.npmjs.org/parse5-sax-parser 253ms (cache miss)
1729 silly packumentCache full:https://registry.npmjs.org/parse5-sax-parser set size:undefined disposed:false
1730 silly fetch manifest source-map-js@^1.0.2
1731 silly packumentCache full:https://registry.npmjs.org/source-map-js cache-miss
1732 http fetch GET 200 https://registry.npmjs.org/hdr-histogram-js 264ms (cache miss)
1733 silly packumentCache full:https://registry.npmjs.org/hdr-histogram-js set size:undefined disposed:false
1734 silly fetch manifest resolve@^1.1.7
1735 silly packumentCache full:https://registry.npmjs.org/resolve cache-hit
1736 silly fetch manifest read-cache@^1.0.0
1737 silly packumentCache full:https://registry.npmjs.org/read-cache cache-miss
1738 http fetch GET 200 https://registry.npmjs.org/read-cache 1ms (cache hit)
1739 silly packumentCache full:https://registry.npmjs.org/read-cache set size:3003 disposed:false
1740 silly fetch manifest postcss-value-parser@^4.0.0
1741 silly packumentCache full:https://registry.npmjs.org/postcss-value-parser cache-hit
1742 silly fetch manifest klona@^2.0.5
1743 silly packumentCache full:https://registry.npmjs.org/klona cache-hit
1744 silly fetch manifest semver@^7.3.7
1745 silly packumentCache full:https://registry.npmjs.org/semver cache-hit
1746 silly fetch manifest cosmiconfig@^7.0.0
1747 silly packumentCache full:https://registry.npmjs.org/cosmiconfig cache-miss
1748 http fetch GET 200 https://registry.npmjs.org/cosmiconfig 1ms (cache hit)
1749 silly packumentCache full:https://registry.npmjs.org/cosmiconfig set size:275399 disposed:false
1750 silly fetch manifest cssdb@^7.0.0
1751 silly packumentCache full:https://registry.npmjs.org/cssdb cache-miss
1752 http fetch GET 200 https://registry.npmjs.org/cssdb 2ms (cache hit)
1753 silly packumentCache full:https://registry.npmjs.org/cssdb set size:274869 disposed:false
1754 silly fetch manifest autoprefixer@^10.4.8
1755 silly packumentCache full:https://registry.npmjs.org/autoprefixer cache-miss
1756 http fetch GET 200 https://registry.npmjs.org/autoprefixer 2ms (cache hit)
1757 silly packumentCache full:https://registry.npmjs.org/autoprefixer set size:1261581 disposed:false
1758 silly fetch manifest postcss-clamp@^4.1.0
1759 silly packumentCache full:https://registry.npmjs.org/postcss-clamp cache-miss
1760 http fetch GET 200 https://registry.npmjs.org/postcss-clamp 2ms (cache hit)
1761 silly packumentCache full:https://registry.npmjs.org/postcss-clamp set size:22705 disposed:false
1762 silly fetch manifest postcss-place@^7.0.5
1763 silly packumentCache full:https://registry.npmjs.org/postcss-place cache-miss
1764 http fetch GET 200 https://registry.npmjs.org/postcss-place 1ms (cache hit)
1765 silly packumentCache full:https://registry.npmjs.org/postcss-place set size:65066 disposed:false
1766 silly fetch manifest css-has-pseudo@^3.0.4
1767 silly packumentCache full:https://registry.npmjs.org/css-has-pseudo cache-miss
1768 http fetch GET 200 https://registry.npmjs.org/css-has-pseudo 1ms (cache hit)
1769 silly packumentCache full:https://registry.npmjs.org/css-has-pseudo set size:129001 disposed:false
1770 silly fetch manifest postcss-initial@^4.0.1
1771 silly packumentCache full:https://registry.npmjs.org/postcss-initial cache-miss
1772 http fetch GET 200 https://registry.npmjs.org/postcss-initial 1ms (cache hit)
1773 silly packumentCache full:https://registry.npmjs.org/postcss-initial set size:41882 disposed:false
1774 silly fetch manifest postcss-logical@^5.0.4
1775 silly packumentCache full:https://registry.npmjs.org/postcss-logical cache-miss
1776 http fetch GET 200 https://registry.npmjs.org/postcss-logical 1ms (cache hit)
1777 silly packumentCache full:https://registry.npmjs.org/postcss-logical set size:75922 disposed:false
1778 silly fetch manifest postcss-nesting@^10.1.10
1779 silly packumentCache full:https://registry.npmjs.org/postcss-nesting cache-miss
1780 http fetch GET 200 https://registry.npmjs.org/postcss-nesting 1ms (cache hit)
1781 silly packumentCache full:https://registry.npmjs.org/postcss-nesting set size:192460 disposed:false
1782 silly fetch manifest css-blank-pseudo@^3.0.3
1783 silly packumentCache full:https://registry.npmjs.org/css-blank-pseudo cache-miss
1784 http fetch GET 200 https://registry.npmjs.org/css-blank-pseudo 2ms (cache hit)
1785 silly packumentCache full:https://registry.npmjs.org/css-blank-pseudo set size:93102 disposed:false
1786 silly fetch manifest postcss-page-break@^3.0.4
1787 silly packumentCache full:https://registry.npmjs.org/postcss-page-break cache-miss
1788 http fetch GET 200 https://registry.npmjs.org/postcss-page-break 1ms (cache hit)
1789 silly packumentCache full:https://registry.npmjs.org/postcss-page-break set size:22100 disposed:false
1790 silly fetch manifest postcss-custom-media@^8.0.2
1791 silly packumentCache full:https://registry.npmjs.org/postcss-custom-media cache-miss
1792 http fetch GET 200 https://registry.npmjs.org/postcss-custom-media 1ms (cache hit)
1793 silly packumentCache full:https://registry.npmjs.org/postcss-custom-media set size:146480 disposed:false
1794 silly fetch manifest postcss-env-function@^4.0.6
1795 silly packumentCache full:https://registry.npmjs.org/postcss-env-function cache-miss
1796 http fetch GET 200 https://registry.npmjs.org/hdr-histogram-percentiles-obj 266ms (cache miss)
1797 silly packumentCache full:https://registry.npmjs.org/hdr-histogram-percentiles-obj set size:undefined disposed:false
1798 silly fetch manifest postcss-focus-within@^5.0.4
1799 silly packumentCache full:https://registry.npmjs.org/postcss-focus-within cache-miss
1800 http fetch GET 200 https://registry.npmjs.org/postcss-env-function 3ms (cache hit)
1801 silly packumentCache full:https://registry.npmjs.org/postcss-env-function set size:59070 disposed:false
1802 silly fetch manifest postcss-font-variant@^5.0.0
1803 silly packumentCache full:https://registry.npmjs.org/postcss-font-variant cache-miss
1804 http fetch GET 200 https://registry.npmjs.org/postcss-font-variant 1ms (cache hit)
1805 silly packumentCache full:https://registry.npmjs.org/postcss-font-variant set size:24538 disposed:false
1806 silly fetch manifest postcss-lab-function@^4.2.1
1807 silly packumentCache full:https://registry.npmjs.org/postcss-lab-function cache-miss
1808 http fetch GET 200 https://registry.npmjs.org/postcss-focus-within 3ms (cache hit)
1809 silly packumentCache full:https://registry.npmjs.org/postcss-focus-within set size:73158 disposed:false
1810 silly fetch manifest postcss-media-minmax@^5.0.0
1811 silly packumentCache full:https://registry.npmjs.org/postcss-media-minmax cache-miss
1812 http fetch GET 200 https://registry.npmjs.org/postcss-lab-function 1ms (cache hit)
1813 silly packumentCache full:https://registry.npmjs.org/postcss-lab-function set size:184601 disposed:false
1814 silly fetch manifest postcss-selector-not@^6.0.1
1815 silly packumentCache full:https://registry.npmjs.org/postcss-selector-not cache-miss
1816 http fetch GET 200 https://registry.npmjs.org/postcss-media-minmax 2ms (cache hit)
1817 silly packumentCache full:https://registry.npmjs.org/postcss-media-minmax set size:26786 disposed:false
1818 silly fetch manifest postcss-focus-visible@^6.0.4
1819 silly packumentCache full:https://registry.npmjs.org/postcss-focus-visible cache-miss
1820 http fetch GET 200 https://registry.npmjs.org/postcss-selector-not 2ms (cache hit)
1821 silly packumentCache full:https://registry.npmjs.org/postcss-selector-not set size:54015 disposed:false
1822 silly fetch manifest postcss-gap-properties@^3.0.5
1823 silly packumentCache full:https://registry.npmjs.org/postcss-gap-properties cache-miss
1824 http fetch GET 200 https://registry.npmjs.org/postcss-focus-visible 2ms (cache hit)
1825 silly packumentCache full:https://registry.npmjs.org/postcss-focus-visible set size:67015 disposed:false
1826 silly fetch manifest postcss-color-hex-alpha@^8.0.4
1827 silly packumentCache full:https://registry.npmjs.org/postcss-color-hex-alpha cache-miss
1828 http fetch GET 200 https://registry.npmjs.org/postcss-gap-properties 2ms (cache hit)
1829 silly packumentCache full:https://registry.npmjs.org/postcss-gap-properties set size:47202 disposed:false
1830 silly fetch manifest css-prefers-color-scheme@^6.0.3
1831 silly packumentCache full:https://registry.npmjs.org/css-prefers-color-scheme cache-miss
1832 http fetch GET 200 https://registry.npmjs.org/postcss-color-hex-alpha 3ms (cache hit)
1833 silly packumentCache full:https://registry.npmjs.org/postcss-color-hex-alpha set size:77476 disposed:false
1834 silly fetch manifest postcss-custom-selectors@^6.0.3
1835 silly packumentCache full:https://registry.npmjs.org/postcss-custom-selectors cache-miss
1836 http fetch GET 200 https://registry.npmjs.org/css-prefers-color-scheme 4ms (cache hit)
1837 silly packumentCache full:https://registry.npmjs.org/css-prefers-color-scheme set size:83953 disposed:false
1838 silly fetch manifest postcss-dir-pseudo-class@^6.0.5
1839 silly packumentCache full:https://registry.npmjs.org/postcss-dir-pseudo-class cache-miss
1840 http fetch GET 200 https://registry.npmjs.org/postcss-custom-selectors 2ms (cache hit)
1841 silly packumentCache full:https://registry.npmjs.org/postcss-custom-selectors set size:122150 disposed:false
1842 silly fetch manifest @csstools/postcss-ic-unit@^1.0.1
1843 silly packumentCache full:https://registry.npmjs.org/@csstools%2fpostcss-ic-unit cache-miss
1844 http fetch GET 200 https://registry.npmjs.org/postcss-dir-pseudo-class 2ms (cache hit)
1845 silly packumentCache full:https://registry.npmjs.org/postcss-dir-pseudo-class set size:67672 disposed:false
1846 silly fetch manifest postcss-custom-properties@^12.1.8
1847 silly packumentCache full:https://registry.npmjs.org/postcss-custom-properties cache-miss
1848 http fetch GET 200 https://registry.npmjs.org/@csstools%2fpostcss-ic-unit 2ms (cache hit)
1849 silly packumentCache full:https://registry.npmjs.org/@csstools%2fpostcss-ic-unit set size:60691 disposed:false
1850 silly fetch manifest postcss-image-set-function@^4.0.7
1851 silly packumentCache full:https://registry.npmjs.org/postcss-image-set-function cache-miss
1852 http fetch GET 200 https://registry.npmjs.org/postcss-custom-properties 2ms (cache hit)
1853 silly packumentCache full:https://registry.npmjs.org/postcss-custom-properties set size:277292 disposed:false
1854 silly fetch manifest postcss-opacity-percentage@^1.1.2
1855 silly packumentCache full:https://registry.npmjs.org/postcss-opacity-percentage cache-miss
1856 http fetch GET 200 https://registry.npmjs.org/postcss-image-set-function 3ms (cache hit)
1857 silly packumentCache full:https://registry.npmjs.org/postcss-image-set-function set size:72010 disposed:false
1858 silly fetch manifest postcss-overflow-shorthand@^3.0.4
1859 silly packumentCache full:https://registry.npmjs.org/postcss-overflow-shorthand cache-miss
1860 http fetch GET 200 https://registry.npmjs.org/postcss-overflow-shorthand 1ms (cache hit)
1861 silly packumentCache full:https://registry.npmjs.org/postcss-overflow-shorthand set size:46723 disposed:false
1862 silly fetch manifest postcss-color-rebeccapurple@^7.1.1
1863 silly packumentCache full:https://registry.npmjs.org/postcss-color-rebeccapurple cache-miss
1864 http fetch GET 200 https://registry.npmjs.org/postcss-opacity-percentage 2ms (cache hit)
1865 silly packumentCache full:https://registry.npmjs.org/postcss-opacity-percentage set size:28101 disposed:false
1866 silly fetch manifest @csstools/postcss-nested-calc@^1.0.0
1867 silly packumentCache full:https://registry.npmjs.org/@csstools%2fpostcss-nested-calc cache-miss
1868 http fetch GET 200 https://registry.npmjs.org/postcss-color-rebeccapurple 3ms (cache hit)
1869 silly packumentCache full:https://registry.npmjs.org/postcss-color-rebeccapurple set size:76868 disposed:false
1870 silly fetch manifest @csstools/postcss-unset-value@^1.0.2
1871 silly packumentCache full:https://registry.npmjs.org/@csstools%2fpostcss-unset-value cache-miss
1872 http fetch GET 200 https://registry.npmjs.org/@csstools%2fpostcss-nested-calc 3ms (cache hit)
1873 silly packumentCache full:https://registry.npmjs.org/@csstools%2fpostcss-nested-calc set size:30720 disposed:false
1874 silly fetch manifest postcss-pseudo-class-any-link@^7.1.6
1875 silly packumentCache full:https://registry.npmjs.org/postcss-pseudo-class-any-link cache-miss
1876 http fetch GET 200 https://registry.npmjs.org/@csstools%2fpostcss-unset-value 1ms (cache hit)
1877 silly packumentCache full:https://registry.npmjs.org/@csstools%2fpostcss-unset-value set size:32157 disposed:false
1878 silly fetch manifest postcss-replace-overflow-wrap@^4.0.0
1879 silly packumentCache full:https://registry.npmjs.org/postcss-replace-overflow-wrap cache-miss
1880 http fetch GET 200 https://registry.npmjs.org/postcss-pseudo-class-any-link 2ms (cache hit)
1881 silly packumentCache full:https://registry.npmjs.org/postcss-pseudo-class-any-link set size:87436 disposed:false
1882 silly fetch manifest @csstools/postcss-hwb-function@^1.0.2
1883 silly packumentCache full:https://registry.npmjs.org/@csstools%2fpostcss-hwb-function cache-miss
1884 http fetch GET 200 https://registry.npmjs.org/postcss-replace-overflow-wrap 2ms (cache hit)
1885 silly packumentCache full:https://registry.npmjs.org/postcss-replace-overflow-wrap set size:12387 disposed:false
1886 silly fetch manifest @csstools/postcss-cascade-layers@^1.0.5
1887 silly packumentCache full:https://registry.npmjs.org/@csstools%2fpostcss-cascade-layers cache-miss
1888 http fetch GET 200 https://registry.npmjs.org/@csstools%2fpostcss-hwb-function 1ms (cache hit)
1889 silly packumentCache full:https://registry.npmjs.org/@csstools%2fpostcss-hwb-function set size:123464 disposed:false
1890 silly fetch manifest @csstools/postcss-color-function@^1.1.1
1891 silly packumentCache full:https://registry.npmjs.org/@csstools%2fpostcss-color-function cache-miss
1892 http fetch GET 200 https://registry.npmjs.org/@csstools%2fpostcss-cascade-layers 1ms (cache hit)
1893 silly packumentCache full:https://registry.npmjs.org/@csstools%2fpostcss-cascade-layers set size:86869 disposed:false
1894 silly fetch manifest @csstools/postcss-oklab-function@^1.1.1
1895 silly packumentCache full:https://registry.npmjs.org/@csstools%2fpostcss-oklab-function cache-miss
1896 http fetch GET 200 https://registry.npmjs.org/@csstools%2fpostcss-color-function 2ms (cache hit)
1897 silly packumentCache full:https://registry.npmjs.org/@csstools%2fpostcss-color-function set size:142413 disposed:false
1898 silly fetch manifest @csstools/postcss-is-pseudo-class@^2.0.7
1899 silly packumentCache full:https://registry.npmjs.org/@csstools%2fpostcss-is-pseudo-class cache-miss
1900 http fetch GET 200 https://registry.npmjs.org/@csstools%2fpostcss-oklab-function 3ms (cache hit)
1901 silly packumentCache full:https://registry.npmjs.org/@csstools%2fpostcss-oklab-function set size:135393 disposed:false
1902 silly fetch manifest postcss-color-functional-notation@^4.2.4
1903 silly packumentCache full:https://registry.npmjs.org/postcss-color-functional-notation cache-miss
1904 http fetch GET 200 https://registry.npmjs.org/@csstools%2fpostcss-is-pseudo-class 4ms (cache hit)
1905 silly packumentCache full:https://registry.npmjs.org/@csstools%2fpostcss-is-pseudo-class set size:102055 disposed:false
1906 silly fetch manifest postcss-double-position-gradients@^3.1.2
1907 silly packumentCache full:https://registry.npmjs.org/postcss-double-position-gradients cache-miss
1908 http fetch GET 200 https://registry.npmjs.org/postcss-color-functional-notation 2ms (cache hit)
1909 silly packumentCache full:https://registry.npmjs.org/postcss-color-functional-notation set size:152605 disposed:false
1910 silly fetch manifest postcss-attribute-case-insensitive@^5.0.2
1911 silly packumentCache full:https://registry.npmjs.org/postcss-attribute-case-insensitive cache-miss
1912 http fetch GET 200 https://registry.npmjs.org/postcss-double-position-gradients 3ms (cache hit)
1913 silly packumentCache full:https://registry.npmjs.org/postcss-double-position-gradients set size:95564 disposed:false
1914 silly fetch manifest @csstools/postcss-font-format-keywords@^1.0.1
1915 silly packumentCache full:https://registry.npmjs.org/@csstools%2fpostcss-font-format-keywords cache-miss
1916 http fetch GET 200 https://registry.npmjs.org/postcss-attribute-case-insensitive 2ms (cache hit)
1917 silly packumentCache full:https://registry.npmjs.org/postcss-attribute-case-insensitive set size:60603 disposed:false
1918 silly fetch manifest @csstools/postcss-stepped-value-functions@^1.0.1
1919 silly packumentCache full:https://registry.npmjs.org/@csstools%2fpostcss-stepped-value-functions cache-miss
1920 http fetch GET 200 https://registry.npmjs.org/@csstools%2fpostcss-font-format-keywords 2ms (cache hit)
1921 silly packumentCache full:https://registry.npmjs.org/@csstools%2fpostcss-font-format-keywords set size:35694 disposed:false
1922 silly fetch manifest @csstools/postcss-trigonometric-functions@^1.0.2
1923 silly packumentCache full:https://registry.npmjs.org/@csstools%2fpostcss-trigonometric-functions cache-miss
1924 http fetch GET 200 https://registry.npmjs.org/@csstools%2fpostcss-stepped-value-functions 2ms (cache hit)
1925 silly packumentCache full:https://registry.npmjs.org/@csstools%2fpostcss-stepped-value-functions set size:84318 disposed:false
1926 silly fetch manifest @csstools/postcss-normalize-display-values@^1.0.1
1927 silly packumentCache full:https://registry.npmjs.org/@csstools%2fpostcss-normalize-display-values cache-miss
1928 http fetch GET 200 https://registry.npmjs.org/@csstools%2fpostcss-trigonometric-functions 2ms (cache hit)
1929 silly packumentCache full:https://registry.npmjs.org/@csstools%2fpostcss-trigonometric-functions set size:92415 disposed:false
1930 silly fetch manifest @csstools/postcss-text-decoration-shorthand@^1.0.0
1931 silly packumentCache full:https://registry.npmjs.org/@csstools%2fpostcss-text-decoration-shorthand cache-miss
1932 http fetch GET 200 https://registry.npmjs.org/@csstools%2fpostcss-normalize-display-values 2ms (cache hit)
1933 silly packumentCache full:https://registry.npmjs.org/@csstools%2fpostcss-normalize-display-values set size:35569 disposed:false
1934 silly fetch manifest @csstools/postcss-progressive-custom-properties@^1.3.0
1935 silly packumentCache full:https://registry.npmjs.org/@csstools%2fpostcss-progressive-custom-properties cache-miss
1936 http fetch GET 200 https://registry.npmjs.org/@csstools%2fpostcss-text-decoration-shorthand 1ms (cache hit)
1937 silly packumentCache full:https://registry.npmjs.org/@csstools%2fpostcss-text-decoration-shorthand set size:74550 disposed:false
1938 silly fetch manifest adjust-sourcemap-loader@^4.0.0
1939 silly packumentCache full:https://registry.npmjs.org/adjust-sourcemap-loader cache-miss
1940 http fetch GET 200 https://registry.npmjs.org/@csstools%2fpostcss-progressive-custom-properties 4ms (cache hit)
1941 silly packumentCache full:https://registry.npmjs.org/@csstools%2fpostcss-progressive-custom-properties set size:75625 disposed:false
1942 silly fetch manifest source-map@0.6.1
1943 silly packumentCache full:https://registry.npmjs.org/source-map cache-hit
1944 silly fetch manifest tslib@^1.9.0
1945 silly packumentCache full:https://registry.npmjs.org/tslib cache-hit
1946 silly fetch manifest chokidar@>=3.0.0 <4.0.0
1947 silly packumentCache full:https://registry.npmjs.org/chokidar cache-hit
1948 silly fetch manifest immutable@^4.0.0
1949 silly packumentCache full:https://registry.npmjs.org/immutable cache-miss
1950 http fetch GET 200 https://registry.npmjs.org/immutable 2ms (cache hit)
1951 silly packumentCache full:https://registry.npmjs.org/immutable set size:267034 disposed:false
1952 silly fetch manifest source-map-js@>=0.6.2 <2.0.0
1953 silly packumentCache full:https://registry.npmjs.org/source-map-js cache-miss
1954 http fetch GET 200 https://registry.npmjs.org/nice-napi 264ms (cache miss)
1955 silly packumentCache full:https://registry.npmjs.org/nice-napi set size:undefined disposed:false
1956 silly fetch manifest lru-cache@^6.0.0
1957 silly packumentCache full:https://registry.npmjs.org/lru-cache cache-hit
1958 silly fetch manifest abab@^2.0.6
1959 silly packumentCache full:https://registry.npmjs.org/abab cache-miss
1960 http fetch GET 200 https://registry.npmjs.org/abab 1ms (cache hit)
1961 silly packumentCache full:https://registry.npmjs.org/abab set size:30406 disposed:false
1962 silly fetch manifest iconv-lite@^0.6.3
1963 silly packumentCache full:https://registry.npmjs.org/iconv-lite cache-miss
1964 http fetch GET 200 https://registry.npmjs.org/iconv-lite 1ms (cache hit)
1965 silly packumentCache full:https://registry.npmjs.org/iconv-lite set size:120557 disposed:false
1966 silly fetch manifest source-map-js@^1.0.2
1967 silly packumentCache full:https://registry.npmjs.org/source-map-js cache-miss
1968 http fetch GET 200 https://registry.npmjs.org/normalize-path 675ms (cache miss)
1969 silly packumentCache full:https://registry.npmjs.org/normalize-path set size:undefined disposed:false
1970 silly fetch manifest buffer-from@^1.0.0
1971 silly packumentCache full:https://registry.npmjs.org/buffer-from cache-miss
1972 http fetch GET 200 https://registry.npmjs.org/nanoid 282ms (cache miss)
1973 silly packumentCache full:https://registry.npmjs.org/nanoid set size:undefined disposed:false
1974 silly fetch manifest source-map@^0.6.0
1975 silly packumentCache full:https://registry.npmjs.org/source-map cache-hit
1976 silly fetch manifest sax@~1.2.4
1977 silly packumentCache full:https://registry.npmjs.org/sax cache-miss
1978 http fetch GET 200 https://registry.npmjs.org/sax 1ms (cache hit)
1979 silly packumentCache full:https://registry.npmjs.org/sax set size:87969 disposed:false
1980 silly fetch manifest glob@^7.1.6
1981 silly packumentCache full:https://registry.npmjs.org/glob cache-hit
1982 silly fetch manifest debug@^4.3.2
1983 silly packumentCache full:https://registry.npmjs.org/debug cache-hit
1984 silly fetch manifest source-map@^0.7.3
1985 silly packumentCache full:https://registry.npmjs.org/source-map cache-hit
1986 silly fetch manifest @adobe/css-tools@^4.0.1
1987 silly packumentCache full:https://registry.npmjs.org/@adobe%2fcss-tools cache-miss
1988 http fetch GET 200 https://registry.npmjs.org/@adobe%2fcss-tools 2ms (cache hit)
1989 silly packumentCache full:https://registry.npmjs.org/@adobe%2fcss-tools set size:89295 disposed:false
1990 silly fetch manifest acorn@^8.5.0
1991 silly packumentCache full:https://registry.npmjs.org/acorn cache-miss
1992 http fetch GET 200 https://registry.npmjs.org/buffer-from 32ms (cache miss)
1993 silly packumentCache full:https://registry.npmjs.org/buffer-from set size:undefined disposed:false
1994 silly fetch manifest commander@^2.20.0
1995 silly packumentCache full:https://registry.npmjs.org/commander cache-miss
1996 http fetch GET 200 https://registry.npmjs.org/acorn 1ms (cache hit)
1997 silly packumentCache full:https://registry.npmjs.org/acorn set size:377362 disposed:false
1998 silly fetch manifest @jridgewell/source-map@^0.3.2
1999 silly packumentCache full:https://registry.npmjs.org/@jridgewell%2fsource-map cache-miss
2000 http fetch GET 200 https://registry.npmjs.org/source-map-js 280ms (cache miss)
2001 silly packumentCache full:https://registry.npmjs.org/source-map-js set size:undefined disposed:false
2002 silly fetch manifest memfs@^3.4.3
2003 silly packumentCache full:https://registry.npmjs.org/memfs cache-miss
2004 http fetch GET 200 https://registry.npmjs.org/memfs 2ms (cache hit)
2005 silly packumentCache full:https://registry.npmjs.org/memfs set size:799866 disposed:false
2006 silly fetch manifest mime-types@^2.1.31
2007 silly packumentCache full:https://registry.npmjs.org/mime-types cache-miss
2008 http fetch GET 200 https://registry.npmjs.org/mime-types 3ms (cache hit)
2009 silly packumentCache full:https://registry.npmjs.org/mime-types set size:139110 disposed:false
2010 silly fetch manifest wildcard@^2.0.0
2011 silly packumentCache full:https://registry.npmjs.org/wildcard cache-miss
2012 http fetch GET 200 https://registry.npmjs.org/picocolors 297ms (cache miss)
2013 silly packumentCache full:https://registry.npmjs.org/picocolors set size:undefined disposed:false
2014 silly fetch manifest clone-deep@^4.0.1
2015 silly packumentCache full:https://registry.npmjs.org/clone-deep cache-miss
2016 http fetch GET 200 https://registry.npmjs.org/parse5 820ms (cache miss)
2017 silly packumentCache full:https://registry.npmjs.org/parse5 set size:undefined disposed:false
2018 silly fetch manifest typed-assert@^1.0.8
2019 silly packumentCache full:https://registry.npmjs.org/typed-assert cache-miss
2020 http fetch GET 200 https://registry.npmjs.org/parse5-htmlparser2-tree-adapter 707ms (cache miss)
2021 silly packumentCache full:https://registry.npmjs.org/parse5-htmlparser2-tree-adapter set size:undefined disposed:false
2022 http fetch GET 200 https://registry.npmjs.org/@istanbuljs%2fload-nyc-config 977ms (cache miss)
2023 silly packumentCache full:https://registry.npmjs.org/@istanbuljs%2fload-nyc-config set size:undefined disposed:false
2024 http fetch GET 200 https://registry.npmjs.org/adjust-sourcemap-loader 272ms (cache miss)
2025 silly packumentCache full:https://registry.npmjs.org/adjust-sourcemap-loader set size:undefined disposed:false
2026 http fetch GET 200 https://registry.npmjs.org/parse5 706ms (cache miss)
2027 silly packumentCache full:https://registry.npmjs.org/parse5 set size:undefined disposed:false
2028 http fetch GET 200 https://registry.npmjs.org/commander 264ms (cache miss)
2029 silly packumentCache full:https://registry.npmjs.org/commander set size:undefined disposed:false
2030 http fetch GET 200 https://registry.npmjs.org/wildcard 248ms (cache miss)
2031 silly packumentCache full:https://registry.npmjs.org/wildcard set size:undefined disposed:false
2032 http fetch GET 200 https://registry.npmjs.org/clone-deep 251ms (cache miss)
2033 silly packumentCache full:https://registry.npmjs.org/clone-deep set size:undefined disposed:false
2034 http fetch GET 200 https://registry.npmjs.org/typed-assert 252ms (cache miss)
2035 silly packumentCache full:https://registry.npmjs.org/typed-assert set size:undefined disposed:false
2036 http fetch GET 200 https://registry.npmjs.org/@jridgewell%2fsource-map 578ms (cache miss)
2037 silly packumentCache full:https://registry.npmjs.org/@jridgewell%2fsource-map set size:undefined disposed:false
2038 http fetch GET 200 https://registry.npmjs.org/source-map-js 728ms (cache miss)
2039 silly packumentCache full:https://registry.npmjs.org/source-map-js set size:undefined disposed:false
2040 http fetch GET 200 https://registry.npmjs.org/source-map-js 731ms (cache miss)
2041 silly packumentCache full:https://registry.npmjs.org/source-map-js set size:undefined disposed:false
2042 silly placeDep ROOT @jridgewell/gen-mapping@0.1.1 OK for: @ampproject/remapping@2.2.0 want: ^0.1.0
2043 silly placeDep ROOT @jridgewell/trace-mapping@0.3.31 OK for: @ampproject/remapping@2.2.0 want: ^0.3.9
2044 silly fetch manifest @jridgewell/set-array@^1.0.0
2045 silly packumentCache full:https://registry.npmjs.org/@jridgewell%2fset-array cache-miss
2046 silly fetch manifest @jridgewell/sourcemap-codec@^1.4.10
2047 silly packumentCache full:https://registry.npmjs.org/@jridgewell%2fsourcemap-codec cache-miss
2048 silly fetch manifest @jridgewell/resolve-uri@^3.1.0
2049 silly packumentCache full:https://registry.npmjs.org/@jridgewell%2fresolve-uri cache-miss
2050 silly fetch manifest @jridgewell/sourcemap-codec@^1.4.14
2051 silly packumentCache full:https://registry.npmjs.org/@jridgewell%2fsourcemap-codec cache-miss
2052 http fetch GET 200 https://registry.npmjs.org/@jridgewell%2fsourcemap-codec 554ms (cache miss)
2053 silly packumentCache full:https://registry.npmjs.org/@jridgewell%2fsourcemap-codec set size:undefined disposed:false
2054 http fetch GET 200 https://registry.npmjs.org/@jridgewell%2fset-array 556ms (cache miss)
2055 silly packumentCache full:https://registry.npmjs.org/@jridgewell%2fset-array set size:undefined disposed:false
2056 http fetch GET 200 https://registry.npmjs.org/@jridgewell%2fresolve-uri 560ms (cache miss)
2057 silly packumentCache full:https://registry.npmjs.org/@jridgewell%2fresolve-uri set size:undefined disposed:false
2058 http fetch GET 200 https://registry.npmjs.org/@jridgewell%2fsourcemap-codec 974ms (cache miss)
2059 silly packumentCache full:https://registry.npmjs.org/@jridgewell%2fsourcemap-codec set size:undefined disposed:false
2060 silly placeDep node_modules/@angular-devkit/architect rxjs@6.6.7 OK for: @angular-devkit/architect@0.1402.13 want: 6.6.7
2061 silly placeDep node_modules/@angular-devkit/build-webpack rxjs@6.6.7 OK for: @angular-devkit/build-webpack@0.1402.13 want: 6.6.7
2062 silly placeDep ROOT ajv@8.11.0 OK for: @angular-devkit/core@14.2.13 want: 8.11.0
2063 silly placeDep ROOT ajv-formats@2.1.1 OK for: @angular-devkit/core@14.2.13 want: 2.1.1
2064 silly placeDep node_modules/@angular-devkit/core rxjs@6.6.7 OK for: @angular-devkit/core@14.2.13 want: 6.6.7
2065 silly placeDep ROOT source-map@0.7.4 OK for: @angular-devkit/core@14.2.13 want: 0.7.4
2066 silly fetch manifest uri-js@^4.2.2
2067 silly packumentCache full:https://registry.npmjs.org/uri-js cache-miss
2068 silly fetch manifest fast-deep-equal@^3.1.1
2069 silly packumentCache full:https://registry.npmjs.org/fast-deep-equal cache-miss
2070 silly fetch manifest require-from-string@^2.0.2
2071 silly packumentCache full:https://registry.npmjs.org/require-from-string cache-miss
2072 silly fetch manifest json-schema-traverse@^1.0.0
2073 silly packumentCache full:https://registry.npmjs.org/json-schema-traverse cache-miss
2074 http fetch GET 200 https://registry.npmjs.org/json-schema-traverse 32ms (cache revalidated)
2075 silly packumentCache full:https://registry.npmjs.org/json-schema-traverse set size:23537 disposed:false
2076 http fetch GET 200 https://registry.npmjs.org/require-from-string 33ms (cache revalidated)
2077 silly packumentCache full:https://registry.npmjs.org/require-from-string set size:15128 disposed:false
2078 http fetch GET 200 https://registry.npmjs.org/uri-js 265ms (cache revalidated)
2079 silly packumentCache full:https://registry.npmjs.org/uri-js set size:42559 disposed:false
2080 http fetch GET 200 https://registry.npmjs.org/fast-deep-equal 271ms (cache revalidated)
2081 silly packumentCache full:https://registry.npmjs.org/fast-deep-equal set size:48634 disposed:false
2082 silly placeDep ROOT @angular-devkit/schematics@14.2.13 OK for: @angular/cli@14.2.13 want: 14.2.13
2083 silly placeDep ROOT @schematics/angular@14.2.13 OK for: @angular/cli@14.2.13 want: 14.2.13
2084 silly placeDep ROOT @yarnpkg/lockfile@1.1.0 OK for: @angular/cli@14.2.13 want: 1.1.0
2085 silly placeDep ROOT debug@4.3.4 OK for: @angular/cli@14.2.13 want: 4.3.4
2086 silly placeDep ROOT ini@3.0.0 OK for: @angular/cli@14.2.13 want: 3.0.0
2087 silly placeDep ROOT npm-package-arg@9.1.0 OK for: @angular/cli@14.2.13 want: 9.1.0
2088 silly placeDep ROOT npm-pick-manifest@7.0.1 OK for: @angular/cli@14.2.13 want: 7.0.1
2089 silly placeDep ROOT pacote@13.6.2 OK for: @angular/cli@14.2.13 want: 13.6.2
2090 silly placeDep ROOT resolve@1.22.1 OK for: @angular/cli@14.2.13 want: 1.22.1
2091 silly placeDep ROOT symbol-observable@4.0.0 OK for: @angular/cli@14.2.13 want: 4.0.0
2092 silly placeDep ROOT uuid@8.3.2 OK for: @angular/cli@14.2.13 want: 8.3.2
2093 silly placeDep ROOT yargs@17.5.1 OK for: @angular/cli@14.2.13 want: 17.5.1
2094 silly fetch manifest magic-string@0.26.2
2095 silly packumentCache full:https://registry.npmjs.org/magic-string cache-hit
2096 silly fetch manifest ms@2.1.2
2097 silly packumentCache full:https://registry.npmjs.org/ms cache-miss
2098 silly fetch manifest proc-log@^2.0.1
2099 silly packumentCache full:https://registry.npmjs.org/proc-log cache-miss
2100 silly fetch manifest hosted-git-info@^5.0.0
2101 silly packumentCache full:https://registry.npmjs.org/hosted-git-info cache-miss
2102 silly fetch manifest validate-npm-package-name@^4.0.0
2103 silly packumentCache full:https://registry.npmjs.org/validate-npm-package-name cache-miss
2104 silly fetch manifest npm-install-checks@^5.0.0
2105 silly packumentCache full:https://registry.npmjs.org/npm-install-checks cache-miss
2106 silly fetch manifest npm-normalize-package-bin@^1.0.1
2107 silly packumentCache full:https://registry.npmjs.org/npm-normalize-package-bin cache-miss
2108 silly fetch manifest proc-log@^2.0.0
2109 silly packumentCache full:https://registry.npmjs.org/proc-log cache-miss
2110 silly fetch manifest @npmcli/git@^3.0.0
2111 silly packumentCache full:https://registry.npmjs.org/@npmcli%2fgit cache-miss
2112 silly fetch manifest npm-packlist@^5.1.0
2113 silly packumentCache full:https://registry.npmjs.org/npm-packlist cache-miss
2114 silly fetch manifest promise-retry@^2.0.1
2115 silly packumentCache full:https://registry.npmjs.org/promise-retry cache-miss
2116 silly fetch manifest read-package-json@^5.0.0
2117 silly packumentCache full:https://registry.npmjs.org/read-package-json cache-miss
2118 http fetch GET 200 https://registry.npmjs.org/npm-normalize-package-bin 254ms (cache revalidated)
2119 silly packumentCache full:https://registry.npmjs.org/npm-normalize-package-bin set size:21797 disposed:false
2120 silly fetch manifest @npmcli/run-script@^4.1.0
2121 silly packumentCache full:https://registry.npmjs.org/@npmcli%2frun-script cache-miss
2122 http fetch GET 200 https://registry.npmjs.org/ms 256ms (cache revalidated)
2123 silly packumentCache full:https://registry.npmjs.org/ms set size:92208 disposed:false
2124 silly fetch manifest npm-registry-fetch@^13.0.1
2125 silly packumentCache full:https://registry.npmjs.org/npm-registry-fetch cache-miss
2126 http fetch GET 200 https://registry.npmjs.org/read-package-json 254ms (cache revalidated)
2127 silly packumentCache full:https://registry.npmjs.org/read-package-json set size:180337 disposed:false
2128 silly fetch manifest @npmcli/promise-spawn@^3.0.0
2129 silly packumentCache full:https://registry.npmjs.org/@npmcli%2fpromise-spawn cache-miss
2130 http fetch GET 200 https://registry.npmjs.org/proc-log 258ms (cache revalidated)
2131 silly packumentCache full:https://registry.npmjs.org/proc-log set size:33588 disposed:false
2132 silly fetch manifest read-package-json-fast@^2.0.3
2133 silly packumentCache full:https://registry.npmjs.org/read-package-json-fast cache-miss
2134 http fetch GET 200 https://registry.npmjs.org/hosted-git-info 259ms (cache revalidated)
2135 silly packumentCache full:https://registry.npmjs.org/hosted-git-info set size:178912 disposed:false
2136 silly fetch manifest @npmcli/installed-package-contents@^1.0.7
2137 silly packumentCache full:https://registry.npmjs.org/@npmcli%2finstalled-package-contents cache-miss
2138 http fetch GET 200 https://registry.npmjs.org/npm-packlist 260ms (cache revalidated)
2139 silly packumentCache full:https://registry.npmjs.org/npm-packlist set size:188633 disposed:false
2140 silly fetch manifest path-parse@^1.0.7
2141 silly packumentCache full:https://registry.npmjs.org/path-parse cache-miss
2142 http fetch GET 200 https://registry.npmjs.org/validate-npm-package-name 265ms (cache revalidated)
2143 silly packumentCache full:https://registry.npmjs.org/validate-npm-package-name set size:48201 disposed:false
2144 silly fetch manifest is-core-module@^2.9.0
2145 silly packumentCache full:https://registry.npmjs.org/is-core-module cache-miss
2146 http fetch GET 200 https://registry.npmjs.org/path-parse 253ms (cache revalidated)
2147 silly packumentCache full:https://registry.npmjs.org/path-parse set size:14523 disposed:false
2148 silly fetch manifest supports-preserve-symlinks-flag@^1.0.0
2149 silly packumentCache full:https://registry.npmjs.org/supports-preserve-symlinks-flag cache-miss
2150 http fetch GET 200 https://registry.npmjs.org/is-core-module 251ms (cache revalidated)
2151 silly packumentCache full:https://registry.npmjs.org/is-core-module set size:71788 disposed:false
2152 silly fetch manifest y18n@^5.0.5
2153 silly packumentCache full:https://registry.npmjs.org/y18n cache-miss
2154 http fetch GET 200 https://registry.npmjs.org/npm-registry-fetch 263ms (cache revalidated)
2155 silly packumentCache full:https://registry.npmjs.org/npm-registry-fetch set size:279474 disposed:false
2156 silly fetch manifest cliui@^7.0.2
2157 silly packumentCache full:https://registry.npmjs.org/cliui cache-miss
2158 http fetch GET 200 https://registry.npmjs.org/read-package-json-fast 268ms (cache revalidated)
2159 silly packumentCache full:https://registry.npmjs.org/read-package-json-fast set size:60487 disposed:false
2160 silly fetch manifest escalade@^3.1.1
2161 silly packumentCache full:https://registry.npmjs.org/escalade cache-miss
2162 http fetch GET 200 https://registry.npmjs.org/escalade 43ms (cache revalidated)
2163 silly packumentCache full:https://registry.npmjs.org/escalade set size:33724 disposed:false
2164 silly fetch manifest string-width@^4.2.3
2165 silly packumentCache full:https://registry.npmjs.org/string-width cache-hit
2166 silly fetch manifest yargs-parser@^21.0.0
2167 silly packumentCache full:https://registry.npmjs.org/yargs-parser cache-miss
2168 http fetch GET 200 https://registry.npmjs.org/@npmcli%2fgit 575ms (cache revalidated)
2169 silly packumentCache full:https://registry.npmjs.org/@npmcli%2fgit set size:110850 disposed:false
2170 silly fetch manifest get-caller-file@^2.0.5
2171 silly packumentCache full:https://registry.npmjs.org/get-caller-file cache-miss
2172 http fetch GET 200 https://registry.npmjs.org/promise-retry 687ms (cache revalidated)
2173 silly packumentCache full:https://registry.npmjs.org/promise-retry set size:34511 disposed:false
2174 silly fetch manifest require-directory@^2.1.1
2175 silly packumentCache full:https://registry.npmjs.org/require-directory cache-miss
2176 http fetch GET 200 https://registry.npmjs.org/npm-install-checks 706ms (cache revalidated)
2177 silly packumentCache full:https://registry.npmjs.org/npm-install-checks set size:59311 disposed:false
2178 http fetch GET 200 https://registry.npmjs.org/require-directory 24ms (cache revalidated)
2179 silly packumentCache full:https://registry.npmjs.org/require-directory set size:26866 disposed:false
2180 http fetch GET 200 https://registry.npmjs.org/proc-log 715ms (cache revalidated)
2181 silly packumentCache full:https://registry.npmjs.org/proc-log set size:33588 disposed:false
2182 silly packumentCache full:https://registry.npmjs.org/proc-log dispose
2183 http fetch GET 200 https://registry.npmjs.org/supports-preserve-symlinks-flag 247ms (cache revalidated)
2184 silly packumentCache full:https://registry.npmjs.org/supports-preserve-symlinks-flag set size:6802 disposed:false
2185 http fetch GET 200 https://registry.npmjs.org/cliui 245ms (cache revalidated)
2186 silly packumentCache full:https://registry.npmjs.org/cliui set size:69089 disposed:false
2187 http fetch GET 200 https://registry.npmjs.org/y18n 255ms (cache revalidated)
2188 silly packumentCache full:https://registry.npmjs.org/y18n set size:76155 disposed:false
2189 http fetch GET 200 https://registry.npmjs.org/@npmcli%2frun-script 575ms (cache revalidated)
2190 silly packumentCache full:https://registry.npmjs.org/@npmcli%2frun-script set size:196862 disposed:false
2191 http fetch GET 200 https://registry.npmjs.org/yargs-parser 260ms (cache revalidated)
2192 silly packumentCache full:https://registry.npmjs.org/yargs-parser set size:238630 disposed:false
2193 http fetch GET 200 https://registry.npmjs.org/@npmcli%2finstalled-package-contents 576ms (cache revalidated)
2194 silly packumentCache full:https://registry.npmjs.org/@npmcli%2finstalled-package-contents set size:49004 disposed:false
2195 http fetch GET 200 https://registry.npmjs.org/get-caller-file 712ms (cache revalidated)
2196 silly packumentCache full:https://registry.npmjs.org/get-caller-file set size:26456 disposed:false
2197 http fetch GET 200 https://registry.npmjs.org/@npmcli%2fpromise-spawn 1034ms (cache revalidated)
2198 silly packumentCache full:https://registry.npmjs.org/@npmcli%2fpromise-spawn set size:68304 disposed:false
2199 silly placeDep ROOT magic-string@0.26.2 OK for: @angular-devkit/schematics@14.2.13 want: 0.26.2
2200 silly placeDep node_modules/@angular-devkit/schematics rxjs@6.6.7 OK for: @angular-devkit/schematics@14.2.13 want: 6.6.7
2201 silly placeDep ROOT chokidar@3.6.0 OK for: @angular/compiler-cli@14.3.0 want: ^3.0.0
2202 silly placeDep ROOT convert-source-map@1.9.0 OK for: @angular/compiler-cli@14.3.0 want: ^1.5.1
2203 silly placeDep ROOT dependency-graph@0.11.0 OK for: @angular/compiler-cli@14.3.0 want: ^0.11.0
2204 silly placeDep ROOT reflect-metadata@0.1.14 OK for: @angular/compiler-cli@14.3.0 want: ^0.1.2
2205 silly placeDep ROOT sourcemap-codec@1.4.8 OK for: @angular/compiler-cli@14.3.0 want: ^1.4.8
2206 silly fetch manifest braces@~3.0.2
2207 silly packumentCache full:https://registry.npmjs.org/braces cache-miss
2208 silly fetch manifest is-glob@~4.0.1
2209 silly packumentCache full:https://registry.npmjs.org/is-glob cache-miss
2210 silly fetch manifest anymatch@~3.1.2
2211 silly packumentCache full:https://registry.npmjs.org/anymatch cache-miss
2212 silly fetch manifest readdirp@~3.6.0
2213 silly packumentCache full:https://registry.npmjs.org/readdirp cache-miss
2214 silly fetch manifest glob-parent@~5.1.2
2215 silly packumentCache full:https://registry.npmjs.org/glob-parent cache-hit
2216 silly fetch manifest is-binary-path@~2.1.0
2217 silly packumentCache full:https://registry.npmjs.org/is-binary-path cache-miss
2218 silly fetch manifest normalize-path@~3.0.0
2219 silly packumentCache full:https://registry.npmjs.org/normalize-path cache-miss
2220 silly fetch manifest fsevents@~2.3.2
2221 silly packumentCache full:https://registry.npmjs.org/fsevents cache-miss
2222 http fetch GET 200 https://registry.npmjs.org/normalize-path 2ms (cache hit)
2223 silly packumentCache full:https://registry.npmjs.org/normalize-path set size:28713 disposed:false
2224 http fetch GET 200 https://registry.npmjs.org/braces 5ms (cache hit)
2225 silly packumentCache full:https://registry.npmjs.org/braces set size:114529 disposed:false
2226 http fetch GET 200 https://registry.npmjs.org/is-binary-path 51ms (cache miss)
2227 silly packumentCache full:https://registry.npmjs.org/is-binary-path set size:undefined disposed:false
2228 http fetch GET 200 https://registry.npmjs.org/anymatch 52ms (cache miss)
2229 silly packumentCache full:https://registry.npmjs.org/anymatch set size:undefined disposed:false
2230 http fetch GET 200 https://registry.npmjs.org/is-glob 279ms (cache miss)
2231 silly packumentCache full:https://registry.npmjs.org/is-glob set size:undefined disposed:false
2232 http fetch GET 200 https://registry.npmjs.org/readdirp 291ms (cache miss)
2233 silly packumentCache full:https://registry.npmjs.org/readdirp set size:undefined disposed:false
2234 http fetch GET 200 https://registry.npmjs.org/fsevents 725ms (cache miss)
2235 silly packumentCache full:https://registry.npmjs.org/fsevents set size:undefined disposed:false
2236 silly fetch manifest @babel/core@^7.0.0
2237 silly packumentCache full:https://registry.npmjs.org/@babel%2fcore cache-hit
2238 silly placeDep ROOT @babel/code-frame@7.28.6 OK for: @babel/core@7.18.10 want: ^7.18.6
2239 silly placeDep ROOT @babel/helper-compilation-targets@7.28.6 OK for: @babel/core@7.18.10 want: ^7.18.9
2240 silly placeDep ROOT @babel/helper-module-transforms@7.28.6 OK for: @babel/core@7.18.10 want: ^7.18.9
2241 silly placeDep ROOT @babel/helpers@7.28.6 OK for: @babel/core@7.18.10 want: ^7.18.9
2242 silly placeDep ROOT @babel/parser@7.28.6 OK for: @babel/core@7.18.10 want: ^7.18.10
2243 silly placeDep ROOT @babel/traverse@7.28.6 OK for: @babel/core@7.18.10 want: ^7.18.10
2244 silly placeDep ROOT @babel/types@7.28.6 OK for: @babel/core@7.18.10 want: ^7.18.10
2245 silly placeDep ROOT gensync@1.0.0-beta.2 OK for: @babel/core@7.18.10 want: ^1.0.0-beta.2
2246 silly placeDep ROOT json5@2.2.3 OK for: @babel/core@7.18.10 want: ^2.2.1
2247 silly placeDep node_modules/@babel/core semver@6.3.1 OK for: @babel/core@7.18.10 want: ^6.3.0
2248 silly fetch manifest @babel/helper-validator-identifier@^7.28.5
2249 silly packumentCache full:https://registry.npmjs.org/@babel%2fhelper-validator-identifier cache-miss
2250 silly fetch manifest js-tokens@^4.0.0
2251 silly packumentCache full:https://registry.npmjs.org/js-tokens cache-miss
2252 silly fetch manifest picocolors@^1.1.1
2253 silly packumentCache full:https://registry.npmjs.org/picocolors cache-miss
2254 silly fetch manifest @babel/compat-data@^7.28.6
2255 silly packumentCache full:https://registry.npmjs.org/@babel%2fcompat-data cache-hit
2256 silly fetch manifest @babel/helper-validator-option@^7.27.1
2257 silly packumentCache full:https://registry.npmjs.org/@babel%2fhelper-validator-option cache-hit
2258 silly fetch manifest lru-cache@^5.1.1
2259 silly packumentCache full:https://registry.npmjs.org/lru-cache cache-hit
2260 silly fetch manifest semver@^6.3.1
2261 silly packumentCache full:https://registry.npmjs.org/semver cache-hit
2262 silly fetch manifest @babel/helper-module-imports@^7.28.6
2263 silly packumentCache full:https://registry.npmjs.org/@babel%2fhelper-module-imports cache-hit
2264 silly fetch manifest @babel/helper-validator-identifier@^7.28.5
2265 silly packumentCache full:https://registry.npmjs.org/@babel%2fhelper-validator-identifier cache-miss
2266 silly fetch manifest @babel/traverse@^7.28.6
2267 silly packumentCache full:https://registry.npmjs.org/@babel%2ftraverse cache-hit
2268 silly fetch manifest @babel/template@^7.28.6
2269 silly packumentCache full:https://registry.npmjs.org/@babel%2ftemplate cache-hit
2270 silly fetch manifest @babel/types@^7.28.6
2271 silly packumentCache full:https://registry.npmjs.org/@babel%2ftypes cache-hit
2272 silly fetch manifest @babel/types@^7.28.6
2273 silly packumentCache full:https://registry.npmjs.org/@babel%2ftypes cache-hit
2274 silly fetch manifest @babel/generator@^7.28.6
2275 silly packumentCache full:https://registry.npmjs.org/@babel%2fgenerator cache-hit
2276 silly fetch manifest @babel/helper-globals@^7.28.0
2277 silly packumentCache full:https://registry.npmjs.org/@babel%2fhelper-globals cache-miss
2278 silly fetch manifest @babel/types@^7.28.6
2279 silly packumentCache full:https://registry.npmjs.org/@babel%2ftypes cache-hit
2280 silly fetch manifest @babel/helper-string-parser@^7.27.1
2281 silly packumentCache full:https://registry.npmjs.org/@babel%2fhelper-string-parser cache-miss
2282 silly fetch manifest @babel/helper-validator-identifier@^7.28.5
2283 silly packumentCache full:https://registry.npmjs.org/@babel%2fhelper-validator-identifier cache-miss
2284 http fetch GET 200 https://registry.npmjs.org/picocolors 5ms (cache hit)
2285 silly packumentCache full:https://registry.npmjs.org/picocolors set size:16648 disposed:false
2286 http fetch GET 200 https://registry.npmjs.org/@babel%2fhelper-validator-identifier 5ms (cache hit)
2287 silly packumentCache full:https://registry.npmjs.org/@babel%2fhelper-validator-identifier set size:110831 disposed:false
2288 http fetch GET 200 https://registry.npmjs.org/@babel%2fhelper-validator-identifier 8ms (cache hit)
2289 silly packumentCache full:https://registry.npmjs.org/@babel%2fhelper-validator-identifier set size:110831 disposed:false
2290 silly packumentCache full:https://registry.npmjs.org/@babel%2fhelper-validator-identifier dispose
2291 http fetch GET 200 https://registry.npmjs.org/@babel%2fhelper-globals 5ms (cache hit)
2292 silly packumentCache full:https://registry.npmjs.org/@babel%2fhelper-globals set size:9927 disposed:false
2293 http fetch GET 200 https://registry.npmjs.org/@babel%2fhelper-validator-identifier 4ms (cache hit)
2294 silly packumentCache full:https://registry.npmjs.org/@babel%2fhelper-validator-identifier set size:110831 disposed:true
2295 silly packumentCache full:https://registry.npmjs.org/@babel%2fhelper-validator-identifier dispose
2296 http fetch GET 200 https://registry.npmjs.org/@babel%2fhelper-string-parser 5ms (cache hit)
2297 silly packumentCache full:https://registry.npmjs.org/@babel%2fhelper-string-parser set size:76579 disposed:false
2298 http fetch GET 200 https://registry.npmjs.org/js-tokens 337ms (cache miss)
2299 silly packumentCache full:https://registry.npmjs.org/js-tokens set size:undefined disposed:false
2300 silly placeDep ROOT @babel/helper-validator-identifier@7.28.5 OK for: @babel/code-frame@7.28.6 want: ^7.28.5
2301 silly placeDep ROOT js-tokens@4.0.0 OK for: @babel/code-frame@7.28.6 want: ^4.0.0
2302 silly placeDep ROOT picocolors@1.1.1 OK for: @babel/code-frame@7.28.6 want: ^1.1.1
2303 silly placeDep node_modules/@babel/generator @jridgewell/gen-mapping@0.3.13 OK for: @babel/generator@7.18.12 want: ^0.3.2
2304 silly placeDep ROOT jsesc@2.5.2 OK for: @babel/generator@7.18.12 want: ^2.5.1
2305 silly fetch manifest @jridgewell/sourcemap-codec@^1.5.0
2306 silly packumentCache full:https://registry.npmjs.org/@jridgewell%2fsourcemap-codec cache-miss
2307 http fetch GET 200 https://registry.npmjs.org/@jridgewell%2fsourcemap-codec 2ms (cache hit)
2308 silly packumentCache full:https://registry.npmjs.org/@jridgewell%2fsourcemap-codec set size:59275 disposed:false
2309 silly placeDep ROOT @babel/compat-data@7.28.6 OK for: @babel/helper-compilation-targets@7.28.6 want: ^7.28.6
2310 silly placeDep ROOT @babel/helper-validator-option@7.27.1 OK for: @babel/helper-compilation-targets@7.28.6 want: ^7.27.1
2311 silly placeDep ROOT lru-cache@5.1.1 OK for: @babel/helper-compilation-targets@7.28.6 want: ^5.1.1
2312 silly placeDep node_modules/@babel/helper-compilation-targets semver@6.3.1 OK for: @babel/helper-compilation-targets@7.28.6 want: ^6.3.1
2313 silly fetch manifest yallist@^3.0.2
2314 silly packumentCache full:https://registry.npmjs.org/yallist cache-miss
2315 http fetch GET 200 https://registry.npmjs.org/yallist 2ms (cache hit)
2316 silly packumentCache full:https://registry.npmjs.org/yallist set size:34610 disposed:false
2317 silly placeDep ROOT @babel/helper-module-imports@7.28.6 OK for: @babel/helper-module-transforms@7.28.6 want: ^7.28.6
2318 silly placeDep node_modules/@babel/helpers @babel/template@7.28.6 OK for: @babel/helpers@7.28.6 want: ^7.28.6
2319 silly fetch manifest @babel/core@^7.0.0-0
2320 silly packumentCache full:https://registry.npmjs.org/@babel%2fcore cache-hit
2321 silly placeDep ROOT @babel/helper-environment-visitor@7.24.7 OK for: @babel/plugin-proposal-async-generator-functions@7.18.10 want: ^7.18.9
2322 silly placeDep ROOT @babel/helper-plugin-utils@7.28.6 OK for: @babel/plugin-proposal-async-generator-functions@7.18.10 want: ^7.18.9
2323 silly placeDep ROOT @babel/helper-remap-async-to-generator@7.27.1 OK for: @babel/plugin-proposal-async-generator-functions@7.18.10 want: ^7.18.9
2324 silly placeDep ROOT @babel/plugin-syntax-async-generators@7.8.4 OK for: @babel/plugin-proposal-async-generator-functions@7.18.10 want: ^7.8.4
2325 silly fetch manifest @babel/helper-wrap-function@^7.27.1
2326 silly packumentCache full:https://registry.npmjs.org/@babel%2fhelper-wrap-function cache-miss
2327 silly fetch manifest @babel/helper-annotate-as-pure@^7.27.1
2328 silly packumentCache full:https://registry.npmjs.org/@babel%2fhelper-annotate-as-pure cache-hit
2329 http fetch GET 200 https://registry.npmjs.org/@babel%2fhelper-wrap-function 2ms (cache hit)
2330 silly packumentCache full:https://registry.npmjs.org/@babel%2fhelper-wrap-function set size:209344 disposed:false
2331 silly placeDep node_modules/@babel/helper-remap-async-to-generator @babel/helper-annotate-as-pure@7.27.3 OK for: @babel/helper-remap-async-to-generator@7.27.1 want: ^7.27.1
2332 silly placeDep ROOT @babel/helper-wrap-function@7.28.6 OK for: @babel/helper-remap-async-to-generator@7.27.1 want: ^7.27.1
2333 silly placeDep node_modules/@babel/helper-wrap-function @babel/template@7.28.6 OK for: @babel/helper-wrap-function@7.28.6 want: ^7.28.6
2334 silly placeDep ROOT babel-plugin-polyfill-corejs2@0.3.3 OK for: @babel/plugin-transform-runtime@7.18.10 want: ^0.3.2
2335 silly placeDep ROOT babel-plugin-polyfill-corejs3@0.5.3 OK for: @babel/plugin-transform-runtime@7.18.10 want: ^0.5.3
2336 silly placeDep ROOT babel-plugin-polyfill-regenerator@0.4.1 OK for: @babel/plugin-transform-runtime@7.18.10 want: ^0.4.0
2337 silly placeDep node_modules/@babel/plugin-transform-runtime semver@6.3.1 OK for: @babel/plugin-transform-runtime@7.18.10 want: ^6.3.0
2338 silly fetch manifest semver@^6.1.1
2339 silly packumentCache full:https://registry.npmjs.org/semver cache-hit
2340 silly fetch manifest @babel/helper-define-polyfill-provider@^0.3.3
2341 silly packumentCache full:https://registry.npmjs.org/@babel%2fhelper-define-polyfill-provider cache-miss
2342 silly fetch manifest core-js-compat@^3.21.0
2343 silly packumentCache full:https://registry.npmjs.org/core-js-compat cache-hit
2344 silly fetch manifest @babel/helper-define-polyfill-provider@^0.3.2
2345 silly packumentCache full:https://registry.npmjs.org/@babel%2fhelper-define-polyfill-provider cache-miss
2346 silly fetch manifest @babel/helper-define-polyfill-provider@^0.3.3
2347 silly packumentCache full:https://registry.npmjs.org/@babel%2fhelper-define-polyfill-provider cache-miss
2348 http fetch GET 200 https://registry.npmjs.org/@babel%2fhelper-define-polyfill-provider 2ms (cache hit)
2349 silly packumentCache full:https://registry.npmjs.org/@babel%2fhelper-define-polyfill-provider set size:103853 disposed:false
2350 http fetch GET 200 https://registry.npmjs.org/@babel%2fhelper-define-polyfill-provider 2ms (cache hit)
2351 silly packumentCache full:https://registry.npmjs.org/@babel%2fhelper-define-polyfill-provider set size:103853 disposed:false
2352 silly packumentCache full:https://registry.npmjs.org/@babel%2fhelper-define-polyfill-provider dispose
2353 http fetch GET 200 https://registry.npmjs.org/@babel%2fhelper-define-polyfill-provider 4ms (cache hit)
2354 silly packumentCache full:https://registry.npmjs.org/@babel%2fhelper-define-polyfill-provider set size:103853 disposed:true
2355 silly packumentCache full:https://registry.npmjs.org/@babel%2fhelper-define-polyfill-provider dispose
2356 silly placeDep ROOT @babel/plugin-bugfix-safari-id-destructuring-collision-in-function-expression@7.27.1 OK for: @babel/preset-env@7.18.10 want: ^7.18.6
2357 silly placeDep ROOT @babel/plugin-bugfix-v8-spread-parameters-in-optional-chaining@7.27.1 OK for: @babel/preset-env@7.18.10 want: ^7.18.9
2358 silly placeDep ROOT @babel/plugin-proposal-class-properties@7.18.6 OK for: @babel/preset-env@7.18.10 want: ^7.18.6
2359 silly placeDep ROOT @babel/plugin-proposal-class-static-block@7.21.0 OK for: @babel/preset-env@7.18.10 want: ^7.18.6
2360 silly placeDep ROOT @babel/plugin-proposal-dynamic-import@7.18.6 OK for: @babel/preset-env@7.18.10 want: ^7.18.6
2361 silly placeDep ROOT @babel/plugin-proposal-export-namespace-from@7.18.9 OK for: @babel/preset-env@7.18.10 want: ^7.18.9
2362 silly placeDep ROOT @babel/plugin-proposal-json-strings@7.18.6 OK for: @babel/preset-env@7.18.10 want: ^7.18.6
2363 silly placeDep ROOT @babel/plugin-proposal-logical-assignment-operators@7.20.7 OK for: @babel/preset-env@7.18.10 want: ^7.18.9
2364 silly placeDep ROOT @babel/plugin-proposal-nullish-coalescing-operator@7.18.6 OK for: @babel/preset-env@7.18.10 want: ^7.18.6
2365 silly placeDep ROOT @babel/plugin-proposal-numeric-separator@7.18.6 OK for: @babel/preset-env@7.18.10 want: ^7.18.6
2366 silly placeDep ROOT @babel/plugin-proposal-object-rest-spread@7.20.7 OK for: @babel/preset-env@7.18.10 want: ^7.18.9
2367 silly placeDep ROOT @babel/plugin-proposal-optional-catch-binding@7.18.6 OK for: @babel/preset-env@7.18.10 want: ^7.18.6
2368 silly placeDep ROOT @babel/plugin-proposal-optional-chaining@7.21.0 OK for: @babel/preset-env@7.18.10 want: ^7.18.9
2369 silly placeDep ROOT @babel/plugin-proposal-private-methods@7.18.6 OK for: @babel/preset-env@7.18.10 want: ^7.18.6
2370 silly placeDep ROOT @babel/plugin-proposal-private-property-in-object@7.21.11 OK for: @babel/preset-env@7.18.10 want: ^7.18.6
2371 silly placeDep ROOT @babel/plugin-proposal-unicode-property-regex@7.18.6 OK for: @babel/preset-env@7.18.10 want: ^7.18.6
2372 silly placeDep ROOT @babel/plugin-syntax-class-properties@7.12.13 OK for: @babel/preset-env@7.18.10 want: ^7.12.13
2373 silly placeDep ROOT @babel/plugin-syntax-class-static-block@7.14.5 OK for: @babel/preset-env@7.18.10 want: ^7.14.5
2374 silly placeDep ROOT @babel/plugin-syntax-dynamic-import@7.8.3 OK for: @babel/preset-env@7.18.10 want: ^7.8.3
2375 silly placeDep ROOT @babel/plugin-syntax-export-namespace-from@7.8.3 OK for: @babel/preset-env@7.18.10 want: ^7.8.3
2376 silly placeDep ROOT @babel/plugin-syntax-import-assertions@7.28.6 OK for: @babel/preset-env@7.18.10 want: ^7.18.6
2377 silly placeDep ROOT @babel/plugin-syntax-json-strings@7.8.3 OK for: @babel/preset-env@7.18.10 want: ^7.8.3
2378 silly placeDep ROOT @babel/plugin-syntax-logical-assignment-operators@7.10.4 OK for: @babel/preset-env@7.18.10 want: ^7.10.4
2379 silly placeDep ROOT @babel/plugin-syntax-nullish-coalescing-operator@7.8.3 OK for: @babel/preset-env@7.18.10 want: ^7.8.3
2380 silly placeDep ROOT @babel/plugin-syntax-numeric-separator@7.10.4 OK for: @babel/preset-env@7.18.10 want: ^7.10.4
2381 silly placeDep ROOT @babel/plugin-syntax-object-rest-spread@7.8.3 OK for: @babel/preset-env@7.18.10 want: ^7.8.3
2382 silly placeDep ROOT @babel/plugin-syntax-optional-catch-binding@7.8.3 OK for: @babel/preset-env@7.18.10 want: ^7.8.3
2383 silly placeDep ROOT @babel/plugin-syntax-optional-chaining@7.8.3 OK for: @babel/preset-env@7.18.10 want: ^7.8.3
2384 silly placeDep ROOT @babel/plugin-syntax-private-property-in-object@7.14.5 OK for: @babel/preset-env@7.18.10 want: ^7.14.5
2385 silly placeDep ROOT @babel/plugin-syntax-top-level-await@7.14.5 OK for: @babel/preset-env@7.18.10 want: ^7.14.5
2386 silly placeDep ROOT @babel/plugin-transform-arrow-functions@7.27.1 OK for: @babel/preset-env@7.18.10 want: ^7.18.6
2387 silly placeDep ROOT @babel/plugin-transform-block-scoped-functions@7.27.1 OK for: @babel/preset-env@7.18.10 want: ^7.18.6
2388 silly placeDep ROOT @babel/plugin-transform-block-scoping@7.28.6 OK for: @babel/preset-env@7.18.10 want: ^7.18.9
2389 silly placeDep ROOT @babel/plugin-transform-classes@7.28.6 OK for: @babel/preset-env@7.18.10 want: ^7.18.9
2390 silly placeDep ROOT @babel/plugin-transform-computed-properties@7.28.6 OK for: @babel/preset-env@7.18.10 want: ^7.18.9
2391 silly placeDep ROOT @babel/plugin-transform-destructuring@7.28.5 OK for: @babel/preset-env@7.18.10 want: ^7.18.9
2392 silly placeDep ROOT @babel/plugin-transform-dotall-regex@7.28.6 OK for: @babel/preset-env@7.18.10 want: ^7.18.6
2393 silly placeDep ROOT @babel/plugin-transform-duplicate-keys@7.27.1 OK for: @babel/preset-env@7.18.10 want: ^7.18.9
2394 silly placeDep ROOT @babel/plugin-transform-exponentiation-operator@7.28.6 OK for: @babel/preset-env@7.18.10 want: ^7.18.6
2395 silly placeDep ROOT @babel/plugin-transform-for-of@7.27.1 OK for: @babel/preset-env@7.18.10 want: ^7.18.8
2396 silly placeDep ROOT @babel/plugin-transform-function-name@7.27.1 OK for: @babel/preset-env@7.18.10 want: ^7.18.9
2397 silly placeDep ROOT @babel/plugin-transform-literals@7.27.1 OK for: @babel/preset-env@7.18.10 want: ^7.18.9
2398 silly placeDep ROOT @babel/plugin-transform-member-expression-literals@7.27.1 OK for: @babel/preset-env@7.18.10 want: ^7.18.6
2399 silly placeDep ROOT @babel/plugin-transform-modules-amd@7.27.1 OK for: @babel/preset-env@7.18.10 want: ^7.18.6
2400 silly placeDep ROOT @babel/plugin-transform-modules-commonjs@7.28.6 OK for: @babel/preset-env@7.18.10 want: ^7.18.6
2401 silly placeDep ROOT @babel/plugin-transform-modules-systemjs@7.28.5 OK for: @babel/preset-env@7.18.10 want: ^7.18.9
2402 silly placeDep ROOT @babel/plugin-transform-modules-umd@7.27.1 OK for: @babel/preset-env@7.18.10 want: ^7.18.6
2403 silly placeDep ROOT @babel/plugin-transform-named-capturing-groups-regex@7.27.1 OK for: @babel/preset-env@7.18.10 want: ^7.18.6
2404 silly placeDep ROOT @babel/plugin-transform-new-target@7.27.1 OK for: @babel/preset-env@7.18.10 want: ^7.18.6
2405 silly placeDep ROOT @babel/plugin-transform-object-super@7.27.1 OK for: @babel/preset-env@7.18.10 want: ^7.18.6
2406 silly placeDep ROOT @babel/plugin-transform-parameters@7.27.7 OK for: @babel/preset-env@7.18.10 want: ^7.18.8
2407 silly placeDep ROOT @babel/plugin-transform-property-literals@7.27.1 OK for: @babel/preset-env@7.18.10 want: ^7.18.6
2408 silly placeDep ROOT @babel/plugin-transform-regenerator@7.28.6 OK for: @babel/preset-env@7.18.10 want: ^7.18.6
2409 silly placeDep ROOT @babel/plugin-transform-reserved-words@7.27.1 OK for: @babel/preset-env@7.18.10 want: ^7.18.6
2410 silly placeDep ROOT @babel/plugin-transform-shorthand-properties@7.27.1 OK for: @babel/preset-env@7.18.10 want: ^7.18.6
2411 silly placeDep ROOT @babel/plugin-transform-spread@7.28.6 OK for: @babel/preset-env@7.18.10 want: ^7.18.9
2412 silly placeDep ROOT @babel/plugin-transform-sticky-regex@7.27.1 OK for: @babel/preset-env@7.18.10 want: ^7.18.6
2413 silly placeDep ROOT @babel/plugin-transform-template-literals@7.27.1 OK for: @babel/preset-env@7.18.10 want: ^7.18.9
2414 silly placeDep ROOT @babel/plugin-transform-typeof-symbol@7.27.1 OK for: @babel/preset-env@7.18.10 want: ^7.18.9
2415 silly placeDep ROOT @babel/plugin-transform-unicode-escapes@7.27.1 OK for: @babel/preset-env@7.18.10 want: ^7.18.10
2416 silly placeDep ROOT @babel/plugin-transform-unicode-regex@7.27.1 OK for: @babel/preset-env@7.18.10 want: ^7.18.6
2417 silly placeDep ROOT @babel/preset-modules@0.1.6 OK for: @babel/preset-env@7.18.10 want: ^0.1.5
2418 silly placeDep ROOT core-js-compat@3.47.0 OK for: @babel/preset-env@7.18.10 want: ^3.22.1
2419 silly placeDep node_modules/@babel/preset-env semver@6.3.1 OK for: @babel/preset-env@7.18.10 want: ^6.3.0
2420 silly fetch manifest @babel/plugin-transform-optional-chaining@^7.27.1
2421 silly packumentCache full:https://registry.npmjs.org/@babel%2fplugin-transform-optional-chaining cache-miss
2422 silly fetch manifest @babel/helper-skip-transparent-expression-wrappers@^7.27.1
2423 silly packumentCache full:https://registry.npmjs.org/@babel%2fhelper-skip-transparent-expression-wrappers cache-miss
2424 silly fetch manifest @babel/helper-create-class-features-plugin@^7.18.6
2425 silly packumentCache full:https://registry.npmjs.org/@babel%2fhelper-create-class-features-plugin cache-miss
2426 silly fetch manifest @babel/helper-create-class-features-plugin@^7.21.0
2427 silly packumentCache full:https://registry.npmjs.org/@babel%2fhelper-create-class-features-plugin cache-miss
2428 silly fetch manifest @babel/plugin-transform-parameters@^7.20.7
2429 silly packumentCache full:https://registry.npmjs.org/@babel%2fplugin-transform-parameters cache-hit
2430 silly fetch manifest @babel/helper-skip-transparent-expression-wrappers@^7.20.0
2431 silly packumentCache full:https://registry.npmjs.org/@babel%2fhelper-skip-transparent-expression-wrappers cache-miss
2432 silly fetch manifest @babel/helper-create-class-features-plugin@^7.18.6
2433 silly packumentCache full:https://registry.npmjs.org/@babel%2fhelper-create-class-features-plugin cache-miss
2434 silly fetch manifest @babel/helper-create-class-features-plugin@^7.21.0
2435 silly packumentCache full:https://registry.npmjs.org/@babel%2fhelper-create-class-features-plugin cache-miss
2436 silly fetch manifest @babel/helper-create-regexp-features-plugin@^7.18.6
2437 silly packumentCache full:https://registry.npmjs.org/@babel%2fhelper-create-regexp-features-plugin cache-miss
2438 silly fetch manifest @babel/helper-annotate-as-pure@^7.27.3
2439 silly packumentCache full:https://registry.npmjs.org/@babel%2fhelper-annotate-as-pure cache-hit
2440 silly fetch manifest @babel/helper-replace-supers@^7.28.6
2441 silly packumentCache full:https://registry.npmjs.org/@babel%2fhelper-replace-supers cache-miss
2442 silly fetch manifest @babel/helper-create-regexp-features-plugin@^7.28.5
2443 silly packumentCache full:https://registry.npmjs.org/@babel%2fhelper-create-regexp-features-plugin cache-miss
2444 silly fetch manifest @babel/helper-skip-transparent-expression-wrappers@^7.27.1
2445 silly packumentCache full:https://registry.npmjs.org/@babel%2fhelper-skip-transparent-expression-wrappers cache-miss
2446 http fetch GET 200 https://registry.npmjs.org/@babel%2fhelper-skip-transparent-expression-wrappers 11ms (cache hit)
2447 silly packumentCache full:https://registry.npmjs.org/@babel%2fhelper-skip-transparent-expression-wrappers set size:89788 disposed:false
2448 silly fetch manifest @babel/helper-create-regexp-features-plugin@^7.27.1
2449 silly packumentCache full:https://registry.npmjs.org/@babel%2fhelper-create-regexp-features-plugin cache-miss
2450 http fetch GET 200 https://registry.npmjs.org/@babel%2fplugin-transform-optional-chaining 14ms (cache hit)
2451 silly packumentCache full:https://registry.npmjs.org/@babel%2fplugin-transform-optional-chaining set size:97687 disposed:false
2452 silly fetch manifest @babel/helper-replace-supers@^7.27.1
2453 silly packumentCache full:https://registry.npmjs.org/@babel%2fhelper-replace-supers cache-miss
2454 http fetch GET 200 https://registry.npmjs.org/@babel%2fhelper-create-regexp-features-plugin 13ms (cache hit)
2455 silly packumentCache full:https://registry.npmjs.org/@babel%2fhelper-create-regexp-features-plugin set size:169838 disposed:false
2456 silly fetch manifest @babel/helper-skip-transparent-expression-wrappers@^7.27.1
2457 silly packumentCache full:https://registry.npmjs.org/@babel%2fhelper-skip-transparent-expression-wrappers cache-hit
2458 silly fetch manifest @babel/helper-create-regexp-features-plugin@^7.27.1
2459 silly packumentCache full:https://registry.npmjs.org/@babel%2fhelper-create-regexp-features-plugin cache-hit
2460 silly fetch manifest esutils@^2.0.2
2461 silly packumentCache full:https://registry.npmjs.org/esutils cache-miss
2462 http fetch GET 200 https://registry.npmjs.org/@babel%2fhelper-create-regexp-features-plugin 15ms (cache hit)
2463 silly packumentCache full:https://registry.npmjs.org/@babel%2fhelper-create-regexp-features-plugin set size:169838 disposed:false
2464 silly packumentCache full:https://registry.npmjs.org/@babel%2fhelper-create-regexp-features-plugin dispose
2465 http fetch GET 200 https://registry.npmjs.org/@babel%2fhelper-create-class-features-plugin 18ms (cache hit)
2466 silly packumentCache full:https://registry.npmjs.org/@babel%2fhelper-create-class-features-plugin set size:357717 disposed:false
2467 http fetch GET 200 https://registry.npmjs.org/@babel%2fhelper-skip-transparent-expression-wrappers 17ms (cache hit)
2468 silly packumentCache full:https://registry.npmjs.org/@babel%2fhelper-skip-transparent-expression-wrappers set size:89788 disposed:false
2469 silly packumentCache full:https://registry.npmjs.org/@babel%2fhelper-skip-transparent-expression-wrappers dispose
2470 http fetch GET 200 https://registry.npmjs.org/@babel%2fhelper-skip-transparent-expression-wrappers 23ms (cache hit)
2471 silly packumentCache full:https://registry.npmjs.org/@babel%2fhelper-skip-transparent-expression-wrappers set size:89788 disposed:true
2472 silly packumentCache full:https://registry.npmjs.org/@babel%2fhelper-skip-transparent-expression-wrappers dispose
2473 http fetch GET 200 https://registry.npmjs.org/@babel%2fhelper-create-class-features-plugin 24ms (cache hit)
2474 silly packumentCache full:https://registry.npmjs.org/@babel%2fhelper-create-class-features-plugin set size:357717 disposed:false
2475 silly packumentCache full:https://registry.npmjs.org/@babel%2fhelper-create-class-features-plugin dispose
2476 http fetch GET 200 https://registry.npmjs.org/@babel%2fhelper-create-class-features-plugin 24ms (cache hit)
2477 silly packumentCache full:https://registry.npmjs.org/@babel%2fhelper-create-class-features-plugin set size:357717 disposed:true
2478 silly packumentCache full:https://registry.npmjs.org/@babel%2fhelper-create-class-features-plugin dispose
2479 http fetch GET 200 https://registry.npmjs.org/@babel%2fhelper-replace-supers 24ms (cache hit)
2480 silly packumentCache full:https://registry.npmjs.org/@babel%2fhelper-replace-supers set size:251424 disposed:false
2481 http fetch GET 200 https://registry.npmjs.org/@babel%2fhelper-create-class-features-plugin 26ms (cache hit)
2482 silly packumentCache full:https://registry.npmjs.org/@babel%2fhelper-create-class-features-plugin set size:357717 disposed:true
2483 silly packumentCache full:https://registry.npmjs.org/@babel%2fhelper-create-class-features-plugin dispose
2484 http fetch GET 200 https://registry.npmjs.org/@babel%2fhelper-create-regexp-features-plugin 16ms (cache hit)
2485 silly packumentCache full:https://registry.npmjs.org/@babel%2fhelper-create-regexp-features-plugin set size:169838 disposed:true
2486 silly packumentCache full:https://registry.npmjs.org/@babel%2fhelper-create-regexp-features-plugin dispose
2487 http fetch GET 200 https://registry.npmjs.org/esutils 15ms (cache hit)
2488 silly packumentCache full:https://registry.npmjs.org/esutils set size:29522 disposed:false
2489 http fetch GET 200 https://registry.npmjs.org/@babel%2fhelper-replace-supers 16ms (cache hit)
2490 silly packumentCache full:https://registry.npmjs.org/@babel%2fhelper-replace-supers set size:251424 disposed:false
2491 silly packumentCache full:https://registry.npmjs.org/@babel%2fhelper-replace-supers dispose
2492 silly fetch manifest @babel/core@^7.13.0
2493 silly packumentCache full:https://registry.npmjs.org/@babel%2fcore cache-hit
2494 silly placeDep ROOT @babel/helper-skip-transparent-expression-wrappers@7.27.1 OK for: @babel/plugin-bugfix-v8-spread-parameters-in-optional-chaining@7.27.1 want: ^7.27.1
2495 silly placeDep ROOT @babel/plugin-transform-optional-chaining@7.28.6 OK for: @babel/plugin-bugfix-v8-spread-parameters-in-optional-chaining@7.27.1 want: ^7.27.1
2496 silly placeDep ROOT @babel/helper-create-class-features-plugin@7.28.6 OK for: @babel/plugin-proposal-class-properties@7.18.6 want: ^7.18.6
2497 silly fetch manifest @babel/helper-member-expression-to-functions@^7.28.5
2498 silly packumentCache full:https://registry.npmjs.org/@babel%2fhelper-member-expression-to-functions cache-miss
2499 silly fetch manifest @babel/helper-optimise-call-expression@^7.27.1
2500 silly packumentCache full:https://registry.npmjs.org/@babel%2fhelper-optimise-call-expression cache-miss
2501 http fetch GET 200 https://registry.npmjs.org/@babel%2fhelper-optimise-call-expression 2ms (cache hit)
2502 silly packumentCache full:https://registry.npmjs.org/@babel%2fhelper-optimise-call-expression set size:176737 disposed:false
2503 http fetch GET 200 https://registry.npmjs.org/@babel%2fhelper-member-expression-to-functions 3ms (cache hit)
2504 silly packumentCache full:https://registry.npmjs.org/@babel%2fhelper-member-expression-to-functions set size:212757 disposed:false
2505 silly placeDep node_modules/@babel/helper-create-class-features-plugin @babel/helper-annotate-as-pure@7.27.3 OK for: @babel/helper-create-class-features-plugin@7.28.6 want: ^7.27.3
2506 silly placeDep ROOT @babel/helper-member-expression-to-functions@7.28.5 OK for: @babel/helper-create-class-features-plugin@7.28.6 want: ^7.28.5
2507 silly placeDep ROOT @babel/helper-optimise-call-expression@7.27.1 OK for: @babel/helper-create-class-features-plugin@7.28.6 want: ^7.27.1
2508 silly placeDep ROOT @babel/helper-replace-supers@7.28.6 OK for: @babel/helper-create-class-features-plugin@7.28.6 want: ^7.28.6
2509 silly placeDep node_modules/@babel/helper-create-class-features-plugin semver@6.3.1 OK for: @babel/helper-create-class-features-plugin@7.28.6 want: ^6.3.1
2510 silly placeDep ROOT @babel/helper-create-regexp-features-plugin@7.28.5 OK for: @babel/plugin-proposal-unicode-property-regex@7.18.6 want: ^7.18.6
2511 silly fetch manifest regexpu-core@^6.3.1
2512 silly packumentCache full:https://registry.npmjs.org/regexpu-core cache-miss
2513 http fetch GET 200 https://registry.npmjs.org/regexpu-core 2ms (cache hit)
2514 silly packumentCache full:https://registry.npmjs.org/regexpu-core set size:156240 disposed:false
2515 silly placeDep node_modules/@babel/helper-create-regexp-features-plugin @babel/helper-annotate-as-pure@7.27.3 OK for: @babel/helper-create-regexp-features-plugin@7.28.5 want: ^7.27.3
2516 silly placeDep ROOT regexpu-core@6.4.0 OK for: @babel/helper-create-regexp-features-plugin@7.28.5 want: ^6.3.1
2517 silly placeDep node_modules/@babel/helper-create-regexp-features-plugin semver@6.3.1 OK for: @babel/helper-create-regexp-features-plugin@7.28.5 want: ^6.3.1
2518 silly fetch manifest regenerate@^1.4.2
2519 silly packumentCache full:https://registry.npmjs.org/regenerate cache-miss
2520 silly fetch manifest regenerate-unicode-properties@^10.2.2
2521 silly packumentCache full:https://registry.npmjs.org/regenerate-unicode-properties cache-miss
2522 silly fetch manifest regjsgen@^0.8.0
2523 silly packumentCache full:https://registry.npmjs.org/regjsgen cache-miss
2524 silly fetch manifest regjsparser@^0.13.0
2525 silly packumentCache full:https://registry.npmjs.org/regjsparser cache-miss
2526 silly fetch manifest unicode-match-property-ecmascript@^2.0.0
2527 silly packumentCache full:https://registry.npmjs.org/unicode-match-property-ecmascript cache-miss
2528 silly fetch manifest unicode-match-property-value-ecmascript@^2.2.1
2529 silly packumentCache full:https://registry.npmjs.org/unicode-match-property-value-ecmascript cache-miss
2530 http fetch GET 200 https://registry.npmjs.org/regjsparser 4ms (cache hit)
2531 silly packumentCache full:https://registry.npmjs.org/regjsparser set size:81745 disposed:false
2532 http fetch GET 200 https://registry.npmjs.org/regenerate-unicode-properties 4ms (cache hit)
2533 silly packumentCache full:https://registry.npmjs.org/regenerate-unicode-properties set size:78166 disposed:false
2534 http fetch GET 200 https://registry.npmjs.org/regjsgen 5ms (cache hit)
2535 silly packumentCache full:https://registry.npmjs.org/regjsgen set size:26409 disposed:false
2536 http fetch GET 200 https://registry.npmjs.org/unicode-match-property-ecmascript 4ms (cache hit)
2537 silly packumentCache full:https://registry.npmjs.org/unicode-match-property-ecmascript set size:16934 disposed:false
2538 http fetch GET 200 https://registry.npmjs.org/regenerate 5ms (cache hit)
2539 silly packumentCache full:https://registry.npmjs.org/regenerate set size:56872 disposed:false
2540 http fetch GET 200 https://registry.npmjs.org/unicode-match-property-value-ecmascript 5ms (cache hit)
2541 silly packumentCache full:https://registry.npmjs.org/unicode-match-property-value-ecmascript set size:26439 disposed:false
2542 silly placeDep node_modules/@babel/plugin-transform-classes @babel/helper-annotate-as-pure@7.27.3 OK for: @babel/plugin-transform-classes@7.28.6 want: ^7.27.3
2543 silly placeDep ROOT @babel/helper-globals@7.28.0 OK for: @babel/plugin-transform-classes@7.28.6 want: ^7.28.0
2544 silly placeDep node_modules/@babel/plugin-transform-computed-properties @babel/template@7.28.6 OK for: @babel/plugin-transform-computed-properties@7.28.6 want: ^7.28.6
2545 silly placeDep ROOT esutils@2.0.3 OK for: @babel/preset-modules@0.1.6 want: ^2.0.2
2546 silly placeDep node_modules/@babel/traverse @babel/generator@7.28.6 OK for: @babel/traverse@7.28.6 want: ^7.28.6
2547 silly placeDep node_modules/@babel/traverse @babel/template@7.28.6 OK for: @babel/traverse@7.28.6 want: ^7.28.6
2548 silly fetch manifest @jridgewell/gen-mapping@^0.3.12
2549 silly packumentCache full:https://registry.npmjs.org/@jridgewell%2fgen-mapping cache-hit
2550 silly fetch manifest jsesc@^3.0.2
2551 silly packumentCache full:https://registry.npmjs.org/jsesc cache-hit
2552 silly placeDep ROOT @babel/helper-string-parser@7.27.1 OK for: @babel/types@7.28.6 want: ^7.27.1
2553 silly placeDep ROOT @jridgewell/set-array@1.2.1 OK for: @jridgewell/gen-mapping@0.1.1 want: ^1.0.0
2554 silly placeDep ROOT @jridgewell/sourcemap-codec@1.5.5 OK for: @jridgewell/gen-mapping@0.1.1 want: ^1.4.10
2555 silly placeDep ROOT @jridgewell/resolve-uri@3.1.2 OK for: @jridgewell/trace-mapping@0.3.31 want: ^3.1.0
2556 silly placeDep ROOT fast-deep-equal@3.1.3 OK for: ajv@8.11.0 want: ^3.1.1
2557 silly placeDep ROOT json-schema-traverse@1.0.0 OK for: ajv@8.11.0 want: ^1.0.0
2558 silly placeDep ROOT require-from-string@2.0.2 OK for: ajv@8.11.0 want: ^2.0.2
2559 silly placeDep ROOT uri-js@4.4.1 OK for: ajv@8.11.0 want: ^4.2.2
2560 silly fetch manifest punycode@^2.1.0
2561 silly packumentCache full:https://registry.npmjs.org/punycode cache-miss
2562 http fetch GET 200 https://registry.npmjs.org/punycode 256ms (cache revalidated)
2563 silly packumentCache full:https://registry.npmjs.org/punycode set size:61302 disposed:false
2564 silly placeDep ROOT classlist-polyfill@1.2.0 OK for: aos@2.3.4 want: ^1.0.3
2565 silly placeDep ROOT lodash.debounce@4.0.8 OK for: aos@2.3.4 want: ^4.0.6
2566 silly placeDep ROOT lodash.throttle@4.1.1 OK for: aos@2.3.4 want: ^4.0.1
2567 silly placeDep ROOT find-cache-dir@3.3.2 OK for: babel-loader@8.2.5 want: ^3.3.1
2568 silly placeDep node_modules/babel-loader loader-utils@2.0.4 OK for: babel-loader@8.2.5 want: ^2.0.0
2569 silly placeDep ROOT make-dir@3.1.0 OK for: babel-loader@8.2.5 want: ^3.1.0
2570 silly placeDep ROOT schema-utils@2.7.1 OK for: babel-loader@8.2.5 want: ^2.6.5
2571 silly fetch manifest pkg-dir@^4.1.0
2572 silly packumentCache full:https://registry.npmjs.org/pkg-dir cache-miss
2573 silly fetch manifest make-dir@^3.0.2
2574 silly packumentCache full:https://registry.npmjs.org/make-dir cache-hit
2575 silly fetch manifest commondir@^1.0.1
2576 silly packumentCache full:https://registry.npmjs.org/commondir cache-miss
2577 silly fetch manifest big.js@^5.2.2
2578 silly packumentCache full:https://registry.npmjs.org/big.js cache-miss
2579 silly fetch manifest emojis-list@^3.0.0
2580 silly packumentCache full:https://registry.npmjs.org/emojis-list cache-miss
2581 silly fetch manifest semver@^6.0.0
2582 silly packumentCache full:https://registry.npmjs.org/semver cache-hit
2583 silly fetch manifest ajv@^6.12.4
2584 silly packumentCache full:https://registry.npmjs.org/ajv cache-miss
2585 silly fetch manifest ajv-keywords@^3.5.2
2586 silly packumentCache full:https://registry.npmjs.org/ajv-keywords cache-miss
2587 silly fetch manifest @types/json-schema@^7.0.5
2588 silly packumentCache full:https://registry.npmjs.org/@types%2fjson-schema cache-miss
2589 http fetch GET 200 https://registry.npmjs.org/ajv-keywords 5ms (cache hit)
2590 silly packumentCache full:https://registry.npmjs.org/ajv-keywords set size:310004 disposed:false
2591 http fetch GET 200 https://registry.npmjs.org/emojis-list 54ms (cache miss)
2592 silly packumentCache full:https://registry.npmjs.org/emojis-list set size:undefined disposed:false
2593 http fetch GET 200 https://registry.npmjs.org/big.js 271ms (cache miss)
2594 silly packumentCache full:https://registry.npmjs.org/big.js set size:undefined disposed:false
2595 http fetch GET 200 https://registry.npmjs.org/pkg-dir 273ms (cache miss)
2596 silly packumentCache full:https://registry.npmjs.org/pkg-dir set size:undefined disposed:false
2597 http fetch GET 200 https://registry.npmjs.org/ajv 274ms (cache revalidated)
2598 silly packumentCache full:https://registry.npmjs.org/ajv set size:1126055 disposed:false
2599 http fetch GET 200 https://registry.npmjs.org/@types%2fjson-schema 478ms (cache miss)
2600 silly packumentCache full:https://registry.npmjs.org/@types%2fjson-schema set size:undefined disposed:false
2601 http fetch GET 200 https://registry.npmjs.org/commondir 672ms (cache miss)
2602 silly packumentCache full:https://registry.npmjs.org/commondir set size:undefined disposed:false
2603 silly placeDep ROOT @istanbuljs/load-nyc-config@1.1.0 OK for: babel-plugin-istanbul@6.1.1 want: ^1.0.0
2604 silly placeDep ROOT @istanbuljs/schema@0.1.3 OK for: babel-plugin-istanbul@6.1.1 want: ^0.1.2
2605 silly placeDep ROOT istanbul-lib-instrument@5.2.1 OK for: babel-plugin-istanbul@6.1.1 want: ^5.0.4
2606 silly placeDep ROOT test-exclude@6.0.0 OK for: babel-plugin-istanbul@6.1.1 want: ^6.0.0
2607 silly fetch manifest camelcase@^5.3.1
2608 silly packumentCache full:https://registry.npmjs.org/camelcase cache-miss
2609 silly fetch manifest find-up@^4.1.0
2610 silly packumentCache full:https://registry.npmjs.org/find-up cache-miss
2611 silly fetch manifest get-package-type@^0.1.0
2612 silly packumentCache full:https://registry.npmjs.org/get-package-type cache-miss
2613 silly fetch manifest js-yaml@^3.13.1
2614 silly packumentCache full:https://registry.npmjs.org/js-yaml cache-miss
2615 silly fetch manifest resolve-from@^5.0.0
2616 silly packumentCache full:https://registry.npmjs.org/resolve-from cache-miss
2617 silly fetch manifest glob@^7.1.4
2618 silly packumentCache full:https://registry.npmjs.org/glob cache-hit
2619 http fetch GET 200 https://registry.npmjs.org/resolve-from 3ms (cache hit)
2620 silly packumentCache full:https://registry.npmjs.org/resolve-from set size:12911 disposed:false
2621 http fetch GET 200 https://registry.npmjs.org/js-yaml 45ms (cache miss)
2622 silly packumentCache full:https://registry.npmjs.org/js-yaml set size:undefined disposed:false
2623 http fetch GET 200 https://registry.npmjs.org/camelcase 244ms (cache miss)
2624 silly packumentCache full:https://registry.npmjs.org/camelcase set size:undefined disposed:false
2625 http fetch GET 200 https://registry.npmjs.org/find-up 264ms (cache miss)
2626 silly packumentCache full:https://registry.npmjs.org/find-up set size:undefined disposed:false
2627 http fetch GET 200 https://registry.npmjs.org/get-package-type 697ms (cache miss)
2628 silly packumentCache full:https://registry.npmjs.org/get-package-type set size:undefined disposed:false
2629 silly placeDep ROOT camelcase@5.3.1 OK for: @istanbuljs/load-nyc-config@1.1.0 want: ^5.3.1
2630 silly placeDep ROOT find-up@4.1.0 OK for: @istanbuljs/load-nyc-config@1.1.0 want: ^4.1.0
2631 silly placeDep ROOT get-package-type@0.1.0 OK for: @istanbuljs/load-nyc-config@1.1.0 want: ^0.1.0
2632 silly placeDep ROOT js-yaml@3.14.2 OK for: @istanbuljs/load-nyc-config@1.1.0 want: ^3.13.1
2633 silly placeDep ROOT resolve-from@5.0.0 OK for: @istanbuljs/load-nyc-config@1.1.0 want: ^5.0.0
2634 silly fetch manifest locate-path@^5.0.0
2635 silly packumentCache full:https://registry.npmjs.org/locate-path cache-miss
2636 silly fetch manifest path-exists@^4.0.0
2637 silly packumentCache full:https://registry.npmjs.org/path-exists cache-miss
2638 silly fetch manifest esprima@^4.0.0
2639 silly packumentCache full:https://registry.npmjs.org/esprima cache-miss
2640 silly fetch manifest argparse@^1.0.7
2641 silly packumentCache full:https://registry.npmjs.org/argparse cache-miss
2642 http fetch GET 200 https://registry.npmjs.org/path-exists 255ms (cache miss)
2643 silly packumentCache full:https://registry.npmjs.org/path-exists set size:undefined disposed:false
2644 http fetch GET 200 https://registry.npmjs.org/esprima 257ms (cache miss)
2645 silly packumentCache full:https://registry.npmjs.org/esprima set size:undefined disposed:false
2646 http fetch GET 200 https://registry.npmjs.org/locate-path 268ms (cache miss)
2647 silly packumentCache full:https://registry.npmjs.org/locate-path set size:undefined disposed:false
2648 http fetch GET 200 https://registry.npmjs.org/argparse 792ms (cache miss)
2649 silly packumentCache full:https://registry.npmjs.org/argparse set size:undefined disposed:false
2650 silly placeDep ROOT @babel/helper-define-polyfill-provider@0.3.3 OK for: babel-plugin-polyfill-corejs2@0.3.3 want: ^0.3.3
2651 silly placeDep node_modules/babel-plugin-polyfill-corejs2 semver@6.3.1 OK for: babel-plugin-polyfill-corejs2@0.3.3 want: ^6.1.1
2652 silly fetch manifest semver@^6.1.2
2653 silly packumentCache full:https://registry.npmjs.org/semver cache-hit
2654 silly placeDep node_modules/@babel/helper-define-polyfill-provider semver@6.3.1 OK for: @babel/helper-define-polyfill-provider@0.3.3 want: ^6.1.2
2655 silly fetch manifest browserslist@>= 4.21.0
2656 silly packumentCache full:https://registry.npmjs.org/browserslist cache-hit
2657 silly placeDep ROOT baseline-browser-mapping@2.9.15 OK for: browserslist@4.28.1 want: ^2.9.0
2658 silly placeDep ROOT caniuse-lite@1.0.30001765 OK for: browserslist@4.28.1 want: ^1.0.30001759
2659 silly placeDep ROOT electron-to-chromium@1.5.267 OK for: browserslist@4.28.1 want: ^1.5.263
2660 silly placeDep ROOT node-releases@2.0.27 OK for: browserslist@4.28.1 want: ^2.0.27
2661 silly placeDep ROOT update-browserslist-db@1.2.3 OK for: browserslist@4.28.1 want: ^1.2.0
2662 silly fetch manifest escalade@^3.2.0
2663 silly packumentCache full:https://registry.npmjs.org/escalade cache-hit
2664 silly placeDep ROOT @npmcli/fs@2.1.2 OK for: cacache@16.1.2 want: ^2.1.0
2665 silly placeDep ROOT @npmcli/move-file@2.0.1 OK for: cacache@16.1.2 want: ^2.0.0
2666 silly placeDep ROOT chownr@2.0.0 OK for: cacache@16.1.2 want: ^2.0.0
2667 silly placeDep ROOT fs-minipass@2.1.0 OK for: cacache@16.1.2 want: ^2.1.0
2668 silly placeDep ROOT infer-owner@1.0.4 OK for: cacache@16.1.2 want: ^1.0.4
2669 silly placeDep node_modules/cacache lru-cache@7.18.3 OK for: cacache@16.1.2 want: ^7.7.1
2670 silly placeDep ROOT minipass@3.3.6 OK for: cacache@16.1.2 want: ^3.1.6
2671 silly placeDep ROOT minipass-collect@1.0.2 OK for: cacache@16.1.2 want: ^1.0.2
2672 silly placeDep ROOT minipass-flush@1.0.5 OK for: cacache@16.1.2 want: ^1.0.5
2673 silly placeDep ROOT minipass-pipeline@1.2.4 OK for: cacache@16.1.2 want: ^1.2.4
2674 silly placeDep ROOT mkdirp@1.0.4 OK for: cacache@16.1.2 want: ^1.0.4
2675 silly placeDep ROOT p-map@4.0.0 OK for: cacache@16.1.2 want: ^4.0.0
2676 silly placeDep ROOT promise-inflight@1.0.1 OK for: cacache@16.1.2 want: ^1.0.1
2677 silly placeDep ROOT rimraf@3.0.2 OK for: cacache@16.1.2 want: ^3.0.2
2678 silly placeDep ROOT ssri@9.0.1 OK for: cacache@16.1.2 want: ^9.0.0
2679 silly placeDep ROOT tar@6.2.1 OK for: cacache@16.1.2 want: ^6.1.11
2680 silly placeDep ROOT unique-filename@1.1.1 OK for: cacache@16.1.2 want: ^1.1.1
2681 silly fetch manifest @gar/promisify@^1.1.3
2682 silly packumentCache full:https://registry.npmjs.org/@gar%2fpromisify cache-miss
2683 silly fetch manifest minipass@^3.0.0
2684 silly packumentCache full:https://registry.npmjs.org/minipass cache-hit
2685 silly fetch manifest yallist@^4.0.0
2686 silly packumentCache full:https://registry.npmjs.org/yallist cache-hit
2687 silly fetch manifest aggregate-error@^3.0.0
2688 silly packumentCache full:https://registry.npmjs.org/aggregate-error cache-miss
2689 silly fetch manifest glob@^7.1.3
2690 silly packumentCache full:https://registry.npmjs.org/glob cache-hit
2691 silly fetch manifest yallist@^4.0.0
2692 silly packumentCache full:https://registry.npmjs.org/yallist cache-hit
2693 silly fetch manifest minipass@^5.0.0
2694 silly packumentCache full:https://registry.npmjs.org/minipass cache-hit
2695 silly fetch manifest minizlib@^2.1.1
2696 silly packumentCache full:https://registry.npmjs.org/minizlib cache-miss
2697 silly fetch manifest unique-slug@^2.0.0
2698 silly packumentCache full:https://registry.npmjs.org/unique-slug cache-miss
2699 http fetch GET 200 https://registry.npmjs.org/@gar%2fpromisify 5ms (cache hit)
2700 silly packumentCache full:https://registry.npmjs.org/@gar%2fpromisify set size:17368 disposed:false
2701 http fetch GET 200 https://registry.npmjs.org/minizlib 257ms (cache revalidated)
2702 silly packumentCache full:https://registry.npmjs.org/minizlib set size:62862 disposed:false
2703 http fetch GET 200 https://registry.npmjs.org/unique-slug 258ms (cache revalidated)
2704 silly packumentCache full:https://registry.npmjs.org/unique-slug set size:20403 disposed:false
2705 http fetch GET 200 https://registry.npmjs.org/aggregate-error 258ms (cache revalidated)
2706 silly packumentCache full:https://registry.npmjs.org/aggregate-error set size:29031 disposed:false
2707 silly placeDep ROOT @gar/promisify@1.1.3 OK for: @npmcli/fs@2.1.2 want: ^1.1.3
2708 silly placeDep ROOT anymatch@3.1.3 OK for: chokidar@3.6.0 want: ~3.1.2
2709 silly placeDep ROOT braces@3.0.3 OK for: chokidar@3.6.0 want: ~3.0.2
2710 silly placeDep ROOT fsevents@2.3.3 OK for: chokidar@3.6.0 want: ~2.3.2
2711 silly placeDep ROOT glob-parent@5.1.2 OK for: chokidar@3.6.0 want: ~5.1.2
2712 silly placeDep ROOT is-binary-path@2.1.0 OK for: chokidar@3.6.0 want: ~2.1.0
2713 silly placeDep ROOT is-glob@4.0.3 OK for: chokidar@3.6.0 want: ~4.0.1
2714 silly placeDep ROOT normalize-path@3.0.0 OK for: chokidar@3.6.0 want: ~3.0.0
2715 silly placeDep ROOT readdirp@3.6.0 OK for: chokidar@3.6.0 want: ~3.6.0
2716 silly fetch manifest picomatch@^2.0.4
2717 silly packumentCache full:https://registry.npmjs.org/picomatch cache-miss
2718 silly fetch manifest fill-range@^7.1.1
2719 silly packumentCache full:https://registry.npmjs.org/fill-range cache-miss
2720 silly fetch manifest is-glob@^4.0.1
2721 silly packumentCache full:https://registry.npmjs.org/is-glob cache-miss
2722 silly fetch manifest binary-extensions@^2.0.0
2723 silly packumentCache full:https://registry.npmjs.org/binary-extensions cache-miss
2724 silly fetch manifest is-extglob@^2.1.1
2725 silly packumentCache full:https://registry.npmjs.org/is-extglob cache-miss
2726 silly fetch manifest picomatch@^2.2.1
2727 silly packumentCache full:https://registry.npmjs.org/picomatch cache-miss
2728 http fetch GET 200 https://registry.npmjs.org/is-glob 3ms (cache hit)
2729 silly packumentCache full:https://registry.npmjs.org/is-glob set size:40530 disposed:false
2730 http fetch GET 200 https://registry.npmjs.org/binary-extensions 27ms (cache miss)
2731 silly packumentCache full:https://registry.npmjs.org/binary-extensions set size:undefined disposed:false
2732 http fetch GET 200 https://registry.npmjs.org/picomatch 243ms (cache miss)
2733 silly packumentCache full:https://registry.npmjs.org/picomatch set size:undefined disposed:false
2734 http fetch GET 200 https://registry.npmjs.org/picomatch 246ms (cache miss)
2735 silly packumentCache full:https://registry.npmjs.org/picomatch set size:undefined disposed:false
2736 http fetch GET 200 https://registry.npmjs.org/is-extglob 281ms (cache miss)
2737 silly packumentCache full:https://registry.npmjs.org/is-extglob set size:undefined disposed:false
2738 http fetch GET 200 https://registry.npmjs.org/fill-range 704ms (cache miss)
2739 silly packumentCache full:https://registry.npmjs.org/fill-range set size:undefined disposed:false
2740 silly placeDep ROOT picomatch@2.3.1 OK for: anymatch@3.1.3 want: ^2.0.4
2741 silly placeDep ROOT fill-range@7.1.1 OK for: braces@3.0.3 want: ^7.1.1
2742 silly fetch manifest to-regex-range@^5.0.1
2743 silly packumentCache full:https://registry.npmjs.org/to-regex-range cache-miss
2744 http fetch GET 200 https://registry.npmjs.org/to-regex-range 672ms (cache miss)
2745 silly packumentCache full:https://registry.npmjs.org/to-regex-range set size:undefined disposed:false
2746 silly placeDep ROOT fast-glob@3.3.3 OK for: copy-webpack-plugin@11.0.0 want: ^3.2.11
2747 silly placeDep node_modules/copy-webpack-plugin glob-parent@6.0.2 OK for: copy-webpack-plugin@11.0.0 want: ^6.0.1
2748 silly placeDep ROOT globby@13.2.2 OK for: copy-webpack-plugin@11.0.0 want: ^13.1.1
2749 silly placeDep node_modules/copy-webpack-plugin schema-utils@4.3.3 OK for: copy-webpack-plugin@11.0.0 want: ^4.0.0
2750 silly placeDep ROOT serialize-javascript@6.0.2 OK for: copy-webpack-plugin@11.0.0 want: ^6.0.0
2751 silly fetch manifest @nodelib/fs.stat@^2.0.2
2752 silly packumentCache full:https://registry.npmjs.org/@nodelib%2ffs.stat cache-miss
2753 silly fetch manifest @nodelib/fs.walk@^1.2.3
2754 silly packumentCache full:https://registry.npmjs.org/@nodelib%2ffs.walk cache-miss
2755 silly fetch manifest merge2@^1.3.0
2756 silly packumentCache full:https://registry.npmjs.org/merge2 cache-miss
2757 silly fetch manifest micromatch@^4.0.8
2758 silly packumentCache full:https://registry.npmjs.org/micromatch cache-miss
2759 silly fetch manifest slash@^4.0.0
2760 silly packumentCache full:https://registry.npmjs.org/slash cache-miss
2761 silly fetch manifest ignore@^5.2.4
2762 silly packumentCache full:https://registry.npmjs.org/ignore cache-miss
2763 silly fetch manifest merge2@^1.4.1
2764 silly packumentCache full:https://registry.npmjs.org/merge2 cache-miss
2765 silly fetch manifest dir-glob@^3.0.1
2766 silly packumentCache full:https://registry.npmjs.org/dir-glob cache-miss
2767 silly fetch manifest @types/json-schema@^7.0.9
2768 silly packumentCache full:https://registry.npmjs.org/@types%2fjson-schema cache-miss
2769 silly fetch manifest ajv-keywords@^5.1.0
2770 silly packumentCache full:https://registry.npmjs.org/ajv-keywords cache-hit
2771 silly fetch manifest randombytes@^2.1.0
2772 silly packumentCache full:https://registry.npmjs.org/randombytes cache-miss
2773 http fetch GET 200 https://registry.npmjs.org/merge2 5ms (cache hit)
2774 silly packumentCache full:https://registry.npmjs.org/merge2 set size:46159 disposed:false
2775 http fetch GET 200 https://registry.npmjs.org/@types%2fjson-schema 5ms (cache hit)
2776 silly packumentCache full:https://registry.npmjs.org/@types%2fjson-schema set size:44704 disposed:false
2777 http fetch GET 200 https://registry.npmjs.org/@nodelib%2ffs.stat 7ms (cache hit)
2778 silly packumentCache full:https://registry.npmjs.org/@nodelib%2ffs.stat set size:36993 disposed:false
2779 http fetch GET 200 https://registry.npmjs.org/micromatch 6ms (cache hit)
2780 silly packumentCache full:https://registry.npmjs.org/micromatch set size:240630 disposed:false
2781 http fetch GET 200 https://registry.npmjs.org/@nodelib%2ffs.walk 9ms (cache hit)
2782 silly packumentCache full:https://registry.npmjs.org/@nodelib%2ffs.walk set size:41589 disposed:false
2783 http fetch GET 200 https://registry.npmjs.org/merge2 8ms (cache hit)
2784 silly packumentCache full:https://registry.npmjs.org/merge2 set size:46159 disposed:false
2785 silly packumentCache full:https://registry.npmjs.org/merge2 dispose
2786 http fetch GET 200 https://registry.npmjs.org/dir-glob 8ms (cache hit)
2787 silly packumentCache full:https://registry.npmjs.org/dir-glob set size:22205 disposed:false
2788 http fetch GET 200 https://registry.npmjs.org/slash 8ms (cache hit)
2789 silly packumentCache full:https://registry.npmjs.org/slash set size:20337 disposed:false
2790 http fetch GET 200 https://registry.npmjs.org/ignore 9ms (cache hit)
2791 silly packumentCache full:https://registry.npmjs.org/ignore set size:237380 disposed:false
2792 http fetch GET 200 https://registry.npmjs.org/randombytes 25ms (cache miss)
2793 silly packumentCache full:https://registry.npmjs.org/randombytes set size:undefined disposed:false
2794 silly placeDep ROOT chalk@4.1.2 OK for: critters@0.0.16 want: ^4.1.0
2795 silly placeDep ROOT css-select@4.3.0 OK for: critters@0.0.16 want: ^4.2.0
2796 silly placeDep ROOT parse5@6.0.1 OK for: critters@0.0.16 want: ^6.0.1
2797 silly placeDep ROOT parse5-htmlparser2-tree-adapter@6.0.1 OK for: critters@0.0.16 want: ^6.0.1
2798 silly placeDep ROOT pretty-bytes@5.6.0 OK for: critters@0.0.16 want: ^5.3.0
2799 silly fetch manifest ansi-styles@^4.1.0
2800 silly packumentCache full:https://registry.npmjs.org/ansi-styles cache-miss
2801 silly fetch manifest supports-color@^7.1.0
2802 silly packumentCache full:https://registry.npmjs.org/supports-color cache-miss
2803 silly fetch manifest boolbase@^1.0.0
2804 silly packumentCache full:https://registry.npmjs.org/boolbase cache-miss
2805 silly fetch manifest css-what@^6.0.1
2806 silly packumentCache full:https://registry.npmjs.org/css-what cache-miss
2807 silly fetch manifest domutils@^2.8.0
2808 silly packumentCache full:https://registry.npmjs.org/domutils cache-miss
2809 silly fetch manifest nth-check@^2.0.1
2810 silly packumentCache full:https://registry.npmjs.org/nth-check cache-miss
2811 silly fetch manifest domhandler@^4.3.1
2812 silly packumentCache full:https://registry.npmjs.org/domhandler cache-miss
2813 http fetch GET 200 https://registry.npmjs.org/supports-color 25ms (cache revalidated)
2814 silly packumentCache full:https://registry.npmjs.org/supports-color set size:118680 disposed:false
2815 http fetch GET 200 https://registry.npmjs.org/nth-check 242ms (cache miss)
2816 silly packumentCache full:https://registry.npmjs.org/nth-check set size:undefined disposed:false
2817 http fetch GET 200 https://registry.npmjs.org/domhandler 254ms (cache miss)
2818 silly packumentCache full:https://registry.npmjs.org/domhandler set size:undefined disposed:false
2819 http fetch GET 200 https://registry.npmjs.org/ansi-styles 264ms (cache revalidated)
2820 silly packumentCache full:https://registry.npmjs.org/ansi-styles set size:63233 disposed:false
2821 http fetch GET 200 https://registry.npmjs.org/domutils 267ms (cache miss)
2822 silly packumentCache full:https://registry.npmjs.org/domutils set size:undefined disposed:false
2823 http fetch GET 200 https://registry.npmjs.org/boolbase 271ms (cache miss)
2824 silly packumentCache full:https://registry.npmjs.org/boolbase set size:undefined disposed:false
2825 http fetch GET 200 https://registry.npmjs.org/css-what 288ms (cache miss)
2826 silly packumentCache full:https://registry.npmjs.org/css-what set size:undefined disposed:false
2827 silly placeDep ROOT ansi-styles@4.3.0 OK for: chalk@4.1.2 want: ^4.1.0
2828 silly placeDep ROOT supports-color@7.2.0 OK for: chalk@4.1.2 want: ^7.1.0
2829 silly fetch manifest color-convert@^2.0.1
2830 silly packumentCache full:https://registry.npmjs.org/color-convert cache-miss
2831 silly fetch manifest has-flag@^4.0.0
2832 silly packumentCache full:https://registry.npmjs.org/has-flag cache-miss
2833 http fetch GET 200 https://registry.npmjs.org/color-convert 243ms (cache revalidated)
2834 silly packumentCache full:https://registry.npmjs.org/color-convert set size:72663 disposed:false
2835 http fetch GET 200 https://registry.npmjs.org/has-flag 244ms (cache revalidated)
2836 silly packumentCache full:https://registry.npmjs.org/has-flag set size:15180 disposed:false
2837 silly placeDep ROOT color-convert@2.0.1 OK for: ansi-styles@4.3.0 want: ^2.0.1
2838 silly fetch manifest color-name@~1.1.4
2839 silly packumentCache full:https://registry.npmjs.org/color-name cache-miss
2840 http fetch GET 200 https://registry.npmjs.org/color-name 708ms (cache revalidated)
2841 silly packumentCache full:https://registry.npmjs.org/color-name set size:19467 disposed:false
2842 silly placeDep ROOT color-name@1.1.4 OK for: color-convert@2.0.1 want: ~1.1.4
2843 silly placeDep ROOT icss-utils@5.1.0 OK for: css-loader@6.7.1 want: ^5.1.0
2844 silly placeDep ROOT postcss-modules-extract-imports@3.1.0 OK for: css-loader@6.7.1 want: ^3.0.0
2845 silly placeDep ROOT postcss-modules-local-by-default@4.2.0 OK for: css-loader@6.7.1 want: ^4.0.0
2846 silly placeDep ROOT postcss-modules-scope@3.2.1 OK for: css-loader@6.7.1 want: ^3.0.0
2847 silly placeDep ROOT postcss-modules-values@4.0.0 OK for: css-loader@6.7.1 want: ^4.0.0
2848 silly placeDep ROOT postcss-value-parser@4.2.0 OK for: css-loader@6.7.1 want: ^4.2.0
2849 silly fetch manifest postcss-selector-parser@^7.0.0
2850 silly packumentCache full:https://registry.npmjs.org/postcss-selector-parser cache-miss
2851 silly fetch manifest postcss-value-parser@^4.1.0
2852 silly packumentCache full:https://registry.npmjs.org/postcss-value-parser cache-hit
2853 silly fetch manifest postcss-selector-parser@^7.0.0
2854 silly packumentCache full:https://registry.npmjs.org/postcss-selector-parser cache-miss
2855 http fetch GET 200 https://registry.npmjs.org/postcss-selector-parser 2ms (cache hit)
2856 silly packumentCache full:https://registry.npmjs.org/postcss-selector-parser set size:177140 disposed:false
2857 http fetch GET 200 https://registry.npmjs.org/postcss-selector-parser 3ms (cache hit)
2858 silly packumentCache full:https://registry.npmjs.org/postcss-selector-parser set size:177140 disposed:false
2859 silly packumentCache full:https://registry.npmjs.org/postcss-selector-parser dispose
2860 silly placeDep ROOT boolbase@1.0.0 OK for: css-select@4.3.0 want: ^1.0.0
2861 silly placeDep ROOT css-what@6.2.2 OK for: css-select@4.3.0 want: ^6.0.1
2862 silly placeDep ROOT domhandler@4.3.1 OK for: css-select@4.3.0 want: ^4.3.1
2863 silly placeDep ROOT domutils@2.8.0 OK for: css-select@4.3.0 want: ^2.8.0
2864 silly placeDep ROOT nth-check@2.1.1 OK for: css-select@4.3.0 want: ^2.0.1
2865 silly fetch manifest domelementtype@^2.2.0
2866 silly packumentCache full:https://registry.npmjs.org/domelementtype cache-miss
2867 silly fetch manifest dom-serializer@^1.0.1
2868 silly packumentCache full:https://registry.npmjs.org/dom-serializer cache-miss
2869 silly fetch manifest domelementtype@^2.2.0
2870 silly packumentCache full:https://registry.npmjs.org/domelementtype cache-miss
2871 http fetch GET 200 https://registry.npmjs.org/domelementtype 258ms (cache miss)
2872 silly packumentCache full:https://registry.npmjs.org/domelementtype set size:undefined disposed:false
2873 http fetch GET 200 https://registry.npmjs.org/domelementtype 260ms (cache miss)
2874 silly packumentCache full:https://registry.npmjs.org/domelementtype set size:undefined disposed:false
2875 http fetch GET 200 https://registry.npmjs.org/dom-serializer 697ms (cache miss)
2876 silly packumentCache full:https://registry.npmjs.org/dom-serializer set size:undefined disposed:false
2877 silly placeDep ROOT ms@2.1.2 OK for: debug@4.3.4 want: 2.1.2
2878 silly placeDep ROOT domelementtype@2.3.0 OK for: domhandler@4.3.1 want: ^2.2.0
2879 silly placeDep ROOT dom-serializer@1.4.1 OK for: domutils@2.8.0 want: ^1.0.1
2880 silly fetch manifest entities@^2.0.0
2881 silly packumentCache full:https://registry.npmjs.org/entities cache-miss
2882 http fetch GET 200 https://registry.npmjs.org/entities 251ms (cache miss)
2883 silly packumentCache full:https://registry.npmjs.org/entities set size:undefined disposed:false
2884 silly placeDep ROOT entities@2.2.0 OK for: dom-serializer@1.4.1 want: ^2.0.0
2885 silly placeDep ROOT @esbuild/linux-loong64@0.15.5 OK for: esbuild@0.15.5 want: 0.15.5
2886 silly placeDep ROOT esbuild-android-64@0.15.5 OK for: esbuild@0.15.5 want: 0.15.5
2887 silly placeDep ROOT esbuild-android-arm64@0.15.5 OK for: esbuild@0.15.5 want: 0.15.5
2888 silly placeDep ROOT esbuild-darwin-64@0.15.5 OK for: esbuild@0.15.5 want: 0.15.5
2889 silly placeDep ROOT esbuild-darwin-arm64@0.15.5 OK for: esbuild@0.15.5 want: 0.15.5
2890 silly placeDep ROOT esbuild-freebsd-64@0.15.5 OK for: esbuild@0.15.5 want: 0.15.5
2891 silly placeDep ROOT esbuild-freebsd-arm64@0.15.5 OK for: esbuild@0.15.5 want: 0.15.5
2892 silly placeDep ROOT esbuild-linux-32@0.15.5 OK for: esbuild@0.15.5 want: 0.15.5
2893 silly placeDep ROOT esbuild-linux-64@0.15.5 OK for: esbuild@0.15.5 want: 0.15.5
2894 silly placeDep ROOT esbuild-linux-arm@0.15.5 OK for: esbuild@0.15.5 want: 0.15.5
2895 silly placeDep ROOT esbuild-linux-arm64@0.15.5 OK for: esbuild@0.15.5 want: 0.15.5
2896 silly placeDep ROOT esbuild-linux-mips64le@0.15.5 OK for: esbuild@0.15.5 want: 0.15.5
2897 silly placeDep ROOT esbuild-linux-ppc64le@0.15.5 OK for: esbuild@0.15.5 want: 0.15.5
2898 silly placeDep ROOT esbuild-linux-riscv64@0.15.5 OK for: esbuild@0.15.5 want: 0.15.5
2899 silly placeDep ROOT esbuild-linux-s390x@0.15.5 OK for: esbuild@0.15.5 want: 0.15.5
2900 silly placeDep ROOT esbuild-netbsd-64@0.15.5 OK for: esbuild@0.15.5 want: 0.15.5
2901 silly placeDep ROOT esbuild-openbsd-64@0.15.5 OK for: esbuild@0.15.5 want: 0.15.5
2902 silly placeDep ROOT esbuild-sunos-64@0.15.5 OK for: esbuild@0.15.5 want: 0.15.5
2903 silly placeDep ROOT esbuild-windows-32@0.15.5 OK for: esbuild@0.15.5 want: 0.15.5
2904 silly placeDep ROOT esbuild-windows-64@0.15.5 OK for: esbuild@0.15.5 want: 0.15.5
2905 silly placeDep ROOT esbuild-windows-arm64@0.15.5 OK for: esbuild@0.15.5 want: 0.15.5
2906 silly placeDep ROOT @nodelib/fs.stat@2.0.5 OK for: fast-glob@3.3.3 want: ^2.0.2
2907 silly placeDep ROOT @nodelib/fs.walk@1.2.8 OK for: fast-glob@3.3.3 want: ^1.2.3
2908 silly placeDep ROOT merge2@1.4.1 OK for: fast-glob@3.3.3 want: ^1.3.0
2909 silly placeDep ROOT micromatch@4.0.8 OK for: fast-glob@3.3.3 want: ^4.0.8
2910 silly fetch manifest fastq@^1.6.0
2911 silly packumentCache full:https://registry.npmjs.org/fastq cache-miss
2912 silly fetch manifest @nodelib/fs.scandir@2.1.5
2913 silly packumentCache full:https://registry.npmjs.org/@nodelib%2ffs.scandir cache-miss
2914 http fetch GET 200 https://registry.npmjs.org/fastq 2ms (cache hit)
2915 silly packumentCache full:https://registry.npmjs.org/fastq set size:78301 disposed:false
2916 http fetch GET 200 https://registry.npmjs.org/@nodelib%2ffs.scandir 2ms (cache hit)
2917 silly packumentCache full:https://registry.npmjs.org/@nodelib%2ffs.scandir set size:49256 disposed:false
2918 silly placeDep ROOT @nodelib/fs.scandir@2.1.5 OK for: @nodelib/fs.walk@1.2.8 want: 2.1.5
2919 silly placeDep ROOT fastq@1.20.1 OK for: @nodelib/fs.walk@1.2.8 want: ^1.6.0
2920 silly fetch manifest run-parallel@^1.1.9
2921 silly packumentCache full:https://registry.npmjs.org/run-parallel cache-miss
2922 silly fetch manifest reusify@^1.0.4
2923 silly packumentCache full:https://registry.npmjs.org/reusify cache-miss
2924 http fetch GET 200 https://registry.npmjs.org/run-parallel 2ms (cache hit)
2925 silly packumentCache full:https://registry.npmjs.org/run-parallel set size:35172 disposed:false
2926 http fetch GET 200 https://registry.npmjs.org/reusify 3ms (cache hit)
2927 silly packumentCache full:https://registry.npmjs.org/reusify set size:14249 disposed:false
2928 silly placeDep ROOT run-parallel@1.2.0 OK for: @nodelib/fs.scandir@2.1.5 want: ^1.1.9
2929 silly fetch manifest queue-microtask@^1.2.2
2930 silly packumentCache full:https://registry.npmjs.org/queue-microtask cache-miss
2931 http fetch GET 200 https://registry.npmjs.org/queue-microtask 1ms (cache hit)
2932 silly packumentCache full:https://registry.npmjs.org/queue-microtask set size:36088 disposed:false
2933 silly placeDep ROOT reusify@1.1.0 OK for: fastq@1.20.1 want: ^1.0.4
2934 silly placeDep ROOT to-regex-range@5.0.1 OK for: fill-range@7.1.1 want: ^5.0.1
2935 silly fetch manifest is-number@^7.0.0
2936 silly packumentCache full:https://registry.npmjs.org/is-number cache-miss
2937 http fetch GET 200 https://registry.npmjs.org/is-number 283ms (cache miss)
2938 silly packumentCache full:https://registry.npmjs.org/is-number set size:undefined disposed:false
2939 silly placeDep ROOT commondir@1.0.1 OK for: find-cache-dir@3.3.2 want: ^1.0.1
2940 silly placeDep ROOT pkg-dir@4.2.0 OK for: find-cache-dir@3.3.2 want: ^4.1.0
2941 silly placeDep ROOT locate-path@5.0.0 OK for: find-up@4.1.0 want: ^5.0.0
2942 silly placeDep ROOT path-exists@4.0.0 OK for: find-up@4.1.0 want: ^4.0.0
2943 silly fetch manifest p-locate@^4.1.0
2944 silly packumentCache full:https://registry.npmjs.org/p-locate cache-miss
2945 http fetch GET 200 https://registry.npmjs.org/p-locate 255ms (cache miss)
2946 silly packumentCache full:https://registry.npmjs.org/p-locate set size:undefined disposed:false
2947 silly placeDep ROOT fs.realpath@1.0.0 OK for: glob@8.0.3 want: ^1.0.0
2948 silly placeDep ROOT inflight@1.0.6 OK for: glob@8.0.3 want: ^1.0.4
2949 silly placeDep ROOT inherits@2.0.4 OK for: glob@8.0.3 want: 2
2950 silly placeDep ROOT once@1.4.0 OK for: glob@8.0.3 want: ^1.3.0
2951 silly fetch manifest wrappy@1
2952 silly packumentCache full:https://registry.npmjs.org/wrappy cache-miss
2953 silly fetch manifest wrappy@1
2954 silly packumentCache full:https://registry.npmjs.org/wrappy cache-miss
2955 http fetch GET 200 https://registry.npmjs.org/wrappy 254ms (cache revalidated)
2956 silly packumentCache full:https://registry.npmjs.org/wrappy set size:7682 disposed:false
2957 http fetch GET 200 https://registry.npmjs.org/wrappy 664ms (cache revalidated)
2958 silly packumentCache full:https://registry.npmjs.org/wrappy set size:7682 disposed:false
2959 silly packumentCache full:https://registry.npmjs.org/wrappy dispose
2960 silly placeDep ROOT dir-glob@3.0.1 OK for: globby@13.2.2 want: ^3.0.1
2961 silly placeDep ROOT ignore@5.3.2 OK for: globby@13.2.2 want: ^5.2.4
2962 silly placeDep ROOT slash@4.0.0 OK for: globby@13.2.2 want: ^4.0.0
2963 silly fetch manifest path-type@^4.0.0
2964 silly packumentCache full:https://registry.npmjs.org/path-type cache-miss
2965 http fetch GET 200 https://registry.npmjs.org/path-type 2ms (cache hit)
2966 silly packumentCache full:https://registry.npmjs.org/path-type set size:15341 disposed:false
2967 silly placeDep ROOT path-type@4.0.0 OK for: dir-glob@3.0.1 want: ^4.0.0
2968 silly placeDep ROOT agent-base@6.0.2 OK for: https-proxy-agent@5.0.1 want: 6
2969 silly placeDep ROOT wrappy@1.0.2 OK for: inflight@1.0.6 want: 1
2970 silly placeDep ROOT ansi-escapes@4.3.2 OK for: inquirer@8.2.4 want: ^4.2.1
2971 silly placeDep ROOT cli-cursor@3.1.0 OK for: inquirer@8.2.4 want: ^3.1.0
2972 silly placeDep ROOT cli-width@3.0.0 OK for: inquirer@8.2.4 want: ^3.0.0
2973 silly placeDep ROOT external-editor@3.1.0 OK for: inquirer@8.2.4 want: ^3.0.3
2974 silly placeDep ROOT figures@3.2.0 OK for: inquirer@8.2.4 want: ^3.0.0
2975 silly placeDep ROOT lodash@4.17.21 OK for: inquirer@8.2.4 want: ^4.17.21
2976 silly placeDep ROOT mute-stream@0.0.8 OK for: inquirer@8.2.4 want: 0.0.8
2977 silly placeDep ROOT run-async@2.4.1 OK for: inquirer@8.2.4 want: ^2.4.0
2978 silly placeDep ROOT string-width@4.2.3 OK for: inquirer@8.2.4 want: ^4.1.0
2979 silly placeDep ROOT strip-ansi@6.0.1 OK for: inquirer@8.2.4 want: ^6.0.0
2980 silly placeDep ROOT through@2.3.8 OK for: inquirer@8.2.4 want: ^2.3.6
2981 silly placeDep ROOT wrap-ansi@7.0.0 OK for: inquirer@8.2.4 want: ^7.0.0
2982 silly fetch manifest type-fest@^0.21.3
2983 silly packumentCache full:https://registry.npmjs.org/type-fest cache-miss
2984 silly fetch manifest restore-cursor@^3.1.0
2985 silly packumentCache full:https://registry.npmjs.org/restore-cursor cache-miss
2986 silly fetch manifest chardet@^0.7.0
2987 silly packumentCache full:https://registry.npmjs.org/chardet cache-miss
2988 silly fetch manifest iconv-lite@^0.4.24
2989 silly packumentCache full:https://registry.npmjs.org/iconv-lite cache-hit
2990 silly fetch manifest tmp@^0.0.33
2991 silly packumentCache full:https://registry.npmjs.org/tmp cache-hit
2992 silly fetch manifest escape-string-regexp@^1.0.5
2993 silly packumentCache full:https://registry.npmjs.org/escape-string-regexp cache-miss
2994 silly fetch manifest strip-ansi@^6.0.1
2995 silly packumentCache full:https://registry.npmjs.org/strip-ansi cache-hit
2996 silly fetch manifest emoji-regex@^8.0.0
2997 silly packumentCache full:https://registry.npmjs.org/emoji-regex cache-miss
2998 silly fetch manifest is-fullwidth-code-point@^3.0.0
2999 silly packumentCache full:https://registry.npmjs.org/is-fullwidth-code-point cache-miss
3000 silly fetch manifest ansi-regex@^5.0.1
3001 silly packumentCache full:https://registry.npmjs.org/ansi-regex cache-miss
3002 http fetch GET 200 https://registry.npmjs.org/chardet 31ms (cache revalidated)
3003 silly packumentCache full:https://registry.npmjs.org/chardet set size:70553 disposed:false
3004 http fetch GET 200 https://registry.npmjs.org/emoji-regex 37ms (cache revalidated)
3005 silly packumentCache full:https://registry.npmjs.org/emoji-regex set size:89088 disposed:false
3006 http fetch GET 200 https://registry.npmjs.org/escape-string-regexp 246ms (cache revalidated)
3007 silly packumentCache full:https://registry.npmjs.org/escape-string-regexp set size:22244 disposed:false
3008 http fetch GET 200 https://registry.npmjs.org/is-fullwidth-code-point 248ms (cache revalidated)
3009 silly packumentCache full:https://registry.npmjs.org/is-fullwidth-code-point set size:14578 disposed:false
3010 http fetch GET 200 https://registry.npmjs.org/ansi-regex 260ms (cache revalidated)
3011 silly packumentCache full:https://registry.npmjs.org/ansi-regex set size:43572 disposed:false
3012 http fetch GET 200 https://registry.npmjs.org/restore-cursor 675ms (cache revalidated)
3013 silly packumentCache full:https://registry.npmjs.org/restore-cursor set size:17895 disposed:false
3014 http fetch GET 200 https://registry.npmjs.org/type-fest 712ms (cache revalidated)
3015 silly packumentCache full:https://registry.npmjs.org/type-fest set size:547166 disposed:false
3016 silly placeDep ROOT type-fest@0.21.3 OK for: ansi-escapes@4.3.2 want: ^0.21.3
3017 silly placeDep ROOT restore-cursor@3.1.0 OK for: cli-cursor@3.1.0 want: ^3.1.0
3018 silly fetch manifest onetime@^5.1.0
3019 silly packumentCache full:https://registry.npmjs.org/onetime cache-miss
3020 silly fetch manifest signal-exit@^3.0.2
3021 silly packumentCache full:https://registry.npmjs.org/signal-exit cache-miss
3022 http fetch GET 200 https://registry.npmjs.org/onetime 272ms (cache revalidated)
3023 silly packumentCache full:https://registry.npmjs.org/onetime set size:30525 disposed:false
3024 http fetch GET 200 https://registry.npmjs.org/signal-exit 686ms (cache revalidated)
3025 silly packumentCache full:https://registry.npmjs.org/signal-exit set size:53489 disposed:false
3026 silly placeDep ROOT chardet@0.7.0 OK for: external-editor@3.1.0 want: ^0.7.0
3027 silly placeDep ROOT iconv-lite@0.4.24 OK for: external-editor@3.1.0 want: ^0.4.24
3028 silly placeDep ROOT tmp@0.0.33 OK for: external-editor@3.1.0 want: ^0.0.33
3029 silly fetch manifest safer-buffer@>= 2.1.2 < 3
3030 silly packumentCache full:https://registry.npmjs.org/safer-buffer cache-miss
3031 silly fetch manifest os-tmpdir@~1.0.2
3032 silly packumentCache full:https://registry.npmjs.org/os-tmpdir cache-miss
3033 http fetch GET 200 https://registry.npmjs.org/safer-buffer 28ms (cache revalidated)
3034 silly packumentCache full:https://registry.npmjs.org/safer-buffer set size:18521 disposed:false
3035 http fetch GET 200 https://registry.npmjs.org/os-tmpdir 250ms (cache revalidated)
3036 silly packumentCache full:https://registry.npmjs.org/os-tmpdir set size:8847 disposed:false
3037 silly placeDep ROOT escape-string-regexp@1.0.5 OK for: figures@3.2.0 want: ^1.0.5
3038 silly placeDep ROOT safer-buffer@2.1.2 OK for: iconv-lite@0.4.24 want: >= 2.1.2 < 3
3039 silly placeDep ROOT binary-extensions@2.3.0 OK for: is-binary-path@2.1.0 want: ^2.0.0
3040 silly placeDep ROOT is-extglob@2.1.1 OK for: is-glob@4.0.3 want: ^2.1.1
3041 silly placeDep ROOT istanbul-lib-coverage@3.2.2 OK for: istanbul-lib-instrument@5.2.1 want: ^3.2.0
3042 silly placeDep node_modules/istanbul-lib-instrument semver@6.3.1 OK for: istanbul-lib-instrument@5.2.1 want: ^6.3.0
3043 silly placeDep ROOT argparse@1.0.10 OK for: js-yaml@3.14.2 want: ^1.0.7
3044 silly placeDep ROOT esprima@4.0.1 OK for: js-yaml@3.14.2 want: ^4.0.0
3045 silly fetch manifest sprintf-js@~1.0.2
3046 silly packumentCache full:https://registry.npmjs.org/sprintf-js cache-miss
3047 http fetch GET 200 https://registry.npmjs.org/sprintf-js 265ms (cache miss)
3048 silly packumentCache full:https://registry.npmjs.org/sprintf-js set size:undefined disposed:false
3049 silly placeDep ROOT sprintf-js@1.0.3 OK for: argparse@1.0.10 want: ~1.0.2
3050 silly placeDep ROOT @colors/colors@1.5.0 OK for: karma@6.3.20 want: 1.5.0
3051 silly placeDep ROOT body-parser@1.20.4 OK for: karma@6.3.20 want: ^1.19.0
3052 silly placeDep ROOT connect@3.7.0 OK for: karma@6.3.20 want: ^3.7.0
3053 silly placeDep ROOT di@0.0.1 OK for: karma@6.3.20 want: ^0.0.1
3054 silly placeDep ROOT dom-serialize@2.2.1 OK for: karma@6.3.20 want: ^2.2.1
3055 silly placeDep node_modules/karma glob@7.2.3 OK for: karma@6.3.20 want: ^7.1.7
3056 silly placeDep ROOT graceful-fs@4.2.11 OK for: karma@6.3.20 want: ^4.2.6
3057 silly placeDep ROOT http-proxy@1.18.1 OK for: karma@6.3.20 want: ^1.18.1
3058 silly placeDep ROOT isbinaryfile@4.0.10 OK for: karma@6.3.20 want: ^4.0.8
3059 silly placeDep ROOT log4js@6.9.1 OK for: karma@6.3.20 want: ^6.4.1
3060 silly placeDep ROOT mime@2.6.0 OK for: karma@6.3.20 want: ^2.5.2
3061 silly placeDep node_modules/karma minimatch@3.1.2 OK for: karma@6.3.20 want: ^3.0.4
3062 silly placeDep node_modules/karma mkdirp@0.5.6 OK for: karma@6.3.20 want: ^0.5.5
3063 silly placeDep ROOT qjobs@1.2.0 OK for: karma@6.3.20 want: ^1.2.0
3064 silly placeDep ROOT range-parser@1.2.1 OK for: karma@6.3.20 want: ^1.2.1
3065 silly placeDep ROOT socket.io@4.8.3 OK for: karma@6.3.20 want: ^4.4.1
3066 silly placeDep node_modules/karma source-map@0.6.1 OK for: karma@6.3.20 want: ^0.6.1
3067 silly placeDep node_modules/karma tmp@0.2.5 OK for: karma@6.3.20 want: ^0.2.1
3068 silly placeDep ROOT ua-parser-js@0.7.41 OK for: karma@6.3.20 want: ^0.7.30
3069 silly placeDep node_modules/karma yargs@16.2.0 OK for: karma@6.3.20 want: ^16.1.1
3070 silly fetch manifest qs@~6.14.0
3071 silly packumentCache full:https://registry.npmjs.org/qs cache-miss
3072 silly fetch manifest depd@2.0.0
3073 silly packumentCache full:https://registry.npmjs.org/depd cache-miss
3074 silly fetch manifest bytes@~3.1.2
3075 silly packumentCache full:https://registry.npmjs.org/bytes cache-miss
3076 silly fetch manifest debug@2.6.9
3077 silly packumentCache full:https://registry.npmjs.org/debug cache-hit
3078 silly fetch manifest unpipe@~1.0.0
3079 silly packumentCache full:https://registry.npmjs.org/unpipe cache-miss
3080 silly fetch manifest destroy@~1.2.0
3081 silly packumentCache full:https://registry.npmjs.org/destroy cache-miss
3082 silly fetch manifest type-is@~1.6.18
3083 silly packumentCache full:https://registry.npmjs.org/type-is cache-miss
3084 silly fetch manifest raw-body@~2.5.3
3085 silly packumentCache full:https://registry.npmjs.org/raw-body cache-miss
3086 silly fetch manifest http-errors@~2.0.1
3087 silly packumentCache full:https://registry.npmjs.org/http-errors cache-miss
3088 silly fetch manifest on-finished@~2.4.1
3089 silly packumentCache full:https://registry.npmjs.org/on-finished cache-miss
3090 silly fetch manifest content-type@~1.0.5
3091 silly packumentCache full:https://registry.npmjs.org/content-type cache-miss
3092 silly fetch manifest finalhandler@1.1.2
3093 silly packumentCache full:https://registry.npmjs.org/finalhandler cache-miss
3094 http fetch GET 200 https://registry.npmjs.org/finalhandler 3ms (cache hit)
3095 silly packumentCache full:https://registry.npmjs.org/finalhandler set size:79291 disposed:false
3096 silly fetch manifest parseurl@~1.3.3
3097 silly packumentCache full:https://registry.npmjs.org/parseurl cache-miss
3098 http fetch GET 200 https://registry.npmjs.org/http-errors 5ms (cache hit)
3099 silly packumentCache full:https://registry.npmjs.org/http-errors set size:71987 disposed:false
3100 silly fetch manifest utils-merge@1.0.1
3101 silly packumentCache full:https://registry.npmjs.org/utils-merge cache-miss
3102 http fetch GET 200 https://registry.npmjs.org/depd 7ms (cache hit)
3103 silly packumentCache full:https://registry.npmjs.org/depd set size:40182 disposed:false
3104 silly fetch manifest custom-event@~1.0.0
3105 silly packumentCache full:https://registry.npmjs.org/custom-event cache-miss
3106 http fetch GET 200 https://registry.npmjs.org/qs 10ms (cache hit)
3107 silly packumentCache full:https://registry.npmjs.org/qs set size:268000 disposed:false
3108 silly fetch manifest ent@~2.2.0
3109 silly packumentCache full:https://registry.npmjs.org/ent cache-miss
3110 http fetch GET 200 https://registry.npmjs.org/unpipe 36ms (cache miss)
3111 silly packumentCache full:https://registry.npmjs.org/unpipe set size:undefined disposed:false
3112 silly fetch manifest extend@^3.0.0
3113 silly packumentCache full:https://registry.npmjs.org/extend cache-miss
3114 http fetch GET 200 https://registry.npmjs.org/bytes 38ms (cache miss)
3115 silly packumentCache full:https://registry.npmjs.org/bytes set size:undefined disposed:false
3116 silly fetch manifest void-elements@^2.0.0
3117 silly packumentCache full:https://registry.npmjs.org/void-elements cache-miss
3118 http fetch GET 200 https://registry.npmjs.org/on-finished 41ms (cache miss)
3119 silly packumentCache full:https://registry.npmjs.org/on-finished set size:undefined disposed:false
3120 silly fetch manifest minimatch@^3.1.1
3121 silly packumentCache full:https://registry.npmjs.org/minimatch cache-hit
3122 silly fetch manifest path-is-absolute@^1.0.0
3123 silly packumentCache full:https://registry.npmjs.org/path-is-absolute cache-miss
3124 http fetch GET 200 https://registry.npmjs.org/destroy 43ms (cache miss)
3125 silly packumentCache full:https://registry.npmjs.org/destroy set size:undefined disposed:false
3126 silly fetch manifest eventemitter3@^4.0.0
3127 silly packumentCache full:https://registry.npmjs.org/eventemitter3 cache-miss
3128 http fetch GET 200 https://registry.npmjs.org/type-is 47ms (cache miss)
3129 silly packumentCache full:https://registry.npmjs.org/type-is set size:undefined disposed:false
3130 silly fetch manifest requires-port@^1.0.0
3131 silly packumentCache full:https://registry.npmjs.org/requires-port cache-miss
3132 http fetch GET 200 https://registry.npmjs.org/utils-merge 45ms (cache miss)
3133 silly packumentCache full:https://registry.npmjs.org/utils-merge set size:undefined disposed:false
3134 silly fetch manifest follow-redirects@^1.0.0
3135 silly packumentCache full:https://registry.npmjs.org/follow-redirects cache-miss
3136 http fetch GET 200 https://registry.npmjs.org/parseurl 46ms (cache miss)
3137 silly packumentCache full:https://registry.npmjs.org/parseurl set size:undefined disposed:false
3138 silly fetch manifest date-format@^4.0.14
3139 silly packumentCache full:https://registry.npmjs.org/date-format cache-miss
3140 http fetch GET 200 https://registry.npmjs.org/content-type 52ms (cache miss)
3141 silly packumentCache full:https://registry.npmjs.org/content-type set size:undefined disposed:false
3142 silly fetch manifest flatted@^3.2.7
3143 silly packumentCache full:https://registry.npmjs.org/flatted cache-miss
3144 http fetch GET 200 https://registry.npmjs.org/raw-body 55ms (cache miss)
3145 silly packumentCache full:https://registry.npmjs.org/raw-body set size:undefined disposed:false
3146 silly fetch manifest rfdc@^1.3.0
3147 silly packumentCache full:https://registry.npmjs.org/rfdc cache-miss
3148 http fetch GET 200 https://registry.npmjs.org/extend 31ms (cache miss)
3149 silly packumentCache full:https://registry.npmjs.org/extend set size:undefined disposed:false
3150 silly fetch manifest streamroller@^3.1.5
3151 silly packumentCache full:https://registry.npmjs.org/streamroller cache-miss
3152 http fetch GET 200 https://registry.npmjs.org/eventemitter3 29ms (cache miss)
3153 silly packumentCache full:https://registry.npmjs.org/eventemitter3 set size:undefined disposed:false
3154 silly fetch manifest brace-expansion@^1.1.7
3155 silly packumentCache full:https://registry.npmjs.org/brace-expansion cache-hit
3156 silly fetch manifest minimist@^1.2.6
3157 silly packumentCache full:https://registry.npmjs.org/minimist cache-miss
3158 http fetch GET 200 https://registry.npmjs.org/requires-port 28ms (cache miss)
3159 silly packumentCache full:https://registry.npmjs.org/requires-port set size:undefined disposed:false
3160 silly fetch manifest accepts@~1.3.4
3161 silly packumentCache full:https://registry.npmjs.org/accepts cache-miss
3162 http fetch GET 200 https://registry.npmjs.org/accepts 26ms (cache miss)
3163 silly packumentCache full:https://registry.npmjs.org/accepts set size:undefined disposed:false
3164 silly fetch manifest base64id@~2.0.0
3165 silly packumentCache full:https://registry.npmjs.org/base64id cache-miss
3166 http fetch GET 200 https://registry.npmjs.org/custom-event 255ms (cache miss)
3167 silly packumentCache full:https://registry.npmjs.org/custom-event set size:undefined disposed:false
3168 silly fetch manifest cors@~2.8.5
3169 silly packumentCache full:https://registry.npmjs.org/cors cache-miss
3170 http fetch GET 200 https://registry.npmjs.org/ent 252ms (cache miss)
3171 silly packumentCache full:https://registry.npmjs.org/ent set size:undefined disposed:false
3172 silly fetch manifest debug@~4.4.1
3173 silly packumentCache full:https://registry.npmjs.org/debug cache-hit
3174 silly fetch manifest engine.io@~6.6.0
3175 silly packumentCache full:https://registry.npmjs.org/engine.io cache-miss
3176 http fetch GET 200 https://registry.npmjs.org/path-is-absolute 241ms (cache revalidated)
3177 silly packumentCache full:https://registry.npmjs.org/path-is-absolute set size:8253 disposed:false
3178 silly fetch manifest socket.io-adapter@~2.5.2
3179 silly packumentCache full:https://registry.npmjs.org/socket.io-adapter cache-miss
3180 http fetch GET 200 https://registry.npmjs.org/cors 29ms (cache miss)
3181 silly packumentCache full:https://registry.npmjs.org/cors set size:undefined disposed:false
3182 silly fetch manifest socket.io-parser@~4.2.4
3183 silly packumentCache full:https://registry.npmjs.org/socket.io-parser cache-miss
3184 http fetch GET 200 https://registry.npmjs.org/void-elements 255ms (cache miss)
3185 silly packumentCache full:https://registry.npmjs.org/void-elements set size:undefined disposed:false
3186 silly fetch manifest yargs-parser@^20.2.2
3187 silly packumentCache full:https://registry.npmjs.org/yargs-parser cache-hit
3188 http fetch GET 200 https://registry.npmjs.org/flatted 245ms (cache miss)
3189 silly packumentCache full:https://registry.npmjs.org/flatted set size:undefined disposed:false
3190 http fetch GET 200 https://registry.npmjs.org/date-format 247ms (cache miss)
3191 silly packumentCache full:https://registry.npmjs.org/date-format set size:undefined disposed:false
3192 http fetch GET 200 https://registry.npmjs.org/follow-redirects 261ms (cache miss)
3193 silly packumentCache full:https://registry.npmjs.org/follow-redirects set size:undefined disposed:false
3194 http fetch GET 200 https://registry.npmjs.org/rfdc 261ms (cache miss)
3195 silly packumentCache full:https://registry.npmjs.org/rfdc set size:undefined disposed:false
3196 http fetch GET 200 https://registry.npmjs.org/minimist 254ms (cache miss)
3197 silly packumentCache full:https://registry.npmjs.org/minimist set size:undefined disposed:false
3198 http fetch GET 200 https://registry.npmjs.org/base64id 238ms (cache miss)
3199 silly packumentCache full:https://registry.npmjs.org/base64id set size:undefined disposed:false
3200 http fetch GET 200 https://registry.npmjs.org/engine.io 261ms (cache miss)
3201 silly packumentCache full:https://registry.npmjs.org/engine.io set size:undefined disposed:false
3202 http fetch GET 200 https://registry.npmjs.org/socket.io-adapter 255ms (cache miss)
3203 silly packumentCache full:https://registry.npmjs.org/socket.io-adapter set size:undefined disposed:false
3204 http fetch GET 200 https://registry.npmjs.org/socket.io-parser 265ms (cache miss)
3205 silly packumentCache full:https://registry.npmjs.org/socket.io-parser set size:undefined disposed:false
3206 http fetch GET 200 https://registry.npmjs.org/streamroller 670ms (cache miss)
3207 silly packumentCache full:https://registry.npmjs.org/streamroller set size:undefined disposed:false
3208 silly placeDep ROOT bytes@3.1.2 OK for: body-parser@1.20.4 want: ~3.1.2
3209 silly placeDep ROOT content-type@1.0.5 OK for: body-parser@1.20.4 want: ~1.0.5
3210 silly placeDep node_modules/body-parser debug@2.6.9 OK for: body-parser@1.20.4 want: 2.6.9
3211 silly placeDep ROOT depd@2.0.0 OK for: body-parser@1.20.4 want: 2.0.0
3212 silly placeDep ROOT destroy@1.2.0 OK for: body-parser@1.20.4 want: ~1.2.0
3213 silly placeDep ROOT http-errors@2.0.1 OK for: body-parser@1.20.4 want: ~2.0.1
3214 silly placeDep ROOT on-finished@2.4.1 OK for: body-parser@1.20.4 want: ~2.4.1
3215 silly placeDep ROOT qs@6.14.1 OK for: body-parser@1.20.4 want: ~6.14.0
3216 silly placeDep ROOT raw-body@2.5.3 OK for: body-parser@1.20.4 want: ~2.5.3
3217 silly placeDep ROOT type-is@1.6.18 OK for: body-parser@1.20.4 want: ~1.6.18
3218 silly placeDep ROOT unpipe@1.0.0 OK for: body-parser@1.20.4 want: ~1.0.0
3219 silly fetch manifest ms@2.0.0
3220 silly packumentCache full:https://registry.npmjs.org/ms cache-hit
3221 silly fetch manifest setprototypeof@~1.2.0
3222 silly packumentCache full:https://registry.npmjs.org/setprototypeof cache-miss
3223 silly fetch manifest statuses@~2.0.2
3224 silly packumentCache full:https://registry.npmjs.org/statuses cache-miss
3225 silly fetch manifest toidentifier@~1.0.1
3226 silly packumentCache full:https://registry.npmjs.org/toidentifier cache-miss
3227 silly fetch manifest ee-first@1.1.1
3228 silly packumentCache full:https://registry.npmjs.org/ee-first cache-miss
3229 silly fetch manifest side-channel@^1.1.0
3230 silly packumentCache full:https://registry.npmjs.org/side-channel cache-miss
3231 silly fetch manifest mime-types@~2.1.24
3232 silly packumentCache full:https://registry.npmjs.org/mime-types cache-hit
3233 silly fetch manifest media-typer@0.3.0
3234 silly packumentCache full:https://registry.npmjs.org/media-typer cache-miss
3235 http fetch GET 200 https://registry.npmjs.org/statuses 5ms (cache hit)
3236 silly packumentCache full:https://registry.npmjs.org/statuses set size:37117 disposed:false
3237 http fetch GET 200 https://registry.npmjs.org/setprototypeof 5ms (cache hit)
3238 silly packumentCache full:https://registry.npmjs.org/setprototypeof set size:14532 disposed:false
3239 http fetch GET 200 https://registry.npmjs.org/toidentifier 58ms (cache miss)
3240 silly packumentCache full:https://registry.npmjs.org/toidentifier set size:undefined disposed:false
3241 http fetch GET 200 https://registry.npmjs.org/media-typer 57ms (cache miss)
3242 silly packumentCache full:https://registry.npmjs.org/media-typer set size:undefined disposed:false
3243 http fetch GET 200 https://registry.npmjs.org/ee-first 61ms (cache miss)
3244 silly packumentCache full:https://registry.npmjs.org/ee-first set size:undefined disposed:false
3245 http fetch GET 200 https://registry.npmjs.org/side-channel 61ms (cache miss)
3246 silly packumentCache full:https://registry.npmjs.org/side-channel set size:undefined disposed:false
3247 silly placeDep node_modules/connect debug@2.6.9 OK for: connect@3.7.0 want: 2.6.9
3248 silly placeDep ROOT finalhandler@1.1.2 OK for: connect@3.7.0 want: 1.1.2
3249 silly placeDep ROOT parseurl@1.3.3 OK for: connect@3.7.0 want: ~1.3.3
3250 silly placeDep ROOT utils-merge@1.0.1 OK for: connect@3.7.0 want: 1.0.1
3251 silly fetch manifest statuses@~1.5.0
3252 silly packumentCache full:https://registry.npmjs.org/statuses cache-hit
3253 silly fetch manifest encodeurl@~1.0.2
3254 silly packumentCache full:https://registry.npmjs.org/encodeurl cache-miss
3255 silly fetch manifest escape-html@~1.0.3
3256 silly packumentCache full:https://registry.npmjs.org/escape-html cache-miss
3257 silly fetch manifest on-finished@~2.3.0
3258 silly packumentCache full:https://registry.npmjs.org/on-finished cache-miss
3259 http fetch GET 200 https://registry.npmjs.org/on-finished 1ms (cache hit)
3260 silly packumentCache full:https://registry.npmjs.org/on-finished set size:23212 disposed:false
3261 http fetch GET 200 https://registry.npmjs.org/encodeurl 3ms (cache hit)
3262 silly packumentCache full:https://registry.npmjs.org/encodeurl set size:12296 disposed:false
3263 http fetch GET 200 https://registry.npmjs.org/escape-html 28ms (cache miss)
3264 silly packumentCache full:https://registry.npmjs.org/escape-html set size:undefined disposed:false
3265 silly placeDep ROOT custom-event@1.0.1 OK for: dom-serialize@2.2.1 want: ~1.0.0
3266 silly placeDep ROOT ent@2.2.2 OK for: dom-serialize@2.2.1 want: ~2.2.0
3267 silly placeDep ROOT extend@3.0.2 OK for: dom-serialize@2.2.1 want: ^3.0.0
3268 silly placeDep ROOT void-elements@2.0.1 OK for: dom-serialize@2.2.1 want: ^2.0.0
3269 silly fetch manifest call-bound@^1.0.3
3270 silly packumentCache full:https://registry.npmjs.org/call-bound cache-miss
3271 silly fetch manifest es-errors@^1.3.0
3272 silly packumentCache full:https://registry.npmjs.org/es-errors cache-miss
3273 silly fetch manifest punycode@^1.4.1
3274 silly packumentCache full:https://registry.npmjs.org/punycode cache-hit
3275 silly fetch manifest safe-regex-test@^1.1.0
3276 silly packumentCache full:https://registry.npmjs.org/safe-regex-test cache-miss
3277 http fetch GET 200 https://registry.npmjs.org/call-bound 24ms (cache miss)
3278 silly packumentCache full:https://registry.npmjs.org/call-bound set size:undefined disposed:false
3279 http fetch GET 200 https://registry.npmjs.org/safe-regex-test 244ms (cache miss)
3280 silly packumentCache full:https://registry.npmjs.org/safe-regex-test set size:undefined disposed:false
3281 http fetch GET 200 https://registry.npmjs.org/es-errors 245ms (cache miss)
3282 silly packumentCache full:https://registry.npmjs.org/es-errors set size:undefined disposed:false
3283 silly placeDep ROOT call-bound@1.0.4 OK for: ent@2.2.2 want: ^1.0.3
3284 silly placeDep ROOT es-errors@1.3.0 OK for: ent@2.2.2 want: ^1.3.0
3285 silly placeDep ROOT punycode@1.4.1 OK for: ent@2.2.2 want: ^1.4.1
3286 silly placeDep ROOT safe-regex-test@1.1.0 OK for: ent@2.2.2 want: ^1.1.0
3287 silly fetch manifest call-bind-apply-helpers@^1.0.2
3288 silly packumentCache full:https://registry.npmjs.org/call-bind-apply-helpers cache-miss
3289 silly fetch manifest get-intrinsic@^1.3.0
3290 silly packumentCache full:https://registry.npmjs.org/get-intrinsic cache-miss
3291 silly fetch manifest is-regex@^1.2.1
3292 silly packumentCache full:https://registry.npmjs.org/is-regex cache-miss
3293 http fetch GET 200 https://registry.npmjs.org/get-intrinsic 27ms (cache miss)
3294 silly packumentCache full:https://registry.npmjs.org/get-intrinsic set size:undefined disposed:false
3295 http fetch GET 200 https://registry.npmjs.org/call-bind-apply-helpers 698ms (cache miss)
3296 silly packumentCache full:https://registry.npmjs.org/call-bind-apply-helpers set size:undefined disposed:false
3297 http fetch GET 200 https://registry.npmjs.org/is-regex 702ms (cache miss)
3298 silly packumentCache full:https://registry.npmjs.org/is-regex set size:undefined disposed:false
3299 silly placeDep ROOT call-bind-apply-helpers@1.0.2 OK for: call-bound@1.0.4 want: ^1.0.2
3300 silly placeDep ROOT get-intrinsic@1.3.0 OK for: call-bound@1.0.4 want: ^1.3.0
3301 silly fetch manifest function-bind@^1.1.2
3302 silly packumentCache full:https://registry.npmjs.org/function-bind cache-miss
3303 silly fetch manifest gopd@^1.2.0
3304 silly packumentCache full:https://registry.npmjs.org/gopd cache-miss
3305 silly fetch manifest hasown@^2.0.2
3306 silly packumentCache full:https://registry.npmjs.org/hasown cache-miss
3307 silly fetch manifest get-proto@^1.0.1
3308 silly packumentCache full:https://registry.npmjs.org/get-proto cache-miss
3309 silly fetch manifest has-symbols@^1.1.0
3310 silly packumentCache full:https://registry.npmjs.org/has-symbols cache-miss
3311 silly fetch manifest function-bind@^1.1.2
3312 silly packumentCache full:https://registry.npmjs.org/function-bind cache-miss
3313 silly fetch manifest es-object-atoms@^1.1.1
3314 silly packumentCache full:https://registry.npmjs.org/es-object-atoms cache-miss
3315 silly fetch manifest math-intrinsics@^1.1.0
3316 silly packumentCache full:https://registry.npmjs.org/math-intrinsics cache-miss
3317 silly fetch manifest es-define-property@^1.0.1
3318 silly packumentCache full:https://registry.npmjs.org/es-define-property cache-miss
3319 http fetch GET 200 https://registry.npmjs.org/hasown 25ms (cache revalidated)
3320 silly packumentCache full:https://registry.npmjs.org/hasown set size:12476 disposed:false
3321 http fetch GET 200 https://registry.npmjs.org/function-bind 25ms (cache revalidated)
3322 silly packumentCache full:https://registry.npmjs.org/function-bind set size:15733 disposed:false
3323 http fetch GET 200 https://registry.npmjs.org/function-bind 27ms (cache revalidated)
3324 silly packumentCache full:https://registry.npmjs.org/function-bind set size:15733 disposed:false
3325 silly packumentCache full:https://registry.npmjs.org/function-bind dispose
3326 http fetch GET 200 https://registry.npmjs.org/math-intrinsics 25ms (cache miss)
3327 silly packumentCache full:https://registry.npmjs.org/math-intrinsics set size:undefined disposed:false
3328 http fetch GET 200 https://registry.npmjs.org/has-symbols 26ms (cache miss)
3329 silly packumentCache full:https://registry.npmjs.org/has-symbols set size:undefined disposed:false
3330 http fetch GET 200 https://registry.npmjs.org/gopd 28ms (cache miss)
3331 silly packumentCache full:https://registry.npmjs.org/gopd set size:undefined disposed:false
3332 http fetch GET 200 https://registry.npmjs.org/es-object-atoms 27ms (cache miss)
3333 silly packumentCache full:https://registry.npmjs.org/es-object-atoms set size:undefined disposed:false
3334 http fetch GET 200 https://registry.npmjs.org/es-define-property 28ms (cache miss)
3335 silly packumentCache full:https://registry.npmjs.org/es-define-property set size:undefined disposed:false
3336 http fetch GET 200 https://registry.npmjs.org/get-proto 262ms (cache miss)
3337 silly packumentCache full:https://registry.npmjs.org/get-proto set size:undefined disposed:false
3338 silly placeDep ROOT function-bind@1.1.2 OK for: call-bind-apply-helpers@1.0.2 want: ^1.1.2
3339 silly placeDep node_modules/finalhandler debug@2.6.9 OK for: finalhandler@1.1.2 want: 2.6.9
3340 silly placeDep ROOT encodeurl@1.0.2 OK for: finalhandler@1.1.2 want: ~1.0.2
3341 silly placeDep ROOT escape-html@1.0.3 OK for: finalhandler@1.1.2 want: ~1.0.3
3342 silly placeDep node_modules/finalhandler on-finished@2.3.0 OK for: finalhandler@1.1.2 want: ~2.3.0
3343 silly placeDep ROOT statuses@1.5.0 OK for: finalhandler@1.1.2 want: ~1.5.0
3344 silly placeDep ROOT es-define-property@1.0.1 OK for: get-intrinsic@1.3.0 want: ^1.0.1
3345 silly placeDep ROOT es-object-atoms@1.1.1 OK for: get-intrinsic@1.3.0 want: ^1.1.1
3346 silly placeDep ROOT get-proto@1.0.1 OK for: get-intrinsic@1.3.0 want: ^1.0.1
3347 silly placeDep ROOT gopd@1.2.0 OK for: get-intrinsic@1.3.0 want: ^1.2.0
3348 silly placeDep ROOT has-symbols@1.1.0 OK for: get-intrinsic@1.3.0 want: ^1.1.0
3349 silly placeDep ROOT hasown@2.0.2 OK for: get-intrinsic@1.3.0 want: ^2.0.2
3350 silly placeDep ROOT math-intrinsics@1.1.0 OK for: get-intrinsic@1.3.0 want: ^1.1.0
3351 silly fetch manifest dunder-proto@^1.0.1
3352 silly packumentCache full:https://registry.npmjs.org/dunder-proto cache-miss
3353 http fetch GET 200 https://registry.npmjs.org/dunder-proto 253ms (cache miss)
3354 silly packumentCache full:https://registry.npmjs.org/dunder-proto set size:undefined disposed:false
3355 silly placeDep ROOT dunder-proto@1.0.1 OK for: get-proto@1.0.1 want: ^1.0.1
3356 silly placeDep ROOT setprototypeof@1.2.0 OK for: http-errors@2.0.1 want: ~1.2.0
3357 silly placeDep node_modules/http-errors statuses@2.0.2 OK for: http-errors@2.0.1 want: ~2.0.2
3358 silly placeDep ROOT toidentifier@1.0.1 OK for: http-errors@2.0.1 want: ~1.0.1
3359 silly placeDep ROOT eventemitter3@4.0.7 OK for: http-proxy@1.18.1 want: ^4.0.0
3360 silly placeDep ROOT follow-redirects@1.15.11 OK for: http-proxy@1.18.1 want: ^1.0.0
3361 silly placeDep ROOT requires-port@1.0.0 OK for: http-proxy@1.18.1 want: ^1.0.0
3362 silly placeDep ROOT which@1.3.1 OK for: karma-chrome-launcher@3.1.1 want: ^1.2.1
3363 silly fetch manifest isexe@^2.0.0
3364 silly packumentCache full:https://registry.npmjs.org/isexe cache-miss
3365 http fetch GET 200 https://registry.npmjs.org/isexe 275ms (cache revalidated)
3366 silly packumentCache full:https://registry.npmjs.org/isexe set size:19340 disposed:false
3367 silly placeDep node_modules/karma-coverage istanbul-lib-instrument@4.0.3 OK for: karma-coverage@2.1.1 want: ^4.0.3
3368 silly placeDep ROOT istanbul-lib-report@3.0.1 OK for: karma-coverage@2.1.1 want: ^3.0.0
3369 silly placeDep ROOT istanbul-lib-source-maps@4.0.1 OK for: karma-coverage@2.1.1 want: ^4.0.1
3370 silly placeDep ROOT istanbul-reports@3.2.0 OK for: karma-coverage@2.1.1 want: ^3.0.5
3371 silly placeDep node_modules/karma-coverage minimatch@3.1.2 OK for: karma-coverage@2.1.1 want: ^3.0.4
3372 silly fetch manifest make-dir@^4.0.0
3373 silly packumentCache full:https://registry.npmjs.org/make-dir cache-hit
3374 silly fetch manifest html-escaper@^2.0.0
3375 silly packumentCache full:https://registry.npmjs.org/html-escaper cache-miss
3376 http fetch GET 200 https://registry.npmjs.org/html-escaper 669ms (cache miss)
3377 silly packumentCache full:https://registry.npmjs.org/html-escaper set size:undefined disposed:false
3378 silly placeDep node_modules/istanbul-lib-report make-dir@4.0.0 OK for: istanbul-lib-report@3.0.1 want: ^4.0.0
3379 silly placeDep node_modules/istanbul-lib-source-maps source-map@0.6.1 OK for: istanbul-lib-source-maps@4.0.1 want: ^0.6.1
3380 silly placeDep ROOT html-escaper@2.0.2 OK for: istanbul-reports@3.2.0 want: ^2.0.0
3381 silly placeDep node_modules/karma-jasmine jasmine-core@3.99.1 OK for: karma-jasmine@4.0.2 want: ^3.6.0
3382 silly placeDep ROOT copy-anything@2.0.6 OK for: less@4.1.3 want: ^2.0.1
3383 silly placeDep ROOT errno@0.1.8 OK for: less@4.1.3 want: ^0.1.1
3384 silly placeDep ROOT image-size@0.5.5 OK for: less@4.1.3 want: ~0.5.0
3385 silly placeDep node_modules/less make-dir@2.1.0 OK for: less@4.1.3 want: ^2.1.0
3386 silly placeDep node_modules/less mime@1.6.0 OK for: less@4.1.3 want: ^1.4.1
3387 silly placeDep ROOT needle@3.3.1 OK for: less@4.1.3 want: ^3.1.0
3388 silly placeDep ROOT parse-node-version@1.0.1 OK for: less@4.1.3 want: ^1.0.1
3389 silly placeDep node_modules/less source-map@0.6.1 OK for: less@4.1.3 want: ~0.6.0
3390 silly fetch manifest is-what@^3.14.1
3391 silly packumentCache full:https://registry.npmjs.org/is-what cache-miss
3392 silly fetch manifest prr@~1.0.1
3393 silly packumentCache full:https://registry.npmjs.org/prr cache-miss
3394 silly fetch manifest pify@^4.0.1
3395 silly packumentCache full:https://registry.npmjs.org/pify cache-miss
3396 silly fetch manifest semver@^5.6.0
3397 silly packumentCache full:https://registry.npmjs.org/semver cache-hit
3398 silly fetch manifest sax@^1.2.4
3399 silly packumentCache full:https://registry.npmjs.org/sax cache-hit
3400 http fetch GET 200 https://registry.npmjs.org/pify 6ms (cache hit)
3401 silly packumentCache full:https://registry.npmjs.org/pify set size:33583 disposed:false
3402 http fetch GET 200 https://registry.npmjs.org/is-what 7ms (cache hit)
3403 silly packumentCache full:https://registry.npmjs.org/is-what set size:252332 disposed:false
3404 http fetch GET 200 https://registry.npmjs.org/prr 9ms (cache hit)
3405 silly packumentCache full:https://registry.npmjs.org/prr set size:5969 disposed:false
3406 silly placeDep ROOT is-what@3.14.1 OK for: copy-anything@2.0.6 want: ^3.14.1
3407 silly placeDep ROOT prr@1.0.1 OK for: errno@0.1.8 want: ~1.0.1
3408 silly placeDep ROOT klona@2.0.6 OK for: less-loader@11.0.0 want: ^2.0.4
3409 silly placeDep ROOT webpack-sources@3.3.3 OK for: license-webpack-plugin@4.0.2 want: ^3.0.0
3410 silly placeDep ROOT p-locate@4.1.0 OK for: locate-path@5.0.0 want: ^4.1.0
3411 silly fetch manifest p-limit@^2.2.0
3412 silly packumentCache full:https://registry.npmjs.org/p-limit cache-miss
3413 http fetch GET 200 https://registry.npmjs.org/p-limit 260ms (cache miss)
3414 silly packumentCache full:https://registry.npmjs.org/p-limit set size:undefined disposed:false
3415 silly placeDep ROOT date-format@4.0.14 OK for: log4js@6.9.1 want: ^4.0.14
3416 silly placeDep ROOT flatted@3.3.3 OK for: log4js@6.9.1 want: ^3.2.7
3417 silly placeDep ROOT rfdc@1.4.1 OK for: log4js@6.9.1 want: ^1.3.0
3418 silly placeDep ROOT streamroller@3.1.5 OK for: log4js@6.9.1 want: ^3.1.5
3419 silly fetch manifest fs-extra@^8.1.0
3420 silly packumentCache full:https://registry.npmjs.org/fs-extra cache-miss
3421 http fetch GET 200 https://registry.npmjs.org/fs-extra 28ms (cache miss)
3422 silly packumentCache full:https://registry.npmjs.org/fs-extra set size:undefined disposed:false
3423 silly placeDep ROOT yallist@3.1.1 OK for: lru-cache@5.1.1 want: ^3.0.2
3424 silly placeDep node_modules/make-dir semver@6.3.1 OK for: make-dir@3.1.0 want: ^6.0.0
3425 silly placeDep node_modules/mini-css-extract-plugin schema-utils@4.3.3 OK for: mini-css-extract-plugin@2.6.1 want: ^4.0.0
3426 silly placeDep ROOT brace-expansion@2.0.2 OK for: minimatch@5.1.0 want: ^2.0.1
3427 silly fetch manifest balanced-match@^1.0.0
3428 silly packumentCache full:https://registry.npmjs.org/balanced-match cache-miss
3429 http fetch GET 200 https://registry.npmjs.org/balanced-match 236ms (cache revalidated)
3430 silly packumentCache full:https://registry.npmjs.org/balanced-match set size:33860 disposed:false
3431 silly placeDep ROOT balanced-match@1.0.2 OK for: brace-expansion@2.0.2 want: ^1.0.0
3432 silly placeDep node_modules/minipass yallist@4.0.0 OK for: minipass@3.3.6 want: ^4.0.0
3433 silly placeDep node_modules/needle iconv-lite@0.6.3 OK for: needle@3.3.1 want: ^0.6.3
3434 silly placeDep ROOT sax@1.4.4 OK for: needle@3.3.1 want: ^1.2.4
3435 silly placeDep ROOT hosted-git-info@5.2.1 OK for: npm-package-arg@9.1.0 want: ^5.0.0
3436 silly placeDep ROOT proc-log@2.0.1 OK for: npm-package-arg@9.1.0 want: ^2.0.1
3437 silly placeDep ROOT validate-npm-package-name@4.0.0 OK for: npm-package-arg@9.1.0 want: ^4.0.0
3438 silly fetch manifest lru-cache@^7.5.1
3439 silly packumentCache full:https://registry.npmjs.org/lru-cache cache-hit
3440 silly fetch manifest builtins@^5.0.0
3441 silly packumentCache full:https://registry.npmjs.org/builtins cache-miss
3442 http fetch GET 200 https://registry.npmjs.org/builtins 245ms (cache revalidated)
3443 silly packumentCache full:https://registry.npmjs.org/builtins set size:35025 disposed:false
3444 silly placeDep node_modules/hosted-git-info lru-cache@7.18.3 OK for: hosted-git-info@5.2.1 want: ^7.5.1
3445 silly placeDep ROOT npm-install-checks@5.0.0 OK for: npm-pick-manifest@7.0.1 want: ^5.0.0
3446 silly placeDep ROOT npm-normalize-package-bin@1.0.1 OK for: npm-pick-manifest@7.0.1 want: ^1.0.1
3447 silly placeDep ROOT ee-first@1.1.1 OK for: on-finished@2.4.1 want: 1.1.1
3448 silly placeDep ROOT define-lazy-prop@2.0.0 OK for: open@8.4.0 want: ^2.0.0
3449 silly placeDep ROOT is-docker@2.2.1 OK for: open@8.4.0 want: ^2.1.1
3450 silly placeDep ROOT is-wsl@2.2.0 OK for: open@8.4.0 want: ^2.2.0
3451 silly placeDep ROOT bl@4.1.0 OK for: ora@5.4.1 want: ^4.1.0
3452 silly placeDep ROOT cli-spinners@2.9.2 OK for: ora@5.4.1 want: ^2.5.0
3453 silly placeDep ROOT is-interactive@1.0.0 OK for: ora@5.4.1 want: ^1.0.0
3454 silly placeDep ROOT is-unicode-supported@0.1.0 OK for: ora@5.4.1 want: ^0.1.0
3455 silly placeDep ROOT log-symbols@4.1.0 OK for: ora@5.4.1 want: ^4.1.0
3456 silly placeDep ROOT wcwidth@1.0.1 OK for: ora@5.4.1 want: ^1.0.1
3457 silly fetch manifest buffer@^5.5.0
3458 silly packumentCache full:https://registry.npmjs.org/buffer cache-miss
3459 silly fetch manifest readable-stream@^3.4.0
3460 silly packumentCache full:https://registry.npmjs.org/readable-stream cache-miss
3461 silly fetch manifest defaults@^1.0.3
3462 silly packumentCache full:https://registry.npmjs.org/defaults cache-miss
3463 http fetch GET 200 https://registry.npmjs.org/readable-stream 21ms (cache revalidated)
3464 silly packumentCache full:https://registry.npmjs.org/readable-stream set size:261096 disposed:false
3465 http fetch GET 200 https://registry.npmjs.org/defaults 28ms (cache revalidated)
3466 silly packumentCache full:https://registry.npmjs.org/defaults set size:18134 disposed:false
3467 http fetch GET 200 https://registry.npmjs.org/buffer 242ms (cache revalidated)
3468 silly packumentCache full:https://registry.npmjs.org/buffer set size:280480 disposed:false
3469 silly placeDep ROOT buffer@5.7.1 OK for: bl@4.1.0 want: ^5.5.0
3470 silly placeDep ROOT readable-stream@3.6.2 OK for: bl@4.1.0 want: ^3.4.0
3471 silly fetch manifest base64-js@^1.3.1
3472 silly packumentCache full:https://registry.npmjs.org/base64-js cache-miss
3473 silly fetch manifest ieee754@^1.1.13
3474 silly packumentCache full:https://registry.npmjs.org/ieee754 cache-miss
3475 silly fetch manifest string_decoder@^1.1.1
3476 silly packumentCache full:https://registry.npmjs.org/string_decoder cache-miss
3477 silly fetch manifest util-deprecate@^1.0.1
3478 silly packumentCache full:https://registry.npmjs.org/util-deprecate cache-miss
3479 http fetch GET 200 https://registry.npmjs.org/base64-js 24ms (cache revalidated)
3480 silly packumentCache full:https://registry.npmjs.org/base64-js set size:41270 disposed:false
3481 http fetch GET 200 https://registry.npmjs.org/ieee754 243ms (cache revalidated)
3482 silly packumentCache full:https://registry.npmjs.org/ieee754 set size:34910 disposed:false
3483 http fetch GET 200 https://registry.npmjs.org/util-deprecate 248ms (cache revalidated)
3484 silly packumentCache full:https://registry.npmjs.org/util-deprecate set size:6674 disposed:false
3485 http fetch GET 200 https://registry.npmjs.org/string_decoder 254ms (cache revalidated)
3486 silly packumentCache full:https://registry.npmjs.org/string_decoder set size:28441 disposed:false
3487 silly placeDep ROOT base64-js@1.5.1 OK for: buffer@5.7.1 want: ^1.3.1
3488 silly placeDep ROOT ieee754@1.2.1 OK for: buffer@5.7.1 want: ^1.1.13
3489 silly placeDep ROOT p-limit@2.3.0 OK for: p-locate@4.1.0 want: ^2.2.0
3490 silly fetch manifest p-try@^2.0.0
3491 silly packumentCache full:https://registry.npmjs.org/p-try cache-miss
3492 http fetch GET 200 https://registry.npmjs.org/p-try 270ms (cache miss)
3493 silly packumentCache full:https://registry.npmjs.org/p-try set size:undefined disposed:false
3494 silly placeDep ROOT p-try@2.2.0 OK for: p-limit@2.3.0 want: ^2.0.0
3495 silly placeDep ROOT aggregate-error@3.1.0 OK for: p-map@4.0.0 want: ^3.0.0
3496 silly fetch manifest clean-stack@^2.0.0
3497 silly packumentCache full:https://registry.npmjs.org/clean-stack cache-miss
3498 silly fetch manifest indent-string@^4.0.0
3499 silly packumentCache full:https://registry.npmjs.org/indent-string cache-miss
3500 http fetch GET 200 https://registry.npmjs.org/indent-string 277ms (cache revalidated)
3501 silly packumentCache full:https://registry.npmjs.org/indent-string set size:28547 disposed:false
3502 http fetch GET 200 https://registry.npmjs.org/clean-stack 736ms (cache revalidated)
3503 silly packumentCache full:https://registry.npmjs.org/clean-stack set size:52858 disposed:false
3504 silly placeDep ROOT clean-stack@2.2.0 OK for: aggregate-error@3.1.0 want: ^2.0.0
3505 silly placeDep ROOT indent-string@4.0.0 OK for: aggregate-error@3.1.0 want: ^4.0.0
3506 silly placeDep ROOT @npmcli/git@3.0.2 OK for: pacote@13.6.2 want: ^3.0.0
3507 silly placeDep ROOT @npmcli/installed-package-contents@1.0.7 OK for: pacote@13.6.2 want: ^1.0.7
3508 silly placeDep ROOT @npmcli/promise-spawn@3.0.0 OK for: pacote@13.6.2 want: ^3.0.0
3509 silly placeDep ROOT @npmcli/run-script@4.2.1 OK for: pacote@13.6.2 want: ^4.1.0
3510 silly placeDep ROOT npm-packlist@5.1.3 OK for: pacote@13.6.2 want: ^5.1.0
3511 silly placeDep ROOT npm-registry-fetch@13.3.1 OK for: pacote@13.6.2 want: ^13.0.1
3512 silly placeDep ROOT promise-retry@2.0.1 OK for: pacote@13.6.2 want: ^2.0.1
3513 silly placeDep ROOT read-package-json@5.0.2 OK for: pacote@13.6.2 want: ^5.0.0
3514 silly placeDep ROOT read-package-json-fast@2.0.3 OK for: pacote@13.6.2 want: ^2.0.3
3515 silly fetch manifest which@^2.0.2
3516 silly packumentCache full:https://registry.npmjs.org/which cache-hit
3517 silly fetch manifest lru-cache@^7.4.4
3518 silly packumentCache full:https://registry.npmjs.org/lru-cache cache-hit
3519 silly fetch manifest npm-bundled@^1.1.1
3520 silly packumentCache full:https://registry.npmjs.org/npm-bundled cache-miss
3521 silly fetch manifest which@^2.0.2
3522 silly packumentCache full:https://registry.npmjs.org/which cache-hit
3523 silly fetch manifest node-gyp@^9.0.0
3524 silly packumentCache full:https://registry.npmjs.org/node-gyp cache-miss
3525 silly fetch manifest @npmcli/node-gyp@^2.0.0
3526 silly packumentCache full:https://registry.npmjs.org/@npmcli%2fnode-gyp cache-miss
3527 silly fetch manifest ignore-walk@^5.0.1
3528 silly packumentCache full:https://registry.npmjs.org/ignore-walk cache-miss
3529 silly fetch manifest npm-bundled@^2.0.0
3530 silly packumentCache full:https://registry.npmjs.org/npm-bundled cache-miss
3531 silly fetch manifest npm-normalize-package-bin@^2.0.0
3532 silly packumentCache full:https://registry.npmjs.org/npm-normalize-package-bin cache-hit
3533 silly fetch manifest minizlib@^2.1.2
3534 silly packumentCache full:https://registry.npmjs.org/minizlib cache-hit
3535 silly fetch manifest minipass-fetch@^2.0.3
3536 silly packumentCache full:https://registry.npmjs.org/minipass-fetch cache-miss
3537 silly fetch manifest make-fetch-happen@^10.0.6
3538 silly packumentCache full:https://registry.npmjs.org/make-fetch-happen cache-miss
3539 silly fetch manifest minipass-json-stream@^1.0.1
3540 silly packumentCache full:https://registry.npmjs.org/minipass-json-stream cache-miss
3541 silly fetch manifest err-code@^2.0.2
3542 silly packumentCache full:https://registry.npmjs.org/err-code cache-miss
3543 silly fetch manifest retry@^0.12.0
3544 silly packumentCache full:https://registry.npmjs.org/retry cache-miss
3545 silly fetch manifest normalize-package-data@^4.0.0
3546 silly packumentCache full:https://registry.npmjs.org/normalize-package-data cache-miss
3547 http fetch GET 200 https://registry.npmjs.org/retry 29ms (cache revalidated)
3548 silly packumentCache full:https://registry.npmjs.org/retry set size:31161 disposed:false
3549 silly fetch manifest json-parse-even-better-errors@^2.3.0
3550 silly packumentCache full:https://registry.npmjs.org/json-parse-even-better-errors cache-hit
3551 http fetch GET 200 https://registry.npmjs.org/node-gyp 41ms (cache revalidated)
3552 silly packumentCache full:https://registry.npmjs.org/node-gyp set size:313224 disposed:false
3553 http fetch GET 200 https://registry.npmjs.org/normalize-package-data 256ms (cache revalidated)
3554 silly packumentCache full:https://registry.npmjs.org/normalize-package-data set size:128484 disposed:false
3555 http fetch GET 200 https://registry.npmjs.org/ignore-walk 261ms (cache revalidated)
3556 silly packumentCache full:https://registry.npmjs.org/ignore-walk set size:68355 disposed:false
3557 http fetch GET 200 https://registry.npmjs.org/minipass-fetch 261ms (cache revalidated)
3558 silly packumentCache full:https://registry.npmjs.org/minipass-fetch set size:100280 disposed:false
3559 http fetch GET 200 https://registry.npmjs.org/minipass-json-stream 264ms (cache revalidated)
3560 silly packumentCache full:https://registry.npmjs.org/minipass-json-stream set size:12838 disposed:false
3561 http fetch GET 200 https://registry.npmjs.org/err-code 264ms (cache revalidated)
3562 silly packumentCache full:https://registry.npmjs.org/err-code set size:29518 disposed:false
3563 http fetch GET 200 https://registry.npmjs.org/npm-bundled 269ms (cache revalidated)
3564 silly packumentCache full:https://registry.npmjs.org/npm-bundled set size:41434 disposed:false
3565 http fetch GET 200 https://registry.npmjs.org/npm-bundled 268ms (cache revalidated)
3566 silly packumentCache full:https://registry.npmjs.org/npm-bundled set size:41434 disposed:false
3567 silly packumentCache full:https://registry.npmjs.org/npm-bundled dispose
3568 http fetch GET 200 https://registry.npmjs.org/make-fetch-happen 266ms (cache revalidated)
3569 silly packumentCache full:https://registry.npmjs.org/make-fetch-happen set size:367671 disposed:false
3570 http fetch GET 200 https://registry.npmjs.org/@npmcli%2fnode-gyp 559ms (cache revalidated)
3571 silly packumentCache full:https://registry.npmjs.org/@npmcli%2fnode-gyp set size:21995 disposed:false
3572 silly placeDep node_modules/@npmcli/git lru-cache@7.18.3 OK for: @npmcli/git@3.0.2 want: ^7.4.4
3573 silly placeDep node_modules/@npmcli/git which@2.0.2 OK for: @npmcli/git@3.0.2 want: ^2.0.2
3574 silly placeDep ROOT npm-bundled@1.1.2 OK for: @npmcli/installed-package-contents@1.0.7 want: ^1.1.1
3575 silly placeDep ROOT @npmcli/node-gyp@2.0.0 OK for: @npmcli/run-script@4.2.1 want: ^2.0.0
3576 silly placeDep ROOT node-gyp@9.4.1 OK for: @npmcli/run-script@4.2.1 want: ^9.0.0
3577 silly placeDep node_modules/@npmcli/run-script which@2.0.2 OK for: @npmcli/run-script@4.2.1 want: ^2.0.2
3578 silly fetch manifest nopt@^6.0.0
3579 silly packumentCache full:https://registry.npmjs.org/nopt cache-miss
3580 silly fetch manifest npmlog@^6.0.0
3581 silly packumentCache full:https://registry.npmjs.org/npmlog cache-miss
3582 silly fetch manifest env-paths@^2.2.0
3583 silly packumentCache full:https://registry.npmjs.org/env-paths cache-miss
3584 silly fetch manifest make-fetch-happen@^10.0.3
3585 silly packumentCache full:https://registry.npmjs.org/make-fetch-happen cache-hit
3586 silly fetch manifest exponential-backoff@^3.1.1
3587 silly packumentCache full:https://registry.npmjs.org/exponential-backoff cache-miss
3588 http fetch GET 200 https://registry.npmjs.org/exponential-backoff 249ms (cache revalidated)
3589 silly packumentCache full:https://registry.npmjs.org/exponential-backoff set size:56105 disposed:false
3590 http fetch GET 200 https://registry.npmjs.org/npmlog 251ms (cache revalidated)
3591 silly packumentCache full:https://registry.npmjs.org/npmlog set size:68119 disposed:false
3592 http fetch GET 200 https://registry.npmjs.org/env-paths 252ms (cache revalidated)
3593 silly packumentCache full:https://registry.npmjs.org/env-paths set size:25456 disposed:false
3594 http fetch GET 200 https://registry.npmjs.org/nopt 257ms (cache revalidated)
3595 silly packumentCache full:https://registry.npmjs.org/nopt set size:71592 disposed:false
3596 silly placeDep ROOT env-paths@2.2.1 OK for: node-gyp@9.4.1 want: ^2.2.0
3597 silly placeDep ROOT exponential-backoff@3.1.3 OK for: node-gyp@9.4.1 want: ^3.1.1
3598 silly placeDep node_modules/node-gyp glob@7.2.3 OK for: node-gyp@9.4.1 want: ^7.1.4
3599 silly placeDep ROOT make-fetch-happen@10.2.1 OK for: node-gyp@9.4.1 want: ^10.0.3
3600 silly placeDep ROOT nopt@6.0.0 OK for: node-gyp@9.4.1 want: ^6.0.0
3601 silly placeDep ROOT npmlog@6.0.2 OK for: node-gyp@9.4.1 want: ^6.0.0
3602 silly placeDep node_modules/node-gyp which@2.0.2 OK for: node-gyp@9.4.1 want: ^2.0.2
3603 silly fetch manifest is-lambda@^1.0.1
3604 silly packumentCache full:https://registry.npmjs.org/is-lambda cache-miss
3605 silly fetch manifest negotiator@^0.6.3
3606 silly packumentCache full:https://registry.npmjs.org/negotiator cache-miss
3607 silly fetch manifest agentkeepalive@^4.2.1
3608 silly packumentCache full:https://registry.npmjs.org/agentkeepalive cache-miss
3609 silly fetch manifest http-proxy-agent@^5.0.0
3610 silly packumentCache full:https://registry.npmjs.org/http-proxy-agent cache-miss
3611 silly fetch manifest socks-proxy-agent@^7.0.0
3612 silly packumentCache full:https://registry.npmjs.org/socks-proxy-agent cache-miss
3613 silly fetch manifest http-cache-semantics@^4.1.0
3614 silly packumentCache full:https://registry.npmjs.org/http-cache-semantics cache-miss
3615 silly fetch manifest abbrev@^1.0.0
3616 silly packumentCache full:https://registry.npmjs.org/abbrev cache-miss
3617 silly fetch manifest gauge@^4.0.3
3618 silly packumentCache full:https://registry.npmjs.org/gauge cache-miss
3619 silly fetch manifest set-blocking@^2.0.0
3620 silly packumentCache full:https://registry.npmjs.org/set-blocking cache-miss
3621 silly fetch manifest are-we-there-yet@^3.0.0
3622 silly packumentCache full:https://registry.npmjs.org/are-we-there-yet cache-miss
3623 silly fetch manifest console-control-strings@^1.1.0
3624 silly packumentCache full:https://registry.npmjs.org/console-control-strings cache-miss
3625 http fetch GET 200 https://registry.npmjs.org/negotiator 28ms (cache revalidated)
3626 silly packumentCache full:https://registry.npmjs.org/negotiator set size:48046 disposed:false
3627 http fetch GET 200 https://registry.npmjs.org/are-we-there-yet 236ms (cache revalidated)
3628 silly packumentCache full:https://registry.npmjs.org/are-we-there-yet set size:52315 disposed:false
3629 http fetch GET 200 https://registry.npmjs.org/agentkeepalive 241ms (cache revalidated)
3630 silly packumentCache full:https://registry.npmjs.org/agentkeepalive set size:139473 disposed:false
3631 http fetch GET 200 https://registry.npmjs.org/console-control-strings 244ms (cache revalidated)
3632 silly packumentCache full:https://registry.npmjs.org/console-control-strings set size:9235 disposed:false
3633 http fetch GET 200 https://registry.npmjs.org/is-lambda 249ms (cache revalidated)
3634 silly packumentCache full:https://registry.npmjs.org/is-lambda set size:4411 disposed:false
3635 http fetch GET 200 https://registry.npmjs.org/http-cache-semantics 251ms (cache revalidated)
3636 silly packumentCache full:https://registry.npmjs.org/http-cache-semantics set size:66288 disposed:false
3637 http fetch GET 200 https://registry.npmjs.org/socks-proxy-agent 255ms (cache revalidated)
3638 silly packumentCache full:https://registry.npmjs.org/socks-proxy-agent set size:96838 disposed:false
3639 http fetch GET 200 https://registry.npmjs.org/gauge 256ms (cache revalidated)
3640 silly packumentCache full:https://registry.npmjs.org/gauge set size:101042 disposed:false
3641 http fetch GET 200 https://registry.npmjs.org/http-proxy-agent 263ms (cache revalidated)
3642 silly packumentCache full:https://registry.npmjs.org/http-proxy-agent set size:50096 disposed:false
3643 http fetch GET 200 https://registry.npmjs.org/set-blocking 262ms (cache revalidated)
3644 silly packumentCache full:https://registry.npmjs.org/set-blocking set size:5763 disposed:false
3645 http fetch GET 200 https://registry.npmjs.org/abbrev 676ms (cache revalidated)
3646 silly packumentCache full:https://registry.npmjs.org/abbrev set size:21777 disposed:false
3647 silly placeDep ROOT agentkeepalive@4.6.0 OK for: make-fetch-happen@10.2.1 want: ^4.2.1
3648 silly placeDep ROOT http-cache-semantics@4.2.0 OK for: make-fetch-happen@10.2.1 want: ^4.1.0
3649 silly placeDep ROOT http-proxy-agent@5.0.0 OK for: make-fetch-happen@10.2.1 want: ^5.0.0
3650 silly placeDep ROOT is-lambda@1.0.1 OK for: make-fetch-happen@10.2.1 want: ^1.0.1
3651 silly placeDep node_modules/make-fetch-happen lru-cache@7.18.3 OK for: make-fetch-happen@10.2.1 want: ^7.7.1
3652 silly placeDep ROOT minipass-fetch@2.1.2 OK for: make-fetch-happen@10.2.1 want: ^2.0.3
3653 silly placeDep ROOT negotiator@0.6.4 OK for: make-fetch-happen@10.2.1 want: ^0.6.3
3654 silly placeDep ROOT socks-proxy-agent@7.0.0 OK for: make-fetch-happen@10.2.1 want: ^7.0.0
3655 silly fetch manifest humanize-ms@^1.2.1
3656 silly packumentCache full:https://registry.npmjs.org/humanize-ms cache-miss
3657 silly fetch manifest @tootallnate/once@2
3658 silly packumentCache full:https://registry.npmjs.org/@tootallnate%2fonce cache-miss
3659 silly fetch manifest minipass-sized@^1.0.3
3660 silly packumentCache full:https://registry.npmjs.org/minipass-sized cache-miss
3661 silly fetch manifest encoding@^0.1.13
3662 silly packumentCache full:https://registry.npmjs.org/encoding cache-miss
3663 silly fetch manifest socks@^2.6.2
3664 silly packumentCache full:https://registry.npmjs.org/socks cache-miss
3665 http fetch GET 200 https://registry.npmjs.org/encoding 239ms (cache revalidated)
3666 silly packumentCache full:https://registry.npmjs.org/encoding set size:17833 disposed:false
3667 http fetch GET 200 https://registry.npmjs.org/humanize-ms 241ms (cache revalidated)
3668 silly packumentCache full:https://registry.npmjs.org/humanize-ms set size:12275 disposed:false
3669 http fetch GET 200 https://registry.npmjs.org/minipass-sized 251ms (cache revalidated)
3670 silly packumentCache full:https://registry.npmjs.org/minipass-sized set size:14420 disposed:false
3671 http fetch GET 200 https://registry.npmjs.org/socks 251ms (cache revalidated)
3672 silly packumentCache full:https://registry.npmjs.org/socks set size:168523 disposed:false
3673 http fetch GET 200 https://registry.npmjs.org/@tootallnate%2fonce 549ms (cache revalidated)
3674 silly packumentCache full:https://registry.npmjs.org/@tootallnate%2fonce set size:19864 disposed:false
3675 silly placeDep ROOT humanize-ms@1.2.1 OK for: agentkeepalive@4.6.0 want: ^1.2.1
3676 silly placeDep ROOT @tootallnate/once@2.0.0 OK for: http-proxy-agent@5.0.0 want: 2
3677 silly placeDep ROOT encoding@0.1.13 OK for: minipass-fetch@2.1.2 want: ^0.1.13
3678 silly placeDep ROOT minipass-sized@1.0.3 OK for: minipass-fetch@2.1.2 want: ^1.0.3
3679 silly placeDep ROOT minizlib@2.1.2 OK for: minipass-fetch@2.1.2 want: ^2.1.2
3680 silly fetch manifest iconv-lite@^0.6.2
3681 silly packumentCache full:https://registry.npmjs.org/iconv-lite cache-hit
3682 silly placeDep node_modules/encoding iconv-lite@0.6.3 OK for: encoding@0.1.13 want: ^0.6.2
3683 silly placeDep node_modules/minizlib yallist@4.0.0 OK for: minizlib@2.1.2 want: ^4.0.0
3684 silly placeDep ROOT abbrev@1.1.1 OK for: nopt@6.0.0 want: ^1.0.0
3685 silly placeDep ROOT ignore-walk@5.0.1 OK for: npm-packlist@5.1.3 want: ^5.0.1
3686 silly placeDep node_modules/npm-packlist npm-bundled@2.0.1 OK for: npm-packlist@5.1.3 want: ^2.0.0
3687 silly placeDep node_modules/npm-packlist npm-normalize-package-bin@2.0.0 OK for: npm-packlist@5.1.3 want: ^2.0.0
3688 silly placeDep ROOT minipass-json-stream@1.0.2 OK for: npm-registry-fetch@13.3.1 want: ^1.0.1
3689 silly fetch manifest jsonparse@^1.3.1
3690 silly packumentCache full:https://registry.npmjs.org/jsonparse cache-miss
3691 http fetch GET 200 https://registry.npmjs.org/jsonparse 705ms (cache revalidated)
3692 silly packumentCache full:https://registry.npmjs.org/jsonparse set size:15932 disposed:false
3693 silly placeDep ROOT jsonparse@1.3.1 OK for: minipass-json-stream@1.0.2 want: ^1.3.1
3694 silly placeDep ROOT are-we-there-yet@3.0.1 OK for: npmlog@6.0.2 want: ^3.0.0
3695 silly placeDep ROOT console-control-strings@1.1.0 OK for: npmlog@6.0.2 want: ^1.1.0
3696 silly placeDep ROOT gauge@4.0.4 OK for: npmlog@6.0.2 want: ^4.0.3
3697 silly placeDep ROOT set-blocking@2.0.0 OK for: npmlog@6.0.2 want: ^2.0.0
3698 silly fetch manifest delegates@^1.0.0
3699 silly packumentCache full:https://registry.npmjs.org/delegates cache-miss
3700 silly fetch manifest aproba@^1.0.3 || ^2.0.0
3701 silly packumentCache full:https://registry.npmjs.org/aproba cache-miss
3702 silly fetch manifest wide-align@^1.1.5
3703 silly packumentCache full:https://registry.npmjs.org/wide-align cache-miss
3704 silly fetch manifest has-unicode@^2.0.1
3705 silly packumentCache full:https://registry.npmjs.org/has-unicode cache-miss
3706 silly fetch manifest signal-exit@^3.0.7
3707 silly packumentCache full:https://registry.npmjs.org/signal-exit cache-hit
3708 silly fetch manifest color-support@^1.1.3
3709 silly packumentCache full:https://registry.npmjs.org/color-support cache-miss
3710 http fetch GET 200 https://registry.npmjs.org/delegates 245ms (cache revalidated)
3711 silly packumentCache full:https://registry.npmjs.org/delegates set size:8916 disposed:false
3712 http fetch GET 200 https://registry.npmjs.org/has-unicode 244ms (cache revalidated)
3713 silly packumentCache full:https://registry.npmjs.org/has-unicode set size:7567 disposed:false
3714 http fetch GET 200 https://registry.npmjs.org/aproba 247ms (cache revalidated)
3715 silly packumentCache full:https://registry.npmjs.org/aproba set size:20300 disposed:false
3716 http fetch GET 200 https://registry.npmjs.org/wide-align 253ms (cache revalidated)
3717 silly packumentCache full:https://registry.npmjs.org/wide-align set size:16598 disposed:false
3718 http fetch GET 200 https://registry.npmjs.org/color-support 666ms (cache revalidated)
3719 silly packumentCache full:https://registry.npmjs.org/color-support set size:13824 disposed:false
3720 silly placeDep ROOT delegates@1.0.0 OK for: are-we-there-yet@3.0.1 want: ^1.0.0
3721 silly placeDep ROOT aproba@2.1.0 OK for: gauge@4.0.4 want: ^1.0.3 || ^2.0.0
3722 silly placeDep ROOT color-support@1.1.3 OK for: gauge@4.0.4 want: ^1.1.3
3723 silly placeDep ROOT has-unicode@2.0.1 OK for: gauge@4.0.4 want: ^2.0.1
3724 silly placeDep ROOT signal-exit@3.0.7 OK for: gauge@4.0.4 want: ^3.0.7
3725 silly placeDep ROOT wide-align@1.1.5 OK for: gauge@4.0.4 want: ^1.1.5
3726 silly placeDep ROOT parse5-sax-parser@6.0.1 OK for: parse5-html-rewriting-stream@6.0.1 want: ^6.0.1
3727 silly placeDep ROOT eventemitter-asyncresource@1.0.0 OK for: piscina@3.2.0 want: ^1.0.0
3728 silly placeDep ROOT hdr-histogram-js@2.0.3 OK for: piscina@3.2.0 want: ^2.0.1
3729 silly placeDep ROOT hdr-histogram-percentiles-obj@3.0.0 OK for: piscina@3.2.0 want: ^3.0.0
3730 silly placeDep ROOT nice-napi@1.0.2 OK for: piscina@3.2.0 want: ^1.0.2
3731 silly fetch manifest pako@^1.0.3
3732 silly packumentCache full:https://registry.npmjs.org/pako cache-miss
3733 silly fetch manifest @assemblyscript/loader@^0.10.1
3734 silly packumentCache full:https://registry.npmjs.org/@assemblyscript%2floader cache-miss
3735 silly fetch manifest node-addon-api@^3.0.0
3736 silly packumentCache full:https://registry.npmjs.org/node-addon-api cache-miss
3737 silly fetch manifest node-gyp-build@^4.2.2
3738 silly packumentCache full:https://registry.npmjs.org/node-gyp-build cache-miss
3739 http fetch GET 200 https://registry.npmjs.org/node-addon-api 248ms (cache miss)
3740 silly packumentCache full:https://registry.npmjs.org/node-addon-api set size:undefined disposed:false
3741 http fetch GET 200 https://registry.npmjs.org/pako 253ms (cache miss)
3742 silly packumentCache full:https://registry.npmjs.org/pako set size:undefined disposed:false
3743 http fetch GET 200 https://registry.npmjs.org/node-gyp-build 257ms (cache miss)
3744 silly packumentCache full:https://registry.npmjs.org/node-gyp-build set size:undefined disposed:false
3745 http fetch GET 200 https://registry.npmjs.org/@assemblyscript%2floader 545ms (cache miss)
3746 silly packumentCache full:https://registry.npmjs.org/@assemblyscript%2floader set size:undefined disposed:false
3747 silly placeDep ROOT @assemblyscript/loader@0.10.1 OK for: hdr-histogram-js@2.0.3 want: ^0.10.1
3748 silly placeDep ROOT pako@1.0.11 OK for: hdr-histogram-js@2.0.3 want: ^1.0.3
3749 silly placeDep ROOT node-addon-api@3.2.1 OK for: nice-napi@1.0.2 want: ^3.0.0
3750 silly placeDep ROOT node-gyp-build@4.8.4 OK for: nice-napi@1.0.2 want: ^4.2.2
3751 silly placeDep ROOT nanoid@3.3.11 OK for: postcss@8.4.31 want: ^3.3.6
3752 silly placeDep ROOT source-map-js@1.2.1 OK for: postcss@8.4.31 want: ^1.0.2
3753 silly placeDep ROOT read-cache@1.0.0 OK for: postcss-import@15.0.0 want: ^1.0.0
3754 silly fetch manifest pify@^2.3.0
3755 silly packumentCache full:https://registry.npmjs.org/pify cache-hit
3756 silly placeDep ROOT cosmiconfig@7.1.0 OK for: postcss-loader@7.0.1 want: ^7.0.0
3757 silly fetch manifest @types/parse-json@^4.0.0
3758 silly packumentCache full:https://registry.npmjs.org/@types%2fparse-json cache-miss
3759 silly fetch manifest import-fresh@^3.2.1
3760 silly packumentCache full:https://registry.npmjs.org/import-fresh cache-miss
3761 silly fetch manifest parse-json@^5.0.0
3762 silly packumentCache full:https://registry.npmjs.org/parse-json cache-miss
3763 silly fetch manifest yaml@^1.10.0
3764 silly packumentCache full:https://registry.npmjs.org/yaml cache-miss
3765 http fetch GET 200 https://registry.npmjs.org/@types%2fparse-json 2ms (cache hit)
3766 silly packumentCache full:https://registry.npmjs.org/@types%2fparse-json set size:6477 disposed:false
3767 http fetch GET 200 https://registry.npmjs.org/import-fresh 3ms (cache hit)
3768 silly packumentCache full:https://registry.npmjs.org/import-fresh set size:21461 disposed:false
3769 http fetch GET 200 https://registry.npmjs.org/parse-json 4ms (cache hit)
3770 silly packumentCache full:https://registry.npmjs.org/parse-json set size:48198 disposed:false
3771 http fetch GET 200 https://registry.npmjs.org/yaml 5ms (cache hit)
3772 silly packumentCache full:https://registry.npmjs.org/yaml set size:364997 disposed:false
3773 silly placeDep ROOT @types/parse-json@4.0.2 OK for: cosmiconfig@7.1.0 want: ^4.0.0
3774 silly placeDep ROOT import-fresh@3.3.1 OK for: cosmiconfig@7.1.0 want: ^3.2.1
3775 silly placeDep ROOT parse-json@5.2.0 OK for: cosmiconfig@7.1.0 want: ^5.0.0
3776 silly placeDep ROOT yaml@1.10.2 OK for: cosmiconfig@7.1.0 want: ^1.10.0
3777 silly fetch manifest parent-module@^1.0.0
3778 silly packumentCache full:https://registry.npmjs.org/parent-module cache-miss
3779 silly fetch manifest resolve-from@^4.0.0
3780 silly packumentCache full:https://registry.npmjs.org/resolve-from cache-hit
3781 silly fetch manifest error-ex@^1.3.1
3782 silly packumentCache full:https://registry.npmjs.org/error-ex cache-miss
3783 silly fetch manifest lines-and-columns@^1.1.6
3784 silly packumentCache full:https://registry.npmjs.org/lines-and-columns cache-miss
3785 http fetch GET 200 https://registry.npmjs.org/error-ex 4ms (cache hit)
3786 silly packumentCache full:https://registry.npmjs.org/error-ex set size:31684 disposed:false
3787 http fetch GET 200 https://registry.npmjs.org/parent-module 4ms (cache hit)
3788 silly packumentCache full:https://registry.npmjs.org/parent-module set size:18255 disposed:false
3789 http fetch GET 200 https://registry.npmjs.org/lines-and-columns 3ms (cache hit)
3790 silly packumentCache full:https://registry.npmjs.org/lines-and-columns set size:73796 disposed:false
3791 silly placeDep ROOT parent-module@1.0.1 OK for: import-fresh@3.3.1 want: ^1.0.0
3792 silly placeDep node_modules/import-fresh resolve-from@4.0.0 OK for: import-fresh@3.3.1 want: ^4.0.0
3793 silly fetch manifest callsites@^3.0.0
3794 silly packumentCache full:https://registry.npmjs.org/callsites cache-miss
3795 http fetch GET 200 https://registry.npmjs.org/callsites 1ms (cache hit)
3796 silly packumentCache full:https://registry.npmjs.org/callsites set size:21349 disposed:false
3797 silly placeDep ROOT callsites@3.1.0 OK for: parent-module@1.0.1 want: ^3.0.0
3798 silly placeDep ROOT error-ex@1.3.4 OK for: parse-json@5.2.0 want: ^1.3.1
3799 silly placeDep ROOT json-parse-even-better-errors@2.3.1 OK for: parse-json@5.2.0 want: ^2.3.0
3800 silly placeDep ROOT lines-and-columns@1.2.4 OK for: parse-json@5.2.0 want: ^1.1.6
3801 silly fetch manifest is-arrayish@^0.2.1
3802 silly packumentCache full:https://registry.npmjs.org/is-arrayish cache-miss
3803 http fetch GET 200 https://registry.npmjs.org/is-arrayish 1ms (cache hit)
3804 silly packumentCache full:https://registry.npmjs.org/is-arrayish set size:15371 disposed:false
3805 silly placeDep ROOT is-arrayish@0.2.1 OK for: error-ex@1.3.4 want: ^0.2.1
3806 silly placeDep ROOT postcss-selector-parser@7.1.1 OK for: postcss-modules-local-by-default@4.2.0 want: ^7.0.0
3807 silly fetch manifest cssesc@^3.0.0
3808 silly packumentCache full:https://registry.npmjs.org/cssesc cache-miss
3809 silly fetch manifest util-deprecate@^1.0.2
3810 silly packumentCache full:https://registry.npmjs.org/util-deprecate cache-hit
3811 http fetch GET 200 https://registry.npmjs.org/cssesc 1ms (cache hit)
3812 silly packumentCache full:https://registry.npmjs.org/cssesc set size:18815 disposed:false
3813 silly fetch manifest postcss@^8.2
3814 silly packumentCache full:https://registry.npmjs.org/postcss cache-hit
3815 silly placeDep ROOT @csstools/postcss-cascade-layers@1.1.1 OK for: postcss-preset-env@7.8.0 want: ^1.0.5
3816 silly placeDep ROOT @csstools/postcss-color-function@1.1.1 OK for: postcss-preset-env@7.8.0 want: ^1.1.1
3817 silly placeDep ROOT @csstools/postcss-font-format-keywords@1.0.1 OK for: postcss-preset-env@7.8.0 want: ^1.0.1
3818 silly placeDep ROOT @csstools/postcss-hwb-function@1.0.2 OK for: postcss-preset-env@7.8.0 want: ^1.0.2
3819 silly placeDep ROOT @csstools/postcss-ic-unit@1.0.1 OK for: postcss-preset-env@7.8.0 want: ^1.0.1
3820 silly placeDep ROOT @csstools/postcss-is-pseudo-class@2.0.7 OK for: postcss-preset-env@7.8.0 want: ^2.0.7
3821 silly placeDep ROOT @csstools/postcss-nested-calc@1.0.0 OK for: postcss-preset-env@7.8.0 want: ^1.0.0
3822 silly placeDep ROOT @csstools/postcss-normalize-display-values@1.0.1 OK for: postcss-preset-env@7.8.0 want: ^1.0.1
3823 silly placeDep ROOT @csstools/postcss-oklab-function@1.1.1 OK for: postcss-preset-env@7.8.0 want: ^1.1.1
3824 silly placeDep ROOT @csstools/postcss-progressive-custom-properties@1.3.0 OK for: postcss-preset-env@7.8.0 want: ^1.3.0
3825 silly placeDep ROOT @csstools/postcss-stepped-value-functions@1.0.1 OK for: postcss-preset-env@7.8.0 want: ^1.0.1
3826 silly placeDep ROOT @csstools/postcss-text-decoration-shorthand@1.0.0 OK for: postcss-preset-env@7.8.0 want: ^1.0.0
3827 silly placeDep ROOT @csstools/postcss-trigonometric-functions@1.0.2 OK for: postcss-preset-env@7.8.0 want: ^1.0.2
3828 silly placeDep ROOT @csstools/postcss-unset-value@1.0.2 OK for: postcss-preset-env@7.8.0 want: ^1.0.2
3829 silly placeDep ROOT autoprefixer@10.4.23 OK for: postcss-preset-env@7.8.0 want: ^10.4.8
3830 silly placeDep ROOT css-blank-pseudo@3.0.3 OK for: postcss-preset-env@7.8.0 want: ^3.0.3
3831 silly placeDep ROOT css-has-pseudo@3.0.4 OK for: postcss-preset-env@7.8.0 want: ^3.0.4
3832 silly placeDep ROOT css-prefers-color-scheme@6.0.3 OK for: postcss-preset-env@7.8.0 want: ^6.0.3
3833 silly placeDep ROOT cssdb@7.11.2 OK for: postcss-preset-env@7.8.0 want: ^7.0.0
3834 silly placeDep ROOT postcss-attribute-case-insensitive@5.0.2 OK for: postcss-preset-env@7.8.0 want: ^5.0.2
3835 silly placeDep ROOT postcss-clamp@4.1.0 OK for: postcss-preset-env@7.8.0 want: ^4.1.0
3836 silly placeDep ROOT postcss-color-functional-notation@4.2.4 OK for: postcss-preset-env@7.8.0 want: ^4.2.4
3837 silly placeDep ROOT postcss-color-hex-alpha@8.0.4 OK for: postcss-preset-env@7.8.0 want: ^8.0.4
3838 silly placeDep ROOT postcss-color-rebeccapurple@7.1.1 OK for: postcss-preset-env@7.8.0 want: ^7.1.1
3839 silly placeDep ROOT postcss-custom-media@8.0.2 OK for: postcss-preset-env@7.8.0 want: ^8.0.2
3840 silly placeDep ROOT postcss-custom-properties@12.1.11 OK for: postcss-preset-env@7.8.0 want: ^12.1.8
3841 silly placeDep ROOT postcss-custom-selectors@6.0.3 OK for: postcss-preset-env@7.8.0 want: ^6.0.3
3842 silly placeDep ROOT postcss-dir-pseudo-class@6.0.5 OK for: postcss-preset-env@7.8.0 want: ^6.0.5
3843 silly placeDep ROOT postcss-double-position-gradients@3.1.2 OK for: postcss-preset-env@7.8.0 want: ^3.1.2
3844 silly placeDep ROOT postcss-env-function@4.0.6 OK for: postcss-preset-env@7.8.0 want: ^4.0.6
3845 silly placeDep ROOT postcss-focus-visible@6.0.4 OK for: postcss-preset-env@7.8.0 want: ^6.0.4
3846 silly placeDep ROOT postcss-focus-within@5.0.4 OK for: postcss-preset-env@7.8.0 want: ^5.0.4
3847 silly placeDep ROOT postcss-font-variant@5.0.0 OK for: postcss-preset-env@7.8.0 want: ^5.0.0
3848 silly placeDep ROOT postcss-gap-properties@3.0.5 OK for: postcss-preset-env@7.8.0 want: ^3.0.5
3849 silly placeDep ROOT postcss-image-set-function@4.0.7 OK for: postcss-preset-env@7.8.0 want: ^4.0.7
3850 silly placeDep ROOT postcss-initial@4.0.1 OK for: postcss-preset-env@7.8.0 want: ^4.0.1
3851 silly placeDep ROOT postcss-lab-function@4.2.1 OK for: postcss-preset-env@7.8.0 want: ^4.2.1
3852 silly placeDep ROOT postcss-logical@5.0.4 OK for: postcss-preset-env@7.8.0 want: ^5.0.4
3853 silly placeDep ROOT postcss-media-minmax@5.0.0 OK for: postcss-preset-env@7.8.0 want: ^5.0.0
3854 silly placeDep ROOT postcss-nesting@10.2.0 OK for: postcss-preset-env@7.8.0 want: ^10.1.10
3855 silly placeDep ROOT postcss-opacity-percentage@1.1.3 OK for: postcss-preset-env@7.8.0 want: ^1.1.2
3856 silly placeDep ROOT postcss-overflow-shorthand@3.0.4 OK for: postcss-preset-env@7.8.0 want: ^3.0.4
3857 silly placeDep ROOT postcss-page-break@3.0.4 OK for: postcss-preset-env@7.8.0 want: ^3.0.4
3858 silly placeDep ROOT postcss-place@7.0.5 OK for: postcss-preset-env@7.8.0 want: ^7.0.5
3859 silly placeDep ROOT postcss-pseudo-class-any-link@7.1.6 OK for: postcss-preset-env@7.8.0 want: ^7.1.6
3860 silly placeDep ROOT postcss-replace-overflow-wrap@4.0.0 OK for: postcss-preset-env@7.8.0 want: ^4.0.0
3861 silly placeDep ROOT postcss-selector-not@6.0.1 OK for: postcss-preset-env@7.8.0 want: ^6.0.1
3862 silly fetch manifest postcss-selector-parser@^6.0.10
3863 silly packumentCache full:https://registry.npmjs.org/postcss-selector-parser cache-hit
3864 silly fetch manifest @csstools/selector-specificity@^2.0.2
3865 silly packumentCache full:https://registry.npmjs.org/@csstools%2fselector-specificity cache-miss
3866 silly fetch manifest @csstools/postcss-progressive-custom-properties@^1.1.0
3867 silly packumentCache full:https://registry.npmjs.org/@csstools%2fpostcss-progressive-custom-properties cache-hit
3868 silly fetch manifest @csstools/postcss-progressive-custom-properties@^1.1.0
3869 silly packumentCache full:https://registry.npmjs.org/@csstools%2fpostcss-progressive-custom-properties cache-hit
3870 silly fetch manifest postcss-selector-parser@^6.0.10
3871 silly packumentCache full:https://registry.npmjs.org/postcss-selector-parser cache-hit
3872 silly fetch manifest @csstools/selector-specificity@^2.0.0
3873 silly packumentCache full:https://registry.npmjs.org/@csstools%2fselector-specificity cache-miss
3874 silly fetch manifest @csstools/postcss-progressive-custom-properties@^1.1.0
3875 silly packumentCache full:https://registry.npmjs.org/@csstools%2fpostcss-progressive-custom-properties cache-hit
3876 silly fetch manifest fraction.js@^5.3.4
3877 silly packumentCache full:https://registry.npmjs.org/fraction.js cache-miss
3878 silly fetch manifest postcss-selector-parser@^6.0.9
3879 silly packumentCache full:https://registry.npmjs.org/postcss-selector-parser cache-hit
3880 silly fetch manifest postcss-selector-parser@^6.0.9
3881 silly packumentCache full:https://registry.npmjs.org/postcss-selector-parser cache-hit
3882 silly fetch manifest postcss-selector-parser@^6.0.10
3883 silly packumentCache full:https://registry.npmjs.org/postcss-selector-parser cache-hit
3884 silly fetch manifest postcss-selector-parser@^6.0.4
3885 silly packumentCache full:https://registry.npmjs.org/postcss-selector-parser cache-hit
3886 silly fetch manifest @csstools/selector-specificity@^2.0.0
3887 silly packumentCache full:https://registry.npmjs.org/@csstools%2fselector-specificity cache-miss
3888 http fetch GET 200 https://registry.npmjs.org/fraction.js 7ms (cache hit)
3889 silly packumentCache full:https://registry.npmjs.org/fraction.js set size:149386 disposed:false
3890 http fetch GET 200 https://registry.npmjs.org/@csstools%2fselector-specificity 9ms (cache hit)
3891 silly packumentCache full:https://registry.npmjs.org/@csstools%2fselector-specificity set size:51031 disposed:false
3892 http fetch GET 200 https://registry.npmjs.org/@csstools%2fselector-specificity 7ms (cache hit)
3893 silly packumentCache full:https://registry.npmjs.org/@csstools%2fselector-specificity set size:51031 disposed:false
3894 silly packumentCache full:https://registry.npmjs.org/@csstools%2fselector-specificity dispose
3895 http fetch GET 200 https://registry.npmjs.org/@csstools%2fselector-specificity 11ms (cache hit)
3896 silly packumentCache full:https://registry.npmjs.org/@csstools%2fselector-specificity set size:51031 disposed:true
3897 silly packumentCache full:https://registry.npmjs.org/@csstools%2fselector-specificity dispose
3898 silly placeDep node_modules/@csstools/postcss-cascade-layers @csstools/selector-specificity@2.2.0 OK for: @csstools/postcss-cascade-layers@1.1.1 want: ^2.0.2
3899 silly placeDep node_modules/@csstools/postcss-cascade-layers postcss-selector-parser@6.1.2 OK for: @csstools/selector-specificity@2.2.0 want: ^6.0.10
3900 silly placeDep node_modules/@csstools/postcss-is-pseudo-class @csstools/selector-specificity@2.2.0 OK for: @csstools/postcss-is-pseudo-class@2.0.7 want: ^2.0.0
3901 silly placeDep node_modules/@csstools/postcss-is-pseudo-class postcss-selector-parser@6.1.2 OK for: @csstools/selector-specificity@2.2.0 want: ^6.0.10
3902 silly placeDep ROOT fraction.js@5.3.4 OK for: autoprefixer@10.4.23 want: ^5.3.4
3903 silly placeDep node_modules/css-blank-pseudo postcss-selector-parser@6.1.2 OK for: css-blank-pseudo@3.0.3 want: ^6.0.9
3904 silly placeDep node_modules/css-has-pseudo postcss-selector-parser@6.1.2 OK for: css-has-pseudo@3.0.4 want: ^6.0.9
3905 silly placeDep node_modules/postcss-attribute-case-insensitive postcss-selector-parser@6.1.2 OK for: postcss-attribute-case-insensitive@5.0.2 want: ^6.0.10
3906 silly placeDep node_modules/postcss-custom-selectors postcss-selector-parser@6.1.2 OK for: postcss-custom-selectors@6.0.3 want: ^6.0.4
3907 silly placeDep node_modules/postcss-dir-pseudo-class postcss-selector-parser@6.1.2 OK for: postcss-dir-pseudo-class@6.0.5 want: ^6.0.10
3908 silly placeDep node_modules/postcss-focus-visible postcss-selector-parser@6.1.2 OK for: postcss-focus-visible@6.0.4 want: ^6.0.9
3909 silly placeDep node_modules/postcss-focus-within postcss-selector-parser@6.1.2 OK for: postcss-focus-within@5.0.4 want: ^6.0.9
3910 silly placeDep node_modules/postcss-nesting @csstools/selector-specificity@2.2.0 OK for: postcss-nesting@10.2.0 want: ^2.0.0
3911 silly placeDep node_modules/postcss-nesting postcss-selector-parser@6.1.2 OK for: @csstools/selector-specificity@2.2.0 want: ^6.0.10
3912 silly placeDep node_modules/postcss-pseudo-class-any-link postcss-selector-parser@6.1.2 OK for: postcss-pseudo-class-any-link@7.1.6 want: ^6.0.10
3913 silly placeDep node_modules/postcss-selector-not postcss-selector-parser@6.1.2 OK for: postcss-selector-not@6.0.1 want: ^6.0.10
3914 silly placeDep ROOT cssesc@3.0.0 OK for: postcss-selector-parser@7.1.1 want: ^3.0.0
3915 silly placeDep ROOT util-deprecate@1.0.2 OK for: postcss-selector-parser@7.1.1 want: ^1.0.2
3916 silly placeDep ROOT err-code@2.0.3 OK for: promise-retry@2.0.1 want: ^2.0.2
3917 silly placeDep ROOT retry@0.12.0 OK for: promise-retry@2.0.1 want: ^0.12.0
3918 silly placeDep ROOT side-channel@1.1.0 OK for: qs@6.14.1 want: ^1.1.0
3919 silly fetch manifest object-inspect@^1.13.3
3920 silly packumentCache full:https://registry.npmjs.org/object-inspect cache-miss
3921 silly fetch manifest side-channel-list@^1.0.0
3922 silly packumentCache full:https://registry.npmjs.org/side-channel-list cache-miss
3923 silly fetch manifest side-channel-map@^1.0.1
3924 silly packumentCache full:https://registry.npmjs.org/side-channel-map cache-miss
3925 silly fetch manifest side-channel-weakmap@^1.0.2
3926 silly packumentCache full:https://registry.npmjs.org/side-channel-weakmap cache-miss
3927 http fetch GET 200 https://registry.npmjs.org/side-channel-list 29ms (cache miss)
3928 silly packumentCache full:https://registry.npmjs.org/side-channel-list set size:undefined disposed:false
3929 http fetch GET 200 https://registry.npmjs.org/side-channel-map 31ms (cache miss)
3930 silly packumentCache full:https://registry.npmjs.org/side-channel-map set size:undefined disposed:false
3931 http fetch GET 200 https://registry.npmjs.org/side-channel-weakmap 31ms (cache miss)
3932 silly packumentCache full:https://registry.npmjs.org/side-channel-weakmap set size:undefined disposed:false
3933 http fetch GET 200 https://registry.npmjs.org/object-inspect 33ms (cache miss)
3934 silly packumentCache full:https://registry.npmjs.org/object-inspect set size:undefined disposed:false
3935 silly placeDep ROOT pify@2.3.0 OK for: read-cache@1.0.0 want: ^2.3.0
3936 silly placeDep ROOT normalize-package-data@4.0.1 OK for: read-package-json@5.0.2 want: ^4.0.0
3937 silly placeDep node_modules/read-package-json npm-normalize-package-bin@2.0.0 OK for: read-package-json@5.0.2 want: ^2.0.0
3938 silly fetch manifest is-core-module@^2.8.1
3939 silly packumentCache full:https://registry.npmjs.org/is-core-module cache-hit
3940 silly fetch manifest validate-npm-package-license@^3.0.4
3941 silly packumentCache full:https://registry.npmjs.org/validate-npm-package-license cache-miss
3942 http fetch GET 200 https://registry.npmjs.org/validate-npm-package-license 256ms (cache revalidated)
3943 silly packumentCache full:https://registry.npmjs.org/validate-npm-package-license set size:21821 disposed:false
3944 silly placeDep ROOT is-core-module@2.16.1 OK for: normalize-package-data@4.0.1 want: ^2.8.1
3945 silly placeDep ROOT validate-npm-package-license@3.0.4 OK for: normalize-package-data@4.0.1 want: ^3.0.4
3946 silly fetch manifest spdx-correct@^3.0.0
3947 silly packumentCache full:https://registry.npmjs.org/spdx-correct cache-miss
3948 silly fetch manifest spdx-expression-parse@^3.0.0
3949 silly packumentCache full:https://registry.npmjs.org/spdx-expression-parse cache-miss
3950 http fetch GET 200 https://registry.npmjs.org/spdx-correct 250ms (cache revalidated)
3951 silly packumentCache full:https://registry.npmjs.org/spdx-correct set size:38642 disposed:false
3952 http fetch GET 200 https://registry.npmjs.org/spdx-expression-parse 255ms (cache revalidated)
3953 silly packumentCache full:https://registry.npmjs.org/spdx-expression-parse set size:29500 disposed:false
3954 silly placeDep ROOT string_decoder@1.3.0 OK for: readable-stream@3.6.2 want: ^1.1.1
3955 silly fetch manifest safe-buffer@~5.2.0
3956 silly packumentCache full:https://registry.npmjs.org/safe-buffer cache-miss
3957 http fetch GET 200 https://registry.npmjs.org/safe-buffer 37ms (cache revalidated)
3958 silly packumentCache full:https://registry.npmjs.org/safe-buffer set size:41183 disposed:false
3959 silly placeDep ROOT regenerate@1.4.2 OK for: regexpu-core@6.4.0 want: ^1.4.2
3960 silly placeDep ROOT regenerate-unicode-properties@10.2.2 OK for: regexpu-core@6.4.0 want: ^10.2.2
3961 silly placeDep ROOT regjsgen@0.8.0 OK for: regexpu-core@6.4.0 want: ^0.8.0
3962 silly placeDep ROOT regjsparser@0.13.0 OK for: regexpu-core@6.4.0 want: ^0.13.0
3963 silly placeDep ROOT unicode-match-property-ecmascript@2.0.0 OK for: regexpu-core@6.4.0 want: ^2.0.0
3964 silly placeDep ROOT unicode-match-property-value-ecmascript@2.2.1 OK for: regexpu-core@6.4.0 want: ^2.2.1
3965 silly fetch manifest jsesc@~3.1.0
3966 silly packumentCache full:https://registry.npmjs.org/jsesc cache-hit
3967 silly fetch manifest unicode-canonical-property-names-ecmascript@^2.0.0
3968 silly packumentCache full:https://registry.npmjs.org/unicode-canonical-property-names-ecmascript cache-miss
3969 silly fetch manifest unicode-property-aliases-ecmascript@^2.0.0
3970 silly packumentCache full:https://registry.npmjs.org/unicode-property-aliases-ecmascript cache-miss
3971 http fetch GET 200 https://registry.npmjs.org/unicode-canonical-property-names-ecmascript 2ms (cache hit)
3972 silly packumentCache full:https://registry.npmjs.org/unicode-canonical-property-names-ecmascript set size:17227 disposed:false
3973 http fetch GET 200 https://registry.npmjs.org/unicode-property-aliases-ecmascript 2ms (cache hit)
3974 silly packumentCache full:https://registry.npmjs.org/unicode-property-aliases-ecmascript set size:28095 disposed:false
3975 silly placeDep node_modules/regjsparser jsesc@3.1.0 OK for: regjsparser@0.13.0 want: ~3.1.0
3976 silly placeDep ROOT path-parse@1.0.7 OK for: resolve@1.22.1 want: ^1.0.7
3977 silly placeDep ROOT supports-preserve-symlinks-flag@1.0.0 OK for: resolve@1.22.1 want: ^1.0.0
3978 silly placeDep ROOT adjust-sourcemap-loader@4.0.0 OK for: resolve-url-loader@5.0.0 want: ^4.0.0
3979 silly placeDep node_modules/resolve-url-loader loader-utils@2.0.4 OK for: resolve-url-loader@5.0.0 want: ^2.0.0
3980 silly placeDep node_modules/resolve-url-loader source-map@0.6.1 OK for: resolve-url-loader@5.0.0 want: 0.6.1
3981 silly fetch manifest regex-parser@^2.2.11
3982 silly packumentCache full:https://registry.npmjs.org/regex-parser cache-miss
3983 http fetch GET 200 https://registry.npmjs.org/regex-parser 238ms (cache miss)
3984 silly packumentCache full:https://registry.npmjs.org/regex-parser set size:undefined disposed:false
3985 silly placeDep node_modules/adjust-sourcemap-loader loader-utils@2.0.4 OK for: adjust-sourcemap-loader@4.0.0 want: ^2.0.0
3986 silly placeDep ROOT regex-parser@2.3.1 OK for: adjust-sourcemap-loader@4.0.0 want: ^2.2.11
3987 silly placeDep ROOT onetime@5.1.2 OK for: restore-cursor@3.1.0 want: ^5.1.0
3988 silly fetch manifest mimic-fn@^2.1.0
3989 silly packumentCache full:https://registry.npmjs.org/mimic-fn cache-miss
3990 http fetch GET 200 https://registry.npmjs.org/mimic-fn 240ms (cache revalidated)
3991 silly packumentCache full:https://registry.npmjs.org/mimic-fn set size:22257 disposed:false
3992 silly placeDep ROOT mimic-fn@2.1.0 OK for: onetime@5.1.2 want: ^2.1.0
3993 silly placeDep node_modules/rimraf glob@7.2.3 OK for: rimraf@3.0.2 want: ^7.1.3
3994 silly placeDep ROOT queue-microtask@1.2.3 OK for: run-parallel@1.2.0 want: ^1.2.2
3995 silly placeDep ROOT is-regex@1.2.1 OK for: safe-regex-test@1.1.0 want: ^1.2.1
3996 silly fetch manifest has-tostringtag@^1.0.2
3997 silly packumentCache full:https://registry.npmjs.org/has-tostringtag cache-miss
3998 http fetch GET 200 https://registry.npmjs.org/has-tostringtag 252ms (cache miss)
3999 silly packumentCache full:https://registry.npmjs.org/has-tostringtag set size:undefined disposed:false
4000 silly placeDep ROOT has-tostringtag@1.0.2 OK for: is-regex@1.2.1 want: ^1.0.2
4001 silly placeDep ROOT immutable@4.3.7 OK for: sass@1.54.4 want: ^4.0.0
4002 silly placeDep ROOT neo-async@2.6.2 OK for: sass-loader@13.0.2 want: ^2.6.2
4003 silly placeDep ROOT @types/json-schema@7.0.15 OK for: schema-utils@2.7.1 want: ^7.0.5
4004 silly placeDep node_modules/schema-utils ajv@6.12.6 OK for: schema-utils@2.7.1 want: ^6.12.4
4005 silly placeDep node_modules/schema-utils ajv-keywords@3.5.2 OK for: schema-utils@2.7.1 want: ^3.5.2
4006 silly fetch manifest json-schema-traverse@^0.4.1
4007 silly packumentCache full:https://registry.npmjs.org/json-schema-traverse cache-hit
4008 silly fetch manifest fast-json-stable-stringify@^2.0.0
4009 silly packumentCache full:https://registry.npmjs.org/fast-json-stable-stringify cache-miss
4010 http fetch GET 200 https://registry.npmjs.org/fast-json-stable-stringify 663ms (cache miss)
4011 silly packumentCache full:https://registry.npmjs.org/fast-json-stable-stringify set size:undefined disposed:false
4012 silly placeDep node_modules/semver lru-cache@6.0.0 OK for: semver@7.5.3 want: ^6.0.0
4013 silly placeDep ROOT randombytes@2.1.0 OK for: serialize-javascript@6.0.2 want: ^2.1.0
4014 silly fetch manifest safe-buffer@^5.1.0
4015 silly packumentCache full:https://registry.npmjs.org/safe-buffer cache-hit
4016 silly placeDep ROOT safe-buffer@5.2.1 OK for: randombytes@2.1.0 want: ^5.1.0
4017 silly placeDep ROOT object-inspect@1.13.4 OK for: side-channel@1.1.0 want: ^1.13.3
4018 silly placeDep ROOT side-channel-list@1.0.0 OK for: side-channel@1.1.0 want: ^1.0.0
4019 silly placeDep ROOT side-channel-map@1.0.1 OK for: side-channel@1.1.0 want: ^1.0.1
4020 silly placeDep ROOT side-channel-weakmap@1.0.2 OK for: side-channel@1.1.0 want: ^1.0.2
4021 silly placeDep ROOT accepts@1.3.8 OK for: socket.io@4.8.3 want: ~1.3.4
4022 silly placeDep ROOT base64id@2.0.0 OK for: socket.io@4.8.3 want: ~2.0.0
4023 silly placeDep ROOT cors@2.8.5 OK for: socket.io@4.8.3 want: ~2.8.5
4024 silly placeDep node_modules/socket.io debug@4.4.3 OK for: socket.io@4.8.3 want: ~4.4.1
4025 silly placeDep ROOT engine.io@6.6.5 OK for: socket.io@4.8.3 want: ~6.6.0
4026 silly placeDep ROOT socket.io-adapter@2.5.6 OK for: socket.io@4.8.3 want: ~2.5.2
4027 silly placeDep ROOT socket.io-parser@4.2.5 OK for: socket.io@4.8.3 want: ~4.2.4
4028 silly fetch manifest mime-types@~2.1.34
4029 silly packumentCache full:https://registry.npmjs.org/mime-types cache-hit
4030 silly fetch manifest negotiator@0.6.3
4031 silly packumentCache full:https://registry.npmjs.org/negotiator cache-hit
4032 silly fetch manifest vary@^1
4033 silly packumentCache full:https://registry.npmjs.org/vary cache-miss
4034 silly fetch manifest object-assign@^4
4035 silly packumentCache full:https://registry.npmjs.org/object-assign cache-miss
4036 silly fetch manifest ms@^2.1.3
4037 silly packumentCache full:https://registry.npmjs.org/ms cache-hit
4038 silly fetch manifest @types/cors@^2.8.12
4039 silly packumentCache full:https://registry.npmjs.org/@types%2fcors cache-miss
4040 silly fetch manifest cookie@~0.7.2
4041 silly packumentCache full:https://registry.npmjs.org/cookie cache-miss
4042 silly fetch manifest engine.io-parser@~5.2.1
4043 silly packumentCache full:https://registry.npmjs.org/engine.io-parser cache-miss
4044 silly fetch manifest ws@~8.18.3
4045 silly packumentCache full:https://registry.npmjs.org/ws cache-miss
4046 silly fetch manifest ws@~8.18.3
4047 silly packumentCache full:https://registry.npmjs.org/ws cache-miss
4048 silly fetch manifest @socket.io/component-emitter@~3.1.0
4049 silly packumentCache full:https://registry.npmjs.org/@socket.io%2fcomponent-emitter cache-miss
4050 http fetch GET 200 https://registry.npmjs.org/ws 4ms (cache hit)
4051 silly packumentCache full:https://registry.npmjs.org/ws set size:413307 disposed:false
4052 http fetch GET 200 https://registry.npmjs.org/ws 8ms (cache hit)
4053 silly packumentCache full:https://registry.npmjs.org/ws set size:413307 disposed:false
4054 silly packumentCache full:https://registry.npmjs.org/ws dispose
4055 http fetch GET 200 https://registry.npmjs.org/vary 29ms (cache miss)
4056 silly packumentCache full:https://registry.npmjs.org/vary set size:undefined disposed:false
4057 http fetch GET 200 https://registry.npmjs.org/cookie 28ms (cache miss)
4058 silly packumentCache full:https://registry.npmjs.org/cookie set size:undefined disposed:false
4059 http fetch GET 200 https://registry.npmjs.org/engine.io-parser 246ms (cache miss)
4060 silly packumentCache full:https://registry.npmjs.org/engine.io-parser set size:undefined disposed:false
4061 http fetch GET 200 https://registry.npmjs.org/object-assign 256ms (cache miss)
4062 silly packumentCache full:https://registry.npmjs.org/object-assign set size:undefined disposed:false
4063 http fetch GET 200 https://registry.npmjs.org/@types%2fcors 499ms (cache miss)
4064 silly packumentCache full:https://registry.npmjs.org/@types%2fcors set size:undefined disposed:false
4065 http fetch GET 200 https://registry.npmjs.org/@socket.io%2fcomponent-emitter 544ms (cache miss)
4066 silly packumentCache full:https://registry.npmjs.org/@socket.io%2fcomponent-emitter set size:undefined disposed:false
4067 silly placeDep ROOT mime-types@2.1.35 OK for: accepts@1.3.8 want: ~2.1.34
4068 silly placeDep node_modules/accepts negotiator@0.6.3 OK for: accepts@1.3.8 want: 0.6.3
4069 silly fetch manifest mime-db@1.52.0
4070 silly packumentCache full:https://registry.npmjs.org/mime-db cache-miss
4071 http fetch GET 200 https://registry.npmjs.org/mime-db 309ms (cache miss)
4072 silly packumentCache full:https://registry.npmjs.org/mime-db set size:undefined disposed:false
4073 silly placeDep ROOT object-assign@4.1.1 OK for: cors@2.8.5 want: ^4
4074 silly placeDep ROOT vary@1.1.2 OK for: cors@2.8.5 want: ^1
4075 silly fetch manifest bufferutil@^4.0.1
4076 silly packumentCache full:https://registry.npmjs.org/bufferutil cache-miss
4077 http fetch GET 200 https://registry.npmjs.org/bufferutil 257ms (cache miss)
4078 silly packumentCache full:https://registry.npmjs.org/bufferutil set size:undefined disposed:false
4079 silly fetch manifest utf-8-validate@>=5.0.2
4080 silly packumentCache full:https://registry.npmjs.org/utf-8-validate cache-miss
4081 http fetch GET 200 https://registry.npmjs.org/utf-8-validate 709ms (cache miss)
4082 silly packumentCache full:https://registry.npmjs.org/utf-8-validate set size:undefined disposed:false
4083 silly placeDep ROOT @types/cors@2.8.19 OK for: engine.io@6.6.5 want: ^2.8.12
4084 silly placeDep ROOT cookie@0.7.2 OK for: engine.io@6.6.5 want: ~0.7.2
4085 silly placeDep node_modules/engine.io debug@4.4.3 OK for: engine.io@6.6.5 want: ~4.4.1
4086 silly placeDep ROOT engine.io-parser@5.2.3 OK for: engine.io@6.6.5 want: ~5.2.1
4087 silly placeDep ROOT ws@8.18.3 OK for: engine.io@6.6.5 want: ~8.18.3
4088 silly placeDep ROOT mime-db@1.52.0 OK for: mime-types@2.1.35 want: 1.52.0
4089 silly placeDep node_modules/socket.io-adapter debug@4.4.3 OK for: socket.io-adapter@2.5.6 want: ~4.4.1
4090 silly placeDep ROOT @socket.io/component-emitter@3.1.2 OK for: socket.io-parser@4.2.5 want: ~3.1.0
4091 silly placeDep node_modules/socket.io-parser debug@4.4.3 OK for: socket.io-parser@4.2.5 want: ~4.4.1
4092 silly placeDep ROOT socks@2.8.7 OK for: socks-proxy-agent@7.0.0 want: ^2.6.2
4093 silly fetch manifest ip-address@^10.0.1
4094 silly packumentCache full:https://registry.npmjs.org/ip-address cache-miss
4095 silly fetch manifest smart-buffer@^4.2.0
4096 silly packumentCache full:https://registry.npmjs.org/smart-buffer cache-miss
4097 http fetch GET 200 https://registry.npmjs.org/ip-address 241ms (cache revalidated)
4098 silly packumentCache full:https://registry.npmjs.org/ip-address set size:135050 disposed:false
4099 http fetch GET 200 https://registry.npmjs.org/smart-buffer 249ms (cache revalidated)
4100 silly packumentCache full:https://registry.npmjs.org/smart-buffer set size:87065 disposed:false
4101 silly placeDep ROOT ip-address@10.1.0 OK for: socks@2.8.7 want: ^10.0.1
4102 silly placeDep ROOT smart-buffer@4.2.0 OK for: socks@2.8.7 want: ^4.2.0
4103 silly placeDep ROOT abab@2.0.6 OK for: source-map-loader@4.0.0 want: ^2.0.6
4104 silly placeDep node_modules/source-map-loader iconv-lite@0.6.3 OK for: source-map-loader@4.0.0 want: ^0.6.3
4105 silly placeDep ROOT buffer-from@1.1.2 OK for: source-map-support@0.5.21 want: ^1.0.0
4106 silly placeDep node_modules/source-map-support source-map@0.6.1 OK for: source-map-support@0.5.21 want: ^0.6.0
4107 silly placeDep ROOT fs-extra@8.1.0 OK for: streamroller@3.1.5 want: ^8.1.0
4108 silly fetch manifest jsonfile@^4.0.0
4109 silly packumentCache full:https://registry.npmjs.org/jsonfile cache-miss
4110 silly fetch manifest universalify@^0.1.0
4111 silly packumentCache full:https://registry.npmjs.org/universalify cache-miss
4112 http fetch GET 200 https://registry.npmjs.org/jsonfile 24ms (cache miss)
4113 silly packumentCache full:https://registry.npmjs.org/jsonfile set size:undefined disposed:false
4114 http fetch GET 200 https://registry.npmjs.org/universalify 36ms (cache miss)
4115 silly packumentCache full:https://registry.npmjs.org/universalify set size:undefined disposed:false
4116 silly placeDep ROOT jsonfile@4.0.0 OK for: fs-extra@8.1.0 want: ^4.0.0
4117 silly placeDep ROOT universalify@0.1.2 OK for: fs-extra@8.1.0 want: ^0.1.0
4118 silly placeDep ROOT emoji-regex@8.0.0 OK for: string-width@4.2.3 want: ^8.0.0
4119 silly placeDep ROOT is-fullwidth-code-point@3.0.0 OK for: string-width@4.2.3 want: ^3.0.0
4120 silly placeDep ROOT ansi-regex@5.0.1 OK for: strip-ansi@6.0.1 want: ^5.0.1
4121 silly placeDep ROOT @adobe/css-tools@4.4.4 OK for: stylus@0.59.0 want: ^4.0.1
4122 silly placeDep node_modules/stylus glob@7.2.3 OK for: stylus@0.59.0 want: ^7.1.6
4123 silly placeDep node_modules/stylus sax@1.2.4 OK for: stylus@0.59.0 want: ~1.2.4
4124 silly placeDep ROOT has-flag@4.0.0 OK for: supports-color@7.2.0 want: ^4.0.0
4125 silly placeDep node_modules/tar minipass@5.0.0 OK for: tar@6.2.1 want: ^5.0.0
4126 silly placeDep node_modules/tar yallist@4.0.0 OK for: tar@6.2.1 want: ^4.0.0
4127 silly placeDep ROOT @jridgewell/source-map@0.3.11 OK for: terser@5.14.2 want: ^0.3.2
4128 silly placeDep ROOT acorn@8.15.0 OK for: terser@5.14.2 want: ^8.5.0
4129 silly placeDep ROOT commander@2.20.3 OK for: terser@5.14.2 want: ^2.20.0
4130 silly fetch manifest @jridgewell/gen-mapping@^0.3.5
4131 silly packumentCache full:https://registry.npmjs.org/@jridgewell%2fgen-mapping cache-hit
4132 silly placeDep node_modules/@jridgewell/source-map @jridgewell/gen-mapping@0.3.13 OK for: @jridgewell/source-map@0.3.11 want: ^0.3.5
4133 silly placeDep node_modules/test-exclude glob@7.2.3 OK for: test-exclude@6.0.0 want: ^7.1.4
4134 silly placeDep node_modules/test-exclude minimatch@3.1.2 OK for: test-exclude@6.0.0 want: ^3.0.4
4135 silly placeDep ROOT os-tmpdir@1.0.2 OK for: tmp@0.0.33 want: ~1.0.2
4136 silly placeDep ROOT is-number@7.0.0 OK for: to-regex-range@5.0.1 want: ^7.0.0
4137 silly placeDep ROOT media-typer@0.3.0 OK for: type-is@1.6.18 want: 0.3.0
4138 silly placeDep ROOT unicode-canonical-property-names-ecmascript@2.0.1 OK for: unicode-match-property-ecmascript@2.0.0 want: ^2.0.0
4139 silly placeDep ROOT unicode-property-aliases-ecmascript@2.2.0 OK for: unicode-match-property-ecmascript@2.0.0 want: ^2.0.0
4140 silly placeDep ROOT unique-slug@2.0.2 OK for: unique-filename@1.1.1 want: ^2.0.0
4141 silly fetch manifest imurmurhash@^0.1.4
4142 silly packumentCache full:https://registry.npmjs.org/imurmurhash cache-miss
4143 http fetch GET 200 https://registry.npmjs.org/imurmurhash 24ms (cache revalidated)
4144 silly packumentCache full:https://registry.npmjs.org/imurmurhash set size:35819 disposed:false
4145 silly placeDep ROOT imurmurhash@0.1.4 OK for: unique-slug@2.0.2 want: ^0.1.4
4146 silly placeDep ROOT escalade@3.2.0 OK for: update-browserslist-db@1.2.3 want: ^3.2.0
4147 silly placeDep node_modules/uri-js punycode@2.3.1 OK for: uri-js@4.4.1 want: ^2.1.0
4148 silly placeDep ROOT spdx-correct@3.2.0 OK for: validate-npm-package-license@3.0.4 want: ^3.0.0
4149 silly placeDep ROOT spdx-expression-parse@3.0.1 OK for: validate-npm-package-license@3.0.4 want: ^3.0.0
4150 silly fetch manifest spdx-license-ids@^3.0.0
4151 silly packumentCache full:https://registry.npmjs.org/spdx-license-ids cache-miss
4152 silly fetch manifest spdx-exceptions@^2.1.0
4153 silly packumentCache full:https://registry.npmjs.org/spdx-exceptions cache-miss
4154 silly fetch manifest spdx-license-ids@^3.0.0
4155 silly packumentCache full:https://registry.npmjs.org/spdx-license-ids cache-miss
4156 http fetch GET 200 https://registry.npmjs.org/spdx-exceptions 248ms (cache revalidated)
4157 silly packumentCache full:https://registry.npmjs.org/spdx-exceptions set size:21227 disposed:false
4158 http fetch GET 200 https://registry.npmjs.org/spdx-license-ids 255ms (cache revalidated)
4159 silly packumentCache full:https://registry.npmjs.org/spdx-license-ids set size:79959 disposed:false
4160 http fetch GET 200 https://registry.npmjs.org/spdx-license-ids 256ms (cache revalidated)
4161 silly packumentCache full:https://registry.npmjs.org/spdx-license-ids set size:79959 disposed:false
4162 silly packumentCache full:https://registry.npmjs.org/spdx-license-ids dispose
4163 silly placeDep ROOT spdx-license-ids@3.0.22 OK for: spdx-correct@3.2.0 want: ^3.0.0
4164 silly placeDep ROOT spdx-exceptions@2.5.0 OK for: spdx-expression-parse@3.0.1 want: ^2.1.0
4165 silly placeDep ROOT builtins@5.1.0 OK for: validate-npm-package-name@4.0.0 want: ^5.0.0
4166 silly placeDep ROOT defaults@1.0.4 OK for: wcwidth@1.0.1 want: ^1.0.3
4167 silly fetch manifest clone@^1.0.2
4168 silly packumentCache full:https://registry.npmjs.org/clone cache-miss
4169 http fetch GET 200 https://registry.npmjs.org/clone 254ms (cache revalidated)
4170 silly packumentCache full:https://registry.npmjs.org/clone set size:82973 disposed:false
4171 silly placeDep ROOT clone@1.0.4 OK for: defaults@1.0.4 want: ^1.0.2
4172 silly fetch manifest webpack@^5.1.0
4173 silly packumentCache full:https://registry.npmjs.org/webpack cache-miss
4174 http fetch GET 200 https://registry.npmjs.org/webpack 29ms (cache revalidated)
4175 silly packumentCache full:https://registry.npmjs.org/webpack set size:4926367 disposed:false
4176 silly placeDep ROOT @types/eslint-scope@3.7.7 OK for: webpack@5.76.1 want: ^3.7.3
4177 silly placeDep ROOT @types/estree@0.0.51 OK for: webpack@5.76.1 want: ^0.0.51
4178 silly placeDep ROOT @webassemblyjs/ast@1.11.1 OK for: webpack@5.76.1 want: 1.11.1
4179 silly placeDep ROOT @webassemblyjs/wasm-edit@1.11.1 OK for: webpack@5.76.1 want: 1.11.1
4180 silly placeDep ROOT @webassemblyjs/wasm-parser@1.11.1 OK for: webpack@5.76.1 want: 1.11.1
4181 silly placeDep ROOT acorn-import-assertions@1.9.0 OK for: webpack@5.76.1 want: ^1.7.6
4182 silly placeDep ROOT chrome-trace-event@1.0.4 OK for: webpack@5.76.1 want: ^1.0.2
4183 silly placeDep ROOT enhanced-resolve@5.18.4 OK for: webpack@5.76.1 want: ^5.10.0
4184 silly placeDep ROOT es-module-lexer@0.9.3 OK for: webpack@5.76.1 want: ^0.9.0
4185 silly placeDep ROOT eslint-scope@5.1.1 OK for: webpack@5.76.1 want: 5.1.1
4186 silly placeDep ROOT events@3.3.0 OK for: webpack@5.76.1 want: ^3.2.0
4187 silly placeDep ROOT glob-to-regexp@0.4.1 OK for: webpack@5.76.1 want: ^0.4.1
4188 silly placeDep ROOT loader-runner@4.3.1 OK for: webpack@5.76.1 want: ^4.2.0
4189 silly placeDep node_modules/webpack schema-utils@3.3.0 OK for: webpack@5.76.1 want: ^3.1.0
4190 silly placeDep ROOT tapable@2.3.0 OK for: webpack@5.76.1 want: ^2.1.1
4191 silly placeDep ROOT terser-webpack-plugin@5.3.16 OK for: webpack@5.76.1 want: ^5.1.3
4192 silly placeDep ROOT watchpack@2.5.1 OK for: webpack@5.76.1 want: ^2.4.0
4193 silly fetch manifest @types/eslint@*
4194 silly packumentCache full:https://registry.npmjs.org/@types%2feslint cache-miss
4195 silly fetch manifest @types/estree@*
4196 silly packumentCache full:https://registry.npmjs.org/@types%2festree cache-miss
4197 silly fetch manifest @webassemblyjs/helper-numbers@1.11.1
4198 silly packumentCache full:https://registry.npmjs.org/@webassemblyjs%2fhelper-numbers cache-miss
4199 silly fetch manifest @webassemblyjs/helper-wasm-bytecode@1.11.1
4200 silly packumentCache full:https://registry.npmjs.org/@webassemblyjs%2fhelper-wasm-bytecode cache-miss
4201 silly fetch manifest @webassemblyjs/wasm-gen@1.11.1
4202 silly packumentCache full:https://registry.npmjs.org/@webassemblyjs%2fwasm-gen cache-miss
4203 silly fetch manifest @webassemblyjs/wasm-opt@1.11.1
4204 silly packumentCache full:https://registry.npmjs.org/@webassemblyjs%2fwasm-opt cache-miss
4205 silly fetch manifest @webassemblyjs/wast-printer@1.11.1
4206 silly packumentCache full:https://registry.npmjs.org/@webassemblyjs%2fwast-printer cache-miss
4207 silly fetch manifest @webassemblyjs/helper-buffer@1.11.1
4208 silly packumentCache full:https://registry.npmjs.org/@webassemblyjs%2fhelper-buffer cache-miss
4209 silly fetch manifest @webassemblyjs/helper-wasm-section@1.11.1
4210 silly packumentCache full:https://registry.npmjs.org/@webassemblyjs%2fhelper-wasm-section cache-miss
4211 silly fetch manifest @webassemblyjs/helper-wasm-bytecode@1.11.1
4212 silly packumentCache full:https://registry.npmjs.org/@webassemblyjs%2fhelper-wasm-bytecode cache-miss
4213 silly fetch manifest @webassemblyjs/utf8@1.11.1
4214 silly packumentCache full:https://registry.npmjs.org/@webassemblyjs%2futf8 cache-miss
4215 http fetch GET 200 https://registry.npmjs.org/@types%2festree 5ms (cache hit)
4216 silly packumentCache full:https://registry.npmjs.org/@types%2festree set size:74091 disposed:false
4217 silly fetch manifest @webassemblyjs/leb128@1.11.1
4218 silly packumentCache full:https://registry.npmjs.org/@webassemblyjs%2fleb128 cache-miss
4219 http fetch GET 200 https://registry.npmjs.org/@webassemblyjs%2fhelper-wasm-section 39ms (cache miss)
4220 silly packumentCache full:https://registry.npmjs.org/@webassemblyjs%2fhelper-wasm-section set size:undefined disposed:false
4221 silly fetch manifest @webassemblyjs/ieee754@1.11.1
4222 silly packumentCache full:https://registry.npmjs.org/@webassemblyjs%2fieee754 cache-miss
4223 http fetch GET 200 https://registry.npmjs.org/@webassemblyjs%2fleb128 35ms (cache miss)
4224 silly packumentCache full:https://registry.npmjs.org/@webassemblyjs%2fleb128 set size:undefined disposed:false
4225 silly fetch manifest @webassemblyjs/helper-api-error@1.11.1
4226 silly packumentCache full:https://registry.npmjs.org/@webassemblyjs%2fhelper-api-error cache-miss
4227 http fetch GET 200 https://registry.npmjs.org/@webassemblyjs%2fhelper-wasm-bytecode 43ms (cache miss)
4228 silly packumentCache full:https://registry.npmjs.org/@webassemblyjs%2fhelper-wasm-bytecode set size:undefined disposed:false
4229 silly fetch manifest tapable@^2.2.0
4230 silly packumentCache full:https://registry.npmjs.org/tapable cache-miss
4231 http fetch GET 200 https://registry.npmjs.org/@webassemblyjs%2fhelper-numbers 46ms (cache miss)
4232 silly packumentCache full:https://registry.npmjs.org/@webassemblyjs%2fhelper-numbers set size:undefined disposed:false
4233 silly fetch manifest esrecurse@^4.3.0
4234 silly packumentCache full:https://registry.npmjs.org/esrecurse cache-miss
4235 http fetch GET 200 https://registry.npmjs.org/@types%2feslint 46ms (cache miss)
4236 silly packumentCache full:https://registry.npmjs.org/@types%2feslint set size:undefined disposed:false
4237 silly fetch manifest estraverse@^4.1.1
4238 silly packumentCache full:https://registry.npmjs.org/estraverse cache-miss
4239 http fetch GET 200 https://registry.npmjs.org/@webassemblyjs%2fwasm-gen 48ms (cache miss)
4240 silly packumentCache full:https://registry.npmjs.org/@webassemblyjs%2fwasm-gen set size:undefined disposed:false
4241 silly fetch manifest ajv@^6.12.5
4242 silly packumentCache full:https://registry.npmjs.org/ajv cache-miss
4243 http fetch GET 200 https://registry.npmjs.org/tapable 5ms (cache hit)
4244 silly packumentCache full:https://registry.npmjs.org/tapable set size:110219 disposed:false
4245 silly fetch manifest jest-worker@^27.4.5
4246 silly packumentCache full:https://registry.npmjs.org/jest-worker cache-miss
4247 http fetch GET 200 https://registry.npmjs.org/@webassemblyjs%2fhelper-wasm-bytecode 51ms (cache miss)
4248 silly packumentCache full:https://registry.npmjs.org/@webassemblyjs%2fhelper-wasm-bytecode set size:undefined disposed:false
4249 silly fetch manifest schema-utils@^4.3.0
4250 silly packumentCache full:https://registry.npmjs.org/schema-utils cache-hit
4251 silly fetch manifest terser@^5.31.1
4252 silly packumentCache full:https://registry.npmjs.org/terser cache-miss
4253 http fetch GET 200 https://registry.npmjs.org/ajv 5ms (cache hit)
4254 silly packumentCache full:https://registry.npmjs.org/ajv set size:1126055 disposed:false
4255 http fetch GET 200 https://registry.npmjs.org/terser 11ms (cache hit)
4256 silly packumentCache full:https://registry.npmjs.org/terser set size:786629 disposed:false
4257 http fetch GET 200 https://registry.npmjs.org/@webassemblyjs%2fieee754 35ms (cache miss)
4258 silly packumentCache full:https://registry.npmjs.org/@webassemblyjs%2fieee754 set size:undefined disposed:false
4259 http fetch GET 200 https://registry.npmjs.org/estraverse 31ms (cache miss)
4260 silly packumentCache full:https://registry.npmjs.org/estraverse set size:undefined disposed:false
4261 http fetch GET 200 https://registry.npmjs.org/@webassemblyjs%2fhelper-api-error 37ms (cache miss)
4262 silly packumentCache full:https://registry.npmjs.org/@webassemblyjs%2fhelper-api-error set size:undefined disposed:false
4263 http fetch GET 200 https://registry.npmjs.org/jest-worker 33ms (cache miss)
4264 silly packumentCache full:https://registry.npmjs.org/jest-worker set size:undefined disposed:false
4265 http fetch GET 200 https://registry.npmjs.org/@webassemblyjs%2fwasm-opt 268ms (cache miss)
4266 silly packumentCache full:https://registry.npmjs.org/@webassemblyjs%2fwasm-opt set size:undefined disposed:false
4267 http fetch GET 200 https://registry.npmjs.org/@webassemblyjs%2futf8 270ms (cache miss)
4268 silly packumentCache full:https://registry.npmjs.org/@webassemblyjs%2futf8 set size:undefined disposed:false
4269 http fetch GET 200 https://registry.npmjs.org/esrecurse 245ms (cache miss)
4270 silly packumentCache full:https://registry.npmjs.org/esrecurse set size:undefined disposed:false
4271 http fetch GET 200 https://registry.npmjs.org/@webassemblyjs%2fhelper-buffer 478ms (cache miss)
4272 silly packumentCache full:https://registry.npmjs.org/@webassemblyjs%2fhelper-buffer set size:undefined disposed:false
4273 http fetch GET 200 https://registry.npmjs.org/@webassemblyjs%2fwast-printer 488ms (cache miss)
4274 silly packumentCache full:https://registry.npmjs.org/@webassemblyjs%2fwast-printer set size:undefined disposed:false
4275 silly placeDep ROOT @types/eslint@9.6.1 OK for: @types/eslint-scope@3.7.7 want: *
4276 silly placeDep ROOT @webassemblyjs/helper-numbers@1.11.1 OK for: @webassemblyjs/ast@1.11.1 want: 1.11.1
4277 silly placeDep ROOT @webassemblyjs/helper-wasm-bytecode@1.11.1 OK for: @webassemblyjs/ast@1.11.1 want: 1.11.1
4278 silly fetch manifest @xtuc/long@4.2.2
4279 silly packumentCache full:https://registry.npmjs.org/@xtuc%2flong cache-miss
4280 silly fetch manifest @webassemblyjs/floating-point-hex-parser@1.11.1
4281 silly packumentCache full:https://registry.npmjs.org/@webassemblyjs%2ffloating-point-hex-parser cache-miss
4282 http fetch GET 200 https://registry.npmjs.org/@webassemblyjs%2ffloating-point-hex-parser 37ms (cache miss)
4283 silly packumentCache full:https://registry.npmjs.org/@webassemblyjs%2ffloating-point-hex-parser set size:undefined disposed:false
4284 http fetch GET 200 https://registry.npmjs.org/@xtuc%2flong 317ms (cache miss)
4285 silly packumentCache full:https://registry.npmjs.org/@xtuc%2flong set size:undefined disposed:false
4286 silly placeDep ROOT @webassemblyjs/floating-point-hex-parser@1.11.1 OK for: @webassemblyjs/helper-numbers@1.11.1 want: 1.11.1
4287 silly placeDep ROOT @webassemblyjs/helper-api-error@1.11.1 OK for: @webassemblyjs/helper-numbers@1.11.1 want: 1.11.1
4288 silly placeDep ROOT @xtuc/long@4.2.2 OK for: @webassemblyjs/helper-numbers@1.11.1 want: 4.2.2
4289 silly placeDep ROOT @webassemblyjs/helper-buffer@1.11.1 OK for: @webassemblyjs/wasm-edit@1.11.1 want: 1.11.1
4290 silly placeDep ROOT @webassemblyjs/helper-wasm-section@1.11.1 OK for: @webassemblyjs/wasm-edit@1.11.1 want: 1.11.1
4291 silly placeDep ROOT @webassemblyjs/wasm-gen@1.11.1 OK for: @webassemblyjs/wasm-edit@1.11.1 want: 1.11.1
4292 silly placeDep ROOT @webassemblyjs/wasm-opt@1.11.1 OK for: @webassemblyjs/wasm-edit@1.11.1 want: 1.11.1
4293 silly placeDep ROOT @webassemblyjs/wast-printer@1.11.1 OK for: @webassemblyjs/wasm-edit@1.11.1 want: 1.11.1
4294 silly placeDep ROOT @webassemblyjs/ieee754@1.11.1 OK for: @webassemblyjs/wasm-gen@1.11.1 want: 1.11.1
4295 silly placeDep ROOT @webassemblyjs/leb128@1.11.1 OK for: @webassemblyjs/wasm-gen@1.11.1 want: 1.11.1
4296 silly placeDep ROOT @webassemblyjs/utf8@1.11.1 OK for: @webassemblyjs/wasm-gen@1.11.1 want: 1.11.1
4297 silly fetch manifest @xtuc/ieee754@^1.2.0
4298 silly packumentCache full:https://registry.npmjs.org/@xtuc%2fieee754 cache-miss
4299 http fetch GET 200 https://registry.npmjs.org/@xtuc%2fieee754 104ms (cache miss)
4300 silly packumentCache full:https://registry.npmjs.org/@xtuc%2fieee754 set size:undefined disposed:false
4301 silly placeDep ROOT @xtuc/ieee754@1.2.0 OK for: @webassemblyjs/ieee754@1.11.1 want: ^1.2.0
4302 silly placeDep ROOT esrecurse@4.3.0 OK for: eslint-scope@5.1.1 want: ^4.3.0
4303 silly placeDep ROOT estraverse@4.3.0 OK for: eslint-scope@5.1.1 want: ^4.1.1
4304 silly fetch manifest estraverse@^5.2.0
4305 silly packumentCache full:https://registry.npmjs.org/estraverse cache-miss
4306 http fetch GET 200 https://registry.npmjs.org/estraverse 1ms (cache hit)
4307 silly packumentCache full:https://registry.npmjs.org/estraverse set size:62412 disposed:false
4308 silly placeDep node_modules/esrecurse estraverse@5.3.0 OK for: esrecurse@4.3.0 want: ^5.2.0
4309 silly placeDep ROOT jest-worker@27.5.1 OK for: terser-webpack-plugin@5.3.16 want: ^27.4.5
4310 silly placeDep node_modules/terser-webpack-plugin schema-utils@4.3.3 OK for: terser-webpack-plugin@5.3.16 want: ^4.3.0
4311 silly placeDep node_modules/terser-webpack-plugin terser@5.46.0 OK for: terser-webpack-plugin@5.3.16 want: ^5.31.1
4312 silly fetch manifest merge-stream@^2.0.0
4313 silly packumentCache full:https://registry.npmjs.org/merge-stream cache-miss
4314 silly fetch manifest supports-color@^8.0.0
4315 silly packumentCache full:https://registry.npmjs.org/supports-color cache-hit
4316 http fetch GET 200 https://registry.npmjs.org/merge-stream 257ms (cache miss)
4317 silly packumentCache full:https://registry.npmjs.org/merge-stream set size:undefined disposed:false
4318 silly placeDep ROOT merge-stream@2.0.0 OK for: jest-worker@27.5.1 want: ^2.0.0
4319 silly placeDep node_modules/jest-worker supports-color@8.1.1 OK for: jest-worker@27.5.1 want: ^8.0.0
4320 silly placeDep ROOT colorette@2.0.20 OK for: webpack-dev-middleware@5.3.3 want: ^2.0.10
4321 silly placeDep ROOT memfs@3.5.3 OK for: webpack-dev-middleware@5.3.3 want: ^3.4.3
4322 silly placeDep node_modules/webpack-dev-middleware schema-utils@4.3.3 OK for: webpack-dev-middleware@5.3.3 want: ^4.0.0
4323 silly fetch manifest fs-monkey@^1.0.4
4324 silly packumentCache full:https://registry.npmjs.org/fs-monkey cache-miss
4325 http fetch GET 200 https://registry.npmjs.org/fs-monkey 2ms (cache hit)
4326 silly packumentCache full:https://registry.npmjs.org/fs-monkey set size:50154 disposed:false
4327 silly placeDep ROOT fs-monkey@1.1.0 OK for: memfs@3.5.3 want: ^1.0.4
4328 silly placeDep ROOT @types/bonjour@3.5.13 OK for: webpack-dev-server@4.11.0 want: ^3.5.9
4329 silly placeDep ROOT @types/connect-history-api-fallback@1.5.4 OK for: webpack-dev-server@4.11.0 want: ^1.3.5
4330 silly placeDep ROOT @types/express@4.17.25 OK for: webpack-dev-server@4.11.0 want: ^4.17.13
4331 silly placeDep ROOT @types/serve-index@1.9.4 OK for: webpack-dev-server@4.11.0 want: ^1.9.1
4332 silly placeDep ROOT @types/serve-static@1.15.10 OK for: webpack-dev-server@4.11.0 want: ^1.13.10
4333 silly placeDep ROOT @types/sockjs@0.3.36 OK for: webpack-dev-server@4.11.0 want: ^0.3.33
4334 silly placeDep ROOT @types/ws@8.18.1 OK for: webpack-dev-server@4.11.0 want: ^8.5.1
4335 silly placeDep ROOT ansi-html-community@0.0.8 OK for: webpack-dev-server@4.11.0 want: ^0.0.8
4336 silly placeDep ROOT bonjour-service@1.3.0 OK for: webpack-dev-server@4.11.0 want: ^1.0.11
4337 silly placeDep ROOT compression@1.8.1 OK for: webpack-dev-server@4.11.0 want: ^1.7.4
4338 silly placeDep ROOT connect-history-api-fallback@2.0.0 OK for: webpack-dev-server@4.11.0 want: ^2.0.0
4339 silly placeDep ROOT default-gateway@6.0.3 OK for: webpack-dev-server@4.11.0 want: ^6.0.3
4340 silly placeDep ROOT express@4.22.1 OK for: webpack-dev-server@4.11.0 want: ^4.17.3
4341 silly placeDep ROOT html-entities@2.6.0 OK for: webpack-dev-server@4.11.0 want: ^2.3.2
4342 silly placeDep ROOT http-proxy-middleware@2.0.9 OK for: webpack-dev-server@4.11.0 want: ^2.0.3
4343 silly placeDep ROOT ipaddr.js@2.3.0 OK for: webpack-dev-server@4.11.0 want: ^2.0.1
4344 silly placeDep ROOT p-retry@4.6.2 OK for: webpack-dev-server@4.11.0 want: ^4.5.0
4345 silly placeDep node_modules/webpack-dev-server schema-utils@4.3.3 OK for: webpack-dev-server@4.11.0 want: ^4.0.0
4346 silly placeDep ROOT selfsigned@2.4.1 OK for: webpack-dev-server@4.11.0 want: ^2.0.1
4347 silly placeDep ROOT serve-index@1.9.1 OK for: webpack-dev-server@4.11.0 want: ^1.9.1
4348 silly placeDep ROOT sockjs@0.3.24 OK for: webpack-dev-server@4.11.0 want: ^0.3.24
4349 silly placeDep ROOT spdy@4.0.2 OK for: webpack-dev-server@4.11.0 want: ^4.0.2
4350 silly fetch manifest @types/express-serve-static-core@*
4351 silly packumentCache full:https://registry.npmjs.org/@types%2fexpress-serve-static-core cache-miss
4352 silly fetch manifest @types/qs@*
4353 silly packumentCache full:https://registry.npmjs.org/@types%2fqs cache-miss
4354 silly fetch manifest @types/body-parser@*
4355 silly packumentCache full:https://registry.npmjs.org/@types%2fbody-parser cache-miss
4356 silly fetch manifest @types/serve-static@^1
4357 silly packumentCache full:https://registry.npmjs.org/@types%2fserve-static cache-hit
4358 silly fetch manifest @types/express-serve-static-core@^4.17.33
4359 silly packumentCache full:https://registry.npmjs.org/@types%2fexpress-serve-static-core cache-miss
4360 silly fetch manifest @types/send@<1
4361 silly packumentCache full:https://registry.npmjs.org/@types%2fsend cache-miss
4362 silly fetch manifest @types/http-errors@*
4363 silly packumentCache full:https://registry.npmjs.org/@types%2fhttp-errors cache-miss
4364 silly fetch manifest multicast-dns@^7.2.5
4365 silly packumentCache full:https://registry.npmjs.org/multicast-dns cache-miss
4366 silly fetch manifest compressible@~2.0.18
4367 silly packumentCache full:https://registry.npmjs.org/compressible cache-miss
4368 silly fetch manifest on-headers@~1.1.0
4369 silly packumentCache full:https://registry.npmjs.org/on-headers cache-miss
4370 silly fetch manifest execa@^5.0.0
4371 silly packumentCache full:https://registry.npmjs.org/execa cache-miss
4372 silly fetch manifest etag@~1.8.1
4373 silly packumentCache full:https://registry.npmjs.org/etag cache-miss
4374 http fetch GET 200 https://registry.npmjs.org/@types%2fhttp-errors 5ms (cache hit)
4375 silly packumentCache full:https://registry.npmjs.org/@types%2fhttp-errors set size:48994 disposed:false
4376 silly fetch manifest send@~0.19.0
4377 silly packumentCache full:https://registry.npmjs.org/send cache-miss
4378 http fetch GET 200 https://registry.npmjs.org/@types%2fqs 9ms (cache hit)
4379 silly packumentCache full:https://registry.npmjs.org/@types%2fqs set size:79370 disposed:false
4380 silly fetch manifest fresh@~0.5.2
4381 silly packumentCache full:https://registry.npmjs.org/fresh cache-miss
4382 http fetch GET 200 https://registry.npmjs.org/@types%2fexpress-serve-static-core 9ms (cache hit)
4383 silly packumentCache full:https://registry.npmjs.org/@types%2fexpress-serve-static-core set size:264345 disposed:false
4384 silly fetch manifest methods@~1.1.2
4385 silly packumentCache full:https://registry.npmjs.org/methods cache-miss
4386 http fetch GET 200 https://registry.npmjs.org/multicast-dns 8ms (cache hit)
4387 silly packumentCache full:https://registry.npmjs.org/multicast-dns set size:79318 disposed:false
4388 silly fetch manifest statuses@~2.0.1
4389 silly packumentCache full:https://registry.npmjs.org/statuses cache-hit
4390 silly fetch manifest encodeurl@~2.0.0
4391 silly packumentCache full:https://registry.npmjs.org/encodeurl cache-hit
4392 silly fetch manifest proxy-addr@~2.0.7
4393 silly packumentCache full:https://registry.npmjs.org/proxy-addr cache-miss
4394 http fetch GET 200 https://registry.npmjs.org/@types%2fbody-parser 10ms (cache hit)
4395 silly packumentCache full:https://registry.npmjs.org/@types%2fbody-parser set size:59466 disposed:false
4396 silly fetch manifest finalhandler@~1.3.1
4397 silly packumentCache full:https://registry.npmjs.org/finalhandler cache-hit
4398 silly fetch manifest serve-static@~1.16.2
4399 silly packumentCache full:https://registry.npmjs.org/serve-static cache-miss
4400 http fetch GET 200 https://registry.npmjs.org/@types%2fsend 11ms (cache hit)
4401 silly packumentCache full:https://registry.npmjs.org/@types%2fsend set size:29985 disposed:false
4402 silly fetch manifest array-flatten@1.1.1
4403 silly packumentCache full:https://registry.npmjs.org/array-flatten cache-miss
4404 http fetch GET 200 https://registry.npmjs.org/@types%2fexpress-serve-static-core 12ms (cache hit)
4405 silly packumentCache full:https://registry.npmjs.org/@types%2fexpress-serve-static-core set size:264345 disposed:false
4406 silly packumentCache full:https://registry.npmjs.org/@types%2fexpress-serve-static-core dispose
4407 silly fetch manifest path-to-regexp@~0.1.12
4408 silly packumentCache full:https://registry.npmjs.org/path-to-regexp cache-miss
4409 http fetch GET 200 https://registry.npmjs.org/compressible 12ms (cache hit)
4410 silly packumentCache full:https://registry.npmjs.org/compressible set size:61733 disposed:false
4411 silly fetch manifest cookie-signature@~1.0.6
4412 silly packumentCache full:https://registry.npmjs.org/cookie-signature cache-miss
4413 http fetch GET 200 https://registry.npmjs.org/on-headers 13ms (cache hit)
4414 silly packumentCache full:https://registry.npmjs.org/on-headers set size:13226 disposed:false
4415 silly fetch manifest merge-descriptors@1.0.3
4416 silly packumentCache full:https://registry.npmjs.org/merge-descriptors cache-miss
4417 http fetch GET 200 https://registry.npmjs.org/etag 12ms (cache hit)
4418 silly packumentCache full:https://registry.npmjs.org/etag set size:30032 disposed:false
4419 silly fetch manifest content-disposition@~0.5.4
4420 silly packumentCache full:https://registry.npmjs.org/content-disposition cache-miss
4421 http fetch GET 200 https://registry.npmjs.org/execa 13ms (cache hit)
4422 silly packumentCache full:https://registry.npmjs.org/execa set size:181234 disposed:false
4423 silly fetch manifest is-plain-obj@^3.0.0
4424 silly packumentCache full:https://registry.npmjs.org/is-plain-obj cache-miss
4425 http fetch GET 200 https://registry.npmjs.org/send 12ms (cache hit)
4426 silly packumentCache full:https://registry.npmjs.org/send set size:152810 disposed:false
4427 silly fetch manifest @types/http-proxy@^1.17.8
4428 silly packumentCache full:https://registry.npmjs.org/@types%2fhttp-proxy cache-miss
4429 http fetch GET 200 https://registry.npmjs.org/array-flatten 11ms (cache hit)
4430 silly packumentCache full:https://registry.npmjs.org/array-flatten set size:24005 disposed:false
4431 silly fetch manifest retry@^0.13.1
4432 silly packumentCache full:https://registry.npmjs.org/retry cache-hit
4433 silly fetch manifest @types/retry@0.12.0
4434 silly packumentCache full:https://registry.npmjs.org/@types%2fretry cache-miss
4435 http fetch GET 200 https://registry.npmjs.org/fresh 17ms (cache hit)
4436 silly packumentCache full:https://registry.npmjs.org/fresh set size:25427 disposed:false
4437 silly fetch manifest node-forge@^1
4438 silly packumentCache full:https://registry.npmjs.org/node-forge cache-miss
4439 http fetch GET 200 https://registry.npmjs.org/methods 16ms (cache hit)
4440 silly packumentCache full:https://registry.npmjs.org/methods set size:12600 disposed:false
4441 silly fetch manifest @types/node-forge@^1.3.0
4442 silly packumentCache full:https://registry.npmjs.org/@types%2fnode-forge cache-miss
4443 http fetch GET 200 https://registry.npmjs.org/proxy-addr 16ms (cache hit)
4444 silly packumentCache full:https://registry.npmjs.org/proxy-addr set size:61619 disposed:false
4445 silly fetch manifest batch@0.6.1
4446 silly packumentCache full:https://registry.npmjs.org/batch cache-miss
4447 http fetch GET 200 https://registry.npmjs.org/merge-descriptors 13ms (cache hit)
4448 silly packumentCache full:https://registry.npmjs.org/merge-descriptors set size:16527 disposed:false
4449 silly fetch manifest http-errors@~1.6.2
4450 silly packumentCache full:https://registry.npmjs.org/http-errors cache-hit
4451 silly fetch manifest faye-websocket@^0.11.3
4452 silly packumentCache full:https://registry.npmjs.org/faye-websocket cache-miss
4453 http fetch GET 200 https://registry.npmjs.org/content-disposition 13ms (cache hit)
4454 silly packumentCache full:https://registry.npmjs.org/content-disposition set size:34469 disposed:false
4455 silly fetch manifest websocket-driver@^0.7.4
4456 silly packumentCache full:https://registry.npmjs.org/websocket-driver cache-miss
4457 http fetch GET 200 https://registry.npmjs.org/path-to-regexp 17ms (cache hit)
4458 silly packumentCache full:https://registry.npmjs.org/path-to-regexp set size:207142 disposed:false
4459 silly fetch manifest handle-thing@^2.0.0
4460 silly packumentCache full:https://registry.npmjs.org/handle-thing cache-miss
4461 http fetch GET 200 https://registry.npmjs.org/cookie-signature 18ms (cache hit)
4462 silly packumentCache full:https://registry.npmjs.org/cookie-signature set size:21777 disposed:false
4463 silly fetch manifest http-deceiver@^1.2.7
4464 silly packumentCache full:https://registry.npmjs.org/http-deceiver cache-miss
4465 http fetch GET 200 https://registry.npmjs.org/is-plain-obj 17ms (cache hit)
4466 silly packumentCache full:https://registry.npmjs.org/is-plain-obj set size:17899 disposed:false
4467 silly fetch manifest select-hose@^2.0.0
4468 silly packumentCache full:https://registry.npmjs.org/select-hose cache-miss
4469 http fetch GET 200 https://registry.npmjs.org/serve-static 24ms (cache hit)
4470 silly packumentCache full:https://registry.npmjs.org/serve-static set size:150391 disposed:false
4471 silly fetch manifest spdy-transport@^3.0.0
4472 silly packumentCache full:https://registry.npmjs.org/spdy-transport cache-miss
4473 http fetch GET 200 https://registry.npmjs.org/node-forge 19ms (cache hit)
4474 silly packumentCache full:https://registry.npmjs.org/node-forge set size:391006 disposed:false
4475 http fetch GET 200 https://registry.npmjs.org/@types%2fnode-forge 21ms (cache hit)
4476 silly packumentCache full:https://registry.npmjs.org/@types%2fnode-forge set size:228988 disposed:false
4477 http fetch GET 200 https://registry.npmjs.org/@types%2fretry 24ms (cache hit)
4478 silly packumentCache full:https://registry.npmjs.org/@types%2fretry set size:17008 disposed:false
4479 http fetch GET 200 https://registry.npmjs.org/@types%2fhttp-proxy 28ms (cache hit)
4480 silly packumentCache full:https://registry.npmjs.org/@types%2fhttp-proxy set size:58652 disposed:false
4481 http fetch GET 200 https://registry.npmjs.org/batch 21ms (cache hit)
4482 silly packumentCache full:https://registry.npmjs.org/batch set size:18505 disposed:false
4483 http fetch GET 200 https://registry.npmjs.org/faye-websocket 21ms (cache hit)
4484 silly packumentCache full:https://registry.npmjs.org/faye-websocket set size:45682 disposed:false
4485 http fetch GET 200 https://registry.npmjs.org/websocket-driver 20ms (cache hit)
4486 silly packumentCache full:https://registry.npmjs.org/websocket-driver set size:55869 disposed:false
4487 http fetch GET 200 https://registry.npmjs.org/spdy-transport 15ms (cache hit)
4488 silly packumentCache full:https://registry.npmjs.org/spdy-transport set size:89673 disposed:false
4489 http fetch GET 200 https://registry.npmjs.org/select-hose 16ms (cache hit)
4490 silly packumentCache full:https://registry.npmjs.org/select-hose set size:5125 disposed:false
4491 http fetch GET 200 https://registry.npmjs.org/handle-thing 18ms (cache hit)
4492 silly packumentCache full:https://registry.npmjs.org/handle-thing set size:20817 disposed:false
4493 http fetch GET 200 https://registry.npmjs.org/http-deceiver 17ms (cache hit)
4494 silly packumentCache full:https://registry.npmjs.org/http-deceiver set size:16525 disposed:false
4495 silly placeDep ROOT @types/express-serve-static-core@5.1.1 OK for: @types/connect-history-api-fallback@1.5.4 want: *
4496 silly fetch manifest @types/send@*
4497 silly packumentCache full:https://registry.npmjs.org/@types%2fsend cache-hit
4498 silly fetch manifest @types/range-parser@*
4499 silly packumentCache full:https://registry.npmjs.org/@types%2frange-parser cache-miss
4500 http fetch GET 200 https://registry.npmjs.org/@types%2frange-parser 1ms (cache hit)
4501 silly packumentCache full:https://registry.npmjs.org/@types%2frange-parser set size:15278 disposed:false
4502 silly placeDep ROOT @types/body-parser@1.19.6 OK for: @types/express@4.17.25 want: *
4503 silly placeDep node_modules/@types/express @types/express-serve-static-core@4.19.8 OK for: @types/express@4.17.25 want: ^4.17.33
4504 silly placeDep ROOT @types/qs@6.14.0 OK for: @types/express@4.17.25 want: *
4505 silly fetch manifest @types/connect@*
4506 silly packumentCache full:https://registry.npmjs.org/@types%2fconnect cache-miss
4507 http fetch GET 200 https://registry.npmjs.org/@types%2fconnect 1ms (cache hit)
4508 silly packumentCache full:https://registry.npmjs.org/@types%2fconnect set size:31512 disposed:false
4509 silly placeDep ROOT @types/connect@3.4.38 OK for: @types/body-parser@1.19.6 want: *
4510 silly placeDep ROOT @types/range-parser@1.2.7 OK for: @types/express-serve-static-core@5.1.1 want: *
4511 silly placeDep ROOT @types/send@1.2.1 OK for: @types/express-serve-static-core@5.1.1 want: *
4512 silly placeDep ROOT @types/http-errors@2.0.5 OK for: @types/serve-static@1.15.10 want: *
4513 silly placeDep node_modules/@types/serve-static @types/send@0.17.6 OK for: @types/serve-static@1.15.10 want: <1
4514 silly fetch manifest @types/mime@^1
4515 silly packumentCache full:https://registry.npmjs.org/@types%2fmime cache-miss
4516 http fetch GET 200 https://registry.npmjs.org/@types%2fmime 2ms (cache hit)
4517 silly packumentCache full:https://registry.npmjs.org/@types%2fmime set size:43242 disposed:false
4518 silly placeDep ROOT multicast-dns@7.2.5 OK for: bonjour-service@1.3.0 want: ^7.2.5
4519 silly fetch manifest dns-packet@^5.2.2
4520 silly packumentCache full:https://registry.npmjs.org/dns-packet cache-miss
4521 silly fetch manifest thunky@^1.0.2
4522 silly packumentCache full:https://registry.npmjs.org/thunky cache-miss
4523 http fetch GET 200 https://registry.npmjs.org/dns-packet 1ms (cache hit)
4524 silly packumentCache full:https://registry.npmjs.org/dns-packet set size:96184 disposed:false
4525 http fetch GET 200 https://registry.npmjs.org/thunky 2ms (cache hit)
4526 silly packumentCache full:https://registry.npmjs.org/thunky set size:14018 disposed:false
4527 silly placeDep ROOT compressible@2.0.18 OK for: compression@1.8.1 want: ~2.0.18
4528 silly placeDep node_modules/compression debug@2.6.9 OK for: compression@1.8.1 want: 2.6.9
4529 silly placeDep ROOT on-headers@1.1.0 OK for: compression@1.8.1 want: ~1.1.0
4530 silly placeDep ROOT execa@5.1.1 OK for: default-gateway@6.0.3 want: ^5.0.0
4531 silly fetch manifest is-stream@^2.0.0
4532 silly packumentCache full:https://registry.npmjs.org/is-stream cache-miss
4533 silly fetch manifest get-stream@^6.0.0
4534 silly packumentCache full:https://registry.npmjs.org/get-stream cache-miss
4535 silly fetch manifest cross-spawn@^7.0.3
4536 silly packumentCache full:https://registry.npmjs.org/cross-spawn cache-miss
4537 silly fetch manifest npm-run-path@^4.0.1
4538 silly packumentCache full:https://registry.npmjs.org/npm-run-path cache-miss
4539 silly fetch manifest human-signals@^2.1.0
4540 silly packumentCache full:https://registry.npmjs.org/human-signals cache-miss
4541 silly fetch manifest strip-final-newline@^2.0.0
4542 silly packumentCache full:https://registry.npmjs.org/strip-final-newline cache-miss
4543 http fetch GET 200 https://registry.npmjs.org/is-stream 4ms (cache hit)
4544 silly packumentCache full:https://registry.npmjs.org/is-stream set size:18582 disposed:false
4545 http fetch GET 200 https://registry.npmjs.org/get-stream 4ms (cache hit)
4546 silly packumentCache full:https://registry.npmjs.org/get-stream set size:57536 disposed:false
4547 http fetch GET 200 https://registry.npmjs.org/cross-spawn 5ms (cache hit)
4548 silly packumentCache full:https://registry.npmjs.org/cross-spawn set size:109066 disposed:false
4549 http fetch GET 200 https://registry.npmjs.org/strip-final-newline 5ms (cache hit)
4550 silly packumentCache full:https://registry.npmjs.org/strip-final-newline set size:9328 disposed:false
4551 http fetch GET 200 https://registry.npmjs.org/human-signals 6ms (cache hit)
4552 silly packumentCache full:https://registry.npmjs.org/human-signals set size:47322 disposed:false
4553 http fetch GET 200 https://registry.npmjs.org/npm-run-path 6ms (cache hit)
4554 silly packumentCache full:https://registry.npmjs.org/npm-run-path set size:33596 disposed:false
4555 silly placeDep ROOT cross-spawn@7.0.6 OK for: execa@5.1.1 want: ^7.0.3
4556 silly placeDep ROOT get-stream@6.0.1 OK for: execa@5.1.1 want: ^6.0.0
4557 silly placeDep ROOT human-signals@2.1.0 OK for: execa@5.1.1 want: ^2.1.0
4558 silly placeDep ROOT is-stream@2.0.1 OK for: execa@5.1.1 want: ^2.0.0
4559 silly placeDep ROOT npm-run-path@4.0.1 OK for: execa@5.1.1 want: ^4.0.1
4560 silly placeDep ROOT strip-final-newline@2.0.0 OK for: execa@5.1.1 want: ^2.0.0
4561 silly fetch manifest which@^2.0.1
4562 silly packumentCache full:https://registry.npmjs.org/which cache-hit
4563 silly fetch manifest path-key@^3.1.0
4564 silly packumentCache full:https://registry.npmjs.org/path-key cache-miss
4565 silly fetch manifest shebang-command@^2.0.0
4566 silly packumentCache full:https://registry.npmjs.org/shebang-command cache-miss
4567 silly fetch manifest path-key@^3.0.0
4568 silly packumentCache full:https://registry.npmjs.org/path-key cache-miss
4569 http fetch GET 200 https://registry.npmjs.org/path-key 1ms (cache hit)
4570 silly packumentCache full:https://registry.npmjs.org/path-key set size:16975 disposed:false
4571 http fetch GET 200 https://registry.npmjs.org/path-key 3ms (cache hit)
4572 silly packumentCache full:https://registry.npmjs.org/path-key set size:16975 disposed:false
4573 silly packumentCache full:https://registry.npmjs.org/path-key dispose
4574 http fetch GET 200 https://registry.npmjs.org/shebang-command 2ms (cache hit)
4575 silly packumentCache full:https://registry.npmjs.org/shebang-command set size:8525 disposed:false
4576 silly placeDep ROOT path-key@3.1.1 OK for: cross-spawn@7.0.6 want: ^3.1.0
4577 silly placeDep ROOT shebang-command@2.0.0 OK for: cross-spawn@7.0.6 want: ^2.0.0
4578 silly placeDep node_modules/cross-spawn which@2.0.2 OK for: cross-spawn@7.0.6 want: ^2.0.1
4579 silly fetch manifest shebang-regex@^3.0.0
4580 silly packumentCache full:https://registry.npmjs.org/shebang-regex cache-miss
4581 http fetch GET 200 https://registry.npmjs.org/shebang-regex 2ms (cache hit)
4582 silly packumentCache full:https://registry.npmjs.org/shebang-regex set size:9763 disposed:false
4583 silly placeDep ROOT array-flatten@1.1.1 OK for: express@4.22.1 want: 1.1.1
4584 silly placeDep ROOT content-disposition@0.5.4 OK for: express@4.22.1 want: ~0.5.4
4585 silly placeDep ROOT cookie-signature@1.0.7 OK for: express@4.22.1 want: ~1.0.6
4586 silly placeDep node_modules/express debug@2.6.9 OK for: express@4.22.1 want: 2.6.9
4587 silly placeDep node_modules/express encodeurl@2.0.0 OK for: express@4.22.1 want: ~2.0.0
4588 silly placeDep ROOT etag@1.8.1 OK for: express@4.22.1 want: ~1.8.1
4589 silly placeDep node_modules/express finalhandler@1.3.2 OK for: express@4.22.1 want: ~1.3.1
4590 silly placeDep ROOT fresh@0.5.2 OK for: express@4.22.1 want: ~0.5.2
4591 silly placeDep ROOT merge-descriptors@1.0.3 OK for: express@4.22.1 want: 1.0.3
4592 silly placeDep ROOT methods@1.1.2 OK for: express@4.22.1 want: ~1.1.2
4593 silly placeDep ROOT path-to-regexp@0.1.12 OK for: express@4.22.1 want: ~0.1.12
4594 silly placeDep ROOT proxy-addr@2.0.7 OK for: express@4.22.1 want: ~2.0.7
4595 silly placeDep ROOT send@0.19.2 OK for: express@4.22.1 want: ~0.19.0
4596 silly placeDep ROOT serve-static@1.16.3 OK for: express@4.22.1 want: ~1.16.2
4597 silly placeDep node_modules/express statuses@2.0.2 OK for: express@4.22.1 want: ~2.0.1
4598 silly fetch manifest forwarded@0.2.0
4599 silly packumentCache full:https://registry.npmjs.org/forwarded cache-miss
4600 silly fetch manifest ipaddr.js@1.9.1
4601 silly packumentCache full:https://registry.npmjs.org/ipaddr.js cache-hit
4602 silly fetch manifest ms@2.1.3
4603 silly packumentCache full:https://registry.npmjs.org/ms cache-hit
4604 silly fetch manifest mime@1.6.0
4605 silly packumentCache full:https://registry.npmjs.org/mime cache-hit
4606 http fetch GET 200 https://registry.npmjs.org/forwarded 1ms (cache hit)
4607 silly packumentCache full:https://registry.npmjs.org/forwarded set size:11229 disposed:false
4608 silly placeDep ROOT @types/http-proxy@1.17.17 OK for: http-proxy-middleware@2.0.9 want: ^1.17.8
4609 silly placeDep ROOT is-plain-obj@3.0.0 OK for: http-proxy-middleware@2.0.9 want: ^3.0.0
4610 silly placeDep ROOT dns-packet@5.6.1 OK for: multicast-dns@7.2.5 want: ^5.2.2
4611 silly placeDep ROOT thunky@1.1.0 OK for: multicast-dns@7.2.5 want: ^1.0.2
4612 silly fetch manifest @leichtgewicht/ip-codec@^2.0.1
4613 silly packumentCache full:https://registry.npmjs.org/@leichtgewicht%2fip-codec cache-miss
4614 http fetch GET 200 https://registry.npmjs.org/@leichtgewicht%2fip-codec 1ms (cache hit)
4615 silly packumentCache full:https://registry.npmjs.org/@leichtgewicht%2fip-codec set size:20495 disposed:false
4616 silly placeDep ROOT @leichtgewicht/ip-codec@2.0.5 OK for: dns-packet@5.6.1 want: ^2.0.1
4617 silly placeDep ROOT @types/retry@0.12.0 OK for: p-retry@4.6.2 want: 0.12.0
4618 silly placeDep node_modules/p-retry retry@0.13.1 OK for: p-retry@4.6.2 want: ^0.13.1
4619 silly placeDep ROOT forwarded@0.2.0 OK for: proxy-addr@2.0.7 want: 0.2.0
4620 silly placeDep node_modules/proxy-addr ipaddr.js@1.9.1 OK for: proxy-addr@2.0.7 want: 1.9.1
4621 silly placeDep ROOT @types/node-forge@1.3.14 OK for: selfsigned@2.4.1 want: ^1.3.0
4622 silly placeDep ROOT node-forge@1.3.3 OK for: selfsigned@2.4.1 want: ^1
4623 silly placeDep node_modules/send debug@2.6.9 OK for: send@0.19.2 want: 2.6.9
4624 silly placeDep node_modules/send encodeurl@2.0.0 OK for: send@0.19.2 want: ~2.0.0
4625 silly placeDep node_modules/send mime@1.6.0 OK for: send@0.19.2 want: 1.6.0
4626 silly placeDep node_modules/send ms@2.1.3 OK for: send@0.19.2 want: 2.1.3
4627 silly placeDep node_modules/send statuses@2.0.2 OK for: send@0.19.2 want: ~2.0.2
4628 silly placeDep ROOT batch@0.6.1 OK for: serve-index@1.9.1 want: 0.6.1
4629 silly placeDep node_modules/serve-index debug@2.6.9 OK for: serve-index@1.9.1 want: 2.6.9
4630 silly placeDep node_modules/serve-index http-errors@1.6.3 OK for: serve-index@1.9.1 want: ~1.6.2
4631 silly fetch manifest depd@~1.1.2
4632 silly packumentCache full:https://registry.npmjs.org/depd cache-hit
4633 silly fetch manifest inherits@2.0.3
4634 silly packumentCache full:https://registry.npmjs.org/inherits cache-hit
4635 silly fetch manifest setprototypeof@1.1.0
4636 silly packumentCache full:https://registry.npmjs.org/setprototypeof cache-hit
4637 silly placeDep node_modules/serve-static encodeurl@2.0.0 OK for: serve-static@1.16.3 want: ~2.0.0
4638 silly placeDep ROOT shebang-regex@3.0.0 OK for: shebang-command@2.0.0 want: ^3.0.0
4639 silly placeDep ROOT faye-websocket@0.11.4 OK for: sockjs@0.3.24 want: ^0.11.3
4640 silly placeDep ROOT websocket-driver@0.7.4 OK for: sockjs@0.3.24 want: ^0.7.4
4641 silly fetch manifest websocket-driver@>=0.5.1
4642 silly packumentCache full:https://registry.npmjs.org/websocket-driver cache-hit
4643 silly fetch manifest http-parser-js@>=0.5.1
4644 silly packumentCache full:https://registry.npmjs.org/http-parser-js cache-miss
4645 silly fetch manifest websocket-extensions@>=0.1.1
4646 silly packumentCache full:https://registry.npmjs.org/websocket-extensions cache-miss
4647 http fetch GET 200 https://registry.npmjs.org/websocket-extensions 2ms (cache hit)
4648 silly packumentCache full:https://registry.npmjs.org/websocket-extensions set size:22792 disposed:false
4649 http fetch GET 200 https://registry.npmjs.org/http-parser-js 2ms (cache hit)
4650 silly packumentCache full:https://registry.npmjs.org/http-parser-js set size:68161 disposed:false
4651 silly placeDep ROOT handle-thing@2.0.1 OK for: spdy@4.0.2 want: ^2.0.0
4652 silly placeDep ROOT http-deceiver@1.2.7 OK for: spdy@4.0.2 want: ^1.2.7
4653 silly placeDep ROOT select-hose@2.0.0 OK for: spdy@4.0.2 want: ^2.0.0
4654 silly placeDep ROOT spdy-transport@3.0.0 OK for: spdy@4.0.2 want: ^3.0.0
4655 silly fetch manifest detect-node@^2.0.4
4656 silly packumentCache full:https://registry.npmjs.org/detect-node cache-miss
4657 silly fetch manifest hpack.js@^2.1.6
4658 silly packumentCache full:https://registry.npmjs.org/hpack.js cache-miss
4659 silly fetch manifest obuf@^1.1.2
4660 silly packumentCache full:https://registry.npmjs.org/obuf cache-miss
4661 silly fetch manifest wbuf@^1.7.3
4662 silly packumentCache full:https://registry.npmjs.org/wbuf cache-miss
4663 http fetch GET 200 https://registry.npmjs.org/detect-node 3ms (cache hit)
4664 silly packumentCache full:https://registry.npmjs.org/detect-node set size:14548 disposed:false
4665 http fetch GET 200 https://registry.npmjs.org/hpack.js 3ms (cache hit)
4666 silly packumentCache full:https://registry.npmjs.org/hpack.js set size:15353 disposed:false
4667 http fetch GET 200 https://registry.npmjs.org/wbuf 3ms (cache hit)
4668 silly packumentCache full:https://registry.npmjs.org/wbuf set size:20540 disposed:false
4669 http fetch GET 200 https://registry.npmjs.org/obuf 4ms (cache hit)
4670 silly packumentCache full:https://registry.npmjs.org/obuf set size:14024 disposed:false
4671 silly placeDep ROOT detect-node@2.1.0 OK for: spdy-transport@3.0.0 want: ^2.0.4
4672 silly placeDep ROOT hpack.js@2.1.6 OK for: spdy-transport@3.0.0 want: ^2.1.6
4673 silly placeDep ROOT obuf@1.1.2 OK for: spdy-transport@3.0.0 want: ^1.1.2
4674 silly placeDep ROOT wbuf@1.7.3 OK for: spdy-transport@3.0.0 want: ^1.7.3
4675 silly fetch manifest obuf@^1.0.0
4676 silly packumentCache full:https://registry.npmjs.org/obuf cache-hit
4677 silly fetch manifest readable-stream@^2.0.1
4678 silly packumentCache full:https://registry.npmjs.org/readable-stream cache-hit
4679 silly fetch manifest wbuf@^1.1.0
4680 silly packumentCache full:https://registry.npmjs.org/wbuf cache-hit
4681 silly fetch manifest minimalistic-assert@^1.0.0
4682 silly packumentCache full:https://registry.npmjs.org/minimalistic-assert cache-miss
4683 http fetch GET 200 https://registry.npmjs.org/minimalistic-assert 1ms (cache hit)
4684 silly packumentCache full:https://registry.npmjs.org/minimalistic-assert set size:3465 disposed:false
4685 silly placeDep node_modules/hpack.js readable-stream@2.3.8 OK for: hpack.js@2.1.6 want: ^2.0.1
4686 silly fetch manifest isarray@~1.0.0
4687 silly packumentCache full:https://registry.npmjs.org/isarray cache-miss
4688 silly fetch manifest safe-buffer@~5.1.1
4689 silly packumentCache full:https://registry.npmjs.org/safe-buffer cache-hit
4690 silly fetch manifest core-util-is@~1.0.0
4691 silly packumentCache full:https://registry.npmjs.org/core-util-is cache-miss
4692 silly fetch manifest string_decoder@~1.1.1
4693 silly packumentCache full:https://registry.npmjs.org/string_decoder cache-hit
4694 silly fetch manifest process-nextick-args@~2.0.0
4695 silly packumentCache full:https://registry.npmjs.org/process-nextick-args cache-miss
4696 http fetch GET 200 https://registry.npmjs.org/process-nextick-args 2ms (cache hit)
4697 silly packumentCache full:https://registry.npmjs.org/process-nextick-args set size:15428 disposed:false
4698 http fetch GET 200 https://registry.npmjs.org/isarray 2ms (cache hit)
4699 silly packumentCache full:https://registry.npmjs.org/isarray set size:17392 disposed:false
4700 http fetch GET 200 https://registry.npmjs.org/core-util-is 2ms (cache hit)
4701 silly packumentCache full:https://registry.npmjs.org/core-util-is set size:7163 disposed:false
4702 silly placeDep ROOT minimalistic-assert@1.0.1 OK for: wbuf@1.7.3 want: ^1.0.0
4703 silly placeDep ROOT clone-deep@4.0.1 OK for: webpack-merge@5.8.0 want: ^4.0.1
4704 silly placeDep ROOT wildcard@2.0.1 OK for: webpack-merge@5.8.0 want: ^2.0.0
4705 silly fetch manifest is-plain-object@^2.0.4
4706 silly packumentCache full:https://registry.npmjs.org/is-plain-object cache-miss
4707 silly fetch manifest kind-of@^6.0.2
4708 silly packumentCache full:https://registry.npmjs.org/kind-of cache-miss
4709 silly fetch manifest shallow-clone@^3.0.0
4710 silly packumentCache full:https://registry.npmjs.org/shallow-clone cache-miss
4711 http fetch GET 200 https://registry.npmjs.org/is-plain-object 30ms (cache miss)
4712 silly packumentCache full:https://registry.npmjs.org/is-plain-object set size:undefined disposed:false
4713 http fetch GET 200 https://registry.npmjs.org/kind-of 253ms (cache miss)
4714 silly packumentCache full:https://registry.npmjs.org/kind-of set size:undefined disposed:false
4715 http fetch GET 200 https://registry.npmjs.org/shallow-clone 255ms (cache miss)
4716 silly packumentCache full:https://registry.npmjs.org/shallow-clone set size:undefined disposed:false
4717 silly placeDep ROOT is-plain-object@2.0.4 OK for: clone-deep@4.0.1 want: ^2.0.4
4718 silly placeDep ROOT kind-of@6.0.3 OK for: clone-deep@4.0.1 want: ^6.0.2
4719 silly placeDep ROOT shallow-clone@3.0.1 OK for: clone-deep@4.0.1 want: ^3.0.0
4720 silly fetch manifest isobject@^3.0.1
4721 silly packumentCache full:https://registry.npmjs.org/isobject cache-miss
4722 http fetch GET 200 https://registry.npmjs.org/isobject 244ms (cache miss)
4723 silly packumentCache full:https://registry.npmjs.org/isobject set size:undefined disposed:false
4724 silly placeDep ROOT isobject@3.0.1 OK for: is-plain-object@2.0.4 want: ^3.0.1
4725 silly placeDep ROOT typed-assert@1.0.9 OK for: webpack-subresource-integrity@5.1.0 want: ^1.0.8
4726 silly placeDep ROOT http-parser-js@0.5.10 OK for: websocket-driver@0.7.4 want: >=0.5.1
4727 silly placeDep ROOT websocket-extensions@0.1.4 OK for: websocket-driver@0.7.4 want: >=0.1.1
4728 silly placeDep ROOT isexe@2.0.0 OK for: which@1.3.1 want: ^2.0.0
4729 silly placeDep ROOT cliui@7.0.4 OK for: yargs@17.5.1 want: ^7.0.2
4730 silly placeDep ROOT get-caller-file@2.0.5 OK for: yargs@17.5.1 want: ^2.0.5
4731 silly placeDep ROOT require-directory@2.1.1 OK for: yargs@17.5.1 want: ^2.1.1
4732 silly placeDep ROOT y18n@5.0.8 OK for: yargs@17.5.1 want: ^5.0.5
4733 silly placeDep ROOT yargs-parser@21.1.1 OK for: yargs@17.5.1 want: ^21.0.0
4734 silly placeDep node_modules/@angular-devkit/architect tslib@1.14.1 OK for: rxjs@6.6.7 want: ^1.9.0
4735 silly placeDep node_modules/@angular-devkit/build-angular/node_modules/rxjs tslib@1.14.1 OK for: rxjs@6.6.7 want: ^1.9.0
4736 silly placeDep node_modules/@angular-devkit/build-webpack tslib@1.14.1 OK for: rxjs@6.6.7 want: ^1.9.0
4737 silly placeDep node_modules/@angular-devkit/core tslib@1.14.1 OK for: rxjs@6.6.7 want: ^1.9.0
4738 silly placeDep node_modules/@angular-devkit/schematics tslib@1.14.1 OK for: rxjs@6.6.7 want: ^1.9.0
4739 silly placeDep node_modules/@babel/traverse @jridgewell/gen-mapping@0.3.13 OK for: @babel/generator@7.28.6 want: ^0.3.12
4740 silly placeDep node_modules/@babel/traverse jsesc@3.1.0 OK for: @babel/generator@7.28.6 want: ^3.0.2
4741 silly placeDep ROOT @types/mime@1.3.5 OK for: @types/send@0.17.6 want: ^1
4742 silly placeDep ROOT big.js@5.2.2 OK for: loader-utils@2.0.4 want: ^5.2.2
4743 silly placeDep ROOT emojis-list@3.0.0 OK for: loader-utils@2.0.4 want: ^3.0.0
4744 silly placeDep node_modules/body-parser ms@2.0.0 OK for: debug@2.6.9 want: 2.0.0
4745 silly placeDep node_modules/compression ms@2.0.0 OK for: debug@2.6.9 want: 2.0.0
4746 silly placeDep node_modules/connect ms@2.0.0 OK for: debug@2.6.9 want: 2.0.0
4747 silly fetch manifest ajv@^8.9.0
4748 silly packumentCache full:https://registry.npmjs.org/ajv cache-miss
4749 http fetch GET 200 https://registry.npmjs.org/ajv 2ms (cache hit)
4750 silly packumentCache full:https://registry.npmjs.org/ajv set size:1126055 disposed:false
4751 silly placeDep ROOT ajv-keywords@5.1.0 OK for: schema-utils@4.3.3 want: ^5.1.0
4752 silly placeDep node_modules/engine.io ms@2.1.3 OK for: debug@4.4.3 want: ^2.1.3
4753 silly placeDep node_modules/express ms@2.0.0 OK for: debug@2.6.9 want: 2.0.0
4754 silly placeDep node_modules/finalhandler ms@2.0.0 OK for: debug@2.6.9 want: 2.0.0
4755 silly placeDep ROOT core-util-is@1.0.3 OK for: readable-stream@2.3.8 want: ~1.0.0
4756 silly placeDep ROOT isarray@1.0.0 OK for: readable-stream@2.3.8 want: ~1.0.0
4757 silly placeDep ROOT process-nextick-args@2.0.1 OK for: readable-stream@2.3.8 want: ~2.0.0
4758 silly placeDep node_modules/hpack.js safe-buffer@5.1.2 OK for: readable-stream@2.3.8 want: ~5.1.1
4759 silly placeDep node_modules/hpack.js string_decoder@1.1.1 OK for: readable-stream@2.3.8 want: ~1.1.1
4760 silly placeDep node_modules/karma-coverage semver@6.3.1 OK for: istanbul-lib-instrument@4.0.3 want: ^6.3.0
4761 silly placeDep node_modules/karma-coverage brace-expansion@1.1.12 OK for: minimatch@3.1.2 want: ^1.1.7
4762 silly fetch manifest concat-map@0.0.1
4763 silly packumentCache full:https://registry.npmjs.org/concat-map cache-miss
4764 http fetch GET 200 https://registry.npmjs.org/concat-map 242ms (cache revalidated)
4765 silly packumentCache full:https://registry.npmjs.org/concat-map set size:9290 disposed:false
4766 silly placeDep ROOT concat-map@0.0.1 OK for: brace-expansion@1.1.12 want: 0.0.1
4767 silly placeDep ROOT path-is-absolute@1.0.1 OK for: glob@7.2.3 want: ^1.0.0
4768 silly placeDep node_modules/karma brace-expansion@1.1.12 OK for: minimatch@3.1.2 want: ^1.1.7
4769 silly placeDep ROOT minimist@1.2.8 OK for: mkdirp@0.5.6 want: ^1.2.6
4770 silly placeDep node_modules/karma yargs-parser@20.2.9 OK for: yargs@16.2.0 want: ^20.2.2
4771 silly placeDep node_modules/less pify@4.0.1 OK for: make-dir@2.1.0 want: ^4.0.1
4772 silly placeDep node_modules/less semver@5.7.2 OK for: make-dir@2.1.0 want: ^5.6.0
4773 silly placeDep node_modules/node-gyp minimatch@3.1.2 OK for: glob@7.2.3 want: ^3.1.1
4774 silly placeDep node_modules/node-gyp brace-expansion@1.1.12 OK for: minimatch@3.1.2 want: ^1.1.7
4775 silly placeDep node_modules/rimraf minimatch@3.1.2 OK for: glob@7.2.3 want: ^3.1.1
4776 silly placeDep node_modules/rimraf brace-expansion@1.1.12 OK for: minimatch@3.1.2 want: ^1.1.7
4777 silly placeDep ROOT fast-json-stable-stringify@2.1.0 OK for: ajv@6.12.6 want: ^2.0.0
4778 silly placeDep node_modules/schema-utils json-schema-traverse@0.4.1 OK for: ajv@6.12.6 want: ^0.4.1
4779 silly placeDep node_modules/semver yallist@4.0.0 OK for: lru-cache@6.0.0 want: ^4.0.0
4780 silly placeDep node_modules/send/node_modules/debug ms@2.0.0 OK for: debug@2.6.9 want: 2.0.0
4781 silly placeDep node_modules/serve-index ms@2.0.0 OK for: debug@2.6.9 want: 2.0.0
4782 silly placeDep node_modules/serve-index depd@1.1.2 OK for: http-errors@1.6.3 want: ~1.1.2
4783 silly placeDep node_modules/serve-index inherits@2.0.3 OK for: http-errors@1.6.3 want: 2.0.3
4784 silly placeDep node_modules/serve-index setprototypeof@1.1.0 OK for: http-errors@1.6.3 want: 1.1.0
4785 silly placeDep node_modules/socket.io-adapter ms@2.1.3 OK for: debug@4.4.3 want: ^2.1.3
4786 silly placeDep node_modules/socket.io-parser ms@2.1.3 OK for: debug@4.4.3 want: ^2.1.3
4787 silly placeDep node_modules/socket.io ms@2.1.3 OK for: debug@4.4.3 want: ^2.1.3
4788 silly placeDep node_modules/stylus minimatch@3.1.2 OK for: glob@7.2.3 want: ^3.1.1
4789 silly placeDep node_modules/stylus brace-expansion@1.1.12 OK for: minimatch@3.1.2 want: ^1.1.7
4790 silly placeDep node_modules/test-exclude brace-expansion@1.1.12 OK for: minimatch@3.1.2 want: ^1.1.7
4791 silly placeDep node_modules/webpack ajv@6.12.6 OK for: schema-utils@3.3.0 want: ^6.12.5
4792 silly placeDep node_modules/webpack ajv-keywords@3.5.2 OK for: schema-utils@3.3.0 want: ^3.5.2
4793 silly placeDep node_modules/webpack json-schema-traverse@0.4.1 OK for: ajv@6.12.6 want: ^0.4.1
4794 silly reify moves {}
4795 silly audit bulk request {
4795 silly audit   '@angular-devkit/build-angular': [ '14.2.13' ],
4795 silly audit   typescript: [ '4.6.4' ],
4795 silly audit   '@angular/compiler-cli': [ '14.3.0' ],
4795 silly audit   '@angular/compiler': [ '14.3.0' ],
4795 silly audit   '@angular/animations': [ '14.3.0' ],
4795 silly audit   '@angular/core': [ '14.3.0' ],
4795 silly audit   rxjs: [ '7.5.7', '6.6.7' ],
4795 silly audit   'zone.js': [ '0.11.8' ],
4795 silly audit   '@angular/cli': [ '14.2.13' ],
4795 silly audit   '@angular/common': [ '14.3.0' ],
4795 silly audit   '@angular/forms': [ '14.3.0' ],
4795 silly audit   '@angular/platform-browser': [ '14.3.0' ],
4795 silly audit   '@angular/platform-browser-dynamic': [ '14.3.0' ],
4795 silly audit   '@angular/router': [ '14.3.0' ],
4795 silly audit   '@types/aos': [ '3.0.7' ],
4795 silly audit   '@types/jasmine': [ '3.10.19' ],
4795 silly audit   '@types/node': [ '12.20.55' ],
4795 silly audit   aos: [ '2.3.4' ],
4795 silly audit   gsap: [ '3.14.2' ],
4795 silly audit   'jasmine-core': [ '4.0.1', '3.99.1' ],
4795 silly audit   karma: [ '6.3.20' ],
4795 silly audit   'karma-chrome-launcher': [ '3.1.1' ],
4795 silly audit   'karma-coverage': [ '2.1.1' ],
4795 silly audit   'karma-jasmine': [ '4.0.2' ],
4795 silly audit   'karma-jasmine-html-reporter': [ '1.7.0' ],
4795 silly audit   tslib: [ '2.8.1', '2.4.0', '1.14.1' ],
4795 silly audit   '@ampproject/remapping': [ '2.2.0' ],
4795 silly audit   '@angular-devkit/architect': [ '0.1402.13' ],
4795 silly audit   '@angular-devkit/build-webpack': [ '0.1402.13' ],
4795 silly audit   webpack: [ '5.76.1' ],
4795 silly audit   'webpack-dev-server': [ '4.11.0' ],
4795 silly audit   '@angular-devkit/core': [ '14.2.13' ],
4795 silly audit   '@babel/core': [ '7.18.10' ],
4795 silly audit   '@babel/generator': [ '7.18.12', '7.28.6' ],
4795 silly audit   '@babel/helper-annotate-as-pure': [ '7.18.6', '7.27.3' ],
4795 silly audit   '@babel/plugin-proposal-async-generator-functions': [ '7.18.10' ],
4795 silly audit   '@babel/plugin-transform-async-to-generator': [ '7.18.6' ],
4795 silly audit   '@babel/plugin-transform-runtime': [ '7.18.10' ],
4795 silly audit   '@babel/preset-env': [ '7.18.10' ],
4795 silly audit   '@babel/runtime': [ '7.18.9' ],
4795 silly audit   '@babel/template': [ '7.18.10', '7.28.6' ],
4795 silly audit   '@discoveryjs/json-ext': [ '0.5.7' ],
4795 silly audit   '@ngtools/webpack': [ '14.2.13' ],
4795 silly audit   'ansi-colors': [ '4.1.3' ],
4795 silly audit   'babel-loader': [ '8.2.5' ],
4795 silly audit   'babel-plugin-istanbul': [ '6.1.1' ],
4795 silly audit   browserslist: [ '4.28.1' ],
4795 silly audit   cacache: [ '16.1.2' ],
4795 silly audit   'copy-webpack-plugin': [ '11.0.0' ],
4795 silly audit   critters: [ '0.0.16' ],
4795 silly audit   'css-loader': [ '6.7.1' ],
4795 silly audit   esbuild: [ '0.15.5' ],
4795 silly audit   'esbuild-wasm': [ '0.15.5' ],
4795 silly audit   glob: [ '8.0.3', '7.2.3' ],
4795 silly audit   'https-proxy-agent': [ '5.0.1' ],
4795 silly audit   inquirer: [ '8.2.4' ],
4795 silly audit   'jsonc-parser': [ '3.1.0' ],
4795 silly audit   'karma-source-map-support': [ '1.4.0' ],
4795 silly audit   less: [ '4.1.3' ],
4795 silly audit   'less-loader': [ '11.0.0' ],
4795 silly audit   'license-webpack-plugin': [ '4.0.2' ],
4795 silly audit   'loader-utils': [ '3.2.1', '2.0.4' ],
4795 silly audit   'mini-css-extract-plugin': [ '2.6.1' ],
4795 silly audit   minimatch: [ '5.1.0', '3.1.2' ],
4795 silly audit   open: [ '8.4.0' ],
4795 silly audit   ora: [ '5.4.1' ],
4795 silly audit   'parse5-html-rewriting-stream': [ '6.0.1' ],
4795 silly audit   piscina: [ '3.2.0' ],
4795 silly audit   postcss: [ '8.4.31' ],
4795 silly audit   'postcss-import': [ '15.0.0' ],
4795 silly audit   'postcss-loader': [ '7.0.1' ],
4795 silly audit   'postcss-preset-env': [ '7.8.0' ],
4795 silly audit   'regenerator-runtime': [ '0.13.9' ],
4795 silly audit   'resolve-url-loader': [ '5.0.0' ],
4795 silly audit   sass: [ '1.54.4' ],
4795 silly audit   'sass-loader': [ '13.0.2' ],
4795 silly audit   semver: [ '7.5.3', '6.3.1', '5.7.2' ],
4795 silly audit   'source-map-loader': [ '4.0.0' ],
4795 silly audit   'source-map-support': [ '0.5.21' ],
4795 silly audit   stylus: [ '0.59.0' ],
4795 silly audit   'stylus-loader': [ '7.0.0' ],
4795 silly audit   terser: [ '5.14.2', '5.46.0' ],
4795 silly audit   'text-table': [ '0.2.0' ],
4795 silly audit   'tree-kill': [ '1.2.2' ],
4795 silly audit   'webpack-dev-middleware': [ '5.3.3' ],
4795 silly audit   'webpack-merge': [ '5.8.0' ],
4795 silly audit   'webpack-subresource-integrity': [ '5.1.0' ],
4795 silly audit   '@jridgewell/gen-mapping': [ '0.1.1', '0.3.13' ],
4795 silly audit   '@jridgewell/trace-mapping': [ '0.3.31' ],
4795 silly audit   ajv: [ '8.11.0', '6.12.6' ],
4795 silly audit   'ajv-formats': [ '2.1.1' ],
4795 silly audit   'source-map': [ '0.7.4', '0.6.1' ],
4795 silly audit   '@angular-devkit/schematics': [ '14.2.13' ],
4795 silly audit   '@schematics/angular': [ '14.2.13' ],
4795 silly audit   '@yarnpkg/lockfile': [ '1.1.0' ],
4795 silly audit   debug: [ '4.3.4', '2.6.9', '4.4.3' ],
4795 silly audit   ini: [ '3.0.0' ],
4795 silly audit   'npm-package-arg': [ '9.1.0' ],
4795 silly audit   'npm-pick-manifest': [ '7.0.1' ],
4795 silly audit   pacote: [ '13.6.2' ],
4795 silly audit   resolve: [ '1.22.1' ],
4795 silly audit   'symbol-observable': [ '4.0.0' ],
4795 silly audit   uuid: [ '8.3.2' ],
4795 silly audit   yargs: [ '17.5.1', '16.2.0' ],
4795 silly audit   'magic-string': [ '0.26.2' ],
4795 silly audit   chokidar: [ '3.6.0' ],
4795 silly audit   'convert-source-map': [ '1.9.0' ],
4795 silly audit   'dependency-graph': [ '0.11.0' ],
4795 silly audit   'reflect-metadata': [ '0.1.14' ],
4795 silly audit   'sourcemap-codec': [ '1.4.8' ],
4795 silly audit   '@babel/code-frame': [ '7.28.6' ],
4795 silly audit   '@babel/helper-compilation-targets': [ '7.28.6' ],
4795 silly audit   '@babel/helper-module-transforms': [ '7.28.6' ],
4795 silly audit   '@babel/helpers': [ '7.28.6' ],
4795 silly audit   '@babel/parser': [ '7.28.6' ],
4795 silly audit   '@babel/traverse': [ '7.28.6' ],
4795 silly audit   '@babel/types': [ '7.28.6' ],
4795 silly audit   gensync: [ '1.0.0-beta.2' ],
4795 silly audit   json5: [ '2.2.3' ],
4795 silly audit   '@babel/helper-validator-identifier': [ '7.28.5' ],
4795 silly audit   'js-tokens': [ '4.0.0' ],
4795 silly audit   picocolors: [ '1.1.1' ],
4795 silly audit   jsesc: [ '2.5.2', '3.1.0' ],
4795 silly audit   '@babel/compat-data': [ '7.28.6' ],
4795 silly audit   '@babel/helper-validator-option': [ '7.27.1' ],
4795 silly audit   'lru-cache': [ '5.1.1', '7.18.3', '6.0.0' ],
4795 silly audit   '@babel/helper-module-imports': [ '7.28.6' ],
4795 silly audit   '@babel/helper-environment-visitor': [ '7.24.7' ],
4795 silly audit   '@babel/helper-plugin-utils': [ '7.28.6' ],
4795 silly audit   '@babel/helper-remap-async-to-generator': [ '7.27.1' ],
4795 silly audit   '@babel/plugin-syntax-async-generators': [ '7.8.4' ],
4795 silly audit   '@babel/helper-wrap-function': [ '7.28.6' ],
4795 silly audit   'babel-plugin-polyfill-corejs2': [ '0.3.3' ],
4795 silly audit   'babel-plugin-polyfill-corejs3': [ '0.5.3' ],
4795 silly audit   'babel-plugin-polyfill-regenerator': [ '0.4.1' ],
4795 silly audit   '@babel/plugin-bugfix-safari-id-destructuring-collision-in-function-expression': [ '7.27.1' ],
4795 silly audit   '@babel/plugin-bugfix-v8-spread-parameters-in-optional-chaining': [ '7.27.1' ],
4795 silly audit   '@babel/plugin-proposal-class-properties': [ '7.18.6' ],
4795 silly audit   '@babel/plugin-proposal-class-static-block': [ '7.21.0' ],
4795 silly audit   '@babel/plugin-proposal-dynamic-import': [ '7.18.6' ],
4795 silly audit   '@babel/plugin-proposal-export-namespace-from': [ '7.18.9' ],
4795 silly audit   '@babel/plugin-proposal-json-strings': [ '7.18.6' ],
4795 silly audit   '@babel/plugin-proposal-logical-assignment-operators': [ '7.20.7' ],
4795 silly audit   '@babel/plugin-proposal-nullish-coalescing-operator': [ '7.18.6' ],
4795 silly audit   '@babel/plugin-proposal-numeric-separator': [ '7.18.6' ],
4795 silly audit   '@babel/plugin-proposal-object-rest-spread': [ '7.20.7' ],
4795 silly audit   '@babel/plugin-proposal-optional-catch-binding': [ '7.18.6' ],
4795 silly audit   '@babel/plugin-proposal-optional-chaining': [ '7.21.0' ],
4795 silly audit   '@babel/plugin-proposal-private-methods': [ '7.18.6' ],
4795 silly audit   '@babel/plugin-proposal-private-property-in-object': [ '7.21.11' ],
4795 silly audit   '@babel/plugin-proposal-unicode-property-regex': [ '7.18.6' ],
4795 silly audit   '@babel/plugin-syntax-class-properties': [ '7.12.13' ],
4795 silly audit   '@babel/plugin-syntax-class-static-block': [ '7.14.5' ],
4795 silly audit   '@babel/plugin-syntax-dynamic-import': [ '7.8.3' ],
4795 silly audit   '@babel/plugin-syntax-export-namespace-from': [ '7.8.3' ],
4795 silly audit   '@babel/plugin-syntax-import-assertions': [ '7.28.6' ],
4795 silly audit   '@babel/plugin-syntax-json-strings': [ '7.8.3' ],
4795 silly audit   '@babel/plugin-syntax-logical-assignment-operators': [ '7.10.4' ],
4795 silly audit   '@babel/plugin-syntax-nullish-coalescing-operator': [ '7.8.3' ],
4795 silly audit   '@babel/plugin-syntax-numeric-separator': [ '7.10.4' ],
4795 silly audit   '@babel/plugin-syntax-object-rest-spread': [ '7.8.3' ],
4795 silly audit   '@babel/plugin-syntax-optional-catch-binding': [ '7.8.3' ],
4795 silly audit   '@babel/plugin-syntax-optional-chaining': [ '7.8.3' ],
4795 silly audit   '@babel/plugin-syntax-private-property-in-object': [ '7.14.5' ],
4795 silly audit   '@babel/plugin-syntax-top-level-await': [ '7.14.5' ],
4795 silly audit   '@babel/plugin-transform-arrow-functions': [ '7.27.1' ],
4795 silly audit   '@babel/plugin-transform-block-scoped-functions': [ '7.27.1' ],
4795 silly audit   '@babel/plugin-transform-block-scoping': [ '7.28.6' ],
4795 silly audit   '@babel/plugin-transform-classes': [ '7.28.6' ],
4795 silly audit   '@babel/plugin-transform-computed-properties': [ '7.28.6' ],
4795 silly audit   '@babel/plugin-transform-destructuring': [ '7.28.5' ],
4795 silly audit   '@babel/plugin-transform-dotall-regex': [ '7.28.6' ],
4795 silly audit   '@babel/plugin-transform-duplicate-keys': [ '7.27.1' ],
4795 silly audit   '@babel/plugin-transform-exponentiation-operator': [ '7.28.6' ],
4795 silly audit   '@babel/plugin-transform-for-of': [ '7.27.1' ],
4795 silly audit   '@babel/plugin-transform-function-name': [ '7.27.1' ],
4795 silly audit   '@babel/plugin-transform-literals': [ '7.27.1' ],
4795 silly audit   '@babel/plugin-transform-member-expression-literals': [ '7.27.1' ],
4795 silly audit   '@babel/plugin-transform-modules-amd': [ '7.27.1' ],
4795 silly audit   '@babel/plugin-transform-modules-commonjs': [ '7.28.6' ],
4795 silly audit   '@babel/plugin-transform-modules-systemjs': [ '7.28.5' ],
4795 silly audit   '@babel/plugin-transform-modules-umd': [ '7.27.1' ],
4795 silly audit   '@babel/plugin-transform-named-capturing-groups-regex': [ '7.27.1' ],
4795 silly audit   '@babel/plugin-transform-new-target': [ '7.27.1' ],
4795 silly audit   '@babel/plugin-transform-object-super': [ '7.27.1' ],
4795 silly audit   '@babel/plugin-transform-parameters': [ '7.27.7' ],
4795 silly audit   '@babel/plugin-transform-property-literals': [ '7.27.1' ],
4795 silly audit   '@babel/plugin-transform-regenerator': [ '7.28.6' ],
4795 silly audit   '@babel/plugin-transform-reserved-words': [ '7.27.1' ],
4795 silly audit   '@babel/plugin-transform-shorthand-properties': [ '7.27.1' ],
4795 silly audit   '@babel/plugin-transform-spread': [ '7.28.6' ],
4795 silly audit   '@babel/plugin-transform-sticky-regex': [ '7.27.1' ],
4795 silly audit   '@babel/plugin-transform-template-literals': [ '7.27.1' ],
4795 silly audit   '@babel/plugin-transform-typeof-symbol': [ '7.27.1' ],
4795 silly audit   '@babel/plugin-transform-unicode-escapes': [ '7.27.1' ],
4795 silly audit   '@babel/plugin-transform-unicode-regex': [ '7.27.1' ],
4795 silly audit   '@babel/preset-modules': [ '0.1.6' ],
4795 silly audit   'core-js-compat': [ '3.47.0' ],
4795 silly audit   '@babel/helper-skip-transparent-expression-wrappers': [ '7.27.1' ],
4795 silly audit   '@babel/plugin-transform-optional-chaining': [ '7.28.6' ],
4795 silly audit   '@babel/helper-create-class-features-plugin': [ '7.28.6' ],
4795 silly audit   '@babel/helper-member-expression-to-functions': [ '7.28.5' ],
4795 silly audit   '@babel/helper-optimise-call-expression': [ '7.27.1' ],
4795 silly audit   '@babel/helper-replace-supers': [ '7.28.6' ],
4795 silly audit   '@babel/helper-create-regexp-features-plugin': [ '7.28.5' ],
4795 silly audit   'regexpu-core': [ '6.4.0' ],
4795 silly audit   '@babel/helper-globals': [ '7.28.0' ],
4795 silly audit   esutils: [ '2.0.3' ],
4795 silly audit   '@babel/helper-string-parser': [ '7.27.1' ],
4795 silly audit   '@jridgewell/set-array': [ '1.2.1' ],
4795 silly audit   '@jridgewell/sourcemap-codec': [ '1.5.5' ],
4795 silly audit   '@jridgewell/resolve-uri': [ '3.1.2' ],
4795 silly audit   'fast-deep-equal': [ '3.1.3' ],
4795 silly audit   'json-schema-traverse': [ '1.0.0', '0.4.1' ],
4795 silly audit   'require-from-string': [ '2.0.2' ],
4795 silly audit   'uri-js': [ '4.4.1' ],
4795 silly audit   'classlist-polyfill': [ '1.2.0' ],
4795 silly audit   'lodash.debounce': [ '4.0.8' ],
4795 silly audit   'lodash.throttle': [ '4.1.1' ],
4795 silly audit   'find-cache-dir': [ '3.3.2' ],
4795 silly audit   'make-dir': [ '3.1.0', '4.0.0', '2.1.0' ],
4795 silly audit   'schema-utils': [ '2.7.1', '4.3.3', '3.3.0' ],
4795 silly audit   '@istanbuljs/load-nyc-config': [ '1.1.0' ],
4795 silly audit   '@istanbuljs/schema': [ '0.1.3' ],
4795 silly audit   'istanbul-lib-instrument': [ '5.2.1', '4.0.3' ],
4795 silly audit   'test-exclude': [ '6.0.0' ],
4795 silly audit   camelcase: [ '5.3.1' ],
4795 silly audit   'find-up': [ '4.1.0' ],
4795 silly audit   'get-package-type': [ '0.1.0' ],
4795 silly audit   'js-yaml': [ '3.14.2' ],
4795 silly audit   'resolve-from': [ '5.0.0', '4.0.0' ],
4795 silly audit   '@babel/helper-define-polyfill-provider': [ '0.3.3' ],
4795 silly audit   'baseline-browser-mapping': [ '2.9.15' ],
4795 silly audit   'caniuse-lite': [ '1.0.30001765' ],
4795 silly audit   'electron-to-chromium': [ '1.5.267' ],
4795 silly audit   'node-releases': [ '2.0.27' ],
4795 silly audit   'update-browserslist-db': [ '1.2.3' ],
4795 silly audit   '@npmcli/fs': [ '2.1.2' ],
4795 silly audit   '@npmcli/move-file': [ '2.0.1' ],
4795 silly audit   chownr: [ '2.0.0' ],
4795 silly audit   'fs-minipass': [ '2.1.0' ],
4795 silly audit   'infer-owner': [ '1.0.4' ],
4795 silly audit   minipass: [ '3.3.6', '5.0.0' ],
4795 silly audit   'minipass-collect': [ '1.0.2' ],
4795 silly audit   'minipass-flush': [ '1.0.5' ],
4795 silly audit   'minipass-pipeline': [ '1.2.4' ],
4795 silly audit   mkdirp: [ '1.0.4', '0.5.6' ],
4795 silly audit   'p-map': [ '4.0.0' ],
4795 silly audit   'promise-inflight': [ '1.0.1' ],
4795 silly audit   rimraf: [ '3.0.2' ],
4795 silly audit   ssri: [ '9.0.1' ],
4795 silly audit   tar: [ '6.2.1' ],
4795 silly audit   'unique-filename': [ '1.1.1' ],
4795 silly audit   '@gar/promisify': [ '1.1.3' ],
4795 silly audit   anymatch: [ '3.1.3' ],
4795 silly audit   braces: [ '3.0.3' ],
4795 silly audit   fsevents: [ '2.3.3' ],
4795 silly audit   'glob-parent': [ '5.1.2', '6.0.2' ],
4795 silly audit   'is-binary-path': [ '2.1.0' ],
4795 silly audit   'is-glob': [ '4.0.3' ],
4795 silly audit   'normalize-path': [ '3.0.0' ],
4795 silly audit   readdirp: [ '3.6.0' ],
4795 silly audit   picomatch: [ '2.3.1' ],
4795 silly audit   'fill-range': [ '7.1.1' ],
4795 silly audit   'fast-glob': [ '3.3.3' ],
4795 silly audit   globby: [ '13.2.2' ],
4795 silly audit   'serialize-javascript': [ '6.0.2' ],
4795 silly audit   chalk: [ '4.1.2' ],
4795 silly audit   'css-select': [ '4.3.0' ],
4795 silly audit   parse5: [ '6.0.1' ],
4795 silly audit   'parse5-htmlparser2-tree-adapter': [ '6.0.1' ],
4795 silly audit   'pretty-bytes': [ '5.6.0' ],
4795 silly audit   'ansi-styles': [ '4.3.0' ],
4795 silly audit   'supports-color': [ '7.2.0', '8.1.1' ],
4795 silly audit   'color-convert': [ '2.0.1' ],
4795 silly audit   'color-name': [ '1.1.4' ],
4795 silly audit   'icss-utils': [ '5.1.0' ],
4795 silly audit   'postcss-modules-extract-imports': [ '3.1.0' ],
4795 silly audit   'postcss-modules-local-by-default': [ '4.2.0' ],
4795 silly audit   'postcss-modules-scope': [ '3.2.1' ],
4795 silly audit   'postcss-modules-values': [ '4.0.0' ],
4795 silly audit   'postcss-value-parser': [ '4.2.0' ],
4795 silly audit   boolbase: [ '1.0.0' ],
4795 silly audit   'css-what': [ '6.2.2' ],
4795 silly audit   domhandler: [ '4.3.1' ],
4795 silly audit   domutils: [ '2.8.0' ],
4795 silly audit   'nth-check': [ '2.1.1' ],
4795 silly audit   ms: [ '2.1.2', '2.1.3', '2.0.0' ],
4795 silly audit   domelementtype: [ '2.3.0' ],
4795 silly audit   'dom-serializer': [ '1.4.1' ],
4795 silly audit   entities: [ '2.2.0' ],
4795 silly audit   '@esbuild/linux-loong64': [ '0.15.5' ],
4795 silly audit   'esbuild-android-64': [ '0.15.5' ],
4795 silly audit   'esbuild-android-arm64': [ '0.15.5' ],
4795 silly audit   'esbuild-darwin-64': [ '0.15.5' ],
4795 silly audit   'esbuild-darwin-arm64': [ '0.15.5' ],
4795 silly audit   'esbuild-freebsd-64': [ '0.15.5' ],
4795 silly audit   'esbuild-freebsd-arm64': [ '0.15.5' ],
4795 silly audit   'esbuild-linux-32': [ '0.15.5' ],
4795 silly audit   'esbuild-linux-64': [ '0.15.5' ],
4795 silly audit   'esbuild-linux-arm': [ '0.15.5' ],
4795 silly audit   'esbuild-linux-arm64': [ '0.15.5' ],
4795 silly audit   'esbuild-linux-mips64le': [ '0.15.5' ],
4795 silly audit   'esbuild-linux-ppc64le': [ '0.15.5' ],
4795 silly audit   'esbuild-linux-riscv64': [ '0.15.5' ],
4795 silly audit   'esbuild-linux-s390x': [ '0.15.5' ],
4795 silly audit   'esbuild-netbsd-64': [ '0.15.5' ],
4795 silly audit   'esbuild-openbsd-64': [ '0.15.5' ],
4795 silly audit   'esbuild-sunos-64': [ '0.15.5' ],
4795 silly audit   'esbuild-windows-32': [ '0.15.5' ],
4795 silly audit   'esbuild-windows-64': [ '0.15.5' ],
4795 silly audit   'esbuild-windows-arm64': [ '0.15.5' ],
4795 silly audit   '@nodelib/fs.stat': [ '2.0.5' ],
4795 silly audit   '@nodelib/fs.walk': [ '1.2.8' ],
4795 silly audit   merge2: [ '1.4.1' ],
4795 silly audit   micromatch: [ '4.0.8' ],
4795 silly audit   '@nodelib/fs.scandir': [ '2.1.5' ],
4795 silly audit   fastq: [ '1.20.1' ],
4795 silly audit   'run-parallel': [ '1.2.0' ],
4795 silly audit   reusify: [ '1.1.0' ],
4795 silly audit   'to-regex-range': [ '5.0.1' ],
4795 silly audit   commondir: [ '1.0.1' ],
4795 silly audit   'pkg-dir': [ '4.2.0' ],
4795 silly audit   'locate-path': [ '5.0.0' ],
4795 silly audit   'path-exists': [ '4.0.0' ],
4795 silly audit   'fs.realpath': [ '1.0.0' ],
4795 silly audit   inflight: [ '1.0.6' ],
4795 silly audit   inherits: [ '2.0.4', '2.0.3' ],
4795 silly audit   once: [ '1.4.0' ],
4795 silly audit   'dir-glob': [ '3.0.1' ],
4795 silly audit   ignore: [ '5.3.2' ],
4795 silly audit   slash: [ '4.0.0' ],
4795 silly audit   'path-type': [ '4.0.0' ],
4795 silly audit   'agent-base': [ '6.0.2' ],
4795 silly audit   wrappy: [ '1.0.2' ],
4795 silly audit   'ansi-escapes': [ '4.3.2' ],
4795 silly audit   'cli-cursor': [ '3.1.0' ],
4795 silly audit   'cli-width': [ '3.0.0' ],
4795 silly audit   'external-editor': [ '3.1.0' ],
4795 silly audit   figures: [ '3.2.0' ],
4795 silly audit   lodash: [ '4.17.21' ],
4795 silly audit   'mute-stream': [ '0.0.8' ],
4795 silly audit   'run-async': [ '2.4.1' ],
4795 silly audit   'string-width': [ '4.2.3' ],
4795 silly audit   'strip-ansi': [ '6.0.1' ],
4795 silly audit   through: [ '2.3.8' ],
4795 silly audit   'wrap-ansi': [ '7.0.0' ],
4795 silly audit   'type-fest': [ '0.21.3' ],
4795 silly audit   'restore-cursor': [ '3.1.0' ],
4795 silly audit   chardet: [ '0.7.0' ],
4795 silly audit   'iconv-lite': [ '0.4.24', '0.6.3' ],
4795 silly audit   tmp: [ '0.0.33', '0.2.5' ],
4795 silly audit   'escape-string-regexp': [ '1.0.5' ],
4795 silly audit   'safer-buffer': [ '2.1.2' ],
4795 silly audit   'binary-extensions': [ '2.3.0' ],
4795 silly audit   'is-extglob': [ '2.1.1' ],
4795 silly audit   'istanbul-lib-coverage': [ '3.2.2' ],
4795 silly audit   argparse: [ '1.0.10' ],
4795 silly audit   esprima: [ '4.0.1' ],
4795 silly audit   'sprintf-js': [ '1.0.3' ],
4795 silly audit   '@colors/colors': [ '1.5.0' ],
4795 silly audit   'body-parser': [ '1.20.4' ],
4795 silly audit   connect: [ '3.7.0' ],
4795 silly audit   di: [ '0.0.1' ],
4795 silly audit   'dom-serialize': [ '2.2.1' ],
4795 silly audit   'graceful-fs': [ '4.2.11' ],
4795 silly audit   'http-proxy': [ '1.18.1' ],
4795 silly audit   isbinaryfile: [ '4.0.10' ],
4795 silly audit   log4js: [ '6.9.1' ],
4795 silly audit   mime: [ '2.6.0', '1.6.0' ],
4795 silly audit   qjobs: [ '1.2.0' ],
4795 silly audit   'range-parser': [ '1.2.1' ],
4795 silly audit   'socket.io': [ '4.8.3' ],
4795 silly audit   'ua-parser-js': [ '0.7.41' ],
4795 silly audit   bytes: [ '3.1.2' ],
4795 silly audit   'content-type': [ '1.0.5' ],
4795 silly audit   depd: [ '2.0.0', '1.1.2' ],
4795 silly audit   destroy: [ '1.2.0' ],
4795 silly audit   'http-errors': [ '2.0.1', '1.6.3' ],
4795 silly audit   'on-finished': [ '2.4.1', '2.3.0' ],
4795 silly audit   qs: [ '6.14.1' ],
4795 silly audit   'raw-body': [ '2.5.3' ],
4795 silly audit   'type-is': [ '1.6.18' ],
4795 silly audit   unpipe: [ '1.0.0' ],
4795 silly audit   finalhandler: [ '1.1.2', '1.3.2' ],
4795 silly audit   parseurl: [ '1.3.3' ],
4795 silly audit   'utils-merge': [ '1.0.1' ],
4795 silly audit   'custom-event': [ '1.0.1' ],
4795 silly audit   ent: [ '2.2.2' ],
4795 silly audit   extend: [ '3.0.2' ],
4795 silly audit   'void-elements': [ '2.0.1' ],
4795 silly audit   'call-bound': [ '1.0.4' ],
4795 silly audit   'es-errors': [ '1.3.0' ],
4795 silly audit   punycode: [ '1.4.1', '2.3.1' ],
4795 silly audit   'safe-regex-test': [ '1.1.0' ],
4795 silly audit   'call-bind-apply-helpers': [ '1.0.2' ],
4795 silly audit   'get-intrinsic': [ '1.3.0' ],
4795 silly audit   'function-bind': [ '1.1.2' ],
4795 silly audit   encodeurl: [ '1.0.2', '2.0.0' ],
4795 silly audit   'escape-html': [ '1.0.3' ],
4795 silly audit   statuses: [ '1.5.0', '2.0.2' ],
4795 silly audit   'es-define-property': [ '1.0.1' ],
4795 silly audit   'es-object-atoms': [ '1.1.1' ],
4795 silly audit   'get-proto': [ '1.0.1' ],
4795 silly audit   gopd: [ '1.2.0' ],
4795 silly audit   'has-symbols': [ '1.1.0' ],
4795 silly audit   hasown: [ '2.0.2' ],
4795 silly audit   'math-intrinsics': [ '1.1.0' ],
4795 silly audit   'dunder-proto': [ '1.0.1' ],
4795 silly audit   setprototypeof: [ '1.2.0', '1.1.0' ],
4795 silly audit   toidentifier: [ '1.0.1' ],
4795 silly audit   eventemitter3: [ '4.0.7' ],
4795 silly audit   'follow-redirects': [ '1.15.11' ],
4795 silly audit   'requires-port': [ '1.0.0' ],
4795 silly audit   which: [ '1.3.1', '2.0.2' ],
4795 silly audit   'istanbul-lib-report': [ '3.0.1' ],
4795 silly audit   'istanbul-lib-source-maps': [ '4.0.1' ],
4795 silly audit   'istanbul-reports': [ '3.2.0' ],
4795 silly audit   'html-escaper': [ '2.0.2' ],
4795 silly audit   'copy-anything': [ '2.0.6' ],
4795 silly audit   errno: [ '0.1.8' ],
4795 silly audit   'image-size': [ '0.5.5' ],
4795 silly audit   needle: [ '3.3.1' ],
4795 silly audit   'parse-node-version': [ '1.0.1' ],
4795 silly audit   'is-what': [ '3.14.1' ],
4795 silly audit   prr: [ '1.0.1' ],
4795 silly audit   klona: [ '2.0.6' ],
4795 silly audit   'webpack-sources': [ '3.3.3' ],
4795 silly audit   'p-locate': [ '4.1.0' ],
4795 silly audit   'date-format': [ '4.0.14' ],
4795 silly audit   flatted: [ '3.3.3' ],
4795 silly audit   rfdc: [ '1.4.1' ],
4795 silly audit   streamroller: [ '3.1.5' ],
4795 silly audit   yallist: [ '3.1.1', '4.0.0' ],
4795 silly audit   'brace-expansion': [ '2.0.2', '1.1.12' ],
4795 silly audit   'balanced-match': [ '1.0.2' ],
4795 silly audit   sax: [ '1.4.4', '1.2.4' ],
4795 silly audit   'hosted-git-info': [ '5.2.1' ],
4795 silly audit   'proc-log': [ '2.0.1' ],
4795 silly audit   'validate-npm-package-name': [ '4.0.0' ],
4795 silly audit   'npm-install-checks': [ '5.0.0' ],
4795 silly audit   'npm-normalize-package-bin': [ '1.0.1', '2.0.0' ],
4795 silly audit   'ee-first': [ '1.1.1' ],
4795 silly audit   'define-lazy-prop': [ '2.0.0' ],
4795 silly audit   'is-docker': [ '2.2.1' ],
4795 silly audit   'is-wsl': [ '2.2.0' ],
4795 silly audit   bl: [ '4.1.0' ],
4795 silly audit   'cli-spinners': [ '2.9.2' ],
4795 silly audit   'is-interactive': [ '1.0.0' ],
4795 silly audit   'is-unicode-supported': [ '0.1.0' ],
4795 silly audit   'log-symbols': [ '4.1.0' ],
4795 silly audit   wcwidth: [ '1.0.1' ],
4795 silly audit   buffer: [ '5.7.1' ],
4795 silly audit   'readable-stream': [ '3.6.2', '2.3.8' ],
4795 silly audit   'base64-js': [ '1.5.1' ],
4795 silly audit   ieee754: [ '1.2.1' ],
4795 silly audit   'p-limit': [ '2.3.0' ],
4795 silly audit   'p-try': [ '2.2.0' ],
4795 silly audit   'aggregate-error': [ '3.1.0' ],
4795 silly audit   'clean-stack': [ '2.2.0' ],
4795 silly audit   'indent-string': [ '4.0.0' ],
4795 silly audit   '@npmcli/git': [ '3.0.2' ],
4795 silly audit   '@npmcli/installed-package-contents': [ '1.0.7' ],
4795 silly audit   '@npmcli/promise-spawn': [ '3.0.0' ],
4795 silly audit   '@npmcli/run-script': [ '4.2.1' ],
4795 silly audit   'npm-packlist': [ '5.1.3' ],
4795 silly audit   'npm-registry-fetch': [ '13.3.1' ],
4795 silly audit   'promise-retry': [ '2.0.1' ],
4795 silly audit   'read-package-json': [ '5.0.2' ],
4795 silly audit   'read-package-json-fast': [ '2.0.3' ],
4795 silly audit   'npm-bundled': [ '1.1.2', '2.0.1' ],
4795 silly audit   '@npmcli/node-gyp': [ '2.0.0' ],
4795 silly audit   'node-gyp': [ '9.4.1' ],
4795 silly audit   'env-paths': [ '2.2.1' ],
4795 silly audit   'exponential-backoff': [ '3.1.3' ],
4795 silly audit   'make-fetch-happen': [ '10.2.1' ],
4795 silly audit   nopt: [ '6.0.0' ],
4795 silly audit   npmlog: [ '6.0.2' ],
4795 silly audit   agentkeepalive: [ '4.6.0' ],
4795 silly audit   'http-cache-semantics': [ '4.2.0' ],
4795 silly audit   'http-proxy-agent': [ '5.0.0' ],
4795 silly audit   'is-lambda': [ '1.0.1' ],
4795 silly audit   'minipass-fetch': [ '2.1.2' ],
4795 silly audit   negotiator: [ '0.6.4', '0.6.3' ],
4795 silly audit   'socks-proxy-agent': [ '7.0.0' ],
4795 silly audit   'humanize-ms': [ '1.2.1' ],
4795 silly audit   '@tootallnate/once': [ '2.0.0' ],
4795 silly audit   encoding: [ '0.1.13' ],
4795 silly audit   'minipass-sized': [ '1.0.3' ],
4795 silly audit   minizlib: [ '2.1.2' ],
4795 silly audit   abbrev: [ '1.1.1' ],
4795 silly audit   'ignore-walk': [ '5.0.1' ],
4795 silly audit   'minipass-json-stream': [ '1.0.2' ],
4795 silly audit   jsonparse: [ '1.3.1' ],
4795 silly audit   'are-we-there-yet': [ '3.0.1' ],
4795 silly audit   'console-control-strings': [ '1.1.0' ],
4795 silly audit   gauge: [ '4.0.4' ],
4795 silly audit   'set-blocking': [ '2.0.0' ],
4795 silly audit   delegates: [ '1.0.0' ],
4795 silly audit   aproba: [ '2.1.0' ],
4795 silly audit   'color-support': [ '1.1.3' ],
4795 silly audit   'has-unicode': [ '2.0.1' ],
4795 silly audit   'signal-exit': [ '3.0.7' ],
4795 silly audit   'wide-align': [ '1.1.5' ],
4795 silly audit   'parse5-sax-parser': [ '6.0.1' ],
4795 silly audit   'eventemitter-asyncresource': [ '1.0.0' ],
4795 silly audit   'hdr-histogram-js': [ '2.0.3' ],
4795 silly audit   'hdr-histogram-percentiles-obj': [ '3.0.0' ],
4795 silly audit   'nice-napi': [ '1.0.2' ],
4795 silly audit   '@assemblyscript/loader': [ '0.10.1' ],
4795 silly audit   pako: [ '1.0.11' ],
4795 silly audit   'node-addon-api': [ '3.2.1' ],
4795 silly audit   'node-gyp-build': [ '4.8.4' ],
4795 silly audit   nanoid: [ '3.3.11' ],
4795 silly audit   'source-map-js': [ '1.2.1' ],
4795 silly audit   'read-cache': [ '1.0.0' ],
4795 silly audit   cosmiconfig: [ '7.1.0' ],
4795 silly audit   '@types/parse-json': [ '4.0.2' ],
4795 silly audit   'import-fresh': [ '3.3.1' ],
4795 silly audit   'parse-json': [ '5.2.0' ],
4795 silly audit   yaml: [ '1.10.2' ],
4795 silly audit   'parent-module': [ '1.0.1' ],
4795 silly audit   callsites: [ '3.1.0' ],
4795 silly audit   'error-ex': [ '1.3.4' ],
4795 silly audit   'json-parse-even-better-errors': [ '2.3.1' ],
4795 silly audit   'lines-and-columns': [ '1.2.4' ],
4795 silly audit   'is-arrayish': [ '0.2.1' ],
4795 silly audit   'postcss-selector-parser': [ '7.1.1', '6.1.2' ],
4795 silly audit   '@csstools/postcss-cascade-layers': [ '1.1.1' ],
4795 silly audit   '@csstools/postcss-color-function': [ '1.1.1' ],
4795 silly audit   '@csstools/postcss-font-format-keywords': [ '1.0.1' ],
4795 silly audit   '@csstools/postcss-hwb-function': [ '1.0.2' ],
4795 silly audit   '@csstools/postcss-ic-unit': [ '1.0.1' ],
4795 silly audit   '@csstools/postcss-is-pseudo-class': [ '2.0.7' ],
4795 silly audit   '@csstools/postcss-nested-calc': [ '1.0.0' ],
4795 silly audit   '@csstools/postcss-normalize-display-values': [ '1.0.1' ],
4795 silly audit   '@csstools/postcss-oklab-function': [ '1.1.1' ],
4795 silly audit   '@csstools/postcss-progressive-custom-properties': [ '1.3.0' ],
4795 silly audit   '@csstools/postcss-stepped-value-functions': [ '1.0.1' ],
4795 silly audit   '@csstools/postcss-text-decoration-shorthand': [ '1.0.0' ],
4795 silly audit   '@csstools/postcss-trigonometric-functions': [ '1.0.2' ],
4795 silly audit   '@csstools/postcss-unset-value': [ '1.0.2' ],
4795 silly audit   autoprefixer: [ '10.4.23' ],
4795 silly audit   'css-blank-pseudo': [ '3.0.3' ],
4795 silly audit   'css-has-pseudo': [ '3.0.4' ],
4795 silly audit   'css-prefers-color-scheme': [ '6.0.3' ],
4795 silly audit   cssdb: [ '7.11.2' ],
4795 silly audit   'postcss-attribute-case-insensitive': [ '5.0.2' ],
4795 silly audit   'postcss-clamp': [ '4.1.0' ],
4795 silly audit   'postcss-color-functional-notation': [ '4.2.4' ],
4795 silly audit   'postcss-color-hex-alpha': [ '8.0.4' ],
4795 silly audit   'postcss-color-rebeccapurple': [ '7.1.1' ],
4795 silly audit   'postcss-custom-media': [ '8.0.2' ],
4795 silly audit   'postcss-custom-properties': [ '12.1.11' ],
4795 silly audit   'postcss-custom-selectors': [ '6.0.3' ],
4795 silly audit   'postcss-dir-pseudo-class': [ '6.0.5' ],
4795 silly audit   'postcss-double-position-gradients': [ '3.1.2' ],
4795 silly audit   'postcss-env-function': [ '4.0.6' ],
4795 silly audit   'postcss-focus-visible': [ '6.0.4' ],
4795 silly audit   'postcss-focus-within': [ '5.0.4' ],
4795 silly audit   'postcss-font-variant': [ '5.0.0' ],
4795 silly audit   'postcss-gap-properties': [ '3.0.5' ],
4795 silly audit   'postcss-image-set-function': [ '4.0.7' ],
4795 silly audit   'postcss-initial': [ '4.0.1' ],
4795 silly audit   'postcss-lab-function': [ '4.2.1' ],
4795 silly audit   'postcss-logical': [ '5.0.4' ],
4795 silly audit   'postcss-media-minmax': [ '5.0.0' ],
4795 silly audit   'postcss-nesting': [ '10.2.0' ],
4795 silly audit   'postcss-opacity-percentage': [ '1.1.3' ],
4795 silly audit   'postcss-overflow-shorthand': [ '3.0.4' ],
4795 silly audit   'postcss-page-break': [ '3.0.4' ],
4795 silly audit   'postcss-place': [ '7.0.5' ],
4795 silly audit   'postcss-pseudo-class-any-link': [ '7.1.6' ],
4795 silly audit   'postcss-replace-overflow-wrap': [ '4.0.0' ],
4795 silly audit   'postcss-selector-not': [ '6.0.1' ],
4795 silly audit   '@csstools/selector-specificity': [ '2.2.0' ],
4795 silly audit   'fraction.js': [ '5.3.4' ],
4795 silly audit   cssesc: [ '3.0.0' ],
4795 silly audit   'util-deprecate': [ '1.0.2' ],
4795 silly audit   'err-code': [ '2.0.3' ],
4795 silly audit   retry: [ '0.12.0', '0.13.1' ],
4795 silly audit   'side-channel': [ '1.1.0' ],
4795 silly audit   pify: [ '2.3.0', '4.0.1' ],
4795 silly audit   'normalize-package-data': [ '4.0.1' ],
4795 silly audit   'is-core-module': [ '2.16.1' ],
4795 silly audit   'validate-npm-package-license': [ '3.0.4' ],
4795 silly audit   string_decoder: [ '1.3.0', '1.1.1' ],
4795 silly audit   regenerate: [ '1.4.2' ],
4795 silly audit   'regenerate-unicode-properties': [ '10.2.2' ],
4795 silly audit   regjsgen: [ '0.8.0' ],
4795 silly audit   regjsparser: [ '0.13.0' ],
4795 silly audit   'unicode-match-property-ecmascript': [ '2.0.0' ],
4795 silly audit   'unicode-match-property-value-ecmascript': [ '2.2.1' ],
4795 silly audit   'path-parse': [ '1.0.7' ],
4795 silly audit   'supports-preserve-symlinks-flag': [ '1.0.0' ],
4795 silly audit   'adjust-sourcemap-loader': [ '4.0.0' ],
4795 silly audit   'regex-parser': [ '2.3.1' ],
4795 silly audit   onetime: [ '5.1.2' ],
4795 silly audit   'mimic-fn': [ '2.1.0' ],
4795 silly audit   'queue-microtask': [ '1.2.3' ],
4795 silly audit   'is-regex': [ '1.2.1' ],
4795 silly audit   'has-tostringtag': [ '1.0.2' ],
4795 silly audit   immutable: [ '4.3.7' ],
4795 silly audit   'neo-async': [ '2.6.2' ],
4795 silly audit   '@types/json-schema': [ '7.0.15' ],
4795 silly audit   'ajv-keywords': [ '3.5.2', '5.1.0' ],
4795 silly audit   randombytes: [ '2.1.0' ],
4795 silly audit   'safe-buffer': [ '5.2.1', '5.1.2' ],
4795 silly audit   'object-inspect': [ '1.13.4' ],
4795 silly audit   'side-channel-list': [ '1.0.0' ],
4795 silly audit   'side-channel-map': [ '1.0.1' ],
4795 silly audit   'side-channel-weakmap': [ '1.0.2' ],
4795 silly audit   accepts: [ '1.3.8' ],
4795 silly audit   base64id: [ '2.0.0' ],
4795 silly audit   cors: [ '2.8.5' ],
4795 silly audit   'engine.io': [ '6.6.5' ],
4795 silly audit   'socket.io-adapter': [ '2.5.6' ],
4795 silly audit   'socket.io-parser': [ '4.2.5' ],
4795 silly audit   'mime-types': [ '2.1.35' ],
4795 silly audit   'object-assign': [ '4.1.1' ],
4795 silly audit   vary: [ '1.1.2' ],
4795 silly audit   '@types/cors': [ '2.8.19' ],
4795 silly audit   cookie: [ '0.7.2' ],
4795 silly audit   'engine.io-parser': [ '5.2.3' ],
4795 silly audit   ws: [ '8.18.3' ],
4795 silly audit   'mime-db': [ '1.52.0' ],
4795 silly audit   '@socket.io/component-emitter': [ '3.1.2' ],
4795 silly audit   socks: [ '2.8.7' ],
4795 silly audit   'ip-address': [ '10.1.0' ],
4795 silly audit   'smart-buffer': [ '4.2.0' ],
4795 silly audit   abab: [ '2.0.6' ],
4795 silly audit   'buffer-from': [ '1.1.2' ],
4795 silly audit   'fs-extra': [ '8.1.0' ],
4795 silly audit   jsonfile: [ '4.0.0' ],
4795 silly audit   universalify: [ '0.1.2' ],
4795 silly audit   'emoji-regex': [ '8.0.0' ],
4795 silly audit   'is-fullwidth-code-point': [ '3.0.0' ],
4795 silly audit   'ansi-regex': [ '5.0.1' ],
4795 silly audit   '@adobe/css-tools': [ '4.4.4' ],
4795 silly audit   'has-flag': [ '4.0.0' ],
4795 silly audit   '@jridgewell/source-map': [ '0.3.11' ],
4795 silly audit   acorn: [ '8.15.0' ],
4795 silly audit   commander: [ '2.20.3' ],
4795 silly audit   'os-tmpdir': [ '1.0.2' ],
4795 silly audit   'is-number': [ '7.0.0' ],
4795 silly audit   'media-typer': [ '0.3.0' ],
4795 silly audit   'unicode-canonical-property-names-ecmascript': [ '2.0.1' ],
4795 silly audit   'unicode-property-aliases-ecmascript': [ '2.2.0' ],
4795 silly audit   'unique-slug': [ '2.0.2' ],
4795 silly audit   imurmurhash: [ '0.1.4' ],
4795 silly audit   escalade: [ '3.2.0' ],
4795 silly audit   'spdx-correct': [ '3.2.0' ],
4795 silly audit   'spdx-expression-parse': [ '3.0.1' ],
4795 silly audit   'spdx-license-ids': [ '3.0.22' ],
4795 silly audit   'spdx-exceptions': [ '2.5.0' ],
4795 silly audit   builtins: [ '5.1.0' ],
4795 silly audit   defaults: [ '1.0.4' ],
4795 silly audit   clone: [ '1.0.4' ],
4795 silly audit   '@types/eslint-scope': [ '3.7.7' ],
4795 silly audit   '@types/estree': [ '0.0.51' ],
4795 silly audit   '@webassemblyjs/ast': [ '1.11.1' ],
4795 silly audit   '@webassemblyjs/wasm-edit': [ '1.11.1' ],
4795 silly audit   '@webassemblyjs/wasm-parser': [ '1.11.1' ],
4795 silly audit   'acorn-import-assertions': [ '1.9.0' ],
4795 silly audit   'chrome-trace-event': [ '1.0.4' ],
4795 silly audit   'enhanced-resolve': [ '5.18.4' ],
4795 silly audit   'es-module-lexer': [ '0.9.3' ],
4795 silly audit   'eslint-scope': [ '5.1.1' ],
4795 silly audit   events: [ '3.3.0' ],
4795 silly audit   'glob-to-regexp': [ '0.4.1' ],
4795 silly audit   'loader-runner': [ '4.3.1' ],
4795 silly audit   tapable: [ '2.3.0' ],
4795 silly audit   'terser-webpack-plugin': [ '5.3.16' ],
4795 silly audit   watchpack: [ '2.5.1' ],
4795 silly audit   '@types/eslint': [ '9.6.1' ],
4795 silly audit   '@webassemblyjs/helper-numbers': [ '1.11.1' ],
4795 silly audit   '@webassemblyjs/helper-wasm-bytecode': [ '1.11.1' ],
4795 silly audit   '@webassemblyjs/floating-point-hex-parser': [ '1.11.1' ],
4795 silly audit   '@webassemblyjs/helper-api-error': [ '1.11.1' ],
4795 silly audit   '@xtuc/long': [ '4.2.2' ],
4795 silly audit   '@webassemblyjs/helper-buffer': [ '1.11.1' ],
4795 silly audit   '@webassemblyjs/helper-wasm-section': [ '1.11.1' ],
4795 silly audit   '@webassemblyjs/wasm-gen': [ '1.11.1' ],
4795 silly audit   '@webassemblyjs/wasm-opt': [ '1.11.1' ],
4795 silly audit   '@webassemblyjs/wast-printer': [ '1.11.1' ],
4795 silly audit   '@webassemblyjs/ieee754': [ '1.11.1' ],
4795 silly audit   '@webassemblyjs/leb128': [ '1.11.1' ],
4795 silly audit   '@webassemblyjs/utf8': [ '1.11.1' ],
4795 silly audit   '@xtuc/ieee754': [ '1.2.0' ],
4795 silly audit   esrecurse: [ '4.3.0' ],
4795 silly audit   estraverse: [ '4.3.0', '5.3.0' ],
4795 silly audit   'jest-worker': [ '27.5.1' ],
4795 silly audit   'merge-stream': [ '2.0.0' ],
4795 silly audit   colorette: [ '2.0.20' ],
4795 silly audit   memfs: [ '3.5.3' ],
4795 silly audit   'fs-monkey': [ '1.1.0' ],
4795 silly audit   '@types/bonjour': [ '3.5.13' ],
4795 silly audit   '@types/connect-history-api-fallback': [ '1.5.4' ],
4795 silly audit   '@types/express': [ '4.17.25' ],
4795 silly audit   '@types/serve-index': [ '1.9.4' ],
4795 silly audit   '@types/serve-static': [ '1.15.10' ],
4795 silly audit   '@types/sockjs': [ '0.3.36' ],
4795 silly audit   '@types/ws': [ '8.18.1' ],
4795 silly audit   'ansi-html-community': [ '0.0.8' ],
4795 silly audit   'bonjour-service': [ '1.3.0' ],
4795 silly audit   compression: [ '1.8.1' ],
4795 silly audit   'connect-history-api-fallback': [ '2.0.0' ],
4795 silly audit   'default-gateway': [ '6.0.3' ],
4795 silly audit   express: [ '4.22.1' ],
4795 silly audit   'html-entities': [ '2.6.0' ],
4795 silly audit   'http-proxy-middleware': [ '2.0.9' ],
4795 silly audit   'ipaddr.js': [ '2.3.0', '1.9.1' ],
4795 silly audit   'p-retry': [ '4.6.2' ],
4795 silly audit   selfsigned: [ '2.4.1' ],
4795 silly audit   'serve-index': [ '1.9.1' ],
4795 silly audit   sockjs: [ '0.3.24' ],
4795 silly audit   spdy: [ '4.0.2' ],
4795 silly audit   '@types/express-serve-static-core': [ '5.1.1', '4.19.8' ],
4795 silly audit   '@types/body-parser': [ '1.19.6' ],
4795 silly audit   '@types/qs': [ '6.14.0' ],
4795 silly audit   '@types/connect': [ '3.4.38' ],
4795 silly audit   '@types/range-parser': [ '1.2.7' ],
4795 silly audit   '@types/send': [ '1.2.1', '0.17.6' ],
4795 silly audit   '@types/http-errors': [ '2.0.5' ],
4795 silly audit   'multicast-dns': [ '7.2.5' ],
4795 silly audit   compressible: [ '2.0.18' ],
4795 silly audit   'on-headers': [ '1.1.0' ],
4795 silly audit   execa: [ '5.1.1' ],
4795 silly audit   'cross-spawn': [ '7.0.6' ],
4795 silly audit   'get-stream': [ '6.0.1' ],
4795 silly audit   'human-signals': [ '2.1.0' ],
4795 silly audit   'is-stream': [ '2.0.1' ],
4795 silly audit   'npm-run-path': [ '4.0.1' ],
4795 silly audit   'strip-final-newline': [ '2.0.0' ],
4795 silly audit   'path-key': [ '3.1.1' ],
4795 silly audit   'shebang-command': [ '2.0.0' ],
4795 silly audit   'array-flatten': [ '1.1.1' ],
4795 silly audit   'content-disposition': [ '0.5.4' ],
4795 silly audit   'cookie-signature': [ '1.0.7' ],
4795 silly audit   etag: [ '1.8.1' ],
4795 silly audit   fresh: [ '0.5.2' ],
4795 silly audit   'merge-descriptors': [ '1.0.3' ],
4795 silly audit   methods: [ '1.1.2' ],
4795 silly audit   'path-to-regexp': [ '0.1.12' ],
4795 silly audit   'proxy-addr': [ '2.0.7' ],
4795 silly audit   send: [ '0.19.2' ],
4795 silly audit   'serve-static': [ '1.16.3' ],
4795 silly audit   '@types/http-proxy': [ '1.17.17' ],
4795 silly audit   'is-plain-obj': [ '3.0.0' ],
4795 silly audit   'dns-packet': [ '5.6.1' ],
4795 silly audit   thunky: [ '1.1.0' ],
4795 silly audit   '@leichtgewicht/ip-codec': [ '2.0.5' ],
4795 silly audit   '@types/retry': [ '0.12.0' ],
4795 silly audit   forwarded: [ '0.2.0' ],
4795 silly audit   '@types/node-forge': [ '1.3.14' ],
4795 silly audit   'node-forge': [ '1.3.3' ],
4795 silly audit   batch: [ '0.6.1' ],
4795 silly audit   'shebang-regex': [ '3.0.0' ],
4795 silly audit   'faye-websocket': [ '0.11.4' ],
4795 silly audit   'websocket-driver': [ '0.7.4' ],
4795 silly audit   'handle-thing': [ '2.0.1' ],
4795 silly audit   'http-deceiver': [ '1.2.7' ],
4795 silly audit   'select-hose': [ '2.0.0' ],
4795 silly audit   'spdy-transport': [ '3.0.0' ],
4795 silly audit   'detect-node': [ '2.1.0' ],
4795 silly audit   'hpack.js': [ '2.1.6' ],
4795 silly audit   obuf: [ '1.1.2' ],
4795 silly audit   wbuf: [ '1.7.3' ],
4795 silly audit   'minimalistic-assert': [ '1.0.1' ],
4795 silly audit   'clone-deep': [ '4.0.1' ],
4795 silly audit   wildcard: [ '2.0.1' ],
4795 silly audit   'is-plain-object': [ '2.0.4' ],
4795 silly audit   'kind-of': [ '6.0.3' ],
4795 silly audit   'shallow-clone': [ '3.0.1' ],
4795 silly audit   isobject: [ '3.0.1' ],
4795 silly audit   'typed-assert': [ '1.0.9' ],
4795 silly audit   'http-parser-js': [ '0.5.10' ],
4795 silly audit   'websocket-extensions': [ '0.1.4' ],
4795 silly audit   isexe: [ '2.0.0' ],
4795 silly audit   cliui: [ '7.0.4' ],
4795 silly audit   'get-caller-file': [ '2.0.5' ],
4795 silly audit   'require-directory': [ '2.1.1' ],
4795 silly audit   y18n: [ '5.0.8' ],
4795 silly audit   'yargs-parser': [ '21.1.1', '20.2.9' ],
4795 silly audit   '@types/mime': [ '1.3.5' ],
4795 silly audit   'big.js': [ '5.2.2' ],
4795 silly audit   'emojis-list': [ '3.0.0' ],
4795 silly audit   'core-util-is': [ '1.0.3' ],
4795 silly audit   isarray: [ '1.0.0' ],
4795 silly audit   'process-nextick-args': [ '2.0.1' ],
4795 silly audit   'concat-map': [ '0.0.1' ],
4795 silly audit   'path-is-absolute': [ '1.0.1' ],
4795 silly audit   minimist: [ '1.2.8' ],
4795 silly audit   'fast-json-stable-stringify': [ '2.1.0' ]
4795 silly audit }
4796 verbose reify failed optional dependency /Users/djiby/Documents/portfolio/portforlio/node_modules/esbuild-windows-arm64
4797 silly reify mark deleted [
4797 silly reify   '/Users/djiby/Documents/portfolio/portforlio/node_modules/esbuild-windows-arm64'
4797 silly reify ]
4798 verbose reify failed optional dependency /Users/djiby/Documents/portfolio/portforlio/node_modules/esbuild-windows-64
4799 silly reify mark deleted [
4799 silly reify   '/Users/djiby/Documents/portfolio/portforlio/node_modules/esbuild-windows-64'
4799 silly reify ]
4800 verbose reify failed optional dependency /Users/djiby/Documents/portfolio/portforlio/node_modules/esbuild-windows-32
4801 silly reify mark deleted [
4801 silly reify   '/Users/djiby/Documents/portfolio/portforlio/node_modules/esbuild-windows-32'
4801 silly reify ]
4802 verbose reify failed optional dependency /Users/djiby/Documents/portfolio/portforlio/node_modules/esbuild-sunos-64
4803 silly reify mark deleted [
4803 silly reify   '/Users/djiby/Documents/portfolio/portforlio/node_modules/esbuild-sunos-64'
4803 silly reify ]
4804 verbose reify failed optional dependency /Users/djiby/Documents/portfolio/portforlio/node_modules/esbuild-openbsd-64
4805 silly reify mark deleted [
4805 silly reify   '/Users/djiby/Documents/portfolio/portforlio/node_modules/esbuild-openbsd-64'
4805 silly reify ]
4806 verbose reify failed optional dependency /Users/djiby/Documents/portfolio/portforlio/node_modules/esbuild-netbsd-64
4807 silly reify mark deleted [
4807 silly reify   '/Users/djiby/Documents/portfolio/portforlio/node_modules/esbuild-netbsd-64'
4807 silly reify ]
4808 verbose reify failed optional dependency /Users/djiby/Documents/portfolio/portforlio/node_modules/esbuild-linux-s390x
4809 silly reify mark deleted [
4809 silly reify   '/Users/djiby/Documents/portfolio/portforlio/node_modules/esbuild-linux-s390x'
4809 silly reify ]
4810 verbose reify failed optional dependency /Users/djiby/Documents/portfolio/portforlio/node_modules/esbuild-linux-riscv64
4811 silly reify mark deleted [
4811 silly reify   '/Users/djiby/Documents/portfolio/portforlio/node_modules/esbuild-linux-riscv64'
4811 silly reify ]
4812 verbose reify failed optional dependency /Users/djiby/Documents/portfolio/portforlio/node_modules/esbuild-linux-ppc64le
4813 silly reify mark deleted [
4813 silly reify   '/Users/djiby/Documents/portfolio/portforlio/node_modules/esbuild-linux-ppc64le'
4813 silly reify ]
4814 verbose reify failed optional dependency /Users/djiby/Documents/portfolio/portforlio/node_modules/esbuild-linux-mips64le
4815 silly reify mark deleted [
4815 silly reify   '/Users/djiby/Documents/portfolio/portforlio/node_modules/esbuild-linux-mips64le'
4815 silly reify ]
4816 verbose reify failed optional dependency /Users/djiby/Documents/portfolio/portforlio/node_modules/esbuild-linux-arm64
4817 silly reify mark deleted [
4817 silly reify   '/Users/djiby/Documents/portfolio/portforlio/node_modules/esbuild-linux-arm64'
4817 silly reify ]
4818 verbose reify failed optional dependency /Users/djiby/Documents/portfolio/portforlio/node_modules/esbuild-linux-arm
4819 silly reify mark deleted [
4819 silly reify   '/Users/djiby/Documents/portfolio/portforlio/node_modules/esbuild-linux-arm'
4819 silly reify ]
4820 verbose reify failed optional dependency /Users/djiby/Documents/portfolio/portforlio/node_modules/esbuild-linux-64
4821 silly reify mark deleted [
4821 silly reify   '/Users/djiby/Documents/portfolio/portforlio/node_modules/esbuild-linux-64'
4821 silly reify ]
4822 verbose reify failed optional dependency /Users/djiby/Documents/portfolio/portforlio/node_modules/esbuild-linux-32
4823 silly reify mark deleted [
4823 silly reify   '/Users/djiby/Documents/portfolio/portforlio/node_modules/esbuild-linux-32'
4823 silly reify ]
4824 verbose reify failed optional dependency /Users/djiby/Documents/portfolio/portforlio/node_modules/esbuild-freebsd-arm64
4825 silly reify mark deleted [
4825 silly reify   '/Users/djiby/Documents/portfolio/portforlio/node_modules/esbuild-freebsd-arm64'
4825 silly reify ]
4826 verbose reify failed optional dependency /Users/djiby/Documents/portfolio/portforlio/node_modules/esbuild-freebsd-64
4827 silly reify mark deleted [
4827 silly reify   '/Users/djiby/Documents/portfolio/portforlio/node_modules/esbuild-freebsd-64'
4827 silly reify ]
4828 verbose reify failed optional dependency /Users/djiby/Documents/portfolio/portforlio/node_modules/esbuild-darwin-64
4829 silly reify mark deleted [
4829 silly reify   '/Users/djiby/Documents/portfolio/portforlio/node_modules/esbuild-darwin-64'
4829 silly reify ]
4830 verbose reify failed optional dependency /Users/djiby/Documents/portfolio/portforlio/node_modules/esbuild-android-arm64
4831 silly reify mark deleted [
4831 silly reify   '/Users/djiby/Documents/portfolio/portforlio/node_modules/esbuild-android-arm64'
4831 silly reify ]
4832 verbose reify failed optional dependency /Users/djiby/Documents/portfolio/portforlio/node_modules/esbuild-android-64
4833 silly reify mark deleted [
4833 silly reify   '/Users/djiby/Documents/portfolio/portforlio/node_modules/esbuild-android-64'
4833 silly reify ]
4834 verbose reify failed optional dependency /Users/djiby/Documents/portfolio/portforlio/node_modules/@esbuild/linux-loong64
4835 silly reify mark deleted [
4835 silly reify   '/Users/djiby/Documents/portfolio/portforlio/node_modules/@esbuild/linux-loong64'
4835 silly reify ]
4836 silly tarball no local data for watchpack@https://registry.npmjs.org/watchpack/-/watchpack-2.5.1.tgz. Extracting by manifest.
4837 silly tarball no local data for terser-webpack-plugin@https://registry.npmjs.org/terser-webpack-plugin/-/terser-webpack-plugin-5.3.16.tgz. Extracting by manifest.
4838 silly tarball no local data for loader-runner@https://registry.npmjs.org/loader-runner/-/loader-runner-4.3.1.tgz. Extracting by manifest.
4839 silly tarball no local data for tapable@https://registry.npmjs.org/tapable/-/tapable-2.3.0.tgz. Extracting by manifest.
4840 silly tarball no local data for enhanced-resolve@https://registry.npmjs.org/enhanced-resolve/-/enhanced-resolve-5.18.4.tgz. Extracting by manifest.
4841 silly tarball no local data for @jridgewell/source-map@https://registry.npmjs.org/@jridgewell/source-map/-/source-map-0.3.11.tgz. Extracting by manifest.
4842 silly tarball no local data for acorn@https://registry.npmjs.org/acorn/-/acorn-8.15.0.tgz. Extracting by manifest.
4843 silly tarball no local data for ws@https://registry.npmjs.org/ws/-/ws-8.18.3.tgz. Extracting by manifest.
4844 silly tarball no local data for @types/cors@https://registry.npmjs.org/@types/cors/-/cors-2.8.19.tgz. Extracting by manifest.
4845 silly tarball no local data for socket.io-parser@https://registry.npmjs.org/socket.io-parser/-/socket.io-parser-4.2.5.tgz. Extracting by manifest.
4846 silly tarball no local data for engine.io@https://registry.npmjs.org/engine.io/-/engine.io-6.6.5.tgz. Extracting by manifest.
4847 silly tarball no local data for socket.io-adapter@https://registry.npmjs.org/socket.io-adapter/-/socket.io-adapter-2.5.6.tgz. Extracting by manifest.
4848 silly tarball no local data for webpack-sources@https://registry.npmjs.org/webpack-sources/-/webpack-sources-3.3.3.tgz. Extracting by manifest.
4849 silly tarball no local data for istanbul-reports@https://registry.npmjs.org/istanbul-reports/-/istanbul-reports-3.2.0.tgz. Extracting by manifest.
4850 silly tarball no local data for follow-redirects@https://registry.npmjs.org/follow-redirects/-/follow-redirects-1.15.11.tgz. Extracting by manifest.
4851 silly tarball no local data for raw-body@https://registry.npmjs.org/raw-body/-/raw-body-2.5.3.tgz. Extracting by manifest.
4852 silly tarball no local data for ua-parser-js@https://registry.npmjs.org/ua-parser-js/-/ua-parser-js-0.7.41.tgz. Extracting by manifest.
4853 silly tarball no local data for body-parser@https://registry.npmjs.org/body-parser/-/body-parser-1.20.4.tgz. Extracting by manifest.
4854 silly tarball no local data for socket.io@https://registry.npmjs.org/socket.io/-/socket.io-4.8.3.tgz. Extracting by manifest.
4855 silly tarball no local data for css-what@https://registry.npmjs.org/css-what/-/css-what-6.2.2.tgz. Extracting by manifest.
4856 silly tarball no local data for js-yaml@https://registry.npmjs.org/js-yaml/-/js-yaml-3.14.2.tgz. Extracting by manifest.
4857 silly tarball no local data for @jridgewell/sourcemap-codec@https://registry.npmjs.org/@jridgewell/sourcemap-codec/-/sourcemap-codec-1.5.5.tgz. Extracting by manifest.
4858 silly tarball no local data for @babel/helpers@https://registry.npmjs.org/@babel/helpers/-/helpers-7.28.6.tgz. Extracting by manifest.
4859 silly tarball no local data for gsap@https://registry.npmjs.org/gsap/-/gsap-3.14.2.tgz. Extracting by manifest.
4860 silly tarball no local data for @types/jasmine@https://registry.npmjs.org/@types/jasmine/-/jasmine-3.10.19.tgz. Extracting by manifest.
4861 silly tarball no local data for debug@https://registry.npmjs.org/debug/-/debug-4.4.3.tgz. Extracting by manifest.
4862 silly tarball no local data for debug@https://registry.npmjs.org/debug/-/debug-4.4.3.tgz. Extracting by manifest.
4863 silly tarball no local data for terser@https://registry.npmjs.org/terser/-/terser-5.46.0.tgz. Extracting by manifest.
4864 silly tarball no local data for debug@https://registry.npmjs.org/debug/-/debug-4.4.3.tgz. Extracting by manifest.
4865 silly tarball no local data for debug@https://registry.npmjs.org/debug/-/debug-4.4.3.tgz. Extracting by manifest.
4866 silly tarball no local data for tmp@https://registry.npmjs.org/tmp/-/tmp-0.2.5.tgz. Extracting by manifest.
4867 http fetch POST 200 https://registry.npmjs.org/-/npm/v1/security/advisories/bulk 1005ms
4868 silly audit report {
4868 silly audit report   '@angular/compiler': [
4868 silly audit report     {
4868 silly audit report       id: 1111180,
4868 silly audit report       url: 'https://github.com/advisories/GHSA-v4hv-rgfq-gp49',
4868 silly audit report       title: 'Angular Stored XSS Vulnerability via SVG Animation, SVG URL and MathML Attributes',
4868 silly audit report       severity: 'high',
4868 silly audit report       vulnerable_versions: '<=18.2.14',
4868 silly audit report       cwe: [Array],
4868 silly audit report       cvss: [Object]
4868 silly audit report     },
4868 silly audit report     {
4868 silly audit report       id: 1112156,
4868 silly audit report       url: 'https://github.com/advisories/GHSA-jrmj-c5cx-3cw6',
4868 silly audit report       title: 'Angular has XSS Vulnerability via Unsanitized SVG Script Attributes',
4868 silly audit report       severity: 'high',
4868 silly audit report       vulnerable_versions: '<=18.2.14',
4868 silly audit report       cwe: [Array],
4868 silly audit report       cvss: [Object]
4868 silly audit report     }
4868 silly audit report   ],
4868 silly audit report   '@angular/core': [
4868 silly audit report     {
4868 silly audit report       id: 1112155,
4868 silly audit report       url: 'https://github.com/advisories/GHSA-jrmj-c5cx-3cw6',
4868 silly audit report       title: 'Angular has XSS Vulnerability via Unsanitized SVG Script Attributes',
4868 silly audit report       severity: 'high',
4868 silly audit report       vulnerable_versions: '<=18.2.14',
4868 silly audit report       cwe: [Array],
4868 silly audit report       cvss: [Object]
4868 silly audit report     }
4868 silly audit report   ],
4868 silly audit report   '@angular/common': [
4868 silly audit report     {
4868 silly audit report       id: 1111063,
4868 silly audit report       url: 'https://github.com/advisories/GHSA-58c5-g7wp-6w37',
4868 silly audit report       title: 'Angular is Vulnerable to XSRF Token Leakage via Protocol-Relative URLs in Angular HTTP Client',
4868 silly audit report       severity: 'high',
4868 silly audit report       vulnerable_versions: '<19.2.16',
4868 silly audit report       cwe: [Array],
4868 silly audit report       cvss: [Object]
4868 silly audit report     }
4868 silly audit report   ],
4868 silly audit report   webpack: [
4868 silly audit report     {
4868 silly audit report       id: 1099351,
4868 silly audit report       url: 'https://github.com/advisories/GHSA-4vvj-4cpr-p986',
4868 silly audit report       title: "Webpack's AutoPublicPathRuntimeModule has a DOM Clobbering Gadget that leads to XSS",
4868 silly audit report       severity: 'moderate',
4868 silly audit report       vulnerable_versions: '>=5.0.0-alpha.0 <5.94.0',
4868 silly audit report       cwe: [Array],
4868 silly audit report       cvss: [Object]
4868 silly audit report     }
4868 silly audit report   ],
4868 silly audit report   'webpack-dev-server': [
4868 silly audit report     {
4868 silly audit report       id: 1108429,
4868 silly audit report       url: 'https://github.com/advisories/GHSA-9jgg-88mc-972h',
4868 silly audit report       title: "webpack-dev-server users' source code may be stolen when they access a malicious web site with non-Chromium based browser",
4868 silly audit report       severity: 'moderate',
4868 silly audit report       vulnerable_versions: '<=5.2.0',
4868 silly audit report       cwe: [Array],
4868 silly audit report       cvss: [Object]
4868 silly audit report     },
4868 silly audit report     {
4868 silly audit report       id: 1108430,
4868 silly audit report       url: 'https://github.com/advisories/GHSA-4v9v-hfq4-rm2v',
4868 silly audit report       title: "webpack-dev-server users' source code may be stolen when they access a malicious web site",
4868 silly audit report       severity: 'moderate',
4868 silly audit report       vulnerable_versions: '<=5.2.0',
4868 silly audit report       cwe: [Array],
4868 silly audit report       cvss: [Object]
4868 silly audit report     }
4868 silly audit report   ],
4868 silly audit report   '@babel/runtime': [
4868 silly audit report     {
4868 silly audit report       id: 1104000,
4868 silly audit report       url: 'https://github.com/advisories/GHSA-968p-4wvh-cqc8',
4868 silly audit report       title: 'Babel has inefficient RegExp complexity in generated code with .replace when transpiling named capturing groups',
4868 silly audit report       severity: 'moderate',
4868 silly audit report       vulnerable_versions: '<7.26.10',
4868 silly audit report       cwe: [Array],
4868 silly audit report       cvss: [Object]
4868 silly audit report     }
4868 silly audit report   ],
4868 silly audit report   esbuild: [
4868 silly audit report     {
4868 silly audit report       id: 1102341,
4868 silly audit report       url: 'https://github.com/advisories/GHSA-67mh-4wv8-2f99',
4868 silly audit report       title: 'esbuild enables any website to send any requests to the development server and read the response',
4868 silly audit report       severity: 'moderate',
4868 silly audit report       vulnerable_versions: '<=0.24.2',
4868 silly audit report       cwe: [Array],
4868 silly audit report       cvss: [Object]
4868 silly audit report     }
4868 silly audit report   ],
4868 silly audit report   'webpack-dev-middleware': [
4868 silly audit report     {
4868 silly audit report       id: 1096729,
4868 silly audit report       url: 'https://github.com/advisories/GHSA-wr3j-pwj9-hqq6',
4868 silly audit report       title: 'Path traversal in webpack-dev-middleware',
4868 silly audit report       severity: 'high',
4868 silly audit report       vulnerable_versions: '<=5.3.3',
4868 silly audit report       cwe: [Array],
4868 silly audit report       cvss: [Object]
4868 silly audit report     }
4868 silly audit report   ],
4868 silly audit report   tar: [
4868 silly audit report     {
4868 silly audit report       id: 1112255,
4868 silly audit report       url: 'https://github.com/advisories/GHSA-8qq5-rm4j-mr97',
4868 silly audit report       title: 'node-tar is Vulnerable to Arbitrary File Overwrite and Symlink Poisoning via Insufficient Path Sanitization',
4868 silly audit report       severity: 'high',
4868 silly audit report       vulnerable_versions: '<=7.5.2',
4868 silly audit report       cwe: [Array],
4868 silly audit report       cvss: [Object]
4868 silly audit report     }
4868 silly audit report   ],
4868 silly audit report   tmp: [
4868 silly audit report     {
4868 silly audit report       id: 1109537,
4868 silly audit report       url: 'https://github.com/advisories/GHSA-52f5-9888-hmc6',
4868 silly audit report       title: 'tmp allows arbitrary temporary file / directory write via symbolic link `dir` parameter',
4868 silly audit report       severity: 'low',
4868 silly audit report       vulnerable_versions: '<=0.2.3',
4868 silly audit report       cwe: [Array],
4868 silly audit report       cvss: [Object]
4868 silly audit report     }
4868 silly audit report   ]
4868 silly audit report }
4869 silly packumentCache corgi:https://registry.npmjs.org/@angular%2fcompiler cache-miss
4870 silly packumentCache corgi:https://registry.npmjs.org/@angular%2fcore cache-miss
4871 silly packumentCache corgi:https://registry.npmjs.org/@angular%2fcommon cache-miss
4872 silly packumentCache corgi:https://registry.npmjs.org/webpack cache-miss
4873 silly packumentCache corgi:https://registry.npmjs.org/webpack-dev-server cache-miss
4874 silly packumentCache corgi:https://registry.npmjs.org/@babel%2fruntime cache-miss
4875 silly packumentCache corgi:https://registry.npmjs.org/esbuild cache-miss
4876 silly packumentCache corgi:https://registry.npmjs.org/webpack-dev-middleware cache-miss
4877 silly packumentCache corgi:https://registry.npmjs.org/tar cache-miss
4878 silly packumentCache corgi:https://registry.npmjs.org/tmp cache-miss
4879 warn deprecated inflight@1.0.6: This module is not supported, and leaks memory. Do not use it. Check out lru-cache if you want a good and tested way to coalesce async requests by a key value, which is much more comprehensive and powerful.
4880 warn deprecated read-package-json@5.0.2: This package is no longer supported. Please use @npmcli/package-json instead.
4881 warn deprecated @npmcli/move-file@2.0.1: This functionality has been moved to @npmcli/fs
4882 warn deprecated @babel/plugin-proposal-private-methods@7.18.6: This proposal has been merged to the ECMAScript standard and thus this plugin is no longer maintained. Please use @babel/plugin-transform-private-methods instead.
4883 warn deprecated @babel/plugin-proposal-optional-catch-binding@7.18.6: This proposal has been merged to the ECMAScript standard and thus this plugin is no longer maintained. Please use @babel/plugin-transform-optional-catch-binding instead.
4884 warn deprecated @babel/plugin-proposal-numeric-separator@7.18.6: This proposal has been merged to the ECMAScript standard and thus this plugin is no longer maintained. Please use @babel/plugin-transform-numeric-separator instead.
4885 warn deprecated @babel/plugin-proposal-dynamic-import@7.18.6: This proposal has been merged to the ECMAScript standard and thus this plugin is no longer maintained. Please use @babel/plugin-transform-dynamic-import instead.
4886 warn deprecated @babel/plugin-proposal-class-properties@7.18.6: This proposal has been merged to the ECMAScript standard and thus this plugin is no longer maintained. Please use @babel/plugin-transform-class-properties instead.
4887 warn deprecated @babel/plugin-proposal-nullish-coalescing-operator@7.18.6: This proposal has been merged to the ECMAScript standard and thus this plugin is no longer maintained. Please use @babel/plugin-transform-nullish-coalescing-operator instead.
4888 warn deprecated @babel/plugin-proposal-json-strings@7.18.6: This proposal has been merged to the ECMAScript standard and thus this plugin is no longer maintained. Please use @babel/plugin-transform-json-strings instead.
4889 warn deprecated @babel/plugin-proposal-export-namespace-from@7.18.9: This proposal has been merged to the ECMAScript standard and thus this plugin is no longer maintained. Please use @babel/plugin-transform-export-namespace-from instead.
4890 warn deprecated @babel/plugin-proposal-unicode-property-regex@7.18.6: This proposal has been merged to the ECMAScript standard and thus this plugin is no longer maintained. Please use @babel/plugin-transform-unicode-property-regex instead.
4891 warn deprecated npmlog@6.0.2: This package is no longer supported.
4892 warn deprecated @babel/plugin-proposal-logical-assignment-operators@7.20.7: This proposal has been merged to the ECMAScript standard and thus this plugin is no longer maintained. Please use @babel/plugin-transform-logical-assignment-operators instead.
4893 warn deprecated @babel/plugin-proposal-class-static-block@7.21.0: This proposal has been merged to the ECMAScript standard and thus this plugin is no longer maintained. Please use @babel/plugin-transform-class-static-block instead.
4894 warn deprecated @babel/plugin-proposal-async-generator-functions@7.18.10: This proposal has been merged to the ECMAScript standard and thus this plugin is no longer maintained. Please use @babel/plugin-transform-async-generator-functions instead.
4895 warn deprecated abab@2.0.6: Use your platform's native atob() and btoa() methods instead
4896 warn deprecated rimraf@3.0.2: Rimraf versions prior to v4 are no longer supported
4897 warn deprecated @babel/plugin-proposal-private-property-in-object@7.21.11: This proposal has been merged to the ECMAScript standard and thus this plugin is no longer maintained. Please use @babel/plugin-transform-private-property-in-object instead.
4898 warn deprecated @babel/plugin-proposal-optional-chaining@7.21.0: This proposal has been merged to the ECMAScript standard and thus this plugin is no longer maintained. Please use @babel/plugin-transform-optional-chaining instead.
4899 warn deprecated acorn-import-assertions@1.9.0: package has been renamed to acorn-import-attributes
4900 warn deprecated are-we-there-yet@3.0.1: This package is no longer supported.
4901 warn deprecated glob@8.0.3: Glob versions prior to v9 are no longer supported
4902 warn deprecated glob@7.2.3: Glob versions prior to v9 are no longer supported
4903 warn deprecated glob@7.2.3: Glob versions prior to v9 are no longer supported
4904 warn deprecated glob@7.2.3: Glob versions prior to v9 are no longer supported
4905 warn deprecated glob@7.2.3: Glob versions prior to v9 are no longer supported
4906 warn deprecated glob@7.2.3: Glob versions prior to v9 are no longer supported
4907 http fetch GET 200 https://registry.npmjs.org/socket.io-parser/-/socket.io-parser-4.2.5.tgz 1307ms (cache miss)
4908 http fetch GET 200 https://registry.npmjs.org/loader-runner/-/loader-runner-4.3.1.tgz 1309ms (cache miss)
4909 warn deprecated @babel/plugin-proposal-object-rest-spread@7.20.7: This proposal has been merged to the ECMAScript standard and thus this plugin is no longer maintained. Please use @babel/plugin-transform-object-rest-spread instead.
4910 http fetch GET 200 https://registry.npmjs.org/@types/cors/-/cors-2.8.19.tgz 1315ms (cache miss)
4911 http fetch GET 200 https://registry.npmjs.org/@jridgewell/source-map/-/source-map-0.3.11.tgz 1316ms (cache miss)
4912 http fetch GET 200 https://registry.npmjs.org/follow-redirects/-/follow-redirects-1.15.11.tgz 1324ms (cache miss)
4913 http fetch GET 200 https://registry.npmjs.org/raw-body/-/raw-body-2.5.3.tgz 1321ms (cache miss)
4914 http fetch GET 200 https://registry.npmjs.org/debug/-/debug-4.4.3.tgz 1315ms (cache miss)
4915 warn deprecated sourcemap-codec@1.4.8: Please use @jridgewell/sourcemap-codec instead
4916 http fetch GET 200 https://registry.npmjs.org/tmp/-/tmp-0.2.5.tgz 1329ms (cache miss)
4917 http fetch GET 200 https://registry.npmjs.org/@types/jasmine/-/jasmine-3.10.19.tgz 1345ms (cache miss)
4918 http fetch GET 200 https://registry.npmjs.org/terser-webpack-plugin/-/terser-webpack-plugin-5.3.16.tgz 1361ms (cache miss)
4919 http fetch GET 200 https://registry.npmjs.org/debug/-/debug-4.4.3.tgz 1351ms (cache miss)
4920 http fetch GET 200 https://registry.npmjs.org/debug/-/debug-4.4.3.tgz 1352ms (cache miss)
4921 http fetch GET 200 https://registry.npmjs.org/debug/-/debug-4.4.3.tgz 1353ms (cache miss)
4922 http fetch GET 200 https://registry.npmjs.org/webpack-dev-server 449ms (cache hit)
4923 silly packumentCache corgi:https://registry.npmjs.org/webpack-dev-server set size:458386 disposed:false
4924 http fetch GET 200 https://registry.npmjs.org/webpack 455ms (cache hit)
4925 silly packumentCache corgi:https://registry.npmjs.org/webpack set size:1981654 disposed:false
4926 http fetch GET 200 https://registry.npmjs.org/@angular%2fcore 468ms (cache hit)
4927 silly packumentCache corgi:https://registry.npmjs.org/@angular%2fcore set size:1117256 disposed:false
4928 http fetch GET 200 https://registry.npmjs.org/@angular%2fcompiler 475ms (cache hit)
4929 silly packumentCache corgi:https://registry.npmjs.org/@angular%2fcompiler set size:1094455 disposed:false
4930 http fetch GET 200 https://registry.npmjs.org/@babel%2fruntime 485ms (cache hit)
4931 silly packumentCache corgi:https://registry.npmjs.org/@babel%2fruntime set size:219996 disposed:false
4932 http fetch GET 200 https://registry.npmjs.org/webpack-dev-middleware 485ms (cache hit)
4933 silly packumentCache corgi:https://registry.npmjs.org/webpack-dev-middleware set size:169900 disposed:false
4934 http fetch GET 200 https://registry.npmjs.org/@angular%2fcommon 489ms (cache hit)
4935 silly packumentCache corgi:https://registry.npmjs.org/@angular%2fcommon set size:1117534 disposed:false
4936 http fetch GET 200 https://registry.npmjs.org/esbuild 493ms (cache hit)
4937 silly packumentCache corgi:https://registry.npmjs.org/esbuild set size:877737 disposed:false
4938 http fetch GET 200 https://registry.npmjs.org/body-parser/-/body-parser-1.20.4.tgz 1415ms (cache miss)
4939 http fetch GET 200 https://registry.npmjs.org/ua-parser-js/-/ua-parser-js-0.7.41.tgz 1435ms (cache miss)
4940 warn deprecated gauge@4.0.4: This package is no longer supported.
4941 http fetch GET 200 https://registry.npmjs.org/watchpack/-/watchpack-2.5.1.tgz 1450ms (cache miss)
4942 http fetch GET 200 https://registry.npmjs.org/tapable/-/tapable-2.3.0.tgz 1449ms (cache miss)
4943 http fetch GET 200 https://registry.npmjs.org/tar 572ms (cache revalidated)
4944 silly packumentCache corgi:https://registry.npmjs.org/tar set size:190166 disposed:false
4945 http fetch GET 200 https://registry.npmjs.org/socket.io-adapter/-/socket.io-adapter-2.5.6.tgz 1495ms (cache miss)
4946 http fetch GET 200 https://registry.npmjs.org/ws/-/ws-8.18.3.tgz 1513ms (cache miss)
4947 http fetch GET 200 https://registry.npmjs.org/css-what/-/css-what-6.2.2.tgz 1541ms (cache miss)
4948 http fetch GET 200 https://registry.npmjs.org/@jridgewell/sourcemap-codec/-/sourcemap-codec-1.5.5.tgz 1544ms (cache miss)
4949 warn deprecated tar@6.2.1: Old versions of tar are not supported, and contain widely publicized security vulnerabilities, which have been fixed in the current version. Please update. Support for old versions may be purchased (at exhorbitant rates) by contacting i@izs.me
4950 http fetch GET 200 https://registry.npmjs.org/acorn/-/acorn-8.15.0.tgz 1563ms (cache miss)
4951 http fetch GET 200 https://registry.npmjs.org/tmp 706ms (cache revalidated)
4952 silly packumentCache corgi:https://registry.npmjs.org/tmp set size:23979 disposed:false
4953 silly packumentCache corgi:https://registry.npmjs.org/@angular%2fcompiler-cli cache-miss
4954 silly packumentCache corgi:https://registry.npmjs.org/@angular%2fplatform-browser-dynamic cache-miss
4955 http fetch GET 200 https://registry.npmjs.org/enhanced-resolve/-/enhanced-resolve-5.18.4.tgz 1705ms (cache miss)
4956 http fetch GET 200 https://registry.npmjs.org/webpack-sources/-/webpack-sources-3.3.3.tgz 1701ms (cache miss)
4957 http fetch GET 200 https://registry.npmjs.org/js-yaml/-/js-yaml-3.14.2.tgz 1702ms (cache miss)
4958 http fetch GET 200 https://registry.npmjs.org/engine.io/-/engine.io-6.6.5.tgz 1721ms (cache miss)
4959 http fetch GET 200 https://registry.npmjs.org/@angular%2fcompiler-cli 63ms (cache hit)
4960 silly packumentCache corgi:https://registry.npmjs.org/@angular%2fcompiler-cli set size:1455330 disposed:false
4961 http fetch GET 200 https://registry.npmjs.org/@angular%2fplatform-browser-dynamic 71ms (cache hit)
4962 silly packumentCache corgi:https://registry.npmjs.org/@angular%2fplatform-browser-dynamic set size:1250713 disposed:false
4963 silly packumentCache corgi:https://registry.npmjs.org/@angular%2fanimations cache-miss
4964 silly packumentCache corgi:https://registry.npmjs.org/@angular%2fforms cache-miss
4965 silly packumentCache corgi:https://registry.npmjs.org/@angular%2fplatform-browser cache-miss
4966 silly packumentCache corgi:https://registry.npmjs.org/@angular%2frouter cache-miss
4967 http fetch GET 200 https://registry.npmjs.org/@angular%2fplatform-browser 40ms (cache hit)
4968 silly packumentCache corgi:https://registry.npmjs.org/@angular%2fplatform-browser set size:1222511 disposed:false
4969 http fetch GET 200 https://registry.npmjs.org/@angular%2fforms 47ms (cache hit)
4970 silly packumentCache corgi:https://registry.npmjs.org/@angular%2fforms set size:1175572 disposed:false
4971 http fetch GET 200 https://registry.npmjs.org/@angular%2fanimations 54ms (cache hit)
4972 silly packumentCache corgi:https://registry.npmjs.org/@angular%2fanimations set size:1078352 disposed:false
4973 http fetch GET 200 https://registry.npmjs.org/socket.io/-/socket.io-4.8.3.tgz 1877ms (cache miss)
4974 http fetch GET 200 https://registry.npmjs.org/istanbul-reports/-/istanbul-reports-3.2.0.tgz 1909ms (cache miss)
4975 http fetch GET 200 https://registry.npmjs.org/@angular%2frouter 217ms (cache miss)
4976 silly packumentCache corgi:https://registry.npmjs.org/@angular%2frouter set size:undefined disposed:false
4977 http fetch GET 200 https://registry.npmjs.org/terser/-/terser-5.46.0.tgz 2522ms (cache miss)
4978 silly packumentCache corgi:https://registry.npmjs.org/@angular-devkit%2fbuild-angular cache-miss
4979 silly packumentCache corgi:https://registry.npmjs.org/@angular-devkit%2fbuild-webpack cache-miss
4980 silly packumentCache corgi:https://registry.npmjs.org/@ngtools%2fwebpack cache-miss
4981 silly packumentCache corgi:https://registry.npmjs.org/babel-loader cache-miss
4982 silly packumentCache corgi:https://registry.npmjs.org/copy-webpack-plugin cache-miss
4983 silly packumentCache corgi:https://registry.npmjs.org/css-loader cache-miss
4984 silly packumentCache corgi:https://registry.npmjs.org/less-loader cache-miss
4985 silly packumentCache corgi:https://registry.npmjs.org/mini-css-extract-plugin cache-miss
4986 silly packumentCache corgi:https://registry.npmjs.org/postcss-loader cache-miss
4987 silly packumentCache corgi:https://registry.npmjs.org/sass-loader cache-miss
4988 silly packumentCache corgi:https://registry.npmjs.org/source-map-loader cache-miss
4989 silly packumentCache corgi:https://registry.npmjs.org/stylus-loader cache-miss
4990 silly packumentCache corgi:https://registry.npmjs.org/webpack-subresource-integrity cache-miss
4991 silly packumentCache corgi:https://registry.npmjs.org/terser-webpack-plugin cache-miss
4992 http fetch GET 200 https://registry.npmjs.org/mini-css-extract-plugin 24ms (cache hit)
4993 silly packumentCache corgi:https://registry.npmjs.org/mini-css-extract-plugin set size:184585 disposed:false
4994 http fetch GET 200 https://registry.npmjs.org/@angular-devkit%2fbuild-webpack 30ms (cache hit)
4995 silly packumentCache corgi:https://registry.npmjs.org/@angular-devkit%2fbuild-webpack set size:1178768 disposed:false
4996 http fetch GET 200 https://registry.npmjs.org/babel-loader 35ms (cache hit)
4997 silly packumentCache corgi:https://registry.npmjs.org/babel-loader set size:112155 disposed:false
4998 http fetch GET 200 https://registry.npmjs.org/copy-webpack-plugin 36ms (cache hit)
4999 silly packumentCache corgi:https://registry.npmjs.org/copy-webpack-plugin set size:138758 disposed:false
5000 http fetch GET 200 https://registry.npmjs.org/postcss-loader 37ms (cache hit)
5001 silly packumentCache corgi:https://registry.npmjs.org/postcss-loader set size:132485 disposed:false
5002 http fetch GET 200 https://registry.npmjs.org/@ngtools%2fwebpack 40ms (cache hit)
5003 silly packumentCache corgi:https://registry.npmjs.org/@ngtools%2fwebpack set size:1266916 disposed:false
5004 http fetch GET 200 https://registry.npmjs.org/source-map-loader 44ms (cache hit)
5005 silly packumentCache corgi:https://registry.npmjs.org/source-map-loader set size:45783 disposed:false
5006 http fetch GET 200 https://registry.npmjs.org/@angular-devkit%2fbuild-angular 51ms (cache hit)
5007 silly packumentCache corgi:https://registry.npmjs.org/@angular-devkit%2fbuild-angular set size:2966350 disposed:false
5008 http fetch GET 200 https://registry.npmjs.org/sass-loader 60ms (cache hit)
5009 silly packumentCache corgi:https://registry.npmjs.org/sass-loader set size:203008 disposed:false
5010 http fetch GET 200 https://registry.npmjs.org/less-loader 62ms (cache hit)
5011 silly packumentCache corgi:https://registry.npmjs.org/less-loader set size:93680 disposed:false
5012 http fetch GET 200 https://registry.npmjs.org/stylus-loader 61ms (cache hit)
5013 silly packumentCache corgi:https://registry.npmjs.org/stylus-loader set size:76490 disposed:false
5014 http fetch GET 200 https://registry.npmjs.org/webpack-subresource-integrity 61ms (cache hit)
5015 silly packumentCache corgi:https://registry.npmjs.org/webpack-subresource-integrity set size:93374 disposed:false
5016 http fetch GET 200 https://registry.npmjs.org/css-loader 65ms (cache hit)
5017 silly packumentCache corgi:https://registry.npmjs.org/css-loader set size:239472 disposed:false
5018 http fetch GET 200 https://registry.npmjs.org/terser-webpack-plugin 65ms (cache hit)
5019 silly packumentCache corgi:https://registry.npmjs.org/terser-webpack-plugin set size:203483 disposed:false
5020 http fetch GET 200 https://registry.npmjs.org/@babel/helpers/-/helpers-7.28.6.tgz 3391ms (cache miss)
5021 silly packumentCache corgi:https://registry.npmjs.org/cacache cache-miss
5022 silly packumentCache corgi:https://registry.npmjs.org/pacote cache-miss
5023 silly packumentCache corgi:https://registry.npmjs.org/node-gyp cache-miss
5024 http fetch GET 200 https://registry.npmjs.org/gsap/-/gsap-3.14.2.tgz 3637ms (cache miss)
5025 http fetch GET 200 https://registry.npmjs.org/cacache 261ms (cache revalidated)
5026 silly packumentCache corgi:https://registry.npmjs.org/cacache set size:155668 disposed:false
5027 http fetch GET 200 https://registry.npmjs.org/pacote 266ms (cache revalidated)
5028 silly packumentCache corgi:https://registry.npmjs.org/pacote set size:388737 disposed:false
5029 http fetch GET 200 https://registry.npmjs.org/node-gyp 720ms (cache revalidated)
5030 silly packumentCache corgi:https://registry.npmjs.org/node-gyp set size:156213 disposed:false
5031 silly packumentCache corgi:https://registry.npmjs.org/external-editor cache-miss
5032 http fetch GET 200 https://registry.npmjs.org/external-editor 714ms (cache revalidated)
5033 silly packumentCache corgi:https://registry.npmjs.org/external-editor set size:17808 disposed:false
5034 silly packumentCache corgi:https://registry.npmjs.org/make-fetch-happen cache-miss
5035 info run fsevents@2.3.3 install node_modules/fsevents node-gyp rebuild
5036 info run nice-napi@1.0.2 install node_modules/nice-napi node-gyp-build
5037 http fetch GET 200 https://registry.npmjs.org/make-fetch-happen 320ms (cache revalidated)
5038 silly packumentCache corgi:https://registry.npmjs.org/make-fetch-happen set size:181868 disposed:false
5039 silly packumentCache corgi:https://registry.npmjs.org/@angular%2fcli cache-miss
5040 http fetch GET 200 https://registry.npmjs.org/@angular%2fcli 4ms (cache hit)
5041 silly packumentCache corgi:https://registry.npmjs.org/@angular%2fcli set size:1722534 disposed:false
5042 silly packumentCache corgi:https://registry.npmjs.org/@npmcli%2frun-script cache-miss
5043 http fetch GET 200 https://registry.npmjs.org/@npmcli%2frun-script 499ms (cache revalidated)
5044 silly packumentCache corgi:https://registry.npmjs.org/@npmcli%2frun-script set size:98912 disposed:false
5045 silly packumentCache corgi:https://registry.npmjs.org/inquirer cache-miss
5046 info run fsevents@2.3.3 install { code: 1, signal: null }
5047 verbose reify failed optional dependency /Users/djiby/Documents/portfolio/portforlio/node_modules/fsevents
5048 silly reify mark deleted [ '/Users/djiby/Documents/portfolio/portforlio/node_modules/fsevents' ]
5049 http fetch GET 200 https://registry.npmjs.org/inquirer 676ms (cache revalidated)
5050 silly packumentCache corgi:https://registry.npmjs.org/inquirer set size:253599 disposed:false
5051 silly packumentCache corgi:https://registry.npmjs.org/npm-registry-fetch cache-miss
5052 http fetch GET 200 https://registry.npmjs.org/npm-registry-fetch 268ms (cache revalidated)
5053 silly packumentCache corgi:https://registry.npmjs.org/npm-registry-fetch set size:133668 disposed:false
5054 info run nice-napi@1.0.2 install { code: 0, signal: null }
5055 info run esbuild@0.15.5 postinstall node_modules/esbuild node install.js
5056 info run esbuild@0.15.5 postinstall { code: 0, signal: null }
5057 silly ADD node_modules/fast-json-stable-stringify
5058 silly ADD node_modules/minimist
5059 silly ADD node_modules/path-is-absolute
5060 silly ADD node_modules/concat-map
5061 silly ADD node_modules/process-nextick-args
5062 silly ADD node_modules/isarray
5063 silly ADD node_modules/core-util-is
5064 silly ADD node_modules/ajv-keywords
5065 silly ADD node_modules/emojis-list
5066 silly ADD node_modules/big.js
5067 silly ADD node_modules/@types/mime
5068 silly ADD node_modules/yargs-parser
5069 silly ADD node_modules/y18n
5070 silly ADD node_modules/require-directory
5071 silly ADD node_modules/get-caller-file
5072 silly ADD node_modules/cliui
5073 silly ADD node_modules/isexe
5074 silly ADD node_modules/websocket-extensions
5075 silly ADD node_modules/http-parser-js
5076 silly ADD node_modules/typed-assert
5077 silly ADD node_modules/isobject
5078 silly ADD node_modules/shallow-clone
5079 silly ADD node_modules/kind-of
5080 silly ADD node_modules/is-plain-object
5081 silly ADD node_modules/wildcard
5082 silly ADD node_modules/clone-deep
5083 silly ADD node_modules/minimalistic-assert
5084 silly ADD node_modules/wbuf
5085 silly ADD node_modules/obuf
5086 silly ADD node_modules/hpack.js
5087 silly ADD node_modules/hpack.js/node_modules/string_decoder
5088 silly ADD node_modules/hpack.js/node_modules/safe-buffer
5089 silly ADD node_modules/hpack.js/node_modules/readable-stream
5090 silly ADD node_modules/detect-node
5091 silly ADD node_modules/spdy-transport
5092 silly ADD node_modules/select-hose
5093 silly ADD node_modules/http-deceiver
5094 silly ADD node_modules/handle-thing
5095 silly ADD node_modules/websocket-driver
5096 silly ADD node_modules/faye-websocket
5097 silly ADD node_modules/shebang-regex
5098 silly ADD node_modules/batch
5099 silly ADD node_modules/node-forge
5100 silly ADD node_modules/@types/node-forge
5101 silly ADD node_modules/forwarded
5102 silly ADD node_modules/@types/retry
5103 silly ADD node_modules/@leichtgewicht/ip-codec
5104 silly ADD node_modules/thunky
5105 silly ADD node_modules/dns-packet
5106 silly ADD node_modules/is-plain-obj
5107 silly ADD node_modules/@types/http-proxy
5108 silly ADD node_modules/serve-static
5109 silly ADD node_modules/serve-static/node_modules/encodeurl
5110 silly ADD node_modules/send
5111 silly ADD node_modules/send/node_modules/statuses
5112 silly ADD node_modules/send/node_modules/ms
5113 silly ADD node_modules/send/node_modules/mime
5114 silly ADD node_modules/send/node_modules/encodeurl
5115 silly ADD node_modules/send/node_modules/debug
5116 silly ADD node_modules/send/node_modules/debug/node_modules/ms
5117 silly ADD node_modules/proxy-addr
5118 silly ADD node_modules/proxy-addr/node_modules/ipaddr.js
5119 silly ADD node_modules/path-to-regexp
5120 silly ADD node_modules/methods
5121 silly ADD node_modules/merge-descriptors
5122 silly ADD node_modules/fresh
5123 silly ADD node_modules/etag
5124 silly ADD node_modules/cookie-signature
5125 silly ADD node_modules/content-disposition
5126 silly ADD node_modules/array-flatten
5127 silly ADD node_modules/shebang-command
5128 silly ADD node_modules/path-key
5129 silly ADD node_modules/strip-final-newline
5130 silly ADD node_modules/npm-run-path
5131 silly ADD node_modules/is-stream
5132 silly ADD node_modules/human-signals
5133 silly ADD node_modules/get-stream
5134 silly ADD node_modules/cross-spawn
5135 silly ADD node_modules/cross-spawn/node_modules/which
5136 silly ADD node_modules/execa
5137 silly ADD node_modules/on-headers
5138 silly ADD node_modules/compressible
5139 silly ADD node_modules/multicast-dns
5140 silly ADD node_modules/@types/http-errors
5141 silly ADD node_modules/@types/send
5142 silly ADD node_modules/@types/range-parser
5143 silly ADD node_modules/@types/connect
5144 silly ADD node_modules/@types/qs
5145 silly ADD node_modules/@types/body-parser
5146 silly ADD node_modules/@types/express-serve-static-core
5147 silly ADD node_modules/spdy
5148 silly ADD node_modules/sockjs
5149 silly ADD node_modules/serve-index
5150 silly ADD node_modules/serve-index/node_modules/setprototypeof
5151 silly ADD node_modules/serve-index/node_modules/inherits
5152 silly ADD node_modules/serve-index/node_modules/depd
5153 silly ADD node_modules/serve-index/node_modules/ms
5154 silly ADD node_modules/serve-index/node_modules/http-errors
5155 silly ADD node_modules/serve-index/node_modules/debug
5156 silly ADD node_modules/selfsigned
5157 silly ADD node_modules/p-retry
5158 silly ADD node_modules/p-retry/node_modules/retry
5159 silly ADD node_modules/ipaddr.js
5160 silly ADD node_modules/http-proxy-middleware
5161 silly ADD node_modules/html-entities
5162 silly ADD node_modules/express
5163 silly ADD node_modules/express/node_modules/ms
5164 silly ADD node_modules/express/node_modules/statuses
5165 silly ADD node_modules/express/node_modules/finalhandler
5166 silly ADD node_modules/express/node_modules/encodeurl
5167 silly ADD node_modules/express/node_modules/debug
5168 silly ADD node_modules/default-gateway
5169 silly ADD node_modules/connect-history-api-fallback
5170 silly ADD node_modules/compression
5171 silly ADD node_modules/compression/node_modules/ms
5172 silly ADD node_modules/compression/node_modules/debug
5173 silly ADD node_modules/bonjour-service
5174 silly ADD node_modules/ansi-html-community
5175 silly ADD node_modules/@types/ws
5176 silly ADD node_modules/@types/sockjs
5177 silly ADD node_modules/@types/serve-static
5178 silly ADD node_modules/@types/serve-static/node_modules/@types/send
5179 silly ADD node_modules/@types/serve-index
5180 silly ADD node_modules/@types/express
5181 silly ADD node_modules/@types/express/node_modules/@types/express-serve-static-core
5182 silly ADD node_modules/@types/connect-history-api-fallback
5183 silly ADD node_modules/@types/bonjour
5184 silly ADD node_modules/fs-monkey
5185 silly ADD node_modules/memfs
5186 silly ADD node_modules/colorette
5187 silly ADD node_modules/merge-stream
5188 silly ADD node_modules/jest-worker
5189 silly ADD node_modules/jest-worker/node_modules/supports-color
5190 silly ADD node_modules/estraverse
5191 silly ADD node_modules/esrecurse
5192 silly ADD node_modules/esrecurse/node_modules/estraverse
5193 silly ADD node_modules/@xtuc/ieee754
5194 silly ADD node_modules/@webassemblyjs/utf8
5195 silly ADD node_modules/@webassemblyjs/leb128
5196 silly ADD node_modules/@webassemblyjs/ieee754
5197 silly ADD node_modules/@webassemblyjs/wast-printer
5198 silly ADD node_modules/@webassemblyjs/wasm-opt
5199 silly ADD node_modules/@webassemblyjs/wasm-gen
5200 silly ADD node_modules/@webassemblyjs/helper-wasm-section
5201 silly ADD node_modules/@webassemblyjs/helper-buffer
5202 silly ADD node_modules/@xtuc/long
5203 silly ADD node_modules/@webassemblyjs/helper-api-error
5204 silly ADD node_modules/@webassemblyjs/floating-point-hex-parser
5205 silly ADD node_modules/@webassemblyjs/helper-wasm-bytecode
5206 silly ADD node_modules/@webassemblyjs/helper-numbers
5207 silly ADD node_modules/@types/eslint
5208 silly ADD node_modules/watchpack
5209 silly ADD node_modules/terser-webpack-plugin
5210 silly ADD node_modules/terser-webpack-plugin/node_modules/terser
5211 silly ADD node_modules/terser-webpack-plugin/node_modules/schema-utils
5212 silly ADD node_modules/tapable
5213 silly ADD node_modules/loader-runner
5214 silly ADD node_modules/glob-to-regexp
5215 silly ADD node_modules/events
5216 silly ADD node_modules/eslint-scope
5217 silly ADD node_modules/es-module-lexer
5218 silly ADD node_modules/enhanced-resolve
5219 silly ADD node_modules/chrome-trace-event
5220 silly ADD node_modules/acorn-import-assertions
5221 silly ADD node_modules/@webassemblyjs/wasm-parser
5222 silly ADD node_modules/@webassemblyjs/wasm-edit
5223 silly ADD node_modules/@webassemblyjs/ast
5224 silly ADD node_modules/@types/estree
5225 silly ADD node_modules/@types/eslint-scope
5226 silly ADD node_modules/clone
5227 silly ADD node_modules/defaults
5228 silly ADD node_modules/builtins
5229 silly ADD node_modules/spdx-exceptions
5230 silly ADD node_modules/spdx-license-ids
5231 silly ADD node_modules/spdx-expression-parse
5232 silly ADD node_modules/spdx-correct
5233 silly ADD node_modules/escalade
5234 silly ADD node_modules/imurmurhash
5235 silly ADD node_modules/unique-slug
5236 silly ADD node_modules/unicode-property-aliases-ecmascript
5237 silly ADD node_modules/unicode-canonical-property-names-ecmascript
5238 silly ADD node_modules/media-typer
5239 silly ADD node_modules/is-number
5240 silly ADD node_modules/os-tmpdir
5241 silly ADD node_modules/commander
5242 silly ADD node_modules/acorn
5243 silly ADD node_modules/@jridgewell/source-map
5244 silly ADD node_modules/@jridgewell/source-map/node_modules/@jridgewell/gen-mapping
5245 silly ADD node_modules/has-flag
5246 silly ADD node_modules/@adobe/css-tools
5247 silly ADD node_modules/ansi-regex
5248 silly ADD node_modules/is-fullwidth-code-point
5249 silly ADD node_modules/emoji-regex
5250 silly ADD node_modules/universalify
5251 silly ADD node_modules/jsonfile
5252 silly ADD node_modules/fs-extra
5253 silly ADD node_modules/buffer-from
5254 silly ADD node_modules/abab
5255 silly ADD node_modules/smart-buffer
5256 silly ADD node_modules/ip-address
5257 silly ADD node_modules/socks
5258 silly ADD node_modules/@socket.io/component-emitter
5259 silly ADD node_modules/mime-db
5260 silly ADD node_modules/ws
5261 silly ADD node_modules/engine.io-parser
5262 silly ADD node_modules/cookie
5263 silly ADD node_modules/@types/cors
5264 silly ADD node_modules/vary
5265 silly ADD node_modules/object-assign
5266 silly ADD node_modules/mime-types
5267 silly ADD node_modules/socket.io-parser
5268 silly ADD node_modules/socket.io-parser/node_modules/ms
5269 silly ADD node_modules/socket.io-parser/node_modules/debug
5270 silly ADD node_modules/socket.io-adapter
5271 silly ADD node_modules/socket.io-adapter/node_modules/ms
5272 silly ADD node_modules/socket.io-adapter/node_modules/debug
5273 silly ADD node_modules/engine.io
5274 silly ADD node_modules/engine.io/node_modules/ms
5275 silly ADD node_modules/engine.io/node_modules/debug
5276 silly ADD node_modules/cors
5277 silly ADD node_modules/base64id
5278 silly ADD node_modules/accepts
5279 silly ADD node_modules/accepts/node_modules/negotiator
5280 silly ADD node_modules/side-channel-weakmap
5281 silly ADD node_modules/side-channel-map
5282 silly ADD node_modules/side-channel-list
5283 silly ADD node_modules/object-inspect
5284 silly ADD node_modules/safe-buffer
5285 silly ADD node_modules/randombytes
5286 silly ADD node_modules/@types/json-schema
5287 silly ADD node_modules/neo-async
5288 silly ADD node_modules/immutable
5289 silly ADD node_modules/has-tostringtag
5290 silly ADD node_modules/is-regex
5291 silly ADD node_modules/queue-microtask
5292 silly ADD node_modules/mimic-fn
5293 silly ADD node_modules/onetime
5294 silly ADD node_modules/regex-parser
5295 silly ADD node_modules/adjust-sourcemap-loader
5296 silly ADD node_modules/adjust-sourcemap-loader/node_modules/loader-utils
5297 silly ADD node_modules/supports-preserve-symlinks-flag
5298 silly ADD node_modules/path-parse
5299 silly ADD node_modules/unicode-match-property-value-ecmascript
5300 silly ADD node_modules/unicode-match-property-ecmascript
5301 silly ADD node_modules/regjsparser
5302 silly ADD node_modules/regjsparser/node_modules/jsesc
5303 silly ADD node_modules/regjsgen
5304 silly ADD node_modules/regenerate-unicode-properties
5305 silly ADD node_modules/regenerate
5306 silly ADD node_modules/string_decoder
5307 silly ADD node_modules/validate-npm-package-license
5308 silly ADD node_modules/is-core-module
5309 silly ADD node_modules/normalize-package-data
5310 silly ADD node_modules/pify
5311 silly ADD node_modules/side-channel
5312 silly ADD node_modules/retry
5313 silly ADD node_modules/err-code
5314 silly ADD node_modules/util-deprecate
5315 silly ADD node_modules/cssesc
5316 silly ADD node_modules/fraction.js
5317 silly ADD node_modules/postcss-selector-not
5318 silly ADD node_modules/postcss-selector-not/node_modules/postcss-selector-parser
5319 silly ADD node_modules/postcss-replace-overflow-wrap
5320 silly ADD node_modules/postcss-pseudo-class-any-link
5321 silly ADD node_modules/postcss-pseudo-class-any-link/node_modules/postcss-selector-parser
5322 silly ADD node_modules/postcss-place
5323 silly ADD node_modules/postcss-page-break
5324 silly ADD node_modules/postcss-overflow-shorthand
5325 silly ADD node_modules/postcss-opacity-percentage
5326 silly ADD node_modules/postcss-nesting
5327 silly ADD node_modules/postcss-nesting/node_modules/postcss-selector-parser
5328 silly ADD node_modules/postcss-nesting/node_modules/@csstools/selector-specificity
5329 silly ADD node_modules/postcss-media-minmax
5330 silly ADD node_modules/postcss-logical
5331 silly ADD node_modules/postcss-lab-function
5332 silly ADD node_modules/postcss-initial
5333 silly ADD node_modules/postcss-image-set-function
5334 silly ADD node_modules/postcss-gap-properties
5335 silly ADD node_modules/postcss-font-variant
5336 silly ADD node_modules/postcss-focus-within
5337 silly ADD node_modules/postcss-focus-within/node_modules/postcss-selector-parser
5338 silly ADD node_modules/postcss-focus-visible
5339 silly ADD node_modules/postcss-focus-visible/node_modules/postcss-selector-parser
5340 silly ADD node_modules/postcss-env-function
5341 silly ADD node_modules/postcss-double-position-gradients
5342 silly ADD node_modules/postcss-dir-pseudo-class
5343 silly ADD node_modules/postcss-dir-pseudo-class/node_modules/postcss-selector-parser
5344 silly ADD node_modules/postcss-custom-selectors
5345 silly ADD node_modules/postcss-custom-selectors/node_modules/postcss-selector-parser
5346 silly ADD node_modules/postcss-custom-properties
5347 silly ADD node_modules/postcss-custom-media
5348 silly ADD node_modules/postcss-color-rebeccapurple
5349 silly ADD node_modules/postcss-color-hex-alpha
5350 silly ADD node_modules/postcss-color-functional-notation
5351 silly ADD node_modules/postcss-clamp
5352 silly ADD node_modules/postcss-attribute-case-insensitive
5353 silly ADD node_modules/postcss-attribute-case-insensitive/node_modules/postcss-selector-parser
5354 silly ADD node_modules/cssdb
5355 silly ADD node_modules/css-prefers-color-scheme
5356 silly ADD node_modules/css-has-pseudo
5357 silly ADD node_modules/css-has-pseudo/node_modules/postcss-selector-parser
5358 silly ADD node_modules/css-blank-pseudo
5359 silly ADD node_modules/css-blank-pseudo/node_modules/postcss-selector-parser
5360 silly ADD node_modules/autoprefixer
5361 silly ADD node_modules/@csstools/postcss-unset-value
5362 silly ADD node_modules/@csstools/postcss-trigonometric-functions
5363 silly ADD node_modules/@csstools/postcss-text-decoration-shorthand
5364 silly ADD node_modules/@csstools/postcss-stepped-value-functions
5365 silly ADD node_modules/@csstools/postcss-progressive-custom-properties
5366 silly ADD node_modules/@csstools/postcss-oklab-function
5367 silly ADD node_modules/@csstools/postcss-normalize-display-values
5368 silly ADD node_modules/@csstools/postcss-nested-calc
5369 silly ADD node_modules/@csstools/postcss-is-pseudo-class
5370 silly ADD node_modules/@csstools/postcss-is-pseudo-class/node_modules/postcss-selector-parser
5371 silly ADD node_modules/@csstools/postcss-is-pseudo-class/node_modules/@csstools/selector-specificity
5372 silly ADD node_modules/@csstools/postcss-ic-unit
5373 silly ADD node_modules/@csstools/postcss-hwb-function
5374 silly ADD node_modules/@csstools/postcss-font-format-keywords
5375 silly ADD node_modules/@csstools/postcss-color-function
5376 silly ADD node_modules/@csstools/postcss-cascade-layers
5377 silly ADD node_modules/@csstools/postcss-cascade-layers/node_modules/postcss-selector-parser
5378 silly ADD node_modules/@csstools/postcss-cascade-layers/node_modules/@csstools/selector-specificity
5379 silly ADD node_modules/postcss-selector-parser
5380 silly ADD node_modules/is-arrayish
5381 silly ADD node_modules/lines-and-columns
5382 silly ADD node_modules/json-parse-even-better-errors
5383 silly ADD node_modules/error-ex
5384 silly ADD node_modules/callsites
5385 silly ADD node_modules/parent-module
5386 silly ADD node_modules/yaml
5387 silly ADD node_modules/parse-json
5388 silly ADD node_modules/import-fresh
5389 silly ADD node_modules/import-fresh/node_modules/resolve-from
5390 silly ADD node_modules/@types/parse-json
5391 silly ADD node_modules/cosmiconfig
5392 silly ADD node_modules/read-cache
5393 silly ADD node_modules/source-map-js
5394 silly ADD node_modules/nanoid
5395 silly ADD node_modules/node-gyp-build
5396 silly ADD node_modules/node-addon-api
5397 silly ADD node_modules/pako
5398 silly ADD node_modules/@assemblyscript/loader
5399 silly ADD node_modules/nice-napi
5400 silly ADD node_modules/hdr-histogram-percentiles-obj
5401 silly ADD node_modules/hdr-histogram-js
5402 silly ADD node_modules/eventemitter-asyncresource
5403 silly ADD node_modules/parse5-sax-parser
5404 silly ADD node_modules/wide-align
5405 silly ADD node_modules/signal-exit
5406 silly ADD node_modules/has-unicode
5407 silly ADD node_modules/color-support
5408 silly ADD node_modules/aproba
5409 silly ADD node_modules/delegates
5410 silly ADD node_modules/set-blocking
5411 silly ADD node_modules/gauge
5412 silly ADD node_modules/console-control-strings
5413 silly ADD node_modules/are-we-there-yet
5414 silly ADD node_modules/jsonparse
5415 silly ADD node_modules/minipass-json-stream
5416 silly ADD node_modules/ignore-walk
5417 silly ADD node_modules/abbrev
5418 silly ADD node_modules/minizlib
5419 silly ADD node_modules/minizlib/node_modules/yallist
5420 silly ADD node_modules/minipass-sized
5421 silly ADD node_modules/encoding
5422 silly ADD node_modules/encoding/node_modules/iconv-lite
5423 silly ADD node_modules/@tootallnate/once
5424 silly ADD node_modules/humanize-ms
5425 silly ADD node_modules/socks-proxy-agent
5426 silly ADD node_modules/negotiator
5427 silly ADD node_modules/minipass-fetch
5428 silly ADD node_modules/is-lambda
5429 silly ADD node_modules/http-proxy-agent
5430 silly ADD node_modules/http-cache-semantics
5431 silly ADD node_modules/agentkeepalive
5432 silly ADD node_modules/npmlog
5433 silly ADD node_modules/nopt
5434 silly ADD node_modules/make-fetch-happen
5435 silly ADD node_modules/make-fetch-happen/node_modules/lru-cache
5436 silly ADD node_modules/exponential-backoff
5437 silly ADD node_modules/env-paths
5438 silly ADD node_modules/node-gyp
5439 silly ADD node_modules/node-gyp/node_modules/brace-expansion
5440 silly ADD node_modules/node-gyp/node_modules/minimatch
5441 silly ADD node_modules/node-gyp/node_modules/which
5442 silly ADD node_modules/node-gyp/node_modules/glob
5443 silly ADD node_modules/@npmcli/node-gyp
5444 silly ADD node_modules/npm-bundled
5445 silly ADD node_modules/read-package-json-fast
5446 silly ADD node_modules/read-package-json
5447 silly ADD node_modules/read-package-json/node_modules/npm-normalize-package-bin
5448 silly ADD node_modules/promise-retry
5449 silly ADD node_modules/npm-registry-fetch
5450 silly ADD node_modules/npm-packlist
5451 silly ADD node_modules/npm-packlist/node_modules/npm-normalize-package-bin
5452 silly ADD node_modules/npm-packlist/node_modules/npm-bundled
5453 silly ADD node_modules/@npmcli/run-script
5454 silly ADD node_modules/@npmcli/run-script/node_modules/which
5455 silly ADD node_modules/@npmcli/promise-spawn
5456 silly ADD node_modules/@npmcli/installed-package-contents
5457 silly ADD node_modules/@npmcli/git
5458 silly ADD node_modules/@npmcli/git/node_modules/which
5459 silly ADD node_modules/@npmcli/git/node_modules/lru-cache
5460 silly ADD node_modules/indent-string
5461 silly ADD node_modules/clean-stack
5462 silly ADD node_modules/aggregate-error
5463 silly ADD node_modules/p-try
5464 silly ADD node_modules/p-limit
5465 silly ADD node_modules/ieee754
5466 silly ADD node_modules/base64-js
5467 silly ADD node_modules/readable-stream
5468 silly ADD node_modules/buffer
5469 silly ADD node_modules/wcwidth
5470 silly ADD node_modules/log-symbols
5471 silly ADD node_modules/is-unicode-supported
5472 silly ADD node_modules/is-interactive
5473 silly ADD node_modules/cli-spinners
5474 silly ADD node_modules/bl
5475 silly ADD node_modules/is-wsl
5476 silly ADD node_modules/is-docker
5477 silly ADD node_modules/define-lazy-prop
5478 silly ADD node_modules/ee-first
5479 silly ADD node_modules/npm-normalize-package-bin
5480 silly ADD node_modules/npm-install-checks
5481 silly ADD node_modules/validate-npm-package-name
5482 silly ADD node_modules/proc-log
5483 silly ADD node_modules/hosted-git-info
5484 silly ADD node_modules/hosted-git-info/node_modules/lru-cache
5485 silly ADD node_modules/sax
5486 silly ADD node_modules/balanced-match
5487 silly ADD node_modules/brace-expansion
5488 silly ADD node_modules/yallist
5489 silly ADD node_modules/streamroller
5490 silly ADD node_modules/rfdc
5491 silly ADD node_modules/flatted
5492 silly ADD node_modules/date-format
5493 silly ADD node_modules/p-locate
5494 silly ADD node_modules/webpack-sources
5495 silly ADD node_modules/klona
5496 silly ADD node_modules/prr
5497 silly ADD node_modules/is-what
5498 silly ADD node_modules/parse-node-version
5499 silly ADD node_modules/needle
5500 silly ADD node_modules/needle/node_modules/iconv-lite
5501 silly ADD node_modules/image-size
5502 silly ADD node_modules/errno
5503 silly ADD node_modules/copy-anything
5504 silly ADD node_modules/html-escaper
5505 silly ADD node_modules/istanbul-reports
5506 silly ADD node_modules/istanbul-lib-source-maps
5507 silly ADD node_modules/istanbul-lib-source-maps/node_modules/source-map
5508 silly ADD node_modules/istanbul-lib-report
5509 silly ADD node_modules/istanbul-lib-report/node_modules/make-dir
5510 silly ADD node_modules/which
5511 silly ADD node_modules/requires-port
5512 silly ADD node_modules/follow-redirects
5513 silly ADD node_modules/eventemitter3
5514 silly ADD node_modules/toidentifier
5515 silly ADD node_modules/setprototypeof
5516 silly ADD node_modules/dunder-proto
5517 silly ADD node_modules/math-intrinsics
5518 silly ADD node_modules/hasown
5519 silly ADD node_modules/has-symbols
5520 silly ADD node_modules/gopd
5521 silly ADD node_modules/get-proto
5522 silly ADD node_modules/es-object-atoms
5523 silly ADD node_modules/es-define-property
5524 silly ADD node_modules/statuses
5525 silly ADD node_modules/escape-html
5526 silly ADD node_modules/encodeurl
5527 silly ADD node_modules/function-bind
5528 silly ADD node_modules/get-intrinsic
5529 silly ADD node_modules/call-bind-apply-helpers
5530 silly ADD node_modules/safe-regex-test
5531 silly ADD node_modules/punycode
5532 silly ADD node_modules/es-errors
5533 silly ADD node_modules/call-bound
5534 silly ADD node_modules/void-elements
5535 silly ADD node_modules/extend
5536 silly ADD node_modules/ent
5537 silly ADD node_modules/custom-event
5538 silly ADD node_modules/utils-merge
5539 silly ADD node_modules/parseurl
5540 silly ADD node_modules/finalhandler
5541 silly ADD node_modules/finalhandler/node_modules/ms
5542 silly ADD node_modules/finalhandler/node_modules/on-finished
5543 silly ADD node_modules/finalhandler/node_modules/debug
5544 silly ADD node_modules/unpipe
5545 silly ADD node_modules/type-is
5546 silly ADD node_modules/raw-body
5547 silly ADD node_modules/qs
5548 silly ADD node_modules/on-finished
5549 silly ADD node_modules/http-errors
5550 silly ADD node_modules/http-errors/node_modules/statuses
5551 silly ADD node_modules/destroy
5552 silly ADD node_modules/depd
5553 silly ADD node_modules/content-type
5554 silly ADD node_modules/bytes
5555 silly ADD node_modules/ua-parser-js
5556 silly ADD node_modules/socket.io
5557 silly ADD node_modules/socket.io/node_modules/ms
5558 silly ADD node_modules/socket.io/node_modules/debug
5559 silly ADD node_modules/range-parser
5560 silly ADD node_modules/qjobs
5561 silly ADD node_modules/mime
5562 silly ADD node_modules/log4js
5563 silly ADD node_modules/isbinaryfile
5564 silly ADD node_modules/http-proxy
5565 silly ADD node_modules/graceful-fs
5566 silly ADD node_modules/dom-serialize
5567 silly ADD node_modules/di
5568 silly ADD node_modules/connect
5569 silly ADD node_modules/connect/node_modules/ms
5570 silly ADD node_modules/connect/node_modules/debug
5571 silly ADD node_modules/body-parser
5572 silly ADD node_modules/body-parser/node_modules/ms
5573 silly ADD node_modules/body-parser/node_modules/debug
5574 silly ADD node_modules/@colors/colors
5575 silly ADD node_modules/sprintf-js
5576 silly ADD node_modules/esprima
5577 silly ADD node_modules/argparse
5578 silly ADD node_modules/istanbul-lib-coverage
5579 silly ADD node_modules/is-extglob
5580 silly ADD node_modules/binary-extensions
5581 silly ADD node_modules/safer-buffer
5582 silly ADD node_modules/escape-string-regexp
5583 silly ADD node_modules/tmp
5584 silly ADD node_modules/iconv-lite
5585 silly ADD node_modules/chardet
5586 silly ADD node_modules/restore-cursor
5587 silly ADD node_modules/type-fest
5588 silly ADD node_modules/wrap-ansi
5589 silly ADD node_modules/through
5590 silly ADD node_modules/strip-ansi
5591 silly ADD node_modules/string-width
5592 silly ADD node_modules/run-async
5593 silly ADD node_modules/mute-stream
5594 silly ADD node_modules/lodash
5595 silly ADD node_modules/figures
5596 silly ADD node_modules/external-editor
5597 silly ADD node_modules/cli-width
5598 silly ADD node_modules/cli-cursor
5599 silly ADD node_modules/ansi-escapes
5600 silly ADD node_modules/wrappy
5601 silly ADD node_modules/agent-base
5602 silly ADD node_modules/path-type
5603 silly ADD node_modules/slash
5604 silly ADD node_modules/ignore
5605 silly ADD node_modules/dir-glob
5606 silly ADD node_modules/once
5607 silly ADD node_modules/inherits
5608 silly ADD node_modules/inflight
5609 silly ADD node_modules/fs.realpath
5610 silly ADD node_modules/path-exists
5611 silly ADD node_modules/locate-path
5612 silly ADD node_modules/pkg-dir
5613 silly ADD node_modules/commondir
5614 silly ADD node_modules/to-regex-range
5615 silly ADD node_modules/reusify
5616 silly ADD node_modules/run-parallel
5617 silly ADD node_modules/fastq
5618 silly ADD node_modules/@nodelib/fs.scandir
5619 silly ADD node_modules/micromatch
5620 silly ADD node_modules/merge2
5621 silly ADD node_modules/@nodelib/fs.walk
5622 silly ADD node_modules/@nodelib/fs.stat
5623 silly ADD
5624 silly ADD
5625 silly ADD
5626 silly ADD
5627 silly ADD
5628 silly ADD
5629 silly ADD
5630 silly ADD
5631 silly ADD
5632 silly ADD
5633 silly ADD
5634 silly ADD
5635 silly ADD
5636 silly ADD
5637 silly ADD
5638 silly ADD
5639 silly ADD node_modules/esbuild-darwin-arm64
5640 silly ADD
5641 silly ADD
5642 silly ADD
5643 silly ADD
5644 silly ADD node_modules/entities
5645 silly ADD node_modules/dom-serializer
5646 silly ADD node_modules/domelementtype
5647 silly ADD node_modules/ms
5648 silly ADD node_modules/nth-check
5649 silly ADD node_modules/domutils
5650 silly ADD node_modules/domhandler
5651 silly ADD node_modules/css-what
5652 silly ADD node_modules/boolbase
5653 silly ADD node_modules/postcss-value-parser
5654 silly ADD node_modules/postcss-modules-values
5655 silly ADD node_modules/postcss-modules-scope
5656 silly ADD node_modules/postcss-modules-local-by-default
5657 silly ADD node_modules/postcss-modules-extract-imports
5658 silly ADD node_modules/icss-utils
5659 silly ADD node_modules/color-name
5660 silly ADD node_modules/color-convert
5661 silly ADD node_modules/supports-color
5662 silly ADD node_modules/ansi-styles
5663 silly ADD node_modules/pretty-bytes
5664 silly ADD node_modules/parse5-htmlparser2-tree-adapter
5665 silly ADD node_modules/parse5
5666 silly ADD node_modules/css-select
5667 silly ADD node_modules/chalk
5668 silly ADD node_modules/serialize-javascript
5669 silly ADD node_modules/globby
5670 silly ADD node_modules/fast-glob
5671 silly ADD node_modules/fill-range
5672 silly ADD node_modules/picomatch
5673 silly ADD node_modules/readdirp
5674 silly ADD node_modules/normalize-path
5675 silly ADD node_modules/is-glob
5676 silly ADD node_modules/is-binary-path
5677 silly ADD node_modules/glob-parent
5678 silly ADD
5679 silly ADD node_modules/braces
5680 silly ADD node_modules/anymatch
5681 silly ADD node_modules/@gar/promisify
5682 silly ADD node_modules/unique-filename
5683 silly ADD node_modules/tar
5684 silly ADD node_modules/tar/node_modules/yallist
5685 silly ADD node_modules/tar/node_modules/minipass
5686 silly ADD node_modules/ssri
5687 silly ADD node_modules/rimraf
5688 silly ADD node_modules/rimraf/node_modules/brace-expansion
5689 silly ADD node_modules/rimraf/node_modules/minimatch
5690 silly ADD node_modules/rimraf/node_modules/glob
5691 silly ADD node_modules/promise-inflight
5692 silly ADD node_modules/p-map
5693 silly ADD node_modules/mkdirp
5694 silly ADD node_modules/minipass-pipeline
5695 silly ADD node_modules/minipass-flush
5696 silly ADD node_modules/minipass-collect
5697 silly ADD node_modules/minipass
5698 silly ADD node_modules/minipass/node_modules/yallist
5699 silly ADD node_modules/infer-owner
5700 silly ADD node_modules/fs-minipass
5701 silly ADD node_modules/chownr
5702 silly ADD node_modules/@npmcli/move-file
5703 silly ADD node_modules/@npmcli/fs
5704 silly ADD node_modules/update-browserslist-db
5705 silly ADD node_modules/node-releases
5706 silly ADD node_modules/electron-to-chromium
5707 silly ADD node_modules/caniuse-lite
5708 silly ADD node_modules/baseline-browser-mapping
5709 silly ADD node_modules/@babel/helper-define-polyfill-provider
5710 silly ADD node_modules/@babel/helper-define-polyfill-provider/node_modules/semver
5711 silly ADD node_modules/resolve-from
5712 silly ADD node_modules/js-yaml
5713 silly ADD node_modules/get-package-type
5714 silly ADD node_modules/find-up
5715 silly ADD node_modules/camelcase
5716 silly ADD node_modules/test-exclude
5717 silly ADD node_modules/test-exclude/node_modules/brace-expansion
5718 silly ADD node_modules/test-exclude/node_modules/minimatch
5719 silly ADD node_modules/test-exclude/node_modules/glob
5720 silly ADD node_modules/istanbul-lib-instrument
5721 silly ADD node_modules/istanbul-lib-instrument/node_modules/semver
5722 silly ADD node_modules/@istanbuljs/schema
5723 silly ADD node_modules/@istanbuljs/load-nyc-config
5724 silly ADD node_modules/schema-utils
5725 silly ADD node_modules/schema-utils/node_modules/json-schema-traverse
5726 silly ADD node_modules/schema-utils/node_modules/ajv-keywords
5727 silly ADD node_modules/schema-utils/node_modules/ajv
5728 silly ADD node_modules/make-dir
5729 silly ADD node_modules/make-dir/node_modules/semver
5730 silly ADD node_modules/find-cache-dir
5731 silly ADD node_modules/lodash.throttle
5732 silly ADD node_modules/lodash.debounce
5733 silly ADD node_modules/classlist-polyfill
5734 silly ADD node_modules/uri-js
5735 silly ADD node_modules/uri-js/node_modules/punycode
5736 silly ADD node_modules/require-from-string
5737 silly ADD node_modules/json-schema-traverse
5738 silly ADD node_modules/fast-deep-equal
5739 silly ADD node_modules/@jridgewell/resolve-uri
5740 silly ADD node_modules/@jridgewell/sourcemap-codec
5741 silly ADD node_modules/@jridgewell/set-array
5742 silly ADD node_modules/@babel/helper-string-parser
5743 silly ADD node_modules/esutils
5744 silly ADD node_modules/@babel/helper-globals
5745 silly ADD node_modules/regexpu-core
5746 silly ADD node_modules/@babel/helper-create-regexp-features-plugin
5747 silly ADD node_modules/@babel/helper-create-regexp-features-plugin/node_modules/semver
5748 silly ADD node_modules/@babel/helper-create-regexp-features-plugin/node_modules/@babel/helper-annotate-as-pure
5749 silly ADD node_modules/@babel/helper-replace-supers
5750 silly ADD node_modules/@babel/helper-optimise-call-expression
5751 silly ADD node_modules/@babel/helper-member-expression-to-functions
5752 silly ADD node_modules/@babel/helper-create-class-features-plugin
5753 silly ADD node_modules/@babel/helper-create-class-features-plugin/node_modules/semver
5754 silly ADD node_modules/@babel/helper-create-class-features-plugin/node_modules/@babel/helper-annotate-as-pure
5755 silly ADD node_modules/@babel/plugin-transform-optional-chaining
5756 silly ADD node_modules/@babel/helper-skip-transparent-expression-wrappers
5757 silly ADD node_modules/core-js-compat
5758 silly ADD node_modules/@babel/preset-modules
5759 silly ADD node_modules/@babel/plugin-transform-unicode-regex
5760 silly ADD node_modules/@babel/plugin-transform-unicode-escapes
5761 silly ADD node_modules/@babel/plugin-transform-typeof-symbol
5762 silly ADD node_modules/@babel/plugin-transform-template-literals
5763 silly ADD node_modules/@babel/plugin-transform-sticky-regex
5764 silly ADD node_modules/@babel/plugin-transform-spread
5765 silly ADD node_modules/@babel/plugin-transform-shorthand-properties
5766 silly ADD node_modules/@babel/plugin-transform-reserved-words
5767 silly ADD node_modules/@babel/plugin-transform-regenerator
5768 silly ADD node_modules/@babel/plugin-transform-property-literals
5769 silly ADD node_modules/@babel/plugin-transform-parameters
5770 silly ADD node_modules/@babel/plugin-transform-object-super
5771 silly ADD node_modules/@babel/plugin-transform-new-target
5772 silly ADD node_modules/@babel/plugin-transform-named-capturing-groups-regex
5773 silly ADD node_modules/@babel/plugin-transform-modules-umd
5774 silly ADD node_modules/@babel/plugin-transform-modules-systemjs
5775 silly ADD node_modules/@babel/plugin-transform-modules-commonjs
5776 silly ADD node_modules/@babel/plugin-transform-modules-amd
5777 silly ADD node_modules/@babel/plugin-transform-member-expression-literals
5778 silly ADD node_modules/@babel/plugin-transform-literals
5779 silly ADD node_modules/@babel/plugin-transform-function-name
5780 silly ADD node_modules/@babel/plugin-transform-for-of
5781 silly ADD node_modules/@babel/plugin-transform-exponentiation-operator
5782 silly ADD node_modules/@babel/plugin-transform-duplicate-keys
5783 silly ADD node_modules/@babel/plugin-transform-dotall-regex
5784 silly ADD node_modules/@babel/plugin-transform-destructuring
5785 silly ADD node_modules/@babel/plugin-transform-computed-properties
5786 silly ADD node_modules/@babel/plugin-transform-computed-properties/node_modules/@babel/template
5787 silly ADD node_modules/@babel/plugin-transform-classes
5788 silly ADD node_modules/@babel/plugin-transform-classes/node_modules/@babel/helper-annotate-as-pure
5789 silly ADD node_modules/@babel/plugin-transform-block-scoping
5790 silly ADD node_modules/@babel/plugin-transform-block-scoped-functions
5791 silly ADD node_modules/@babel/plugin-transform-arrow-functions
5792 silly ADD node_modules/@babel/plugin-syntax-top-level-await
5793 silly ADD node_modules/@babel/plugin-syntax-private-property-in-object
5794 silly ADD node_modules/@babel/plugin-syntax-optional-chaining
5795 silly ADD node_modules/@babel/plugin-syntax-optional-catch-binding
5796 silly ADD node_modules/@babel/plugin-syntax-object-rest-spread
5797 silly ADD node_modules/@babel/plugin-syntax-numeric-separator
5798 silly ADD node_modules/@babel/plugin-syntax-nullish-coalescing-operator
5799 silly ADD node_modules/@babel/plugin-syntax-logical-assignment-operators
5800 silly ADD node_modules/@babel/plugin-syntax-json-strings
5801 silly ADD node_modules/@babel/plugin-syntax-import-assertions
5802 silly ADD node_modules/@babel/plugin-syntax-export-namespace-from
5803 silly ADD node_modules/@babel/plugin-syntax-dynamic-import
5804 silly ADD node_modules/@babel/plugin-syntax-class-static-block
5805 silly ADD node_modules/@babel/plugin-syntax-class-properties
5806 silly ADD node_modules/@babel/plugin-proposal-unicode-property-regex
5807 silly ADD node_modules/@babel/plugin-proposal-private-property-in-object
5808 silly ADD node_modules/@babel/plugin-proposal-private-methods
5809 silly ADD node_modules/@babel/plugin-proposal-optional-chaining
5810 silly ADD node_modules/@babel/plugin-proposal-optional-catch-binding
5811 silly ADD node_modules/@babel/plugin-proposal-object-rest-spread
5812 silly ADD node_modules/@babel/plugin-proposal-numeric-separator
5813 silly ADD node_modules/@babel/plugin-proposal-nullish-coalescing-operator
5814 silly ADD node_modules/@babel/plugin-proposal-logical-assignment-operators
5815 silly ADD node_modules/@babel/plugin-proposal-json-strings
5816 silly ADD node_modules/@babel/plugin-proposal-export-namespace-from
5817 silly ADD node_modules/@babel/plugin-proposal-dynamic-import
5818 silly ADD node_modules/@babel/plugin-proposal-class-static-block
5819 silly ADD node_modules/@babel/plugin-proposal-class-properties
5820 silly ADD node_modules/@babel/plugin-bugfix-v8-spread-parameters-in-optional-chaining
5821 silly ADD node_modules/@babel/plugin-bugfix-safari-id-destructuring-collision-in-function-expression
5822 silly ADD node_modules/babel-plugin-polyfill-regenerator
5823 silly ADD node_modules/babel-plugin-polyfill-corejs3
5824 silly ADD node_modules/babel-plugin-polyfill-corejs2
5825 silly ADD node_modules/babel-plugin-polyfill-corejs2/node_modules/semver
5826 silly ADD node_modules/@babel/helper-wrap-function
5827 silly ADD node_modules/@babel/helper-wrap-function/node_modules/@babel/template
5828 silly ADD node_modules/@babel/plugin-syntax-async-generators
5829 silly ADD node_modules/@babel/helper-remap-async-to-generator
5830 silly ADD node_modules/@babel/helper-remap-async-to-generator/node_modules/@babel/helper-annotate-as-pure
5831 silly ADD node_modules/@babel/helper-plugin-utils
5832 silly ADD node_modules/@babel/helper-environment-visitor
5833 silly ADD node_modules/@babel/helper-module-imports
5834 silly ADD node_modules/lru-cache
5835 silly ADD node_modules/@babel/helper-validator-option
5836 silly ADD node_modules/@babel/compat-data
5837 silly ADD node_modules/jsesc
5838 silly ADD node_modules/picocolors
5839 silly ADD node_modules/js-tokens
5840 silly ADD node_modules/@babel/helper-validator-identifier
5841 silly ADD node_modules/json5
5842 silly ADD node_modules/gensync
5843 silly ADD node_modules/@babel/types
5844 silly ADD node_modules/@babel/traverse
5845 silly ADD node_modules/@babel/traverse/node_modules/jsesc
5846 silly ADD node_modules/@babel/traverse/node_modules/@jridgewell/gen-mapping
5847 silly ADD node_modules/@babel/traverse/node_modules/@babel/template
5848 silly ADD node_modules/@babel/traverse/node_modules/@babel/generator
5849 silly ADD node_modules/@babel/parser
5850 silly ADD node_modules/@babel/helpers
5851 silly ADD node_modules/@babel/helpers/node_modules/@babel/template
5852 silly ADD node_modules/@babel/helper-module-transforms
5853 silly ADD node_modules/@babel/helper-compilation-targets
5854 silly ADD node_modules/@babel/helper-compilation-targets/node_modules/semver
5855 silly ADD node_modules/@babel/code-frame
5856 silly ADD node_modules/sourcemap-codec
5857 silly ADD node_modules/reflect-metadata
5858 silly ADD node_modules/dependency-graph
5859 silly ADD node_modules/convert-source-map
5860 silly ADD node_modules/chokidar
5861 silly ADD node_modules/magic-string
5862 silly ADD node_modules/yargs
5863 silly ADD node_modules/uuid
5864 silly ADD node_modules/symbol-observable
5865 silly ADD node_modules/resolve
5866 silly ADD node_modules/pacote
5867 silly ADD node_modules/npm-pick-manifest
5868 silly ADD node_modules/npm-package-arg
5869 silly ADD node_modules/ini
5870 silly ADD node_modules/debug
5871 silly ADD node_modules/@yarnpkg/lockfile
5872 silly ADD node_modules/@schematics/angular
5873 silly ADD node_modules/@angular-devkit/schematics
5874 silly ADD node_modules/@angular-devkit/schematics/node_modules/tslib
5875 silly ADD node_modules/@angular-devkit/schematics/node_modules/rxjs
5876 silly ADD node_modules/source-map
5877 silly ADD node_modules/ajv-formats
5878 silly ADD node_modules/ajv
5879 silly ADD node_modules/@jridgewell/trace-mapping
5880 silly ADD node_modules/@jridgewell/gen-mapping
5881 silly ADD node_modules/webpack-subresource-integrity
5882 silly ADD node_modules/webpack-merge
5883 silly ADD node_modules/webpack-dev-middleware
5884 silly ADD node_modules/webpack-dev-middleware/node_modules/schema-utils
5885 silly ADD node_modules/tree-kill
5886 silly ADD node_modules/text-table
5887 silly ADD node_modules/terser
5888 silly ADD node_modules/stylus-loader
5889 silly ADD node_modules/stylus
5890 silly ADD node_modules/stylus/node_modules/brace-expansion
5891 silly ADD node_modules/stylus/node_modules/minimatch
5892 silly ADD node_modules/stylus/node_modules/sax
5893 silly ADD node_modules/stylus/node_modules/glob
5894 silly ADD node_modules/source-map-support
5895 silly ADD node_modules/source-map-support/node_modules/source-map
5896 silly ADD node_modules/source-map-loader
5897 silly ADD node_modules/source-map-loader/node_modules/iconv-lite
5898 silly ADD node_modules/semver
5899 silly ADD node_modules/semver/node_modules/yallist
5900 silly ADD node_modules/semver/node_modules/lru-cache
5901 silly ADD node_modules/sass-loader
5902 silly ADD node_modules/sass
5903 silly ADD node_modules/resolve-url-loader
5904 silly ADD node_modules/resolve-url-loader/node_modules/source-map
5905 silly ADD node_modules/resolve-url-loader/node_modules/loader-utils
5906 silly ADD node_modules/regenerator-runtime
5907 silly ADD node_modules/postcss-preset-env
5908 silly ADD node_modules/postcss-loader
5909 silly ADD node_modules/postcss-import
5910 silly ADD node_modules/postcss
5911 silly ADD node_modules/piscina
5912 silly ADD node_modules/parse5-html-rewriting-stream
5913 silly ADD node_modules/ora
5914 silly ADD node_modules/open
5915 silly ADD node_modules/minimatch
5916 silly ADD node_modules/mini-css-extract-plugin
5917 silly ADD node_modules/mini-css-extract-plugin/node_modules/schema-utils
5918 silly ADD node_modules/loader-utils
5919 silly ADD node_modules/license-webpack-plugin
5920 silly ADD node_modules/less-loader
5921 silly ADD node_modules/less
5922 silly ADD node_modules/less/node_modules/semver
5923 silly ADD node_modules/less/node_modules/pify
5924 silly ADD node_modules/less/node_modules/source-map
5925 silly ADD node_modules/less/node_modules/mime
5926 silly ADD node_modules/less/node_modules/make-dir
5927 silly ADD node_modules/karma-source-map-support
5928 silly ADD node_modules/jsonc-parser
5929 silly ADD node_modules/inquirer
5930 silly ADD node_modules/https-proxy-agent
5931 silly ADD node_modules/glob
5932 silly ADD node_modules/esbuild-wasm
5933 silly ADD node_modules/esbuild
5934 silly ADD node_modules/css-loader
5935 silly ADD node_modules/critters
5936 silly ADD node_modules/copy-webpack-plugin
5937 silly ADD node_modules/copy-webpack-plugin/node_modules/schema-utils
5938 silly ADD node_modules/copy-webpack-plugin/node_modules/glob-parent
5939 silly ADD node_modules/cacache
5940 silly ADD node_modules/cacache/node_modules/lru-cache
5941 silly ADD node_modules/browserslist
5942 silly ADD node_modules/babel-plugin-istanbul
5943 silly ADD node_modules/babel-loader
5944 silly ADD node_modules/babel-loader/node_modules/loader-utils
5945 silly ADD node_modules/ansi-colors
5946 silly ADD node_modules/@ngtools/webpack
5947 silly ADD node_modules/@discoveryjs/json-ext
5948 silly ADD node_modules/@babel/template
5949 silly ADD node_modules/@babel/runtime
5950 silly ADD node_modules/@babel/preset-env
5951 silly ADD node_modules/@babel/preset-env/node_modules/semver
5952 silly ADD node_modules/@babel/plugin-transform-runtime
5953 silly ADD node_modules/@babel/plugin-transform-runtime/node_modules/semver
5954 silly ADD node_modules/@babel/plugin-transform-async-to-generator
5955 silly ADD node_modules/@babel/plugin-proposal-async-generator-functions
5956 silly ADD node_modules/@babel/helper-annotate-as-pure
5957 silly ADD node_modules/@babel/generator
5958 silly ADD node_modules/@babel/generator/node_modules/@jridgewell/gen-mapping
5959 silly ADD node_modules/@babel/core
5960 silly ADD node_modules/@babel/core/node_modules/semver
5961 silly ADD node_modules/@angular-devkit/core
5962 silly ADD node_modules/@angular-devkit/core/node_modules/tslib
5963 silly ADD node_modules/@angular-devkit/core/node_modules/rxjs
5964 silly ADD node_modules/webpack-dev-server
5965 silly ADD node_modules/webpack-dev-server/node_modules/schema-utils
5966 silly ADD node_modules/webpack
5967 silly ADD node_modules/webpack/node_modules/json-schema-traverse
5968 silly ADD node_modules/webpack/node_modules/ajv-keywords
5969 silly ADD node_modules/webpack/node_modules/ajv
5970 silly ADD node_modules/webpack/node_modules/schema-utils
5971 silly ADD node_modules/@angular-devkit/build-webpack
5972 silly ADD node_modules/@angular-devkit/build-webpack/node_modules/tslib
5973 silly ADD node_modules/@angular-devkit/build-webpack/node_modules/rxjs
5974 silly ADD node_modules/@angular-devkit/architect
5975 silly ADD node_modules/@angular-devkit/architect/node_modules/tslib
5976 silly ADD node_modules/@angular-devkit/architect/node_modules/rxjs
5977 silly ADD node_modules/@ampproject/remapping
5978 silly ADD node_modules/tslib
5979 silly ADD node_modules/karma-jasmine-html-reporter
5980 silly ADD node_modules/karma-jasmine
5981 silly ADD node_modules/karma-jasmine/node_modules/jasmine-core
5982 silly ADD node_modules/karma-coverage
5983 silly ADD node_modules/karma-coverage/node_modules/brace-expansion
5984 silly ADD node_modules/karma-coverage/node_modules/semver
5985 silly ADD node_modules/karma-coverage/node_modules/minimatch
5986 silly ADD node_modules/karma-coverage/node_modules/istanbul-lib-instrument
5987 silly ADD node_modules/karma-chrome-launcher
5988 silly ADD node_modules/karma
5989 silly ADD node_modules/karma/node_modules/yargs-parser
5990 silly ADD node_modules/karma/node_modules/brace-expansion
5991 silly ADD node_modules/karma/node_modules/yargs
5992 silly ADD node_modules/karma/node_modules/tmp
5993 silly ADD node_modules/karma/node_modules/source-map
5994 silly ADD node_modules/karma/node_modules/mkdirp
5995 silly ADD node_modules/karma/node_modules/minimatch
5996 silly ADD node_modules/karma/node_modules/glob
5997 silly ADD node_modules/jasmine-core
5998 silly ADD node_modules/gsap
5999 silly ADD node_modules/aos
6000 silly ADD node_modules/@types/node
6001 silly ADD node_modules/@types/jasmine
6002 silly ADD node_modules/@types/aos
6003 silly ADD node_modules/@angular/router
6004 silly ADD node_modules/@angular/platform-browser-dynamic
6005 silly ADD node_modules/@angular/platform-browser
6006 silly ADD node_modules/@angular/forms
6007 silly ADD node_modules/@angular/common
6008 silly ADD node_modules/@angular/cli
6009 silly ADD node_modules/zone.js
6010 silly ADD node_modules/rxjs
6011 silly ADD node_modules/@angular/core
6012 silly ADD node_modules/@angular/animations
6013 silly ADD node_modules/@angular/compiler
6014 silly ADD node_modules/@angular/compiler-cli
6015 silly ADD node_modules/typescript
6016 silly ADD node_modules/@angular-devkit/build-angular
6017 silly ADD node_modules/@angular-devkit/build-angular/node_modules/tslib
6018 silly ADD node_modules/@angular-devkit/build-angular/node_modules/rxjs
6019 silly ADD node_modules/@angular-devkit/build-angular/node_modules/rxjs/node_modules/tslib
6020 verbose cwd /Users/djiby/Documents/portfolio/portforlio
6021 verbose os Darwin 24.1.0
6022 verbose node v20.19.6
6023 verbose npm  v10.8.2
6024 verbose exit 0
6025 info ok
