0 verbose cli /opt/homebrew/Cellar/node@20/20.19.6/bin/node /opt/homebrew/Cellar/node@20/20.19.6/lib/node_modules/npm/bin/npm-cli.js
1 info using npm@10.8.2
2 info using node@v20.19.6
3 silly config load:file:/opt/homebrew/Cellar/node@20/20.19.6/lib/node_modules/npm/npmrc
4 silly config load:file:/Users/djiby/Documents/portfolio/portforlio/.npmrc
5 silly config load:file:/Users/djiby/.npmrc
6 silly config load:file:/opt/homebrew/etc/npmrc
7 verbose title npm exec ng update @angular/core@15 @angular/cli@15 --allow-dirty --force
8 verbose argv "exec" "--package" "@angular/cli@15" "--" "ng" "update" "@angular/core@15" "@angular/cli@15" "--allow-dirty" "--force"
9 verbose logfile logs-max:10 dir:/Users/djiby/Documents/portfolio/portforlio/.npm-cache/_logs/2026-01-20T12_09_25_408Z-
10 verbose logfile /Users/djiby/Documents/portfolio/portforlio/.npm-cache/_logs/2026-01-20T12_09_25_408Z-debug-0.log
11 silly packumentCache heap:4345298944 maxSize:1086324736 maxEntrySize:543162368
12 silly logfile done cleaning log files
13 http fetch GET 200 https://registry.npmjs.org/@angular%2fcli 999ms (cache revalidated)
14 silly packumentCache heap:4345298944 maxSize:1086324736 maxEntrySize:543162368
15 warn exec The following package was not found and will be installed: @angular/cli@15.2.11
16 silly idealTree buildDeps
17 silly fetch manifest @angular/cli@15.2.11
18 silly packumentCache full:https://registry.npmjs.org/@angular%2fcli cache-miss
19 http fetch GET 200 https://registry.npmjs.org/@angular%2fcli 33ms (cache revalidated)
20 silly packumentCache full:https://registry.npmjs.org/@angular%2fcli set size:2997909 disposed:false
21 silly placeDep ROOT @angular/cli@15.2.11 OK for:  want: 15.2.11
22 silly fetch manifest ini@3.0.1
23 silly packumentCache full:https://registry.npmjs.org/ini cache-miss
24 silly fetch manifest ora@5.4.1
25 silly packumentCache full:https://registry.npmjs.org/ora cache-miss
26 silly fetch manifest open@8.4.1
27 silly packumentCache full:https://registry.npmjs.org/open cache-miss
28 silly fetch manifest yargs@17.6.2
29 silly packumentCache full:https://registry.npmjs.org/yargs cache-miss
30 silly fetch manifest pacote@15.1.0
31 silly packumentCache full:https://registry.npmjs.org/pacote cache-miss
32 silly fetch manifest semver@7.5.3
33 silly packumentCache full:https://registry.npmjs.org/semver cache-miss
34 silly fetch manifest resolve@1.22.1
35 silly packumentCache full:https://registry.npmjs.org/resolve cache-miss
36 silly fetch manifest inquirer@8.2.4
37 silly packumentCache full:https://registry.npmjs.org/inquirer cache-miss
38 silly fetch manifest ansi-colors@4.1.3
39 silly packumentCache full:https://registry.npmjs.org/ansi-colors cache-miss
40 silly fetch manifest jsonc-parser@3.2.0
41 silly packumentCache full:https://registry.npmjs.org/jsonc-parser cache-miss
42 silly fetch manifest npm-package-arg@10.1.0
43 silly packumentCache full:https://registry.npmjs.org/npm-package-arg cache-miss
44 http fetch GET 200 https://registry.npmjs.org/ansi-colors 30ms (cache revalidated)
45 silly packumentCache full:https://registry.npmjs.org/ansi-colors set size:110876 disposed:false
46 silly fetch manifest @yarnpkg/lockfile@1.1.0
47 silly packumentCache full:https://registry.npmjs.org/@yarnpkg%2flockfile cache-miss
48 http fetch GET 200 https://registry.npmjs.org/@yarnpkg%2flockfile 33ms (cache revalidated)
49 silly packumentCache full:https://registry.npmjs.org/@yarnpkg%2flockfile set size:8937 disposed:false
50 silly fetch manifest npm-pick-manifest@8.0.1
51 silly packumentCache full:https://registry.npmjs.org/npm-pick-manifest cache-miss
52 http fetch GET 200 https://registry.npmjs.org/ora 78ms (cache revalidated)
53 silly packumentCache full:https://registry.npmjs.org/ora set size:134628 disposed:false
54 silly fetch manifest symbol-observable@4.0.0
55 silly packumentCache full:https://registry.npmjs.org/symbol-observable cache-miss
56 http fetch GET 200 https://registry.npmjs.org/semver 79ms (cache revalidated)
57 silly packumentCache full:https://registry.npmjs.org/semver set size:226907 disposed:false
58 silly fetch manifest @schematics/angular@15.2.11
59 silly packumentCache full:https://registry.npmjs.org/@schematics%2fangular cache-miss
60 http fetch GET 200 https://registry.npmjs.org/jsonc-parser 78ms (cache revalidated)
61 silly packumentCache full:https://registry.npmjs.org/jsonc-parser set size:122648 disposed:false
62 silly fetch manifest @angular-devkit/core@15.2.11
63 silly packumentCache full:https://registry.npmjs.org/@angular-devkit%2fcore cache-miss
64 http fetch GET 200 https://registry.npmjs.org/open 84ms (cache revalidated)
65 silly packumentCache full:https://registry.npmjs.org/open set size:136392 disposed:false
66 silly fetch manifest @angular-devkit/architect@0.1502.11
67 silly packumentCache full:https://registry.npmjs.org/@angular-devkit%2farchitect cache-miss
68 http fetch GET 200 https://registry.npmjs.org/yargs 86ms (cache revalidated)
69 silly packumentCache full:https://registry.npmjs.org/yargs set size:743056 disposed:false
70 silly fetch manifest @angular-devkit/schematics@15.2.11
71 silly packumentCache full:https://registry.npmjs.org/@angular-devkit%2fschematics cache-miss
72 http fetch GET 200 https://registry.npmjs.org/ini 92ms (cache revalidated)
73 silly packumentCache full:https://registry.npmjs.org/ini set size:57019 disposed:false
74 http fetch GET 200 https://registry.npmjs.org/resolve 98ms (cache revalidated)
75 silly packumentCache full:https://registry.npmjs.org/resolve set size:246681 disposed:false
76 http fetch GET 200 https://registry.npmjs.org/npm-package-arg 327ms (cache revalidated)
77 silly packumentCache full:https://registry.npmjs.org/npm-package-arg set size:131455 disposed:false
78 http fetch GET 200 https://registry.npmjs.org/npm-pick-manifest 266ms (cache revalidated)
79 silly packumentCache full:https://registry.npmjs.org/npm-pick-manifest set size:102383 disposed:false
80 http fetch GET 200 https://registry.npmjs.org/inquirer 333ms (cache revalidated)
81 silly packumentCache full:https://registry.npmjs.org/inquirer set size:585050 disposed:false
82 http fetch GET 200 https://registry.npmjs.org/pacote 337ms (cache revalidated)
83 silly packumentCache full:https://registry.npmjs.org/pacote set size:734587 disposed:false
84 http fetch GET 200 https://registry.npmjs.org/@angular-devkit%2fcore 547ms (cache revalidated)
85 silly packumentCache full:https://registry.npmjs.org/@angular-devkit%2fcore set size:2240704 disposed:false
86 http fetch GET 200 https://registry.npmjs.org/@angular-devkit%2farchitect 570ms (cache revalidated)
87 silly packumentCache full:https://registry.npmjs.org/@angular-devkit%2farchitect set size:2054585 disposed:false
88 http fetch GET 200 https://registry.npmjs.org/symbol-observable 710ms (cache revalidated)
89 silly packumentCache full:https://registry.npmjs.org/symbol-observable set size:44379 disposed:false
90 http fetch GET 200 https://registry.npmjs.org/@schematics%2fangular 987ms (cache revalidated)
91 silly packumentCache full:https://registry.npmjs.org/@schematics%2fangular set size:2257358 disposed:false
92 http fetch GET 200 https://registry.npmjs.org/@angular-devkit%2fschematics 1008ms (cache revalidated)
93 silly packumentCache full:https://registry.npmjs.org/@angular-devkit%2fschematics set size:2218802 disposed:false
94 silly fetch manifest chokidar@^3.5.2
95 silly packumentCache full:https://registry.npmjs.org/chokidar cache-miss
96 http fetch GET 200 https://registry.npmjs.org/chokidar 31ms (cache revalidated)
97 silly packumentCache full:https://registry.npmjs.org/chokidar set size:255902 disposed:false
98 silly placeDep ROOT @angular-devkit/architect@0.1502.11 OK for: @angular/cli@15.2.11 want: 0.1502.11
99 silly placeDep ROOT @angular-devkit/core@15.2.11 OK for: @angular/cli@15.2.11 want: 15.2.11
100 silly placeDep ROOT @angular-devkit/schematics@15.2.11 OK for: @angular/cli@15.2.11 want: 15.2.11
101 silly placeDep ROOT @schematics/angular@15.2.11 OK for: @angular/cli@15.2.11 want: 15.2.11
102 silly placeDep ROOT @yarnpkg/lockfile@1.1.0 OK for: @angular/cli@15.2.11 want: 1.1.0
103 silly placeDep ROOT ansi-colors@4.1.3 OK for: @angular/cli@15.2.11 want: 4.1.3
104 silly placeDep ROOT ini@3.0.1 OK for: @angular/cli@15.2.11 want: 3.0.1
105 silly placeDep ROOT inquirer@8.2.4 OK for: @angular/cli@15.2.11 want: 8.2.4
106 silly placeDep ROOT jsonc-parser@3.2.0 OK for: @angular/cli@15.2.11 want: 3.2.0
107 silly placeDep ROOT npm-package-arg@10.1.0 OK for: @angular/cli@15.2.11 want: 10.1.0
108 silly placeDep ROOT npm-pick-manifest@8.0.1 OK for: @angular/cli@15.2.11 want: 8.0.1
109 silly placeDep ROOT open@8.4.1 OK for: @angular/cli@15.2.11 want: 8.4.1
110 silly placeDep ROOT ora@5.4.1 OK for: @angular/cli@15.2.11 want: 5.4.1
111 silly placeDep ROOT pacote@15.1.0 OK for: @angular/cli@15.2.11 want: 15.1.0
112 silly placeDep ROOT resolve@1.22.1 OK for: @angular/cli@15.2.11 want: 1.22.1
113 silly placeDep ROOT semver@7.5.3 OK for: @angular/cli@15.2.11 want: 7.5.3
114 silly placeDep ROOT symbol-observable@4.0.0 OK for: @angular/cli@15.2.11 want: 4.0.0
115 silly placeDep ROOT yargs@17.6.2 OK for: @angular/cli@15.2.11 want: 17.6.2
116 silly fetch manifest rxjs@6.6.7
117 silly packumentCache full:https://registry.npmjs.org/rxjs cache-miss
118 silly fetch manifest ajv@8.12.0
119 silly packumentCache full:https://registry.npmjs.org/ajv cache-miss
120 silly fetch manifest rxjs@6.6.7
121 silly packumentCache full:https://registry.npmjs.org/rxjs cache-miss
122 silly fetch manifest source-map@0.7.4
123 silly packumentCache full:https://registry.npmjs.org/source-map cache-miss
124 silly fetch manifest ajv-formats@2.1.1
125 silly packumentCache full:https://registry.npmjs.org/ajv-formats cache-miss
126 silly fetch manifest rxjs@6.6.7
127 silly packumentCache full:https://registry.npmjs.org/rxjs cache-miss
128 silly fetch manifest magic-string@0.29.0
129 silly packumentCache full:https://registry.npmjs.org/magic-string cache-miss
130 silly fetch manifest ora@^5.4.1
131 silly packumentCache full:https://registry.npmjs.org/ora cache-hit
132 silly fetch manifest rxjs@^7.5.5
133 silly packumentCache full:https://registry.npmjs.org/rxjs cache-miss
134 silly fetch manifest chalk@^4.1.1
135 silly packumentCache full:https://registry.npmjs.org/chalk cache-miss
136 silly fetch manifest lodash@^4.17.21
137 silly packumentCache full:https://registry.npmjs.org/lodash cache-miss
138 silly fetch manifest figures@^3.0.0
139 silly packumentCache full:https://registry.npmjs.org/figures cache-miss
140 http fetch GET 200 https://registry.npmjs.org/ajv 10ms (cache hit)
141 silly packumentCache full:https://registry.npmjs.org/ajv set size:1126055 disposed:false
142 silly fetch manifest through@^2.3.6
143 silly packumentCache full:https://registry.npmjs.org/through cache-miss
144 http fetch GET 200 https://registry.npmjs.org/ajv-formats 26ms (cache revalidated)
145 silly packumentCache full:https://registry.npmjs.org/ajv-formats set size:141264 disposed:false
146 silly fetch manifest cli-width@^3.0.0
147 silly packumentCache full:https://registry.npmjs.org/cli-width cache-miss
148 http fetch GET 200 https://registry.npmjs.org/chalk 28ms (cache revalidated)
149 silly packumentCache full:https://registry.npmjs.org/chalk set size:117861 disposed:false
150 silly fetch manifest run-async@^2.4.0
151 silly packumentCache full:https://registry.npmjs.org/run-async cache-miss
152 http fetch GET 200 https://registry.npmjs.org/rxjs 31ms (cache revalidated)
153 silly packumentCache full:https://registry.npmjs.org/rxjs set size:980097 disposed:false
154 silly fetch manifest wrap-ansi@^7.0.0
155 silly packumentCache full:https://registry.npmjs.org/wrap-ansi cache-miss
156 http fetch GET 200 https://registry.npmjs.org/rxjs 38ms (cache revalidated)
157 silly packumentCache full:https://registry.npmjs.org/rxjs set size:980097 disposed:false
158 silly packumentCache full:https://registry.npmjs.org/rxjs dispose
159 silly fetch manifest cli-cursor@^3.1.0
160 silly packumentCache full:https://registry.npmjs.org/cli-cursor cache-miss
161 http fetch GET 200 https://registry.npmjs.org/rxjs 38ms (cache revalidated)
162 silly packumentCache full:https://registry.npmjs.org/rxjs set size:980097 disposed:true
163 silly packumentCache full:https://registry.npmjs.org/rxjs dispose
164 silly fetch manifest strip-ansi@^6.0.0
165 silly packumentCache full:https://registry.npmjs.org/strip-ansi cache-miss
166 http fetch GET 200 https://registry.npmjs.org/source-map 46ms (cache revalidated)
167 silly packumentCache full:https://registry.npmjs.org/source-map set size:226141 disposed:false
168 silly fetch manifest mute-stream@0.0.8
169 silly packumentCache full:https://registry.npmjs.org/mute-stream cache-miss
170 http fetch GET 200 https://registry.npmjs.org/figures 44ms (cache revalidated)
171 silly packumentCache full:https://registry.npmjs.org/figures set size:64597 disposed:false
172 silly fetch manifest ansi-escapes@^4.2.1
173 silly packumentCache full:https://registry.npmjs.org/ansi-escapes cache-miss
174 http fetch GET 200 https://registry.npmjs.org/lodash 46ms (cache revalidated)
175 silly packumentCache full:https://registry.npmjs.org/lodash set size:242504 disposed:false
176 silly fetch manifest string-width@^4.1.0
177 silly packumentCache full:https://registry.npmjs.org/string-width cache-miss
178 http fetch GET 200 https://registry.npmjs.org/rxjs 52ms (cache revalidated)
179 silly packumentCache full:https://registry.npmjs.org/rxjs set size:980097 disposed:true
180 silly packumentCache full:https://registry.npmjs.org/rxjs dispose
181 silly fetch manifest external-editor@^3.0.3
182 silly packumentCache full:https://registry.npmjs.org/external-editor cache-miss
183 http fetch GET 200 https://registry.npmjs.org/magic-string 57ms (cache revalidated)
184 silly packumentCache full:https://registry.npmjs.org/magic-string set size:331817 disposed:false
185 silly fetch manifest semver@^7.3.5
186 silly packumentCache full:https://registry.npmjs.org/semver cache-hit
187 silly fetch manifest proc-log@^3.0.0
188 silly packumentCache full:https://registry.npmjs.org/proc-log cache-miss
189 http fetch GET 200 https://registry.npmjs.org/proc-log 4ms (cache hit)
190 silly packumentCache full:https://registry.npmjs.org/proc-log set size:33588 disposed:false
191 silly fetch manifest hosted-git-info@^6.0.0
192 silly packumentCache full:https://registry.npmjs.org/hosted-git-info cache-miss
193 http fetch GET 200 https://registry.npmjs.org/hosted-git-info 2ms (cache hit)
194 silly packumentCache full:https://registry.npmjs.org/hosted-git-info set size:178912 disposed:false
195 silly fetch manifest validate-npm-package-name@^5.0.0
196 silly packumentCache full:https://registry.npmjs.org/validate-npm-package-name cache-miss
197 http fetch GET 200 https://registry.npmjs.org/validate-npm-package-name 1ms (cache hit)
198 silly packumentCache full:https://registry.npmjs.org/validate-npm-package-name set size:48201 disposed:false
199 silly fetch manifest npm-install-checks@^6.0.0
200 silly packumentCache full:https://registry.npmjs.org/npm-install-checks cache-miss
201 http fetch GET 200 https://registry.npmjs.org/npm-install-checks 1ms (cache hit)
202 silly packumentCache full:https://registry.npmjs.org/npm-install-checks set size:59311 disposed:false
203 silly fetch manifest npm-normalize-package-bin@^3.0.0
204 silly packumentCache full:https://registry.npmjs.org/npm-normalize-package-bin cache-miss
205 http fetch GET 200 https://registry.npmjs.org/npm-normalize-package-bin 1ms (cache hit)
206 silly packumentCache full:https://registry.npmjs.org/npm-normalize-package-bin set size:21797 disposed:false
207 silly fetch manifest is-wsl@^2.2.0
208 silly packumentCache full:https://registry.npmjs.org/is-wsl cache-miss
209 http fetch GET 200 https://registry.npmjs.org/cli-cursor 42ms (cache revalidated)
210 silly packumentCache full:https://registry.npmjs.org/cli-cursor set size:18913 disposed:false
211 silly fetch manifest is-docker@^2.1.1
212 silly packumentCache full:https://registry.npmjs.org/is-docker cache-miss
213 http fetch GET 200 https://registry.npmjs.org/strip-ansi 41ms (cache revalidated)
214 silly packumentCache full:https://registry.npmjs.org/strip-ansi set size:41855 disposed:false
215 silly fetch manifest define-lazy-prop@^2.0.0
216 silly packumentCache full:https://registry.npmjs.org/define-lazy-prop cache-miss
217 http fetch GET 200 https://registry.npmjs.org/wrap-ansi 49ms (cache revalidated)
218 silly packumentCache full:https://registry.npmjs.org/wrap-ansi set size:51195 disposed:false
219 silly fetch manifest bl@^4.1.0
220 silly packumentCache full:https://registry.npmjs.org/bl cache-miss
221 http fetch GET 200 https://registry.npmjs.org/string-width 36ms (cache revalidated)
222 silly packumentCache full:https://registry.npmjs.org/string-width set size:64158 disposed:false
223 silly fetch manifest chalk@^4.1.0
224 silly packumentCache full:https://registry.npmjs.org/chalk cache-hit
225 silly fetch manifest wcwidth@^1.0.1
226 silly packumentCache full:https://registry.npmjs.org/wcwidth cache-miss
227 http fetch GET 200 https://registry.npmjs.org/ansi-escapes 42ms (cache revalidated)
228 silly packumentCache full:https://registry.npmjs.org/ansi-escapes set size:68402 disposed:false
229 silly fetch manifest log-symbols@^4.1.0
230 silly packumentCache full:https://registry.npmjs.org/log-symbols cache-miss
231 http fetch GET 200 https://registry.npmjs.org/is-wsl 22ms (cache revalidated)
232 silly packumentCache full:https://registry.npmjs.org/is-wsl set size:18741 disposed:false
233 silly fetch manifest cli-spinners@^2.5.0
234 silly packumentCache full:https://registry.npmjs.org/cli-spinners cache-miss
235 http fetch GET 200 https://registry.npmjs.org/is-docker 24ms (cache revalidated)
236 silly packumentCache full:https://registry.npmjs.org/is-docker set size:23690 disposed:false
237 silly fetch manifest is-interactive@^1.0.0
238 silly packumentCache full:https://registry.npmjs.org/is-interactive cache-miss
239 http fetch GET 200 https://registry.npmjs.org/define-lazy-prop 26ms (cache revalidated)
240 silly packumentCache full:https://registry.npmjs.org/define-lazy-prop set size:9337 disposed:false
241 silly fetch manifest is-unicode-supported@^0.1.0
242 silly packumentCache full:https://registry.npmjs.org/is-unicode-supported cache-miss
243 http fetch GET 200 https://registry.npmjs.org/log-symbols 21ms (cache revalidated)
244 silly packumentCache full:https://registry.npmjs.org/log-symbols set size:31977 disposed:false
245 silly fetch manifest tar@^6.1.11
246 silly packumentCache full:https://registry.npmjs.org/tar cache-miss
247 http fetch GET 200 https://registry.npmjs.org/bl 29ms (cache revalidated)
248 silly packumentCache full:https://registry.npmjs.org/bl set size:188910 disposed:false
249 silly fetch manifest ssri@^10.0.0
250 silly packumentCache full:https://registry.npmjs.org/ssri cache-miss
251 http fetch GET 200 https://registry.npmjs.org/wcwidth 28ms (cache revalidated)
252 silly packumentCache full:https://registry.npmjs.org/wcwidth set size:5904 disposed:false
253 silly fetch manifest cacache@^17.0.0
254 silly packumentCache full:https://registry.npmjs.org/cacache cache-miss
255 http fetch GET 200 https://registry.npmjs.org/cli-spinners 22ms (cache revalidated)
256 silly packumentCache full:https://registry.npmjs.org/cli-spinners set size:67473 disposed:false
257 silly fetch manifest minipass@^4.0.0
258 silly packumentCache full:https://registry.npmjs.org/minipass cache-miss
259 http fetch GET 200 https://registry.npmjs.org/is-interactive 22ms (cache revalidated)
260 silly packumentCache full:https://registry.npmjs.org/is-interactive set size:10692 disposed:false
261 silly fetch manifest sigstore@^1.0.0
262 silly packumentCache full:https://registry.npmjs.org/sigstore cache-miss
263 http fetch GET 200 https://registry.npmjs.org/tar 28ms (cache revalidated)
264 silly packumentCache full:https://registry.npmjs.org/tar set size:469766 disposed:false
265 silly fetch manifest @npmcli/git@^4.0.0
266 silly packumentCache full:https://registry.npmjs.org/@npmcli%2fgit cache-miss
267 http fetch GET 200 https://registry.npmjs.org/minipass 25ms (cache revalidated)
268 silly packumentCache full:https://registry.npmjs.org/minipass set size:490195 disposed:false
269 silly fetch manifest fs-minipass@^3.0.0
270 silly packumentCache full:https://registry.npmjs.org/fs-minipass cache-miss
271 http fetch GET 200 https://registry.npmjs.org/@npmcli%2fgit 4ms (cache hit)
272 silly packumentCache full:https://registry.npmjs.org/@npmcli%2fgit set size:110850 disposed:false
273 silly fetch manifest npm-packlist@^7.0.0
274 silly packumentCache full:https://registry.npmjs.org/npm-packlist cache-miss
275 http fetch GET 200 https://registry.npmjs.org/npm-packlist 2ms (cache hit)
276 silly packumentCache full:https://registry.npmjs.org/npm-packlist set size:188633 disposed:false
277 silly fetch manifest promise-retry@^2.0.1
278 silly packumentCache full:https://registry.npmjs.org/promise-retry cache-miss
279 http fetch GET 200 https://registry.npmjs.org/promise-retry 1ms (cache hit)
280 silly packumentCache full:https://registry.npmjs.org/promise-retry set size:34511 disposed:false
281 silly fetch manifest read-package-json@^6.0.0
282 silly packumentCache full:https://registry.npmjs.org/read-package-json cache-miss
283 http fetch GET 200 https://registry.npmjs.org/read-package-json 2ms (cache hit)
284 silly packumentCache full:https://registry.npmjs.org/read-package-json set size:180337 disposed:false
285 silly fetch manifest @npmcli/run-script@^6.0.0
286 silly packumentCache full:https://registry.npmjs.org/@npmcli%2frun-script cache-miss
287 http fetch GET 200 https://registry.npmjs.org/@npmcli%2frun-script 1ms (cache hit)
288 silly packumentCache full:https://registry.npmjs.org/@npmcli%2frun-script set size:196862 disposed:false
289 silly fetch manifest npm-registry-fetch@^14.0.0
290 silly packumentCache full:https://registry.npmjs.org/npm-registry-fetch cache-miss
291 http fetch GET 200 https://registry.npmjs.org/npm-registry-fetch 2ms (cache hit)
292 silly packumentCache full:https://registry.npmjs.org/npm-registry-fetch set size:279474 disposed:false
293 silly fetch manifest @npmcli/promise-spawn@^6.0.1
294 silly packumentCache full:https://registry.npmjs.org/@npmcli%2fpromise-spawn cache-miss
295 http fetch GET 200 https://registry.npmjs.org/@npmcli%2fpromise-spawn 1ms (cache hit)
296 silly packumentCache full:https://registry.npmjs.org/@npmcli%2fpromise-spawn set size:68304 disposed:false
297 silly fetch manifest read-package-json-fast@^3.0.0
298 silly packumentCache full:https://registry.npmjs.org/read-package-json-fast cache-miss
299 http fetch GET 200 https://registry.npmjs.org/read-package-json-fast 2ms (cache hit)
300 silly packumentCache full:https://registry.npmjs.org/read-package-json-fast set size:60487 disposed:false
301 silly fetch manifest @npmcli/installed-package-contents@^2.0.1
302 silly packumentCache full:https://registry.npmjs.org/@npmcli%2finstalled-package-contents cache-miss
303 http fetch GET 200 https://registry.npmjs.org/@npmcli%2finstalled-package-contents 1ms (cache hit)
304 silly packumentCache full:https://registry.npmjs.org/@npmcli%2finstalled-package-contents set size:49004 disposed:false
305 silly fetch manifest path-parse@^1.0.7
306 silly packumentCache full:https://registry.npmjs.org/path-parse cache-miss
307 http fetch GET 200 https://registry.npmjs.org/path-parse 3ms (cache hit)
308 silly packumentCache full:https://registry.npmjs.org/path-parse set size:14523 disposed:false
309 silly fetch manifest is-core-module@^2.9.0
310 silly packumentCache full:https://registry.npmjs.org/is-core-module cache-miss
311 http fetch GET 200 https://registry.npmjs.org/is-core-module 1ms (cache hit)
312 silly packumentCache full:https://registry.npmjs.org/is-core-module set size:71788 disposed:false
313 silly fetch manifest supports-preserve-symlinks-flag@^1.0.0
314 silly packumentCache full:https://registry.npmjs.org/supports-preserve-symlinks-flag cache-miss
315 http fetch GET 200 https://registry.npmjs.org/supports-preserve-symlinks-flag 1ms (cache hit)
316 silly packumentCache full:https://registry.npmjs.org/supports-preserve-symlinks-flag set size:6802 disposed:false
317 silly fetch manifest lru-cache@^6.0.0
318 silly packumentCache full:https://registry.npmjs.org/lru-cache cache-miss
319 http fetch GET 200 https://registry.npmjs.org/lru-cache 22ms (cache revalidated)
320 silly packumentCache full:https://registry.npmjs.org/lru-cache set size:406394 disposed:false
321 silly fetch manifest y18n@^5.0.5
322 silly packumentCache full:https://registry.npmjs.org/y18n cache-miss
323 http fetch GET 200 https://registry.npmjs.org/y18n 4ms (cache hit)
324 silly packumentCache full:https://registry.npmjs.org/y18n set size:76155 disposed:false
325 silly fetch manifest cliui@^8.0.1
326 silly packumentCache full:https://registry.npmjs.org/cliui cache-miss
327 http fetch GET 200 https://registry.npmjs.org/cliui 3ms (cache hit)
328 silly packumentCache full:https://registry.npmjs.org/cliui set size:69089 disposed:false
329 silly fetch manifest escalade@^3.1.1
330 silly packumentCache full:https://registry.npmjs.org/escalade cache-miss
331 http fetch GET 200 https://registry.npmjs.org/escalade 1ms (cache hit)
332 silly packumentCache full:https://registry.npmjs.org/escalade set size:33724 disposed:false
333 silly fetch manifest string-width@^4.2.3
334 silly packumentCache full:https://registry.npmjs.org/string-width cache-hit
335 silly fetch manifest yargs-parser@^21.1.1
336 silly packumentCache full:https://registry.npmjs.org/yargs-parser cache-miss
337 http fetch GET 200 https://registry.npmjs.org/yargs-parser 1ms (cache hit)
338 silly packumentCache full:https://registry.npmjs.org/yargs-parser set size:238630 disposed:false
339 silly fetch manifest get-caller-file@^2.0.5
340 silly packumentCache full:https://registry.npmjs.org/get-caller-file cache-miss
341 http fetch GET 200 https://registry.npmjs.org/get-caller-file 1ms (cache hit)
342 silly packumentCache full:https://registry.npmjs.org/get-caller-file set size:26456 disposed:false
343 silly fetch manifest require-directory@^2.1.1
344 silly packumentCache full:https://registry.npmjs.org/require-directory cache-miss
345 http fetch GET 200 https://registry.npmjs.org/require-directory 1ms (cache hit)
346 silly packumentCache full:https://registry.npmjs.org/require-directory set size:26866 disposed:false
347 http fetch GET 200 https://registry.npmjs.org/cli-width 266ms (cache revalidated)
348 silly packumentCache full:https://registry.npmjs.org/cli-width set size:24976 disposed:false
349 http fetch GET 200 https://registry.npmjs.org/run-async 277ms (cache revalidated)
350 silly packumentCache full:https://registry.npmjs.org/run-async set size:30788 disposed:false
351 http fetch GET 200 https://registry.npmjs.org/mute-stream 268ms (cache revalidated)
352 silly packumentCache full:https://registry.npmjs.org/mute-stream set size:21918 disposed:false
353 http fetch GET 200 https://registry.npmjs.org/external-editor 262ms (cache revalidated)
354 silly packumentCache full:https://registry.npmjs.org/external-editor set size:48675 disposed:false
355 http fetch GET 200 https://registry.npmjs.org/ssri 240ms (cache revalidated)
356 silly packumentCache full:https://registry.npmjs.org/ssri set size:133159 disposed:false
357 http fetch GET 200 https://registry.npmjs.org/is-unicode-supported 252ms (cache revalidated)
358 silly packumentCache full:https://registry.npmjs.org/is-unicode-supported set size:19461 disposed:false
359 http fetch GET 200 https://registry.npmjs.org/through 705ms (cache revalidated)
360 silly packumentCache full:https://registry.npmjs.org/through set size:38387 disposed:false
361 http fetch GET 200 https://registry.npmjs.org/fs-minipass 663ms (cache revalidated)
362 silly packumentCache full:https://registry.npmjs.org/fs-minipass set size:44606 disposed:false
363 http fetch GET 200 https://registry.npmjs.org/sigstore 684ms (cache miss)
364 silly packumentCache full:https://registry.npmjs.org/sigstore set size:undefined disposed:false
365 http fetch GET 200 https://registry.npmjs.org/cacache 702ms (cache revalidated)
366 silly packumentCache full:https://registry.npmjs.org/cacache set size:379664 disposed:false
367 silly placeDep ROOT rxjs@6.6.7 OK for: @angular-devkit/architect@0.1502.11 want: 6.6.7
368 silly fetch manifest tslib@^1.9.0
369 silly packumentCache full:https://registry.npmjs.org/tslib cache-miss
370 http fetch GET 200 https://registry.npmjs.org/tslib 29ms (cache revalidated)
371 silly packumentCache full:https://registry.npmjs.org/tslib set size:108760 disposed:false
372 silly placeDep ROOT ajv@8.12.0 OK for: @angular-devkit/core@15.2.11 want: 8.12.0
373 silly placeDep ROOT ajv-formats@2.1.1 OK for: @angular-devkit/core@15.2.11 want: 2.1.1
374 silly placeDep ROOT source-map@0.7.4 OK for: @angular-devkit/core@15.2.11 want: 0.7.4
375 silly fetch manifest uri-js@^4.2.2
376 silly packumentCache full:https://registry.npmjs.org/uri-js cache-miss
377 silly fetch manifest fast-deep-equal@^3.1.1
378 silly packumentCache full:https://registry.npmjs.org/fast-deep-equal cache-miss
379 silly fetch manifest require-from-string@^2.0.2
380 silly packumentCache full:https://registry.npmjs.org/require-from-string cache-miss
381 silly fetch manifest json-schema-traverse@^1.0.0
382 silly packumentCache full:https://registry.npmjs.org/json-schema-traverse cache-miss
383 http fetch GET 200 https://registry.npmjs.org/json-schema-traverse 3ms (cache hit)
384 silly packumentCache full:https://registry.npmjs.org/json-schema-traverse set size:23537 disposed:false
385 http fetch GET 200 https://registry.npmjs.org/require-from-string 5ms (cache hit)
386 silly packumentCache full:https://registry.npmjs.org/require-from-string set size:15128 disposed:false
387 http fetch GET 200 https://registry.npmjs.org/fast-deep-equal 5ms (cache hit)
388 silly packumentCache full:https://registry.npmjs.org/fast-deep-equal set size:48634 disposed:false
389 http fetch GET 200 https://registry.npmjs.org/uri-js 5ms (cache hit)
390 silly packumentCache full:https://registry.npmjs.org/uri-js set size:42559 disposed:false
391 silly placeDep ROOT magic-string@0.29.0 OK for: @angular-devkit/schematics@15.2.11 want: 0.29.0
392 silly fetch manifest @jridgewell/sourcemap-codec@^1.4.13
393 silly packumentCache full:https://registry.npmjs.org/@jridgewell%2fsourcemap-codec cache-miss
394 http fetch GET 200 https://registry.npmjs.org/@jridgewell%2fsourcemap-codec 2ms (cache hit)
395 silly packumentCache full:https://registry.npmjs.org/@jridgewell%2fsourcemap-codec set size:59275 disposed:false
396 silly placeDep ROOT fast-deep-equal@3.1.3 OK for: ajv@8.12.0 want: ^3.1.1
397 silly placeDep ROOT json-schema-traverse@1.0.0 OK for: ajv@8.12.0 want: ^1.0.0
398 silly placeDep ROOT require-from-string@2.0.2 OK for: ajv@8.12.0 want: ^2.0.2
399 silly placeDep ROOT uri-js@4.4.1 OK for: ajv@8.12.0 want: ^4.2.2
400 silly fetch manifest punycode@^2.1.0
401 silly packumentCache full:https://registry.npmjs.org/punycode cache-miss
402 http fetch GET 200 https://registry.npmjs.org/punycode 2ms (cache hit)
403 silly packumentCache full:https://registry.npmjs.org/punycode set size:61302 disposed:false
404 silly placeDep ROOT ansi-escapes@4.3.2 OK for: inquirer@8.2.4 want: ^4.2.1
405 silly placeDep ROOT chalk@4.1.2 OK for: inquirer@8.2.4 want: ^4.1.1
406 silly placeDep ROOT cli-cursor@3.1.0 OK for: inquirer@8.2.4 want: ^3.1.0
407 silly placeDep ROOT cli-width@3.0.0 OK for: inquirer@8.2.4 want: ^3.0.0
408 silly placeDep ROOT external-editor@3.1.0 OK for: inquirer@8.2.4 want: ^3.0.3
409 silly placeDep ROOT figures@3.2.0 OK for: inquirer@8.2.4 want: ^3.0.0
410 silly placeDep ROOT lodash@4.17.21 OK for: inquirer@8.2.4 want: ^4.17.21
411 silly placeDep ROOT mute-stream@0.0.8 OK for: inquirer@8.2.4 want: 0.0.8
412 silly placeDep ROOT run-async@2.4.1 OK for: inquirer@8.2.4 want: ^2.4.0
413 silly placeDep node_modules/inquirer rxjs@7.8.2 OK for: inquirer@8.2.4 want: ^7.5.5
414 silly placeDep ROOT string-width@4.2.3 OK for: inquirer@8.2.4 want: ^4.1.0
415 silly placeDep ROOT strip-ansi@6.0.1 OK for: inquirer@8.2.4 want: ^6.0.0
416 silly placeDep ROOT through@2.3.8 OK for: inquirer@8.2.4 want: ^2.3.6
417 silly placeDep ROOT wrap-ansi@7.0.0 OK for: inquirer@8.2.4 want: ^7.0.0
418 silly fetch manifest type-fest@^0.21.3
419 silly packumentCache full:https://registry.npmjs.org/type-fest cache-miss
420 silly fetch manifest ansi-styles@^4.1.0
421 silly packumentCache full:https://registry.npmjs.org/ansi-styles cache-miss
422 silly fetch manifest supports-color@^7.1.0
423 silly packumentCache full:https://registry.npmjs.org/supports-color cache-miss
424 silly fetch manifest restore-cursor@^3.1.0
425 silly packumentCache full:https://registry.npmjs.org/restore-cursor cache-miss
426 silly fetch manifest chardet@^0.7.0
427 silly packumentCache full:https://registry.npmjs.org/chardet cache-miss
428 silly fetch manifest iconv-lite@^0.4.24
429 silly packumentCache full:https://registry.npmjs.org/iconv-lite cache-miss
430 silly fetch manifest tmp@^0.0.33
431 silly packumentCache full:https://registry.npmjs.org/tmp cache-miss
432 silly fetch manifest escape-string-regexp@^1.0.5
433 silly packumentCache full:https://registry.npmjs.org/escape-string-regexp cache-miss
434 silly fetch manifest tslib@^2.1.0
435 silly packumentCache full:https://registry.npmjs.org/tslib cache-hit
436 silly fetch manifest strip-ansi@^6.0.1
437 silly packumentCache full:https://registry.npmjs.org/strip-ansi cache-hit
438 silly fetch manifest emoji-regex@^8.0.0
439 silly packumentCache full:https://registry.npmjs.org/emoji-regex cache-miss
440 silly fetch manifest is-fullwidth-code-point@^3.0.0
441 silly packumentCache full:https://registry.npmjs.org/is-fullwidth-code-point cache-miss
442 silly fetch manifest ansi-regex@^5.0.1
443 silly packumentCache full:https://registry.npmjs.org/ansi-regex cache-miss
444 http fetch GET 200 https://registry.npmjs.org/restore-cursor 6ms (cache hit)
445 silly packumentCache full:https://registry.npmjs.org/restore-cursor set size:17895 disposed:false
446 silly fetch manifest ansi-styles@^4.0.0
447 silly packumentCache full:https://registry.npmjs.org/ansi-styles cache-miss
448 http fetch GET 200 https://registry.npmjs.org/is-fullwidth-code-point 6ms (cache hit)
449 silly packumentCache full:https://registry.npmjs.org/is-fullwidth-code-point set size:14578 disposed:false
450 http fetch GET 200 https://registry.npmjs.org/type-fest 10ms (cache hit)
451 silly packumentCache full:https://registry.npmjs.org/type-fest set size:547166 disposed:false
452 http fetch GET 200 https://registry.npmjs.org/chardet 10ms (cache hit)
453 silly packumentCache full:https://registry.npmjs.org/chardet set size:70553 disposed:false
454 http fetch GET 200 https://registry.npmjs.org/escape-string-regexp 10ms (cache hit)
455 silly packumentCache full:https://registry.npmjs.org/escape-string-regexp set size:22244 disposed:false
456 http fetch GET 200 https://registry.npmjs.org/emoji-regex 10ms (cache hit)
457 silly packumentCache full:https://registry.npmjs.org/emoji-regex set size:89088 disposed:false
458 http fetch GET 200 https://registry.npmjs.org/ansi-regex 10ms (cache hit)
459 silly packumentCache full:https://registry.npmjs.org/ansi-regex set size:43572 disposed:false
460 http fetch GET 200 https://registry.npmjs.org/supports-color 13ms (cache hit)
461 silly packumentCache full:https://registry.npmjs.org/supports-color set size:118680 disposed:false
462 http fetch GET 200 https://registry.npmjs.org/ansi-styles 16ms (cache hit)
463 silly packumentCache full:https://registry.npmjs.org/ansi-styles set size:63233 disposed:false
464 http fetch GET 200 https://registry.npmjs.org/ansi-styles 8ms (cache hit)
465 silly packumentCache full:https://registry.npmjs.org/ansi-styles set size:63233 disposed:false
466 silly packumentCache full:https://registry.npmjs.org/ansi-styles dispose
467 http fetch GET 200 https://registry.npmjs.org/iconv-lite 27ms (cache revalidated)
468 silly packumentCache full:https://registry.npmjs.org/iconv-lite set size:120557 disposed:false
469 http fetch GET 200 https://registry.npmjs.org/tmp 236ms (cache revalidated)
470 silly packumentCache full:https://registry.npmjs.org/tmp set size:75072 disposed:false
471 silly placeDep ROOT type-fest@0.21.3 OK for: ansi-escapes@4.3.2 want: ^0.21.3
472 silly placeDep ROOT ansi-styles@4.3.0 OK for: chalk@4.1.2 want: ^4.1.0
473 silly placeDep ROOT supports-color@7.2.0 OK for: chalk@4.1.2 want: ^7.1.0
474 silly fetch manifest color-convert@^2.0.1
475 silly packumentCache full:https://registry.npmjs.org/color-convert cache-miss
476 silly fetch manifest has-flag@^4.0.0
477 silly packumentCache full:https://registry.npmjs.org/has-flag cache-miss
478 http fetch GET 200 https://registry.npmjs.org/color-convert 3ms (cache hit)
479 silly packumentCache full:https://registry.npmjs.org/color-convert set size:72663 disposed:false
480 http fetch GET 200 https://registry.npmjs.org/has-flag 2ms (cache hit)
481 silly packumentCache full:https://registry.npmjs.org/has-flag set size:15180 disposed:false
482 silly placeDep ROOT color-convert@2.0.1 OK for: ansi-styles@4.3.0 want: ^2.0.1
483 silly fetch manifest color-name@~1.1.4
484 silly packumentCache full:https://registry.npmjs.org/color-name cache-miss
485 http fetch GET 200 https://registry.npmjs.org/color-name 1ms (cache hit)
486 silly packumentCache full:https://registry.npmjs.org/color-name set size:19467 disposed:false
487 silly placeDep ROOT restore-cursor@3.1.0 OK for: cli-cursor@3.1.0 want: ^3.1.0
488 silly fetch manifest onetime@^5.1.0
489 silly packumentCache full:https://registry.npmjs.org/onetime cache-miss
490 silly fetch manifest signal-exit@^3.0.2
491 silly packumentCache full:https://registry.npmjs.org/signal-exit cache-miss
492 http fetch GET 200 https://registry.npmjs.org/onetime 4ms (cache hit)
493 silly packumentCache full:https://registry.npmjs.org/onetime set size:30525 disposed:false
494 http fetch GET 200 https://registry.npmjs.org/signal-exit 3ms (cache hit)
495 silly packumentCache full:https://registry.npmjs.org/signal-exit set size:53489 disposed:false
496 silly placeDep ROOT color-name@1.1.4 OK for: color-convert@2.0.1 want: ~1.1.4
497 silly placeDep ROOT chardet@0.7.0 OK for: external-editor@3.1.0 want: ^0.7.0
498 silly placeDep ROOT iconv-lite@0.4.24 OK for: external-editor@3.1.0 want: ^0.4.24
499 silly placeDep ROOT tmp@0.0.33 OK for: external-editor@3.1.0 want: ^0.0.33
500 silly fetch manifest safer-buffer@>= 2.1.2 < 3
501 silly packumentCache full:https://registry.npmjs.org/safer-buffer cache-miss
502 silly fetch manifest os-tmpdir@~1.0.2
503 silly packumentCache full:https://registry.npmjs.org/os-tmpdir cache-miss
504 http fetch GET 200 https://registry.npmjs.org/safer-buffer 2ms (cache hit)
505 silly packumentCache full:https://registry.npmjs.org/safer-buffer set size:18521 disposed:false
506 http fetch GET 200 https://registry.npmjs.org/os-tmpdir 2ms (cache hit)
507 silly packumentCache full:https://registry.npmjs.org/os-tmpdir set size:8847 disposed:false
508 silly placeDep ROOT escape-string-regexp@1.0.5 OK for: figures@3.2.0 want: ^1.0.5
509 silly placeDep ROOT safer-buffer@2.1.2 OK for: iconv-lite@0.4.24 want: >= 2.1.2 < 3
510 silly placeDep ROOT @jridgewell/sourcemap-codec@1.5.5 OK for: magic-string@0.29.0 want: ^1.4.13
511 silly placeDep ROOT hosted-git-info@6.1.3 OK for: npm-package-arg@10.1.0 want: ^6.0.0
512 silly placeDep ROOT proc-log@3.0.0 OK for: npm-package-arg@10.1.0 want: ^3.0.0
513 silly placeDep ROOT validate-npm-package-name@5.0.1 OK for: npm-package-arg@10.1.0 want: ^5.0.0
514 silly fetch manifest lru-cache@^7.5.1
515 silly packumentCache full:https://registry.npmjs.org/lru-cache cache-hit
516 silly placeDep ROOT lru-cache@7.18.3 OK for: hosted-git-info@6.1.3 want: ^7.5.1
517 silly placeDep ROOT npm-install-checks@6.3.0 OK for: npm-pick-manifest@8.0.1 want: ^6.0.0
518 silly placeDep ROOT npm-normalize-package-bin@3.0.1 OK for: npm-pick-manifest@8.0.1 want: ^3.0.0
519 silly placeDep ROOT define-lazy-prop@2.0.0 OK for: open@8.4.1 want: ^2.0.0
520 silly placeDep ROOT is-docker@2.2.1 OK for: open@8.4.1 want: ^2.1.1
521 silly placeDep ROOT is-wsl@2.2.0 OK for: open@8.4.1 want: ^2.2.0
522 silly placeDep ROOT bl@4.1.0 OK for: ora@5.4.1 want: ^4.1.0
523 silly placeDep ROOT cli-spinners@2.9.2 OK for: ora@5.4.1 want: ^2.5.0
524 silly placeDep ROOT is-interactive@1.0.0 OK for: ora@5.4.1 want: ^1.0.0
525 silly placeDep ROOT is-unicode-supported@0.1.0 OK for: ora@5.4.1 want: ^0.1.0
526 silly placeDep ROOT log-symbols@4.1.0 OK for: ora@5.4.1 want: ^4.1.0
527 silly placeDep ROOT wcwidth@1.0.1 OK for: ora@5.4.1 want: ^1.0.1
528 silly fetch manifest buffer@^5.5.0
529 silly packumentCache full:https://registry.npmjs.org/buffer cache-miss
530 silly fetch manifest inherits@^2.0.4
531 silly packumentCache full:https://registry.npmjs.org/inherits cache-miss
532 silly fetch manifest readable-stream@^3.4.0
533 silly packumentCache full:https://registry.npmjs.org/readable-stream cache-miss
534 silly fetch manifest defaults@^1.0.3
535 silly packumentCache full:https://registry.npmjs.org/defaults cache-miss
536 http fetch GET 200 https://registry.npmjs.org/defaults 2ms (cache hit)
537 silly packumentCache full:https://registry.npmjs.org/defaults set size:18134 disposed:false
538 http fetch GET 200 https://registry.npmjs.org/readable-stream 2ms (cache hit)
539 silly packumentCache full:https://registry.npmjs.org/readable-stream set size:261096 disposed:false
540 http fetch GET 200 https://registry.npmjs.org/buffer 6ms (cache hit)
541 silly packumentCache full:https://registry.npmjs.org/buffer set size:280480 disposed:false
542 http fetch GET 200 https://registry.npmjs.org/inherits 32ms (cache revalidated)
543 silly packumentCache full:https://registry.npmjs.org/inherits set size:12925 disposed:false
544 silly placeDep ROOT buffer@5.7.1 OK for: bl@4.1.0 want: ^5.5.0
545 silly placeDep ROOT inherits@2.0.4 OK for: bl@4.1.0 want: ^2.0.4
546 silly placeDep ROOT readable-stream@3.6.2 OK for: bl@4.1.0 want: ^3.4.0
547 silly fetch manifest base64-js@^1.3.1
548 silly packumentCache full:https://registry.npmjs.org/base64-js cache-miss
549 silly fetch manifest ieee754@^1.1.13
550 silly packumentCache full:https://registry.npmjs.org/ieee754 cache-miss
551 silly fetch manifest string_decoder@^1.1.1
552 silly packumentCache full:https://registry.npmjs.org/string_decoder cache-miss
553 silly fetch manifest util-deprecate@^1.0.1
554 silly packumentCache full:https://registry.npmjs.org/util-deprecate cache-miss
555 http fetch GET 200 https://registry.npmjs.org/string_decoder 3ms (cache hit)
556 silly packumentCache full:https://registry.npmjs.org/string_decoder set size:28441 disposed:false
557 http fetch GET 200 https://registry.npmjs.org/base64-js 4ms (cache hit)
558 silly packumentCache full:https://registry.npmjs.org/base64-js set size:41270 disposed:false
559 http fetch GET 200 https://registry.npmjs.org/util-deprecate 4ms (cache hit)
560 silly packumentCache full:https://registry.npmjs.org/util-deprecate set size:6674 disposed:false
561 http fetch GET 200 https://registry.npmjs.org/ieee754 4ms (cache hit)
562 silly packumentCache full:https://registry.npmjs.org/ieee754 set size:34910 disposed:false
563 silly placeDep ROOT base64-js@1.5.1 OK for: buffer@5.7.1 want: ^1.3.1
564 silly placeDep ROOT ieee754@1.2.1 OK for: buffer@5.7.1 want: ^1.1.13
565 silly placeDep ROOT @npmcli/git@4.1.0 OK for: pacote@15.1.0 want: ^4.0.0
566 silly placeDep ROOT @npmcli/installed-package-contents@2.1.0 OK for: pacote@15.1.0 want: ^2.0.1
567 silly placeDep ROOT @npmcli/promise-spawn@6.0.2 OK for: pacote@15.1.0 want: ^6.0.1
568 silly placeDep ROOT @npmcli/run-script@6.0.2 OK for: pacote@15.1.0 want: ^6.0.0
569 silly placeDep ROOT cacache@17.1.4 OK for: pacote@15.1.0 want: ^17.0.0
570 silly placeDep ROOT fs-minipass@3.0.3 OK for: pacote@15.1.0 want: ^3.0.0
571 silly placeDep ROOT minipass@4.2.8 OK for: pacote@15.1.0 want: ^4.0.0
572 silly placeDep ROOT npm-packlist@7.0.4 OK for: pacote@15.1.0 want: ^7.0.0
573 silly placeDep ROOT npm-registry-fetch@14.0.5 OK for: pacote@15.1.0 want: ^14.0.0
574 silly placeDep ROOT promise-retry@2.0.1 OK for: pacote@15.1.0 want: ^2.0.1
575 silly placeDep ROOT read-package-json@6.0.4 OK for: pacote@15.1.0 want: ^6.0.0
576 silly placeDep ROOT read-package-json-fast@3.0.2 OK for: pacote@15.1.0 want: ^3.0.0
577 silly placeDep ROOT sigstore@1.9.0 OK for: pacote@15.1.0 want: ^1.0.0
578 silly placeDep ROOT ssri@10.0.6 OK for: pacote@15.1.0 want: ^10.0.0
579 silly placeDep ROOT tar@6.2.1 OK for: pacote@15.1.0 want: ^6.1.11
580 silly fetch manifest which@^3.0.0
581 silly packumentCache full:https://registry.npmjs.org/which cache-miss
582 silly fetch manifest promise-inflight@^1.0.1
583 silly packumentCache full:https://registry.npmjs.org/promise-inflight cache-miss
584 silly fetch manifest @npmcli/promise-spawn@^6.0.0
585 silly packumentCache full:https://registry.npmjs.org/@npmcli%2fpromise-spawn cache-hit
586 silly fetch manifest npm-bundled@^3.0.0
587 silly packumentCache full:https://registry.npmjs.org/npm-bundled cache-miss
588 silly fetch manifest which@^3.0.0
589 silly packumentCache full:https://registry.npmjs.org/which cache-miss
590 silly fetch manifest which@^3.0.0
591 silly packumentCache full:https://registry.npmjs.org/which cache-miss
592 silly fetch manifest node-gyp@^9.0.0
593 silly packumentCache full:https://registry.npmjs.org/node-gyp cache-miss
594 silly fetch manifest @npmcli/node-gyp@^3.0.0
595 silly packumentCache full:https://registry.npmjs.org/@npmcli%2fnode-gyp cache-miss
596 silly fetch manifest glob@^10.2.2
597 silly packumentCache full:https://registry.npmjs.org/glob cache-miss
598 silly fetch manifest p-map@^4.0.0
599 silly packumentCache full:https://registry.npmjs.org/p-map cache-miss
600 silly fetch manifest minipass@^7.0.3
601 silly packumentCache full:https://registry.npmjs.org/minipass cache-hit
602 silly fetch manifest @npmcli/fs@^3.1.0
603 silly packumentCache full:https://registry.npmjs.org/@npmcli%2ffs cache-miss
604 silly fetch manifest minipass-flush@^1.0.5
605 silly packumentCache full:https://registry.npmjs.org/minipass-flush cache-miss
606 http fetch GET 200 https://registry.npmjs.org/npm-bundled 9ms (cache hit)
607 silly packumentCache full:https://registry.npmjs.org/npm-bundled set size:41434 disposed:false
608 silly fetch manifest unique-filename@^3.0.0
609 silly packumentCache full:https://registry.npmjs.org/unique-filename cache-miss
610 http fetch GET 200 https://registry.npmjs.org/@npmcli%2fnode-gyp 9ms (cache hit)
611 silly packumentCache full:https://registry.npmjs.org/@npmcli%2fnode-gyp set size:21995 disposed:false
612 silly fetch manifest minipass-collect@^1.0.2
613 silly packumentCache full:https://registry.npmjs.org/minipass-collect cache-miss
614 http fetch GET 200 https://registry.npmjs.org/node-gyp 10ms (cache hit)
615 silly packumentCache full:https://registry.npmjs.org/node-gyp set size:313224 disposed:false
616 silly fetch manifest minipass-pipeline@^1.2.4
617 silly packumentCache full:https://registry.npmjs.org/minipass-pipeline cache-miss
618 http fetch GET 200 https://registry.npmjs.org/which 30ms (cache revalidated)
619 silly packumentCache full:https://registry.npmjs.org/which set size:65264 disposed:false
620 silly fetch manifest ignore-walk@^6.0.0
621 silly packumentCache full:https://registry.npmjs.org/ignore-walk cache-miss
622 http fetch GET 200 https://registry.npmjs.org/which 31ms (cache revalidated)
623 silly packumentCache full:https://registry.npmjs.org/which set size:65264 disposed:false
624 silly packumentCache full:https://registry.npmjs.org/which dispose
625 silly fetch manifest minipass@^5.0.0
626 silly packumentCache full:https://registry.npmjs.org/minipass cache-hit
627 silly fetch manifest minizlib@^2.1.2
628 silly packumentCache full:https://registry.npmjs.org/minizlib cache-miss
629 http fetch GET 200 https://registry.npmjs.org/which 32ms (cache revalidated)
630 silly packumentCache full:https://registry.npmjs.org/which set size:65264 disposed:true
631 silly packumentCache full:https://registry.npmjs.org/which dispose
632 silly fetch manifest minipass-fetch@^3.0.0
633 silly packumentCache full:https://registry.npmjs.org/minipass-fetch cache-miss
634 http fetch GET 200 https://registry.npmjs.org/minizlib 2ms (cache hit)
635 silly packumentCache full:https://registry.npmjs.org/minizlib set size:62862 disposed:false
636 silly fetch manifest make-fetch-happen@^11.0.0
637 silly packumentCache full:https://registry.npmjs.org/make-fetch-happen cache-miss
638 http fetch GET 200 https://registry.npmjs.org/ignore-walk 4ms (cache hit)
639 silly packumentCache full:https://registry.npmjs.org/ignore-walk set size:68355 disposed:false
640 silly fetch manifest minipass-json-stream@^1.0.1
641 silly packumentCache full:https://registry.npmjs.org/minipass-json-stream cache-miss
642 http fetch GET 200 https://registry.npmjs.org/minipass-fetch 3ms (cache hit)
643 silly packumentCache full:https://registry.npmjs.org/minipass-fetch set size:100280 disposed:false
644 silly fetch manifest err-code@^2.0.2
645 silly packumentCache full:https://registry.npmjs.org/err-code cache-miss
646 http fetch GET 200 https://registry.npmjs.org/glob 36ms (cache revalidated)
647 silly packumentCache full:https://registry.npmjs.org/glob set size:415427 disposed:false
648 silly fetch manifest retry@^0.12.0
649 silly packumentCache full:https://registry.npmjs.org/retry cache-miss
650 http fetch GET 200 https://registry.npmjs.org/minipass-json-stream 5ms (cache hit)
651 silly packumentCache full:https://registry.npmjs.org/minipass-json-stream set size:12838 disposed:false
652 silly fetch manifest normalize-package-data@^5.0.0
653 silly packumentCache full:https://registry.npmjs.org/normalize-package-data cache-miss
654 http fetch GET 200 https://registry.npmjs.org/err-code 5ms (cache hit)
655 silly packumentCache full:https://registry.npmjs.org/err-code set size:29518 disposed:false
656 silly fetch manifest json-parse-even-better-errors@^3.0.0
657 silly packumentCache full:https://registry.npmjs.org/json-parse-even-better-errors cache-miss
658 http fetch GET 200 https://registry.npmjs.org/make-fetch-happen 7ms (cache hit)
659 silly packumentCache full:https://registry.npmjs.org/make-fetch-happen set size:367671 disposed:false
660 silly fetch manifest json-parse-even-better-errors@^3.0.0
661 silly packumentCache full:https://registry.npmjs.org/json-parse-even-better-errors cache-miss
662 http fetch GET 200 https://registry.npmjs.org/retry 7ms (cache hit)
663 silly packumentCache full:https://registry.npmjs.org/retry set size:31161 disposed:false
664 silly fetch manifest @sigstore/tuf@^1.0.3
665 silly packumentCache full:https://registry.npmjs.org/@sigstore%2ftuf cache-miss
666 http fetch GET 200 https://registry.npmjs.org/normalize-package-data 7ms (cache hit)
667 silly packumentCache full:https://registry.npmjs.org/normalize-package-data set size:128484 disposed:false
668 silly fetch manifest @sigstore/sign@^1.0.0
669 silly packumentCache full:https://registry.npmjs.org/@sigstore%2fsign cache-miss
670 http fetch GET 200 https://registry.npmjs.org/json-parse-even-better-errors 26ms (cache revalidated)
671 silly packumentCache full:https://registry.npmjs.org/json-parse-even-better-errors set size:34572 disposed:false
672 silly fetch manifest @sigstore/bundle@^1.1.0
673 silly packumentCache full:https://registry.npmjs.org/@sigstore%2fbundle cache-miss
674 http fetch GET 200 https://registry.npmjs.org/json-parse-even-better-errors 30ms (cache revalidated)
675 silly packumentCache full:https://registry.npmjs.org/json-parse-even-better-errors set size:34572 disposed:false
676 silly packumentCache full:https://registry.npmjs.org/json-parse-even-better-errors dispose
677 silly fetch manifest make-fetch-happen@^11.0.1
678 silly packumentCache full:https://registry.npmjs.org/make-fetch-happen cache-hit
679 silly fetch manifest @sigstore/protobuf-specs@^0.2.0
680 silly packumentCache full:https://registry.npmjs.org/@sigstore%2fprotobuf-specs cache-miss
681 http fetch GET 200 https://registry.npmjs.org/promise-inflight 246ms (cache revalidated)
682 silly packumentCache full:https://registry.npmjs.org/promise-inflight set size:4685 disposed:false
683 silly fetch manifest chownr@^2.0.0
684 silly packumentCache full:https://registry.npmjs.org/chownr cache-miss
685 http fetch GET 200 https://registry.npmjs.org/p-map 247ms (cache revalidated)
686 silly packumentCache full:https://registry.npmjs.org/p-map set size:52373 disposed:false
687 silly fetch manifest mkdirp@^1.0.3
688 silly packumentCache full:https://registry.npmjs.org/mkdirp cache-miss
689 http fetch GET 200 https://registry.npmjs.org/minipass-flush 248ms (cache revalidated)
690 silly packumentCache full:https://registry.npmjs.org/minipass-flush set size:16292 disposed:false
691 silly fetch manifest yallist@^4.0.0
692 silly packumentCache full:https://registry.npmjs.org/yallist cache-miss
693 http fetch GET 200 https://registry.npmjs.org/unique-filename 246ms (cache revalidated)
694 silly packumentCache full:https://registry.npmjs.org/unique-filename set size:22047 disposed:false
695 silly fetch manifest minizlib@^2.1.1
696 silly packumentCache full:https://registry.npmjs.org/minizlib cache-hit
697 silly fetch manifest fs-minipass@^2.0.0
698 silly packumentCache full:https://registry.npmjs.org/fs-minipass cache-hit
699 http fetch GET 200 https://registry.npmjs.org/minipass-collect 255ms (cache revalidated)
700 silly packumentCache full:https://registry.npmjs.org/minipass-collect set size:12471 disposed:false
701 http fetch GET 200 https://registry.npmjs.org/chownr 25ms (cache revalidated)
702 silly packumentCache full:https://registry.npmjs.org/chownr set size:22157 disposed:false
703 http fetch GET 200 https://registry.npmjs.org/yallist 22ms (cache revalidated)
704 silly packumentCache full:https://registry.npmjs.org/yallist set size:34610 disposed:false
705 http fetch GET 200 https://registry.npmjs.org/mkdirp 26ms (cache revalidated)
706 silly packumentCache full:https://registry.npmjs.org/mkdirp set size:116455 disposed:false
707 http fetch GET 200 https://registry.npmjs.org/@npmcli%2ffs 553ms (cache revalidated)
708 silly packumentCache full:https://registry.npmjs.org/@npmcli%2ffs set size:40552 disposed:false
709 http fetch GET 200 https://registry.npmjs.org/@sigstore%2fsign 560ms (cache miss)
710 silly packumentCache full:https://registry.npmjs.org/@sigstore%2fsign set size:undefined disposed:false
711 http fetch GET 200 https://registry.npmjs.org/@sigstore%2ftuf 573ms (cache miss)
712 silly packumentCache full:https://registry.npmjs.org/@sigstore%2ftuf set size:undefined disposed:false
713 http fetch GET 200 https://registry.npmjs.org/@sigstore%2fbundle 561ms (cache miss)
714 silly packumentCache full:https://registry.npmjs.org/@sigstore%2fbundle set size:undefined disposed:false
715 http fetch GET 200 https://registry.npmjs.org/minipass-pipeline 678ms (cache revalidated)
716 silly packumentCache full:https://registry.npmjs.org/minipass-pipeline set size:27941 disposed:false
717 http fetch GET 200 https://registry.npmjs.org/@sigstore%2fprotobuf-specs 952ms (cache miss)
718 silly packumentCache full:https://registry.npmjs.org/@sigstore%2fprotobuf-specs set size:undefined disposed:false
719 silly placeDep ROOT promise-inflight@1.0.1 OK for: @npmcli/git@4.1.0 want: ^1.0.1
720 silly placeDep ROOT which@3.0.1 OK for: @npmcli/git@4.1.0 want: ^3.0.0
721 silly fetch manifest isexe@^2.0.0
722 silly packumentCache full:https://registry.npmjs.org/isexe cache-miss
723 http fetch GET 200 https://registry.npmjs.org/isexe 1ms (cache hit)
724 silly packumentCache full:https://registry.npmjs.org/isexe set size:19340 disposed:false
725 silly placeDep ROOT npm-bundled@3.0.1 OK for: @npmcli/installed-package-contents@2.1.0 want: ^3.0.0
726 silly placeDep ROOT @npmcli/node-gyp@3.0.0 OK for: @npmcli/run-script@6.0.2 want: ^3.0.0
727 silly placeDep ROOT node-gyp@9.4.1 OK for: @npmcli/run-script@6.0.2 want: ^9.0.0
728 silly fetch manifest glob@^7.1.4
729 silly packumentCache full:https://registry.npmjs.org/glob cache-hit
730 silly fetch manifest nopt@^6.0.0
731 silly packumentCache full:https://registry.npmjs.org/nopt cache-miss
732 silly fetch manifest which@^2.0.2
733 silly packumentCache full:https://registry.npmjs.org/which cache-hit
734 silly fetch manifest npmlog@^6.0.0
735 silly packumentCache full:https://registry.npmjs.org/npmlog cache-miss
736 silly fetch manifest rimraf@^3.0.2
737 silly packumentCache full:https://registry.npmjs.org/rimraf cache-miss
738 silly fetch manifest env-paths@^2.2.0
739 silly packumentCache full:https://registry.npmjs.org/env-paths cache-miss
740 silly fetch manifest graceful-fs@^4.2.6
741 silly packumentCache full:https://registry.npmjs.org/graceful-fs cache-miss
742 silly fetch manifest make-fetch-happen@^10.0.3
743 silly packumentCache full:https://registry.npmjs.org/make-fetch-happen cache-hit
744 silly fetch manifest exponential-backoff@^3.1.1
745 silly packumentCache full:https://registry.npmjs.org/exponential-backoff cache-miss
746 http fetch GET 200 https://registry.npmjs.org/nopt 6ms (cache hit)
747 silly packumentCache full:https://registry.npmjs.org/nopt set size:71592 disposed:false
748 http fetch GET 200 https://registry.npmjs.org/env-paths 6ms (cache hit)
749 silly packumentCache full:https://registry.npmjs.org/env-paths set size:25456 disposed:false
750 http fetch GET 200 https://registry.npmjs.org/npmlog 7ms (cache hit)
751 silly packumentCache full:https://registry.npmjs.org/npmlog set size:68119 disposed:false
752 http fetch GET 200 https://registry.npmjs.org/exponential-backoff 6ms (cache hit)
753 silly packumentCache full:https://registry.npmjs.org/exponential-backoff set size:56105 disposed:false
754 http fetch GET 200 https://registry.npmjs.org/graceful-fs 29ms (cache revalidated)
755 silly packumentCache full:https://registry.npmjs.org/graceful-fs set size:124285 disposed:false
756 http fetch GET 200 https://registry.npmjs.org/rimraf 262ms (cache revalidated)
757 silly packumentCache full:https://registry.npmjs.org/rimraf set size:208943 disposed:false
758 silly placeDep ROOT @npmcli/fs@3.1.1 OK for: cacache@17.1.4 want: ^3.1.0
759 silly placeDep ROOT glob@10.5.0 OK for: cacache@17.1.4 want: ^10.2.2
760 silly placeDep node_modules/cacache minipass@7.1.2 OK for: cacache@17.1.4 want: ^7.0.3
761 silly placeDep ROOT minipass-collect@1.0.2 OK for: cacache@17.1.4 want: ^1.0.2
762 silly placeDep ROOT minipass-flush@1.0.5 OK for: cacache@17.1.4 want: ^1.0.5
763 silly placeDep ROOT minipass-pipeline@1.2.4 OK for: cacache@17.1.4 want: ^1.2.4
764 silly placeDep ROOT p-map@4.0.0 OK for: cacache@17.1.4 want: ^4.0.0
765 silly placeDep ROOT unique-filename@3.0.0 OK for: cacache@17.1.4 want: ^3.0.0
766 silly fetch manifest minipass@^7.1.2
767 silly packumentCache full:https://registry.npmjs.org/minipass cache-hit
768 silly fetch manifest jackspeak@^3.1.2
769 silly packumentCache full:https://registry.npmjs.org/jackspeak cache-miss
770 silly fetch manifest minimatch@^9.0.4
771 silly packumentCache full:https://registry.npmjs.org/minimatch cache-miss
772 silly fetch manifest path-scurry@^1.11.1
773 silly packumentCache full:https://registry.npmjs.org/path-scurry cache-miss
774 silly fetch manifest foreground-child@^3.1.0
775 silly packumentCache full:https://registry.npmjs.org/foreground-child cache-miss
776 silly fetch manifest package-json-from-dist@^1.0.0
777 silly packumentCache full:https://registry.npmjs.org/package-json-from-dist cache-miss
778 silly fetch manifest minipass@^3.0.0
779 silly packumentCache full:https://registry.npmjs.org/minipass cache-hit
780 silly fetch manifest minipass@^3.0.0
781 silly packumentCache full:https://registry.npmjs.org/minipass cache-hit
782 silly fetch manifest minipass@^3.0.0
783 silly packumentCache full:https://registry.npmjs.org/minipass cache-hit
784 silly fetch manifest aggregate-error@^3.0.0
785 silly packumentCache full:https://registry.npmjs.org/aggregate-error cache-miss
786 silly fetch manifest unique-slug@^4.0.0
787 silly packumentCache full:https://registry.npmjs.org/unique-slug cache-miss
788 http fetch GET 200 https://registry.npmjs.org/unique-slug 6ms (cache hit)
789 silly packumentCache full:https://registry.npmjs.org/unique-slug set size:20403 disposed:false
790 http fetch GET 200 https://registry.npmjs.org/aggregate-error 6ms (cache hit)
791 silly packumentCache full:https://registry.npmjs.org/aggregate-error set size:29031 disposed:false
792 http fetch GET 200 https://registry.npmjs.org/foreground-child 29ms (cache miss)
793 silly packumentCache full:https://registry.npmjs.org/foreground-child set size:undefined disposed:false
794 http fetch GET 200 https://registry.npmjs.org/package-json-from-dist 31ms (cache miss)
795 silly packumentCache full:https://registry.npmjs.org/package-json-from-dist set size:undefined disposed:false
796 http fetch GET 200 https://registry.npmjs.org/jackspeak 33ms (cache miss)
797 silly packumentCache full:https://registry.npmjs.org/jackspeak set size:undefined disposed:false
798 http fetch GET 200 https://registry.npmjs.org/path-scurry 34ms (cache miss)
799 silly packumentCache full:https://registry.npmjs.org/path-scurry set size:undefined disposed:false
800 http fetch GET 200 https://registry.npmjs.org/minimatch 41ms (cache revalidated)
801 silly packumentCache full:https://registry.npmjs.org/minimatch set size:303959 disposed:false
802 silly placeDep node_modules/fs-minipass minipass@7.1.2 OK for: fs-minipass@3.0.3 want: ^7.0.3
803 silly placeDep ROOT foreground-child@3.3.1 OK for: glob@10.5.0 want: ^3.1.0
804 silly placeDep ROOT jackspeak@3.4.3 OK for: glob@10.5.0 want: ^3.1.2
805 silly placeDep ROOT minimatch@9.0.5 OK for: glob@10.5.0 want: ^9.0.4
806 silly placeDep node_modules/glob minipass@7.1.2 OK for: glob@10.5.0 want: ^7.1.2
807 silly placeDep ROOT package-json-from-dist@1.0.1 OK for: glob@10.5.0 want: ^1.0.0
808 silly placeDep ROOT path-scurry@1.11.1 OK for: glob@10.5.0 want: ^1.11.1
809 silly fetch manifest cross-spawn@^7.0.6
810 silly packumentCache full:https://registry.npmjs.org/cross-spawn cache-miss
811 silly fetch manifest signal-exit@^4.0.1
812 silly packumentCache full:https://registry.npmjs.org/signal-exit cache-hit
813 silly fetch manifest @isaacs/cliui@^8.0.2
814 silly packumentCache full:https://registry.npmjs.org/@isaacs%2fcliui cache-miss
815 silly fetch manifest @pkgjs/parseargs@^0.11.0
816 silly packumentCache full:https://registry.npmjs.org/@pkgjs%2fparseargs cache-miss
817 silly fetch manifest brace-expansion@^2.0.1
818 silly packumentCache full:https://registry.npmjs.org/brace-expansion cache-miss
819 silly fetch manifest minipass@^5.0.0 || ^6.0.2 || ^7.0.0
820 silly packumentCache full:https://registry.npmjs.org/minipass cache-hit
821 silly fetch manifest lru-cache@^10.2.0
822 silly packumentCache full:https://registry.npmjs.org/lru-cache cache-hit
823 http fetch GET 200 https://registry.npmjs.org/brace-expansion 28ms (cache revalidated)
824 silly packumentCache full:https://registry.npmjs.org/brace-expansion set size:46250 disposed:false
825 http fetch GET 200 https://registry.npmjs.org/cross-spawn 29ms (cache revalidated)
826 silly packumentCache full:https://registry.npmjs.org/cross-spawn set size:109066 disposed:false
827 http fetch GET 200 https://registry.npmjs.org/@isaacs%2fcliui 35ms (cache miss)
828 silly packumentCache full:https://registry.npmjs.org/@isaacs%2fcliui set size:undefined disposed:false
829 http fetch GET 200 https://registry.npmjs.org/@pkgjs%2fparseargs 39ms (cache miss)
830 silly packumentCache full:https://registry.npmjs.org/@pkgjs%2fparseargs set size:undefined disposed:false
831 silly placeDep ROOT cross-spawn@7.0.6 OK for: foreground-child@3.3.1 want: ^7.0.6
832 silly placeDep ROOT signal-exit@4.1.0 OK for: foreground-child@3.3.1 want: ^4.0.1
833 silly fetch manifest which@^2.0.1
834 silly packumentCache full:https://registry.npmjs.org/which cache-hit
835 silly fetch manifest path-key@^3.1.0
836 silly packumentCache full:https://registry.npmjs.org/path-key cache-miss
837 silly fetch manifest shebang-command@^2.0.0
838 silly packumentCache full:https://registry.npmjs.org/shebang-command cache-miss
839 http fetch GET 200 https://registry.npmjs.org/shebang-command 23ms (cache revalidated)
840 silly packumentCache full:https://registry.npmjs.org/shebang-command set size:8525 disposed:false
841 http fetch GET 200 https://registry.npmjs.org/path-key 25ms (cache revalidated)
842 silly packumentCache full:https://registry.npmjs.org/path-key set size:16975 disposed:false
843 silly placeDep ROOT path-key@3.1.1 OK for: cross-spawn@7.0.6 want: ^3.1.0
844 silly placeDep ROOT shebang-command@2.0.0 OK for: cross-spawn@7.0.6 want: ^2.0.0
845 silly placeDep node_modules/cross-spawn which@2.0.2 OK for: cross-spawn@7.0.6 want: ^2.0.1
846 silly fetch manifest shebang-regex@^3.0.0
847 silly packumentCache full:https://registry.npmjs.org/shebang-regex cache-miss
848 http fetch GET 200 https://registry.npmjs.org/shebang-regex 20ms (cache revalidated)
849 silly packumentCache full:https://registry.npmjs.org/shebang-regex set size:9763 disposed:false
850 silly placeDep ROOT @isaacs/cliui@8.0.2 OK for: jackspeak@3.4.3 want: ^8.0.2
851 silly placeDep ROOT @pkgjs/parseargs@0.11.0 OK for: jackspeak@3.4.3 want: ^0.11.0
852 silly fetch manifest string-width@^5.1.2
853 silly packumentCache full:https://registry.npmjs.org/string-width cache-hit
854 silly fetch manifest string-width-cjs@npm:string-width@^4.2.0
855 silly packumentCache full:https://registry.npmjs.org/string-width cache-hit
856 silly fetch manifest strip-ansi@^7.0.1
857 silly packumentCache full:https://registry.npmjs.org/strip-ansi cache-hit
858 silly fetch manifest strip-ansi-cjs@npm:strip-ansi@^6.0.1
859 silly packumentCache full:https://registry.npmjs.org/strip-ansi cache-hit
860 silly fetch manifest wrap-ansi@^8.1.0
861 silly packumentCache full:https://registry.npmjs.org/wrap-ansi cache-hit
862 silly fetch manifest wrap-ansi-cjs@npm:wrap-ansi@^7.0.0
863 silly packumentCache full:https://registry.npmjs.org/wrap-ansi cache-hit
864 silly placeDep node_modules/@isaacs/cliui string-width@5.1.2 OK for: @isaacs/cliui@8.0.2 want: ^5.1.2
865 silly placeDep ROOT string-width-cjs@4.2.3 OK for: @isaacs/cliui@8.0.2 want: npm:string-width@^4.2.0
866 silly placeDep node_modules/@isaacs/cliui strip-ansi@7.1.2 OK for: @isaacs/cliui@8.0.2 want: ^7.0.1
867 silly placeDep ROOT strip-ansi-cjs@6.0.1 OK for: @isaacs/cliui@8.0.2 want: npm:strip-ansi@^6.0.1
868 silly placeDep node_modules/@isaacs/cliui wrap-ansi@8.1.0 OK for: @isaacs/cliui@8.0.2 want: ^8.1.0
869 silly placeDep ROOT wrap-ansi-cjs@7.0.0 OK for: @isaacs/cliui@8.0.2 want: npm:wrap-ansi@^7.0.0
870 silly fetch manifest emoji-regex@^9.2.2
871 silly packumentCache full:https://registry.npmjs.org/emoji-regex cache-hit
872 silly fetch manifest eastasianwidth@^0.2.0
873 silly packumentCache full:https://registry.npmjs.org/eastasianwidth cache-miss
874 silly fetch manifest ansi-regex@^6.0.1
875 silly packumentCache full:https://registry.npmjs.org/ansi-regex cache-hit
876 silly fetch manifest ansi-styles@^6.1.0
877 silly packumentCache full:https://registry.npmjs.org/ansi-styles cache-hit
878 http fetch GET 200 https://registry.npmjs.org/eastasianwidth 23ms (cache miss)
879 silly packumentCache full:https://registry.npmjs.org/eastasianwidth set size:undefined disposed:false
880 silly placeDep ROOT brace-expansion@2.0.2 OK for: minimatch@9.0.5 want: ^2.0.1
881 silly fetch manifest balanced-match@^1.0.0
882 silly packumentCache full:https://registry.npmjs.org/balanced-match cache-miss
883 http fetch GET 200 https://registry.npmjs.org/balanced-match 1ms (cache hit)
884 silly packumentCache full:https://registry.npmjs.org/balanced-match set size:33860 disposed:false
885 silly placeDep ROOT balanced-match@1.0.2 OK for: brace-expansion@2.0.2 want: ^1.0.0
886 silly placeDep node_modules/minipass-collect minipass@3.3.6 OK for: minipass-collect@1.0.2 want: ^3.0.0
887 silly placeDep node_modules/minipass-flush minipass@3.3.6 OK for: minipass-flush@1.0.5 want: ^3.0.0
888 silly placeDep node_modules/minipass-pipeline minipass@3.3.6 OK for: minipass-pipeline@1.2.4 want: ^3.0.0
889 silly placeDep ROOT env-paths@2.2.1 OK for: node-gyp@9.4.1 want: ^2.2.0
890 silly placeDep ROOT exponential-backoff@3.1.3 OK for: node-gyp@9.4.1 want: ^3.1.1
891 silly placeDep node_modules/node-gyp glob@7.2.3 OK for: node-gyp@9.4.1 want: ^7.1.4
892 silly placeDep ROOT graceful-fs@4.2.11 OK for: node-gyp@9.4.1 want: ^4.2.6
893 silly placeDep ROOT make-fetch-happen@10.2.1 OK for: node-gyp@9.4.1 want: ^10.0.3
894 silly placeDep ROOT nopt@6.0.0 OK for: node-gyp@9.4.1 want: ^6.0.0
895 silly placeDep ROOT npmlog@6.0.2 OK for: node-gyp@9.4.1 want: ^6.0.0
896 silly placeDep ROOT rimraf@3.0.2 OK for: node-gyp@9.4.1 want: ^3.0.2
897 silly placeDep node_modules/node-gyp which@2.0.2 OK for: node-gyp@9.4.1 want: ^2.0.2
898 silly fetch manifest once@^1.3.0
899 silly packumentCache full:https://registry.npmjs.org/once cache-miss
900 silly fetch manifest inflight@^1.0.4
901 silly packumentCache full:https://registry.npmjs.org/inflight cache-miss
902 silly fetch manifest minimatch@^3.1.1
903 silly packumentCache full:https://registry.npmjs.org/minimatch cache-hit
904 silly fetch manifest fs.realpath@^1.0.0
905 silly packumentCache full:https://registry.npmjs.org/fs.realpath cache-miss
906 silly fetch manifest path-is-absolute@^1.0.0
907 silly packumentCache full:https://registry.npmjs.org/path-is-absolute cache-miss
908 silly fetch manifest ssri@^9.0.0
909 silly packumentCache full:https://registry.npmjs.org/ssri cache-hit
910 silly fetch manifest cacache@^16.1.0
911 silly packumentCache full:https://registry.npmjs.org/cacache cache-hit
912 silly fetch manifest minipass@^3.1.6
913 silly packumentCache full:https://registry.npmjs.org/minipass cache-hit
914 silly fetch manifest is-lambda@^1.0.1
915 silly packumentCache full:https://registry.npmjs.org/is-lambda cache-miss
916 silly fetch manifest negotiator@^0.6.3
917 silly packumentCache full:https://registry.npmjs.org/negotiator cache-miss
918 silly fetch manifest agentkeepalive@^4.2.1
919 silly packumentCache full:https://registry.npmjs.org/agentkeepalive cache-miss
920 silly fetch manifest minipass-fetch@^2.0.3
921 silly packumentCache full:https://registry.npmjs.org/minipass-fetch cache-hit
922 silly fetch manifest http-proxy-agent@^5.0.0
923 silly packumentCache full:https://registry.npmjs.org/http-proxy-agent cache-miss
924 silly fetch manifest https-proxy-agent@^5.0.0
925 silly packumentCache full:https://registry.npmjs.org/https-proxy-agent cache-miss
926 silly fetch manifest socks-proxy-agent@^7.0.0
927 silly packumentCache full:https://registry.npmjs.org/socks-proxy-agent cache-miss
928 silly fetch manifest http-cache-semantics@^4.1.0
929 silly packumentCache full:https://registry.npmjs.org/http-cache-semantics cache-miss
930 http fetch GET 200 https://registry.npmjs.org/path-is-absolute 9ms (cache hit)
931 silly packumentCache full:https://registry.npmjs.org/path-is-absolute set size:8253 disposed:false
932 silly fetch manifest abbrev@^1.0.0
933 silly packumentCache full:https://registry.npmjs.org/abbrev cache-miss
934 http fetch GET 200 https://registry.npmjs.org/negotiator 9ms (cache hit)
935 silly packumentCache full:https://registry.npmjs.org/negotiator set size:48046 disposed:false
936 silly fetch manifest gauge@^4.0.3
937 silly packumentCache full:https://registry.npmjs.org/gauge cache-miss
938 http fetch GET 200 https://registry.npmjs.org/is-lambda 11ms (cache hit)
939 silly packumentCache full:https://registry.npmjs.org/is-lambda set size:4411 disposed:false
940 silly fetch manifest set-blocking@^2.0.0
941 silly packumentCache full:https://registry.npmjs.org/set-blocking cache-miss
942 http fetch GET 200 https://registry.npmjs.org/http-proxy-agent 9ms (cache hit)
943 silly packumentCache full:https://registry.npmjs.org/http-proxy-agent set size:50096 disposed:false
944 silly fetch manifest are-we-there-yet@^3.0.0
945 silly packumentCache full:https://registry.npmjs.org/are-we-there-yet cache-miss
946 http fetch GET 200 https://registry.npmjs.org/agentkeepalive 11ms (cache hit)
947 silly packumentCache full:https://registry.npmjs.org/agentkeepalive set size:139473 disposed:false
948 silly fetch manifest console-control-strings@^1.1.0
949 silly packumentCache full:https://registry.npmjs.org/console-control-strings cache-miss
950 http fetch GET 200 https://registry.npmjs.org/http-cache-semantics 10ms (cache hit)
951 silly packumentCache full:https://registry.npmjs.org/http-cache-semantics set size:66288 disposed:false
952 silly fetch manifest glob@^7.1.3
953 silly packumentCache full:https://registry.npmjs.org/glob cache-hit
954 http fetch GET 200 https://registry.npmjs.org/socks-proxy-agent 12ms (cache hit)
955 silly packumentCache full:https://registry.npmjs.org/socks-proxy-agent set size:96838 disposed:false
956 http fetch GET 200 https://registry.npmjs.org/abbrev 6ms (cache hit)
957 silly packumentCache full:https://registry.npmjs.org/abbrev set size:21777 disposed:false
958 http fetch GET 200 https://registry.npmjs.org/set-blocking 6ms (cache hit)
959 silly packumentCache full:https://registry.npmjs.org/set-blocking set size:5763 disposed:false
960 http fetch GET 200 https://registry.npmjs.org/console-control-strings 4ms (cache hit)
961 silly packumentCache full:https://registry.npmjs.org/console-control-strings set size:9235 disposed:false
962 http fetch GET 200 https://registry.npmjs.org/are-we-there-yet 5ms (cache hit)
963 silly packumentCache full:https://registry.npmjs.org/are-we-there-yet set size:52315 disposed:false
964 http fetch GET 200 https://registry.npmjs.org/gauge 7ms (cache hit)
965 silly packumentCache full:https://registry.npmjs.org/gauge set size:101042 disposed:false
966 http fetch GET 200 https://registry.npmjs.org/inflight 25ms (cache revalidated)
967 silly packumentCache full:https://registry.npmjs.org/inflight set size:13140 disposed:false
968 http fetch GET 200 https://registry.npmjs.org/once 27ms (cache revalidated)
969 silly packumentCache full:https://registry.npmjs.org/once set size:11768 disposed:false
970 http fetch GET 200 https://registry.npmjs.org/fs.realpath 34ms (cache revalidated)
971 silly packumentCache full:https://registry.npmjs.org/fs.realpath set size:4806 disposed:false
972 http fetch GET 200 https://registry.npmjs.org/https-proxy-agent 247ms (cache revalidated)
973 silly packumentCache full:https://registry.npmjs.org/https-proxy-agent set size:76241 disposed:false
974 silly placeDep ROOT agentkeepalive@4.6.0 OK for: make-fetch-happen@10.2.1 want: ^4.2.1
975 silly placeDep node_modules/make-fetch-happen cacache@16.1.3 OK for: make-fetch-happen@10.2.1 want: ^16.1.0
976 silly placeDep ROOT http-cache-semantics@4.2.0 OK for: make-fetch-happen@10.2.1 want: ^4.1.0
977 silly placeDep ROOT http-proxy-agent@5.0.0 OK for: make-fetch-happen@10.2.1 want: ^5.0.0
978 silly placeDep ROOT https-proxy-agent@5.0.1 OK for: make-fetch-happen@10.2.1 want: ^5.0.0
979 silly placeDep ROOT is-lambda@1.0.1 OK for: make-fetch-happen@10.2.1 want: ^1.0.1
980 silly placeDep node_modules/make-fetch-happen minipass@3.3.6 OK for: make-fetch-happen@10.2.1 want: ^3.1.6
981 silly placeDep ROOT minipass-fetch@2.1.2 OK for: make-fetch-happen@10.2.1 want: ^2.0.3
982 silly placeDep ROOT negotiator@0.6.4 OK for: make-fetch-happen@10.2.1 want: ^0.6.3
983 silly placeDep ROOT socks-proxy-agent@7.0.0 OK for: make-fetch-happen@10.2.1 want: ^7.0.0
984 silly placeDep node_modules/make-fetch-happen ssri@9.0.1 OK for: make-fetch-happen@10.2.1 want: ^9.0.0
985 silly fetch manifest humanize-ms@^1.2.1
986 silly packumentCache full:https://registry.npmjs.org/humanize-ms cache-miss
987 silly fetch manifest glob@^8.0.1
988 silly packumentCache full:https://registry.npmjs.org/glob cache-hit
989 silly fetch manifest mkdirp@^1.0.4
990 silly packumentCache full:https://registry.npmjs.org/mkdirp cache-hit
991 silly fetch manifest @npmcli/fs@^2.1.0
992 silly packumentCache full:https://registry.npmjs.org/@npmcli%2ffs cache-hit
993 silly fetch manifest fs-minipass@^2.1.0
994 silly packumentCache full:https://registry.npmjs.org/fs-minipass cache-hit
995 silly fetch manifest infer-owner@^1.0.4
996 silly packumentCache full:https://registry.npmjs.org/infer-owner cache-miss
997 silly fetch manifest unique-filename@^2.0.0
998 silly packumentCache full:https://registry.npmjs.org/unique-filename cache-hit
999 silly fetch manifest @npmcli/move-file@^2.0.0
1000 silly packumentCache full:https://registry.npmjs.org/@npmcli%2fmove-file cache-miss
1001 silly fetch manifest @tootallnate/once@2
1002 silly packumentCache full:https://registry.npmjs.org/@tootallnate%2fonce cache-miss
1003 silly fetch manifest agent-base@6
1004 silly packumentCache full:https://registry.npmjs.org/agent-base cache-miss
1005 silly fetch manifest debug@4
1006 silly packumentCache full:https://registry.npmjs.org/debug cache-miss
1007 silly fetch manifest debug@4
1008 silly packumentCache full:https://registry.npmjs.org/debug cache-miss
1009 silly fetch manifest agent-base@6
1010 silly packumentCache full:https://registry.npmjs.org/agent-base cache-miss
1011 silly fetch manifest minipass-sized@^1.0.3
1012 silly packumentCache full:https://registry.npmjs.org/minipass-sized cache-miss
1013 silly fetch manifest encoding@^0.1.13
1014 silly packumentCache full:https://registry.npmjs.org/encoding cache-miss
1015 silly fetch manifest debug@^4.3.3
1016 silly packumentCache full:https://registry.npmjs.org/debug cache-miss
1017 http fetch GET 200 https://registry.npmjs.org/humanize-ms 9ms (cache hit)
1018 silly packumentCache full:https://registry.npmjs.org/humanize-ms set size:12275 disposed:false
1019 silly fetch manifest socks@^2.6.2
1020 silly packumentCache full:https://registry.npmjs.org/socks cache-miss
1021 http fetch GET 200 https://registry.npmjs.org/@tootallnate%2fonce 9ms (cache hit)
1022 silly packumentCache full:https://registry.npmjs.org/@tootallnate%2fonce set size:19864 disposed:false
1023 silly fetch manifest agent-base@^6.0.2
1024 silly packumentCache full:https://registry.npmjs.org/agent-base cache-miss
1025 http fetch GET 200 https://registry.npmjs.org/minipass-sized 9ms (cache hit)
1026 silly packumentCache full:https://registry.npmjs.org/minipass-sized set size:14420 disposed:false
1027 http fetch GET 200 https://registry.npmjs.org/encoding 9ms (cache hit)
1028 silly packumentCache full:https://registry.npmjs.org/encoding set size:17833 disposed:false
1029 http fetch GET 200 https://registry.npmjs.org/socks 2ms (cache hit)
1030 silly packumentCache full:https://registry.npmjs.org/socks set size:168523 disposed:false
1031 http fetch GET 200 https://registry.npmjs.org/agent-base 38ms (cache revalidated)
1032 silly packumentCache full:https://registry.npmjs.org/agent-base set size:67460 disposed:false
1033 http fetch GET 200 https://registry.npmjs.org/agent-base 29ms (cache revalidated)
1034 silly packumentCache full:https://registry.npmjs.org/agent-base set size:67460 disposed:false
1035 silly packumentCache full:https://registry.npmjs.org/agent-base dispose
1036 http fetch GET 200 https://registry.npmjs.org/agent-base 45ms (cache revalidated)
1037 silly packumentCache full:https://registry.npmjs.org/agent-base set size:67460 disposed:true
1038 silly packumentCache full:https://registry.npmjs.org/agent-base dispose
1039 http fetch GET 200 https://registry.npmjs.org/debug 47ms (cache revalidated)
1040 silly packumentCache full:https://registry.npmjs.org/debug set size:195840 disposed:false
1041 http fetch GET 200 https://registry.npmjs.org/debug 48ms (cache revalidated)
1042 silly packumentCache full:https://registry.npmjs.org/debug set size:195840 disposed:false
1043 silly packumentCache full:https://registry.npmjs.org/debug dispose
1044 http fetch GET 200 https://registry.npmjs.org/debug 50ms (cache revalidated)
1045 silly packumentCache full:https://registry.npmjs.org/debug set size:195840 disposed:true
1046 silly packumentCache full:https://registry.npmjs.org/debug dispose
1047 http fetch GET 200 https://registry.npmjs.org/infer-owner 262ms (cache revalidated)
1048 silly packumentCache full:https://registry.npmjs.org/infer-owner set size:7030 disposed:false
1049 http fetch GET 200 https://registry.npmjs.org/@npmcli%2fmove-file 566ms (cache revalidated)
1050 silly packumentCache full:https://registry.npmjs.org/@npmcli%2fmove-file set size:25481 disposed:false
1051 silly placeDep ROOT humanize-ms@1.2.1 OK for: agentkeepalive@4.6.0 want: ^1.2.1
1052 silly fetch manifest ms@^2.0.0
1053 silly packumentCache full:https://registry.npmjs.org/ms cache-miss
1054 http fetch GET 200 https://registry.npmjs.org/ms 3ms (cache hit)
1055 silly packumentCache full:https://registry.npmjs.org/ms set size:92208 disposed:false
1056 silly placeDep ROOT @tootallnate/once@2.0.0 OK for: http-proxy-agent@5.0.0 want: 2
1057 silly placeDep ROOT agent-base@6.0.2 OK for: http-proxy-agent@5.0.0 want: 6
1058 silly placeDep ROOT debug@4.4.3 OK for: http-proxy-agent@5.0.0 want: 4
1059 silly fetch manifest ms@^2.1.3
1060 silly packumentCache full:https://registry.npmjs.org/ms cache-hit
1061 silly placeDep ROOT ms@2.1.3 OK for: debug@4.4.3 want: ^2.1.3
1062 silly placeDep ROOT encoding@0.1.13 OK for: minipass-fetch@2.1.2 want: ^0.1.13
1063 silly placeDep node_modules/minipass-fetch minipass@3.3.6 OK for: minipass-fetch@2.1.2 want: ^3.1.6
1064 silly placeDep ROOT minipass-sized@1.0.3 OK for: minipass-fetch@2.1.2 want: ^1.0.3
1065 silly placeDep ROOT minizlib@2.1.2 OK for: minipass-fetch@2.1.2 want: ^2.1.2
1066 silly fetch manifest iconv-lite@^0.6.2
1067 silly packumentCache full:https://registry.npmjs.org/iconv-lite cache-hit
1068 silly placeDep node_modules/encoding iconv-lite@0.6.3 OK for: encoding@0.1.13 want: ^0.6.2
1069 silly placeDep node_modules/minipass-sized minipass@3.3.6 OK for: minipass-sized@1.0.3 want: ^3.0.0
1070 silly placeDep node_modules/minizlib minipass@3.3.6 OK for: minizlib@2.1.2 want: ^3.0.0
1071 silly placeDep ROOT yallist@4.0.0 OK for: minizlib@2.1.2 want: ^4.0.0
1072 silly placeDep ROOT abbrev@1.1.1 OK for: nopt@6.0.0 want: ^1.0.0
1073 silly placeDep ROOT ignore-walk@6.0.5 OK for: npm-packlist@7.0.4 want: ^6.0.0
1074 silly placeDep node_modules/npm-registry-fetch make-fetch-happen@11.1.1 OK for: npm-registry-fetch@14.0.5 want: ^11.0.0
1075 silly placeDep node_modules/npm-registry-fetch minipass@5.0.0 OK for: npm-registry-fetch@14.0.5 want: ^5.0.0
1076 silly placeDep node_modules/npm-registry-fetch minipass-fetch@3.0.5 OK for: npm-registry-fetch@14.0.5 want: ^3.0.0
1077 silly placeDep ROOT minipass-json-stream@1.0.2 OK for: npm-registry-fetch@14.0.5 want: ^1.0.1
1078 silly fetch manifest jsonparse@^1.3.1
1079 silly packumentCache full:https://registry.npmjs.org/jsonparse cache-miss
1080 http fetch GET 200 https://registry.npmjs.org/jsonparse 2ms (cache hit)
1081 silly packumentCache full:https://registry.npmjs.org/jsonparse set size:15932 disposed:false
1082 silly placeDep ROOT jsonparse@1.3.1 OK for: minipass-json-stream@1.0.2 want: ^1.3.1
1083 silly placeDep node_modules/minipass-json-stream minipass@3.3.6 OK for: minipass-json-stream@1.0.2 want: ^3.0.0
1084 silly placeDep ROOT are-we-there-yet@3.0.1 OK for: npmlog@6.0.2 want: ^3.0.0
1085 silly placeDep ROOT console-control-strings@1.1.0 OK for: npmlog@6.0.2 want: ^1.1.0
1086 silly placeDep ROOT gauge@4.0.4 OK for: npmlog@6.0.2 want: ^4.0.3
1087 silly placeDep ROOT set-blocking@2.0.0 OK for: npmlog@6.0.2 want: ^2.0.0
1088 silly fetch manifest delegates@^1.0.0
1089 silly packumentCache full:https://registry.npmjs.org/delegates cache-miss
1090 silly fetch manifest aproba@^1.0.3 || ^2.0.0
1091 silly packumentCache full:https://registry.npmjs.org/aproba cache-miss
1092 silly fetch manifest wide-align@^1.1.5
1093 silly packumentCache full:https://registry.npmjs.org/wide-align cache-miss
1094 silly fetch manifest has-unicode@^2.0.1
1095 silly packumentCache full:https://registry.npmjs.org/has-unicode cache-miss
1096 silly fetch manifest signal-exit@^3.0.7
1097 silly packumentCache full:https://registry.npmjs.org/signal-exit cache-hit
1098 silly fetch manifest color-support@^1.1.3
1099 silly packumentCache full:https://registry.npmjs.org/color-support cache-miss
1100 http fetch GET 200 https://registry.npmjs.org/aproba 3ms (cache hit)
1101 silly packumentCache full:https://registry.npmjs.org/aproba set size:20300 disposed:false
1102 http fetch GET 200 https://registry.npmjs.org/delegates 3ms (cache hit)
1103 silly packumentCache full:https://registry.npmjs.org/delegates set size:8916 disposed:false
1104 http fetch GET 200 https://registry.npmjs.org/has-unicode 6ms (cache hit)
1105 silly packumentCache full:https://registry.npmjs.org/has-unicode set size:7567 disposed:false
1106 http fetch GET 200 https://registry.npmjs.org/wide-align 6ms (cache hit)
1107 silly packumentCache full:https://registry.npmjs.org/wide-align set size:16598 disposed:false
1108 http fetch GET 200 https://registry.npmjs.org/color-support 6ms (cache hit)
1109 silly packumentCache full:https://registry.npmjs.org/color-support set size:13824 disposed:false
1110 silly placeDep ROOT delegates@1.0.0 OK for: are-we-there-yet@3.0.1 want: ^1.0.0
1111 silly placeDep ROOT aproba@2.1.0 OK for: gauge@4.0.4 want: ^1.0.3 || ^2.0.0
1112 silly placeDep ROOT color-support@1.1.3 OK for: gauge@4.0.4 want: ^1.1.3
1113 silly placeDep ROOT has-unicode@2.0.1 OK for: gauge@4.0.4 want: ^2.0.1
1114 silly placeDep node_modules/gauge signal-exit@3.0.7 OK for: gauge@4.0.4 want: ^3.0.7
1115 silly placeDep ROOT wide-align@1.1.5 OK for: gauge@4.0.4 want: ^1.1.5
1116 silly placeDep ROOT aggregate-error@3.1.0 OK for: p-map@4.0.0 want: ^3.0.0
1117 silly fetch manifest clean-stack@^2.0.0
1118 silly packumentCache full:https://registry.npmjs.org/clean-stack cache-miss
1119 silly fetch manifest indent-string@^4.0.0
1120 silly packumentCache full:https://registry.npmjs.org/indent-string cache-miss
1121 http fetch GET 200 https://registry.npmjs.org/indent-string 3ms (cache hit)
1122 silly packumentCache full:https://registry.npmjs.org/indent-string set size:28547 disposed:false
1123 http fetch GET 200 https://registry.npmjs.org/clean-stack 5ms (cache hit)
1124 silly packumentCache full:https://registry.npmjs.org/clean-stack set size:52858 disposed:false
1125 silly placeDep ROOT clean-stack@2.2.0 OK for: aggregate-error@3.1.0 want: ^2.0.0
1126 silly placeDep ROOT indent-string@4.0.0 OK for: aggregate-error@3.1.0 want: ^4.0.0
1127 silly placeDep node_modules/path-scurry lru-cache@10.4.3 OK for: path-scurry@1.11.1 want: ^10.2.0
1128 silly placeDep node_modules/path-scurry minipass@7.1.2 OK for: path-scurry@1.11.1 want: ^5.0.0 || ^6.0.2 || ^7.0.0
1129 silly placeDep ROOT err-code@2.0.3 OK for: promise-retry@2.0.1 want: ^2.0.2
1130 silly placeDep ROOT retry@0.12.0 OK for: promise-retry@2.0.1 want: ^0.12.0
1131 silly placeDep ROOT json-parse-even-better-errors@3.0.2 OK for: read-package-json@6.0.4 want: ^3.0.0
1132 silly placeDep ROOT normalize-package-data@5.0.0 OK for: read-package-json@6.0.4 want: ^5.0.0
1133 silly fetch manifest is-core-module@^2.8.1
1134 silly packumentCache full:https://registry.npmjs.org/is-core-module cache-hit
1135 silly fetch manifest validate-npm-package-license@^3.0.4
1136 silly packumentCache full:https://registry.npmjs.org/validate-npm-package-license cache-miss
1137 http fetch GET 200 https://registry.npmjs.org/validate-npm-package-license 1ms (cache hit)
1138 silly packumentCache full:https://registry.npmjs.org/validate-npm-package-license set size:21821 disposed:false
1139 silly placeDep ROOT is-core-module@2.16.1 OK for: normalize-package-data@5.0.0 want: ^2.8.1
1140 silly placeDep ROOT validate-npm-package-license@3.0.4 OK for: normalize-package-data@5.0.0 want: ^3.0.4
1141 silly fetch manifest hasown@^2.0.2
1142 silly packumentCache full:https://registry.npmjs.org/hasown cache-miss
1143 silly fetch manifest spdx-correct@^3.0.0
1144 silly packumentCache full:https://registry.npmjs.org/spdx-correct cache-miss
1145 silly fetch manifest spdx-expression-parse@^3.0.0
1146 silly packumentCache full:https://registry.npmjs.org/spdx-expression-parse cache-miss
1147 http fetch GET 200 https://registry.npmjs.org/hasown 2ms (cache hit)
1148 silly packumentCache full:https://registry.npmjs.org/hasown set size:12476 disposed:false
1149 http fetch GET 200 https://registry.npmjs.org/spdx-expression-parse 1ms (cache hit)
1150 silly packumentCache full:https://registry.npmjs.org/spdx-expression-parse set size:29500 disposed:false
1151 http fetch GET 200 https://registry.npmjs.org/spdx-correct 3ms (cache hit)
1152 silly packumentCache full:https://registry.npmjs.org/spdx-correct set size:38642 disposed:false
1153 silly placeDep ROOT hasown@2.0.2 OK for: is-core-module@2.16.1 want: ^2.0.2
1154 silly fetch manifest function-bind@^1.1.2
1155 silly packumentCache full:https://registry.npmjs.org/function-bind cache-miss
1156 http fetch GET 200 https://registry.npmjs.org/function-bind 1ms (cache hit)
1157 silly packumentCache full:https://registry.npmjs.org/function-bind set size:15733 disposed:false
1158 silly placeDep ROOT function-bind@1.1.2 OK for: hasown@2.0.2 want: ^1.1.2
1159 silly placeDep ROOT string_decoder@1.3.0 OK for: readable-stream@3.6.2 want: ^1.1.1
1160 silly placeDep ROOT util-deprecate@1.0.2 OK for: readable-stream@3.6.2 want: ^1.0.1
1161 silly fetch manifest safe-buffer@~5.2.0
1162 silly packumentCache full:https://registry.npmjs.org/safe-buffer cache-miss
1163 http fetch GET 200 https://registry.npmjs.org/safe-buffer 1ms (cache hit)
1164 silly packumentCache full:https://registry.npmjs.org/safe-buffer set size:41183 disposed:false
1165 silly placeDep ROOT path-parse@1.0.7 OK for: resolve@1.22.1 want: ^1.0.7
1166 silly placeDep ROOT supports-preserve-symlinks-flag@1.0.0 OK for: resolve@1.22.1 want: ^1.0.0
1167 silly placeDep ROOT onetime@5.1.2 OK for: restore-cursor@3.1.0 want: ^5.1.0
1168 silly placeDep node_modules/restore-cursor signal-exit@3.0.7 OK for: restore-cursor@3.1.0 want: ^3.0.2
1169 silly fetch manifest mimic-fn@^2.1.0
1170 silly packumentCache full:https://registry.npmjs.org/mimic-fn cache-miss
1171 http fetch GET 200 https://registry.npmjs.org/mimic-fn 1ms (cache hit)
1172 silly packumentCache full:https://registry.npmjs.org/mimic-fn set size:22257 disposed:false
1173 silly placeDep ROOT mimic-fn@2.1.0 OK for: onetime@5.1.2 want: ^2.1.0
1174 silly placeDep node_modules/rimraf glob@7.2.3 OK for: rimraf@3.0.2 want: ^7.1.3
1175 silly placeDep ROOT tslib@1.14.1 OK for: rxjs@6.6.7 want: ^1.9.0
1176 silly placeDep node_modules/semver lru-cache@6.0.0 OK for: semver@7.5.3 want: ^6.0.0
1177 silly placeDep ROOT shebang-regex@3.0.0 OK for: shebang-command@2.0.0 want: ^3.0.0
1178 silly placeDep ROOT @sigstore/bundle@1.1.0 OK for: sigstore@1.9.0 want: ^1.1.0
1179 silly placeDep ROOT @sigstore/protobuf-specs@0.2.1 OK for: sigstore@1.9.0 want: ^0.2.0
1180 silly placeDep ROOT @sigstore/sign@1.0.0 OK for: sigstore@1.9.0 want: ^1.0.0
1181 silly placeDep ROOT @sigstore/tuf@1.0.3 OK for: sigstore@1.9.0 want: ^1.0.3
1182 silly placeDep node_modules/sigstore make-fetch-happen@11.1.1 OK for: sigstore@1.9.0 want: ^11.0.1
1183 silly fetch manifest tuf-js@^1.1.7
1184 silly packumentCache full:https://registry.npmjs.org/tuf-js cache-miss
1185 http fetch GET 200 https://registry.npmjs.org/tuf-js 704ms (cache miss)
1186 silly packumentCache full:https://registry.npmjs.org/tuf-js set size:undefined disposed:false
1187 silly placeDep node_modules/@sigstore/sign make-fetch-happen@11.1.1 OK for: @sigstore/sign@1.0.0 want: ^11.0.1
1188 silly placeDep ROOT tuf-js@1.1.7 OK for: @sigstore/tuf@1.0.3 want: ^1.1.7
1189 silly fetch manifest @tufjs/models@1.0.4
1190 silly packumentCache full:https://registry.npmjs.org/@tufjs%2fmodels cache-miss
1191 silly fetch manifest make-fetch-happen@^11.1.1
1192 silly packumentCache full:https://registry.npmjs.org/make-fetch-happen cache-hit
1193 http fetch GET 200 https://registry.npmjs.org/@tufjs%2fmodels 635ms (cache miss)
1194 silly packumentCache full:https://registry.npmjs.org/@tufjs%2fmodels set size:undefined disposed:false
1195 silly placeDep ROOT socks@2.8.7 OK for: socks-proxy-agent@7.0.0 want: ^2.6.2
1196 silly fetch manifest ip-address@^10.0.1
1197 silly packumentCache full:https://registry.npmjs.org/ip-address cache-miss
1198 silly fetch manifest smart-buffer@^4.2.0
1199 silly packumentCache full:https://registry.npmjs.org/smart-buffer cache-miss
1200 http fetch GET 200 https://registry.npmjs.org/smart-buffer 2ms (cache hit)
1201 silly packumentCache full:https://registry.npmjs.org/smart-buffer set size:87065 disposed:false
1202 http fetch GET 200 https://registry.npmjs.org/ip-address 3ms (cache hit)
1203 silly packumentCache full:https://registry.npmjs.org/ip-address set size:135050 disposed:false
1204 silly placeDep ROOT ip-address@10.1.0 OK for: socks@2.8.7 want: ^10.0.1
1205 silly placeDep ROOT smart-buffer@4.2.0 OK for: socks@2.8.7 want: ^4.2.0
1206 silly placeDep node_modules/ssri minipass@7.1.2 OK for: ssri@10.0.6 want: ^7.0.3
1207 silly placeDep ROOT safe-buffer@5.2.1 OK for: string_decoder@1.3.0 want: ~5.2.0
1208 silly placeDep ROOT emoji-regex@8.0.0 OK for: string-width@4.2.3 want: ^8.0.0
1209 silly placeDep ROOT is-fullwidth-code-point@3.0.0 OK for: string-width@4.2.3 want: ^3.0.0
1210 silly placeDep ROOT ansi-regex@5.0.1 OK for: strip-ansi@6.0.1 want: ^5.0.1
1211 silly placeDep ROOT has-flag@4.0.0 OK for: supports-color@7.2.0 want: ^4.0.0
1212 silly placeDep ROOT chownr@2.0.0 OK for: tar@6.2.1 want: ^2.0.0
1213 silly placeDep node_modules/tar fs-minipass@2.1.0 OK for: tar@6.2.1 want: ^2.0.0
1214 silly placeDep node_modules/tar minipass@5.0.0 OK for: tar@6.2.1 want: ^5.0.0
1215 silly placeDep ROOT mkdirp@1.0.4 OK for: tar@6.2.1 want: ^1.0.3
1216 silly placeDep ROOT os-tmpdir@1.0.2 OK for: tmp@0.0.33 want: ~1.0.2
1217 silly placeDep ROOT @tufjs/models@1.0.4 OK for: tuf-js@1.1.7 want: 1.0.4
1218 silly placeDep node_modules/tuf-js make-fetch-happen@11.1.1 OK for: tuf-js@1.1.7 want: ^11.1.1
1219 silly fetch manifest @tufjs/canonical-json@1.0.0
1220 silly packumentCache full:https://registry.npmjs.org/@tufjs%2fcanonical-json cache-miss
1221 http fetch GET 200 https://registry.npmjs.org/@tufjs%2fcanonical-json 567ms (cache miss)
1222 silly packumentCache full:https://registry.npmjs.org/@tufjs%2fcanonical-json set size:undefined disposed:false
1223 silly placeDep ROOT @tufjs/canonical-json@1.0.0 OK for: @tufjs/models@1.0.4 want: 1.0.0
1224 silly placeDep ROOT unique-slug@4.0.0 OK for: unique-filename@3.0.0 want: ^4.0.0
1225 silly fetch manifest imurmurhash@^0.1.4
1226 silly packumentCache full:https://registry.npmjs.org/imurmurhash cache-miss
1227 http fetch GET 200 https://registry.npmjs.org/imurmurhash 1ms (cache hit)
1228 silly packumentCache full:https://registry.npmjs.org/imurmurhash set size:35819 disposed:false
1229 silly placeDep ROOT imurmurhash@0.1.4 OK for: unique-slug@4.0.0 want: ^0.1.4
1230 silly placeDep ROOT punycode@2.3.1 OK for: uri-js@4.4.1 want: ^2.1.0
1231 silly placeDep ROOT spdx-correct@3.2.0 OK for: validate-npm-package-license@3.0.4 want: ^3.0.0
1232 silly placeDep ROOT spdx-expression-parse@3.0.1 OK for: validate-npm-package-license@3.0.4 want: ^3.0.0
1233 silly fetch manifest spdx-license-ids@^3.0.0
1234 silly packumentCache full:https://registry.npmjs.org/spdx-license-ids cache-miss
1235 silly fetch manifest spdx-exceptions@^2.1.0
1236 silly packumentCache full:https://registry.npmjs.org/spdx-exceptions cache-miss
1237 silly fetch manifest spdx-license-ids@^3.0.0
1238 silly packumentCache full:https://registry.npmjs.org/spdx-license-ids cache-miss
1239 http fetch GET 200 https://registry.npmjs.org/spdx-license-ids 3ms (cache hit)
1240 silly packumentCache full:https://registry.npmjs.org/spdx-license-ids set size:79959 disposed:false
1241 http fetch GET 200 https://registry.npmjs.org/spdx-license-ids 4ms (cache hit)
1242 silly packumentCache full:https://registry.npmjs.org/spdx-license-ids set size:79959 disposed:false
1243 silly packumentCache full:https://registry.npmjs.org/spdx-license-ids dispose
1244 http fetch GET 200 https://registry.npmjs.org/spdx-exceptions 4ms (cache hit)
1245 silly packumentCache full:https://registry.npmjs.org/spdx-exceptions set size:21227 disposed:false
1246 silly placeDep ROOT spdx-license-ids@3.0.22 OK for: spdx-correct@3.2.0 want: ^3.0.0
1247 silly placeDep ROOT spdx-exceptions@2.5.0 OK for: spdx-expression-parse@3.0.1 want: ^2.1.0
1248 silly placeDep ROOT defaults@1.0.4 OK for: wcwidth@1.0.1 want: ^1.0.3
1249 silly fetch manifest clone@^1.0.2
1250 silly packumentCache full:https://registry.npmjs.org/clone cache-miss
1251 http fetch GET 200 https://registry.npmjs.org/clone 2ms (cache hit)
1252 silly packumentCache full:https://registry.npmjs.org/clone set size:82973 disposed:false
1253 silly placeDep ROOT clone@1.0.4 OK for: defaults@1.0.4 want: ^1.0.2
1254 silly placeDep ROOT isexe@2.0.0 OK for: which@3.0.1 want: ^2.0.0
1255 silly placeDep ROOT cliui@8.0.1 OK for: yargs@17.6.2 want: ^8.0.1
1256 silly placeDep ROOT escalade@3.2.0 OK for: yargs@17.6.2 want: ^3.1.1
1257 silly placeDep ROOT get-caller-file@2.0.5 OK for: yargs@17.6.2 want: ^2.0.5
1258 silly placeDep ROOT require-directory@2.1.1 OK for: yargs@17.6.2 want: ^2.1.1
1259 silly placeDep ROOT y18n@5.0.8 OK for: yargs@17.6.2 want: ^5.0.5
1260 silly placeDep ROOT yargs-parser@21.1.1 OK for: yargs@17.6.2 want: ^21.1.1
1261 silly placeDep ROOT eastasianwidth@0.2.0 OK for: string-width@5.1.2 want: ^0.2.0
1262 silly placeDep node_modules/@isaacs/cliui emoji-regex@9.2.2 OK for: string-width@5.1.2 want: ^9.2.2
1263 silly placeDep node_modules/@isaacs/cliui ansi-regex@6.2.2 OK for: strip-ansi@7.1.2 want: ^6.0.1
1264 silly placeDep node_modules/@isaacs/cliui ansi-styles@6.2.3 OK for: wrap-ansi@8.1.0 want: ^6.1.0
1265 silly placeDep node_modules/@sigstore/sign minipass@5.0.0 OK for: make-fetch-happen@11.1.1 want: ^5.0.0
1266 silly placeDep node_modules/@sigstore/sign minipass-fetch@3.0.5 OK for: make-fetch-happen@11.1.1 want: ^3.0.0
1267 silly placeDep node_modules/@sigstore/sign/node_modules/minipass-fetch minipass@7.1.2 OK for: minipass-fetch@3.0.5 want: ^7.0.3
1268 silly placeDep node_modules/inquirer tslib@2.8.1 OK for: rxjs@7.8.2 want: ^2.1.0
1269 silly placeDep node_modules/make-fetch-happen @npmcli/fs@2.1.2 OK for: cacache@16.1.3 want: ^2.1.0
1270 silly placeDep ROOT @npmcli/move-file@2.0.1 OK for: cacache@16.1.3 want: ^2.0.0
1271 silly placeDep node_modules/make-fetch-happen fs-minipass@2.1.0 OK for: cacache@16.1.3 want: ^2.1.0
1272 silly placeDep node_modules/make-fetch-happen glob@8.1.0 OK for: cacache@16.1.3 want: ^8.0.1
1273 silly placeDep ROOT infer-owner@1.0.4 OK for: cacache@16.1.3 want: ^1.0.4
1274 silly placeDep node_modules/make-fetch-happen unique-filename@2.0.1 OK for: cacache@16.1.3 want: ^2.0.0
1275 silly fetch manifest @gar/promisify@^1.1.3
1276 silly packumentCache full:https://registry.npmjs.org/@gar%2fpromisify cache-miss
1277 silly fetch manifest minimatch@^5.0.1
1278 silly packumentCache full:https://registry.npmjs.org/minimatch cache-hit
1279 silly fetch manifest unique-slug@^3.0.0
1280 silly packumentCache full:https://registry.npmjs.org/unique-slug cache-hit
1281 http fetch GET 200 https://registry.npmjs.org/@gar%2fpromisify 547ms (cache revalidated)
1282 silly packumentCache full:https://registry.npmjs.org/@gar%2fpromisify set size:17368 disposed:false
1283 silly placeDep ROOT @gar/promisify@1.1.3 OK for: @npmcli/fs@2.1.2 want: ^1.1.3
1284 silly placeDep ROOT fs.realpath@1.0.0 OK for: glob@8.1.0 want: ^1.0.0
1285 silly placeDep ROOT inflight@1.0.6 OK for: glob@8.1.0 want: ^1.0.4
1286 silly placeDep node_modules/make-fetch-happen minimatch@5.1.6 OK for: glob@8.1.0 want: ^5.0.1
1287 silly placeDep ROOT once@1.4.0 OK for: glob@8.1.0 want: ^1.3.0
1288 silly fetch manifest wrappy@1
1289 silly packumentCache full:https://registry.npmjs.org/wrappy cache-miss
1290 silly fetch manifest wrappy@1
1291 silly packumentCache full:https://registry.npmjs.org/wrappy cache-miss
1292 http fetch GET 200 https://registry.npmjs.org/wrappy 3ms (cache hit)
1293 silly packumentCache full:https://registry.npmjs.org/wrappy set size:7682 disposed:false
1294 http fetch GET 200 https://registry.npmjs.org/wrappy 3ms (cache hit)
1295 silly packumentCache full:https://registry.npmjs.org/wrappy set size:7682 disposed:false
1296 silly packumentCache full:https://registry.npmjs.org/wrappy dispose
1297 silly placeDep ROOT wrappy@1.0.2 OK for: inflight@1.0.6 want: 1
1298 silly placeDep node_modules/make-fetch-happen unique-slug@3.0.0 OK for: unique-filename@2.0.1 want: ^3.0.0
1299 silly placeDep node_modules/node-gyp minimatch@3.1.2 OK for: glob@7.2.3 want: ^3.1.1
1300 silly placeDep ROOT path-is-absolute@1.0.1 OK for: glob@7.2.3 want: ^1.0.0
1301 silly fetch manifest brace-expansion@^1.1.7
1302 silly packumentCache full:https://registry.npmjs.org/brace-expansion cache-hit
1303 silly placeDep node_modules/node-gyp brace-expansion@1.1.12 OK for: minimatch@3.1.2 want: ^1.1.7
1304 silly fetch manifest concat-map@0.0.1
1305 silly packumentCache full:https://registry.npmjs.org/concat-map cache-miss
1306 http fetch GET 200 https://registry.npmjs.org/concat-map 1ms (cache hit)
1307 silly packumentCache full:https://registry.npmjs.org/concat-map set size:9290 disposed:false
1308 silly placeDep ROOT concat-map@0.0.1 OK for: brace-expansion@1.1.12 want: 0.0.1
1309 silly placeDep node_modules/npm-registry-fetch/node_modules/minipass-fetch minipass@7.1.2 OK for: minipass-fetch@3.0.5 want: ^7.0.3
1310 silly placeDep node_modules/rimraf minimatch@3.1.2 OK for: glob@7.2.3 want: ^3.1.1
1311 silly placeDep node_modules/rimraf brace-expansion@1.1.12 OK for: minimatch@3.1.2 want: ^1.1.7
1312 silly placeDep node_modules/sigstore minipass@5.0.0 OK for: make-fetch-happen@11.1.1 want: ^5.0.0
1313 silly placeDep node_modules/sigstore minipass-fetch@3.0.5 OK for: make-fetch-happen@11.1.1 want: ^3.0.0
1314 silly placeDep node_modules/sigstore/node_modules/minipass-fetch minipass@7.1.2 OK for: minipass-fetch@3.0.5 want: ^7.0.3
1315 silly placeDep node_modules/tar/node_modules/fs-minipass minipass@3.3.6 OK for: fs-minipass@2.1.0 want: ^3.0.0
1316 silly placeDep node_modules/tuf-js minipass@5.0.0 OK for: make-fetch-happen@11.1.1 want: ^5.0.0
1317 silly placeDep node_modules/tuf-js minipass-fetch@3.0.5 OK for: make-fetch-happen@11.1.1 want: ^3.0.0
1318 silly placeDep node_modules/tuf-js/node_modules/minipass-fetch minipass@7.1.2 OK for: minipass-fetch@3.0.5 want: ^7.0.3
1319 silly reify moves {}
1320 silly audit bulk request {
1320 silly audit   '@angular/cli': [ '15.2.11' ],
1320 silly audit   '@angular-devkit/architect': [ '0.1502.11' ],
1320 silly audit   '@angular-devkit/core': [ '15.2.11' ],
1320 silly audit   '@angular-devkit/schematics': [ '15.2.11' ],
1320 silly audit   '@schematics/angular': [ '15.2.11' ],
1320 silly audit   '@yarnpkg/lockfile': [ '1.1.0' ],
1320 silly audit   'ansi-colors': [ '4.1.3' ],
1320 silly audit   ini: [ '3.0.1' ],
1320 silly audit   inquirer: [ '8.2.4' ],
1320 silly audit   'jsonc-parser': [ '3.2.0' ],
1320 silly audit   'npm-package-arg': [ '10.1.0' ],
1320 silly audit   'npm-pick-manifest': [ '8.0.1' ],
1320 silly audit   open: [ '8.4.1' ],
1320 silly audit   ora: [ '5.4.1' ],
1320 silly audit   pacote: [ '15.1.0' ],
1320 silly audit   resolve: [ '1.22.1' ],
1320 silly audit   semver: [ '7.5.3' ],
1320 silly audit   'symbol-observable': [ '4.0.0' ],
1320 silly audit   yargs: [ '17.6.2' ],
1320 silly audit   rxjs: [ '6.6.7', '7.8.2' ],
1320 silly audit   ajv: [ '8.12.0' ],
1320 silly audit   'ajv-formats': [ '2.1.1' ],
1320 silly audit   'source-map': [ '0.7.4' ],
1320 silly audit   'magic-string': [ '0.29.0' ],
1320 silly audit   'fast-deep-equal': [ '3.1.3' ],
1320 silly audit   'json-schema-traverse': [ '1.0.0' ],
1320 silly audit   'require-from-string': [ '2.0.2' ],
1320 silly audit   'uri-js': [ '4.4.1' ],
1320 silly audit   'ansi-escapes': [ '4.3.2' ],
1320 silly audit   chalk: [ '4.1.2' ],
1320 silly audit   'cli-cursor': [ '3.1.0' ],
1320 silly audit   'cli-width': [ '3.0.0' ],
1320 silly audit   'external-editor': [ '3.1.0' ],
1320 silly audit   figures: [ '3.2.0' ],
1320 silly audit   lodash: [ '4.17.21' ],
1320 silly audit   'mute-stream': [ '0.0.8' ],
1320 silly audit   'run-async': [ '2.4.1' ],
1320 silly audit   'string-width': [ '4.2.3', '5.1.2' ],
1320 silly audit   'strip-ansi': [ '6.0.1', '7.1.2' ],
1320 silly audit   through: [ '2.3.8' ],
1320 silly audit   'wrap-ansi': [ '7.0.0', '8.1.0' ],
1320 silly audit   'type-fest': [ '0.21.3' ],
1320 silly audit   'ansi-styles': [ '4.3.0', '6.2.3' ],
1320 silly audit   'supports-color': [ '7.2.0' ],
1320 silly audit   'color-convert': [ '2.0.1' ],
1320 silly audit   'restore-cursor': [ '3.1.0' ],
1320 silly audit   'color-name': [ '1.1.4' ],
1320 silly audit   chardet: [ '0.7.0' ],
1320 silly audit   'iconv-lite': [ '0.4.24', '0.6.3' ],
1320 silly audit   tmp: [ '0.0.33' ],
1320 silly audit   'escape-string-regexp': [ '1.0.5' ],
1320 silly audit   'safer-buffer': [ '2.1.2' ],
1320 silly audit   '@jridgewell/sourcemap-codec': [ '1.5.5' ],
1320 silly audit   'hosted-git-info': [ '6.1.3' ],
1320 silly audit   'proc-log': [ '3.0.0' ],
1320 silly audit   'validate-npm-package-name': [ '5.0.1' ],
1320 silly audit   'lru-cache': [ '7.18.3', '10.4.3', '6.0.0' ],
1320 silly audit   'npm-install-checks': [ '6.3.0' ],
1320 silly audit   'npm-normalize-package-bin': [ '3.0.1' ],
1320 silly audit   'define-lazy-prop': [ '2.0.0' ],
1320 silly audit   'is-docker': [ '2.2.1' ],
1320 silly audit   'is-wsl': [ '2.2.0' ],
1320 silly audit   bl: [ '4.1.0' ],
1320 silly audit   'cli-spinners': [ '2.9.2' ],
1320 silly audit   'is-interactive': [ '1.0.0' ],
1320 silly audit   'is-unicode-supported': [ '0.1.0' ],
1320 silly audit   'log-symbols': [ '4.1.0' ],
1320 silly audit   wcwidth: [ '1.0.1' ],
1320 silly audit   buffer: [ '5.7.1' ],
1320 silly audit   inherits: [ '2.0.4' ],
1320 silly audit   'readable-stream': [ '3.6.2' ],
1320 silly audit   'base64-js': [ '1.5.1' ],
1320 silly audit   ieee754: [ '1.2.1' ],
1320 silly audit   '@npmcli/git': [ '4.1.0' ],
1320 silly audit   '@npmcli/installed-package-contents': [ '2.1.0' ],
1320 silly audit   '@npmcli/promise-spawn': [ '6.0.2' ],
1320 silly audit   '@npmcli/run-script': [ '6.0.2' ],
1320 silly audit   cacache: [ '17.1.4', '16.1.3' ],
1320 silly audit   'fs-minipass': [ '3.0.3', '2.1.0' ],
1320 silly audit   minipass: [ '4.2.8', '7.1.2', '3.3.6', '5.0.0' ],
1320 silly audit   'npm-packlist': [ '7.0.4' ],
1320 silly audit   'npm-registry-fetch': [ '14.0.5' ],
1320 silly audit   'promise-retry': [ '2.0.1' ],
1320 silly audit   'read-package-json': [ '6.0.4' ],
1320 silly audit   'read-package-json-fast': [ '3.0.2' ],
1320 silly audit   sigstore: [ '1.9.0' ],
1320 silly audit   ssri: [ '10.0.6', '9.0.1' ],
1320 silly audit   tar: [ '6.2.1' ],
1320 silly audit   'promise-inflight': [ '1.0.1' ],
1320 silly audit   which: [ '3.0.1', '2.0.2' ],
1320 silly audit   'npm-bundled': [ '3.0.1' ],
1320 silly audit   '@npmcli/node-gyp': [ '3.0.0' ],
1320 silly audit   'node-gyp': [ '9.4.1' ],
1320 silly audit   '@npmcli/fs': [ '3.1.1', '2.1.2' ],
1320 silly audit   glob: [ '10.5.0', '7.2.3', '8.1.0' ],
1320 silly audit   'minipass-collect': [ '1.0.2' ],
1320 silly audit   'minipass-flush': [ '1.0.5' ],
1320 silly audit   'minipass-pipeline': [ '1.2.4' ],
1320 silly audit   'p-map': [ '4.0.0' ],
1320 silly audit   'unique-filename': [ '3.0.0', '2.0.1' ],
1320 silly audit   'foreground-child': [ '3.3.1' ],
1320 silly audit   jackspeak: [ '3.4.3' ],
1320 silly audit   minimatch: [ '9.0.5', '5.1.6', '3.1.2' ],
1320 silly audit   'package-json-from-dist': [ '1.0.1' ],
1320 silly audit   'path-scurry': [ '1.11.1' ],
1320 silly audit   'cross-spawn': [ '7.0.6' ],
1320 silly audit   'signal-exit': [ '4.1.0', '3.0.7' ],
1320 silly audit   'path-key': [ '3.1.1' ],
1320 silly audit   'shebang-command': [ '2.0.0' ],
1320 silly audit   '@isaacs/cliui': [ '8.0.2' ],
1320 silly audit   '@pkgjs/parseargs': [ '0.11.0' ],
1320 silly audit   'brace-expansion': [ '2.0.2', '1.1.12' ],
1320 silly audit   'balanced-match': [ '1.0.2' ],
1320 silly audit   'env-paths': [ '2.2.1' ],
1320 silly audit   'exponential-backoff': [ '3.1.3' ],
1320 silly audit   'graceful-fs': [ '4.2.11' ],
1320 silly audit   'make-fetch-happen': [ '10.2.1', '11.1.1' ],
1320 silly audit   nopt: [ '6.0.0' ],
1320 silly audit   npmlog: [ '6.0.2' ],
1320 silly audit   rimraf: [ '3.0.2' ],
1320 silly audit   agentkeepalive: [ '4.6.0' ],
1320 silly audit   'http-cache-semantics': [ '4.2.0' ],
1320 silly audit   'http-proxy-agent': [ '5.0.0' ],
1320 silly audit   'https-proxy-agent': [ '5.0.1' ],
1320 silly audit   'is-lambda': [ '1.0.1' ],
1320 silly audit   'minipass-fetch': [ '2.1.2', '3.0.5' ],
1320 silly audit   negotiator: [ '0.6.4' ],
1320 silly audit   'socks-proxy-agent': [ '7.0.0' ],
1320 silly audit   'humanize-ms': [ '1.2.1' ],
1320 silly audit   '@tootallnate/once': [ '2.0.0' ],
1320 silly audit   'agent-base': [ '6.0.2' ],
1320 silly audit   debug: [ '4.4.3' ],
1320 silly audit   ms: [ '2.1.3' ],
1320 silly audit   encoding: [ '0.1.13' ],
1320 silly audit   'minipass-sized': [ '1.0.3' ],
1320 silly audit   minizlib: [ '2.1.2' ],
1320 silly audit   yallist: [ '4.0.0' ],
1320 silly audit   abbrev: [ '1.1.1' ],
1320 silly audit   'ignore-walk': [ '6.0.5' ],
1320 silly audit   'minipass-json-stream': [ '1.0.2' ],
1320 silly audit   jsonparse: [ '1.3.1' ],
1320 silly audit   'are-we-there-yet': [ '3.0.1' ],
1320 silly audit   'console-control-strings': [ '1.1.0' ],
1320 silly audit   gauge: [ '4.0.4' ],
1320 silly audit   'set-blocking': [ '2.0.0' ],
1320 silly audit   delegates: [ '1.0.0' ],
1320 silly audit   aproba: [ '2.1.0' ],
1320 silly audit   'color-support': [ '1.1.3' ],
1320 silly audit   'has-unicode': [ '2.0.1' ],
1320 silly audit   'wide-align': [ '1.1.5' ],
1320 silly audit   'aggregate-error': [ '3.1.0' ],
1320 silly audit   'clean-stack': [ '2.2.0' ],
1320 silly audit   'indent-string': [ '4.0.0' ],
1320 silly audit   'err-code': [ '2.0.3' ],
1320 silly audit   retry: [ '0.12.0' ],
1320 silly audit   'json-parse-even-better-errors': [ '3.0.2' ],
1320 silly audit   'normalize-package-data': [ '5.0.0' ],
1320 silly audit   'is-core-module': [ '2.16.1' ],
1320 silly audit   'validate-npm-package-license': [ '3.0.4' ],
1320 silly audit   hasown: [ '2.0.2' ],
1320 silly audit   'function-bind': [ '1.1.2' ],
1320 silly audit   string_decoder: [ '1.3.0' ],
1320 silly audit   'util-deprecate': [ '1.0.2' ],
1320 silly audit   'path-parse': [ '1.0.7' ],
1320 silly audit   'supports-preserve-symlinks-flag': [ '1.0.0' ],
1320 silly audit   onetime: [ '5.1.2' ],
1320 silly audit   'mimic-fn': [ '2.1.0' ],
1320 silly audit   tslib: [ '1.14.1', '2.8.1' ],
1320 silly audit   'shebang-regex': [ '3.0.0' ],
1320 silly audit   '@sigstore/bundle': [ '1.1.0' ],
1320 silly audit   '@sigstore/protobuf-specs': [ '0.2.1' ],
1320 silly audit   '@sigstore/sign': [ '1.0.0' ],
1320 silly audit   '@sigstore/tuf': [ '1.0.3' ],
1320 silly audit   'tuf-js': [ '1.1.7' ],
1320 silly audit   socks: [ '2.8.7' ],
1320 silly audit   'ip-address': [ '10.1.0' ],
1320 silly audit   'smart-buffer': [ '4.2.0' ],
1320 silly audit   'safe-buffer': [ '5.2.1' ],
1320 silly audit   'emoji-regex': [ '8.0.0', '9.2.2' ],
1320 silly audit   'is-fullwidth-code-point': [ '3.0.0' ],
1320 silly audit   'ansi-regex': [ '5.0.1', '6.2.2' ],
1320 silly audit   'has-flag': [ '4.0.0' ],
1320 silly audit   chownr: [ '2.0.0' ],
1320 silly audit   mkdirp: [ '1.0.4' ],
1320 silly audit   'os-tmpdir': [ '1.0.2' ],
1320 silly audit   '@tufjs/models': [ '1.0.4' ],
1320 silly audit   '@tufjs/canonical-json': [ '1.0.0' ],
1320 silly audit   'unique-slug': [ '4.0.0', '3.0.0' ],
1320 silly audit   imurmurhash: [ '0.1.4' ],
1320 silly audit   punycode: [ '2.3.1' ],
1320 silly audit   'spdx-correct': [ '3.2.0' ],
1320 silly audit   'spdx-expression-parse': [ '3.0.1' ],
1320 silly audit   'spdx-license-ids': [ '3.0.22' ],
1320 silly audit   'spdx-exceptions': [ '2.5.0' ],
1320 silly audit   defaults: [ '1.0.4' ],
1320 silly audit   clone: [ '1.0.4' ],
1320 silly audit   isexe: [ '2.0.0' ],
1320 silly audit   cliui: [ '8.0.1' ],
1320 silly audit   escalade: [ '3.2.0' ],
1320 silly audit   'get-caller-file': [ '2.0.5' ],
1320 silly audit   'require-directory': [ '2.1.1' ],
1320 silly audit   y18n: [ '5.0.8' ],
1320 silly audit   'yargs-parser': [ '21.1.1' ],
1320 silly audit   eastasianwidth: [ '0.2.0' ],
1320 silly audit   '@npmcli/move-file': [ '2.0.1' ],
1320 silly audit   'infer-owner': [ '1.0.4' ],
1320 silly audit   '@gar/promisify': [ '1.1.3' ],
1320 silly audit   'fs.realpath': [ '1.0.0' ],
1320 silly audit   inflight: [ '1.0.6' ],
1320 silly audit   once: [ '1.4.0' ],
1320 silly audit   wrappy: [ '1.0.2' ],
1320 silly audit   'path-is-absolute': [ '1.0.1' ],
1320 silly audit   'concat-map': [ '0.0.1' ]
1320 silly audit }
1321 silly tarball no local data for eastasianwidth@https://registry.npmjs.org/eastasianwidth/-/eastasianwidth-0.2.0.tgz. Extracting by manifest.
1322 silly tarball no local data for cliui@https://registry.npmjs.org/cliui/-/cliui-8.0.1.tgz. Extracting by manifest.
1323 silly tarball no local data for @tufjs/canonical-json@https://registry.npmjs.org/@tufjs/canonical-json/-/canonical-json-1.0.0.tgz. Extracting by manifest.
1324 silly tarball no local data for @tufjs/models@https://registry.npmjs.org/@tufjs/models/-/models-1.0.4.tgz. Extracting by manifest.
1325 silly tarball no local data for unique-slug@https://registry.npmjs.org/unique-slug/-/unique-slug-4.0.0.tgz. Extracting by manifest.
1326 silly tarball no local data for @sigstore/tuf@https://registry.npmjs.org/@sigstore/tuf/-/tuf-1.0.3.tgz. Extracting by manifest.
1327 silly tarball no local data for @sigstore/sign@https://registry.npmjs.org/@sigstore/sign/-/sign-1.0.0.tgz. Extracting by manifest.
1328 silly tarball no local data for tuf-js@https://registry.npmjs.org/tuf-js/-/tuf-js-1.1.7.tgz. Extracting by manifest.
1329 silly tarball no local data for @sigstore/protobuf-specs@https://registry.npmjs.org/@sigstore/protobuf-specs/-/protobuf-specs-0.2.1.tgz. Extracting by manifest.
1330 silly tarball no local data for @sigstore/bundle@https://registry.npmjs.org/@sigstore/bundle/-/bundle-1.1.0.tgz. Extracting by manifest.
1331 silly tarball no local data for json-parse-even-better-errors@https://registry.npmjs.org/json-parse-even-better-errors/-/json-parse-even-better-errors-3.0.2.tgz. Extracting by manifest.
1332 silly tarball no local data for normalize-package-data@https://registry.npmjs.org/normalize-package-data/-/normalize-package-data-5.0.0.tgz. Extracting by manifest.
1333 silly tarball no local data for ignore-walk@https://registry.npmjs.org/ignore-walk/-/ignore-walk-6.0.5.tgz. Extracting by manifest.
1334 silly tarball no local data for @pkgjs/parseargs@https://registry.npmjs.org/@pkgjs/parseargs/-/parseargs-0.11.0.tgz. Extracting by manifest.
1335 silly tarball no local data for @isaacs/cliui@https://registry.npmjs.org/@isaacs/cliui/-/cliui-8.0.2.tgz. Extracting by manifest.
1336 silly tarball no local data for signal-exit@https://registry.npmjs.org/signal-exit/-/signal-exit-4.1.0.tgz. Extracting by manifest.
1337 silly tarball no local data for path-scurry@https://registry.npmjs.org/path-scurry/-/path-scurry-1.11.1.tgz. Extracting by manifest.
1338 silly tarball no local data for minimatch@https://registry.npmjs.org/minimatch/-/minimatch-9.0.5.tgz. Extracting by manifest.
1339 silly tarball no local data for unique-filename@https://registry.npmjs.org/unique-filename/-/unique-filename-3.0.0.tgz. Extracting by manifest.
1340 silly tarball no local data for glob@https://registry.npmjs.org/glob/-/glob-10.5.0.tgz. Extracting by manifest.
1341 silly tarball no local data for @npmcli/fs@https://registry.npmjs.org/@npmcli/fs/-/fs-3.1.1.tgz. Extracting by manifest.
1342 silly tarball no local data for foreground-child@https://registry.npmjs.org/foreground-child/-/foreground-child-3.3.1.tgz. Extracting by manifest.
1343 silly tarball no local data for package-json-from-dist@https://registry.npmjs.org/package-json-from-dist/-/package-json-from-dist-1.0.1.tgz. Extracting by manifest.
1344 silly tarball no local data for jackspeak@https://registry.npmjs.org/jackspeak/-/jackspeak-3.4.3.tgz. Extracting by manifest.
1345 silly tarball no local data for @npmcli/node-gyp@https://registry.npmjs.org/@npmcli/node-gyp/-/node-gyp-3.0.0.tgz. Extracting by manifest.
1346 silly tarball no local data for which@https://registry.npmjs.org/which/-/which-3.0.1.tgz. Extracting by manifest.
1347 silly tarball no local data for ssri@https://registry.npmjs.org/ssri/-/ssri-10.0.6.tgz. Extracting by manifest.
1348 silly tarball no local data for sigstore@https://registry.npmjs.org/sigstore/-/sigstore-1.9.0.tgz. Extracting by manifest.
1349 silly tarball no local data for read-package-json-fast@https://registry.npmjs.org/read-package-json-fast/-/read-package-json-fast-3.0.2.tgz. Extracting by manifest.
1350 silly tarball no local data for read-package-json@https://registry.npmjs.org/read-package-json/-/read-package-json-6.0.4.tgz. Extracting by manifest.
1351 silly tarball no local data for npm-packlist@https://registry.npmjs.org/npm-packlist/-/npm-packlist-7.0.4.tgz. Extracting by manifest.
1352 silly tarball no local data for minipass@https://registry.npmjs.org/minipass/-/minipass-4.2.8.tgz. Extracting by manifest.
1353 silly tarball no local data for fs-minipass@https://registry.npmjs.org/fs-minipass/-/fs-minipass-3.0.3.tgz. Extracting by manifest.
1354 silly tarball no local data for npm-registry-fetch@https://registry.npmjs.org/npm-registry-fetch/-/npm-registry-fetch-14.0.5.tgz. Extracting by manifest.
1355 silly tarball no local data for @npmcli/run-script@https://registry.npmjs.org/@npmcli/run-script/-/run-script-6.0.2.tgz. Extracting by manifest.
1356 silly tarball no local data for @npmcli/installed-package-contents@https://registry.npmjs.org/@npmcli/installed-package-contents/-/installed-package-contents-2.1.0.tgz. Extracting by manifest.
1357 silly tarball no local data for cacache@https://registry.npmjs.org/cacache/-/cacache-17.1.4.tgz. Extracting by manifest.
1358 silly tarball no local data for @npmcli/git@https://registry.npmjs.org/@npmcli/git/-/git-4.1.0.tgz. Extracting by manifest.
1359 silly tarball no local data for npm-normalize-package-bin@https://registry.npmjs.org/npm-normalize-package-bin/-/npm-normalize-package-bin-3.0.1.tgz. Extracting by manifest.
1360 silly tarball no local data for @npmcli/promise-spawn@https://registry.npmjs.org/@npmcli/promise-spawn/-/promise-spawn-6.0.2.tgz. Extracting by manifest.
1361 silly tarball no local data for validate-npm-package-name@https://registry.npmjs.org/validate-npm-package-name/-/validate-npm-package-name-5.0.1.tgz. Extracting by manifest.
1362 silly tarball no local data for hosted-git-info@https://registry.npmjs.org/hosted-git-info/-/hosted-git-info-6.1.3.tgz. Extracting by manifest.
1363 silly tarball no local data for npm-install-checks@https://registry.npmjs.org/npm-install-checks/-/npm-install-checks-6.3.0.tgz. Extracting by manifest.
1364 silly tarball no local data for npm-bundled@https://registry.npmjs.org/npm-bundled/-/npm-bundled-3.0.1.tgz. Extracting by manifest.
1365 silly tarball no local data for proc-log@https://registry.npmjs.org/proc-log/-/proc-log-3.0.0.tgz. Extracting by manifest.
1366 silly tarball no local data for magic-string@https://registry.npmjs.org/magic-string/-/magic-string-0.29.0.tgz. Extracting by manifest.
1367 silly tarball no local data for yargs@https://registry.npmjs.org/yargs/-/yargs-17.6.2.tgz. Extracting by manifest.
1368 silly tarball no local data for open@https://registry.npmjs.org/open/-/open-8.4.1.tgz. Extracting by manifest.
1369 silly tarball no local data for ajv@https://registry.npmjs.org/ajv/-/ajv-8.12.0.tgz. Extracting by manifest.
1370 silly tarball no local data for jsonc-parser@https://registry.npmjs.org/jsonc-parser/-/jsonc-parser-3.2.0.tgz. Extracting by manifest.
1371 silly tarball no local data for ini@https://registry.npmjs.org/ini/-/ini-3.0.1.tgz. Extracting by manifest.
1372 silly tarball no local data for pacote@https://registry.npmjs.org/pacote/-/pacote-15.1.0.tgz. Extracting by manifest.
1373 silly tarball no local data for @angular-devkit/schematics@https://registry.npmjs.org/@angular-devkit/schematics/-/schematics-15.2.11.tgz. Extracting by manifest.
1374 silly tarball no local data for npm-package-arg@https://registry.npmjs.org/npm-package-arg/-/npm-package-arg-10.1.0.tgz. Extracting by manifest.
1375 silly tarball no local data for npm-pick-manifest@https://registry.npmjs.org/npm-pick-manifest/-/npm-pick-manifest-8.0.1.tgz. Extracting by manifest.
1376 silly tarball no local data for @angular-devkit/core@https://registry.npmjs.org/@angular-devkit/core/-/core-15.2.11.tgz. Extracting by manifest.
1377 silly tarball no local data for @angular-devkit/architect@https://registry.npmjs.org/@angular-devkit/architect/-/architect-0.1502.11.tgz. Extracting by manifest.
1378 silly tarball no local data for @angular/cli@https://registry.npmjs.org/@angular/cli/-/cli-15.2.11.tgz. Extracting by manifest.
1379 silly tarball no local data for @schematics/angular@https://registry.npmjs.org/@schematics/angular/-/angular-15.2.11.tgz. Extracting by manifest.
1380 silly tarball no local data for minipass@https://registry.npmjs.org/minipass/-/minipass-7.1.2.tgz. Extracting by manifest.
1381 silly tarball no local data for minipass@https://registry.npmjs.org/minipass/-/minipass-7.1.2.tgz. Extracting by manifest.
1382 silly tarball no local data for minipass-fetch@https://registry.npmjs.org/minipass-fetch/-/minipass-fetch-3.0.5.tgz. Extracting by manifest.
1383 silly tarball no local data for minipass-fetch@https://registry.npmjs.org/minipass-fetch/-/minipass-fetch-3.0.5.tgz. Extracting by manifest.
1384 silly tarball no local data for make-fetch-happen@https://registry.npmjs.org/make-fetch-happen/-/make-fetch-happen-11.1.1.tgz. Extracting by manifest.
1385 silly tarball no local data for make-fetch-happen@https://registry.npmjs.org/make-fetch-happen/-/make-fetch-happen-11.1.1.tgz. Extracting by manifest.
1386 silly tarball no local data for strip-ansi@https://registry.npmjs.org/strip-ansi/-/strip-ansi-7.1.2.tgz. Extracting by manifest.
1387 silly tarball no local data for ansi-regex@https://registry.npmjs.org/ansi-regex/-/ansi-regex-6.2.2.tgz. Extracting by manifest.
1388 silly tarball no local data for ansi-styles@https://registry.npmjs.org/ansi-styles/-/ansi-styles-6.2.3.tgz. Extracting by manifest.
1389 silly tarball no local data for emoji-regex@https://registry.npmjs.org/emoji-regex/-/emoji-regex-9.2.2.tgz. Extracting by manifest.
1390 silly tarball no local data for minipass@https://registry.npmjs.org/minipass/-/minipass-7.1.2.tgz. Extracting by manifest.
1391 silly tarball no local data for lru-cache@https://registry.npmjs.org/lru-cache/-/lru-cache-10.4.3.tgz. Extracting by manifest.
1392 silly tarball no local data for minipass@https://registry.npmjs.org/minipass/-/minipass-7.1.2.tgz. Extracting by manifest.
1393 silly tarball no local data for wrap-ansi@https://registry.npmjs.org/wrap-ansi/-/wrap-ansi-8.1.0.tgz. Extracting by manifest.
1394 silly tarball no local data for string-width@https://registry.npmjs.org/string-width/-/string-width-5.1.2.tgz. Extracting by manifest.
1395 silly tarball no local data for minipass@https://registry.npmjs.org/minipass/-/minipass-7.1.2.tgz. Extracting by manifest.
1396 silly tarball no local data for minipass-fetch@https://registry.npmjs.org/minipass-fetch/-/minipass-fetch-3.0.5.tgz. Extracting by manifest.
1397 silly tarball no local data for minipass@https://registry.npmjs.org/minipass/-/minipass-7.1.2.tgz. Extracting by manifest.
1398 silly tarball no local data for make-fetch-happen@https://registry.npmjs.org/make-fetch-happen/-/make-fetch-happen-11.1.1.tgz. Extracting by manifest.
1399 silly tarball no local data for minipass-fetch@https://registry.npmjs.org/minipass-fetch/-/minipass-fetch-3.0.5.tgz. Extracting by manifest.
1400 silly tarball no local data for make-fetch-happen@https://registry.npmjs.org/make-fetch-happen/-/make-fetch-happen-11.1.1.tgz. Extracting by manifest.
1401 silly tarball no local data for minipass@https://registry.npmjs.org/minipass/-/minipass-7.1.2.tgz. Extracting by manifest.
1402 silly tarball no local data for minipass@https://registry.npmjs.org/minipass/-/minipass-7.1.2.tgz. Extracting by manifest.
1403 silly tarball no local data for minipass@https://registry.npmjs.org/minipass/-/minipass-7.1.2.tgz. Extracting by manifest.
1404 warn deprecated inflight@1.0.6: This module is not supported, and leaks memory. Do not use it. Check out lru-cache if you want a good and tested way to coalesce async requests by a key value, which is much more comprehensive and powerful.
1405 warn deprecated @npmcli/move-file@2.0.1: This functionality has been moved to @npmcli/fs
1406 warn deprecated npmlog@6.0.2: This package is no longer supported.
1407 warn deprecated rimraf@3.0.2: Rimraf versions prior to v4 are no longer supported
1408 warn deprecated are-we-there-yet@3.0.1: This package is no longer supported.
1409 warn deprecated glob@7.2.3: Glob versions prior to v9 are no longer supported
1410 warn deprecated glob@8.1.0: Glob versions prior to v9 are no longer supported
1411 warn deprecated glob@7.2.3: Glob versions prior to v9 are no longer supported
1412 http fetch GET 200 https://registry.npmjs.org/unique-slug/-/unique-slug-4.0.0.tgz 238ms (cache miss)
1413 http fetch GET 200 https://registry.npmjs.org/eastasianwidth/-/eastasianwidth-0.2.0.tgz 242ms (cache miss)
1414 http fetch GET 200 https://registry.npmjs.org/cliui/-/cliui-8.0.1.tgz 252ms (cache miss)
1415 http fetch GET 200 https://registry.npmjs.org/unique-filename/-/unique-filename-3.0.0.tgz 248ms (cache miss)
1416 http fetch GET 200 https://registry.npmjs.org/json-parse-even-better-errors/-/json-parse-even-better-errors-3.0.2.tgz 252ms (cache miss)
1417 warn deprecated gauge@4.0.4: This package is no longer supported.
1418 http fetch GET 200 https://registry.npmjs.org/ignore-walk/-/ignore-walk-6.0.5.tgz 260ms (cache miss)
1419 http fetch GET 200 https://registry.npmjs.org/tuf-js/-/tuf-js-1.1.7.tgz 273ms (cache miss)
1420 http fetch GET 200 https://registry.npmjs.org/which/-/which-3.0.1.tgz 273ms (cache miss)
1421 http fetch GET 200 https://registry.npmjs.org/normalize-package-data/-/normalize-package-data-5.0.0.tgz 283ms (cache miss)
1422 http fetch GET 200 https://registry.npmjs.org/package-json-from-dist/-/package-json-from-dist-1.0.1.tgz 291ms (cache miss)
1423 http fetch GET 200 https://registry.npmjs.org/read-package-json-fast/-/read-package-json-fast-3.0.2.tgz 290ms (cache miss)
1424 warn deprecated tar@6.2.1: Old versions of tar are not supported, and contain widely publicized security vulnerabilities, which have been fixed in the current version. Please update. Support for old versions may be purchased (at exhorbitant rates) by contacting i@izs.me
1425 http fetch GET 200 https://registry.npmjs.org/read-package-json/-/read-package-json-6.0.4.tgz 295ms (cache miss)
1426 warn deprecated read-package-json@6.0.4: This package is no longer supported. Please use @npmcli/package-json instead.
1427 http fetch GET 200 https://registry.npmjs.org/@tufjs/canonical-json/-/canonical-json-1.0.0.tgz 303ms (cache miss)
1428 http fetch GET 200 https://registry.npmjs.org/ssri/-/ssri-10.0.6.tgz 300ms (cache miss)
1429 http fetch GET 200 https://registry.npmjs.org/signal-exit/-/signal-exit-4.1.0.tgz 307ms (cache miss)
1430 http fetch GET 200 https://registry.npmjs.org/@sigstore/bundle/-/bundle-1.1.0.tgz 311ms (cache miss)
1431 http fetch GET 200 https://registry.npmjs.org/npm-packlist/-/npm-packlist-7.0.4.tgz 305ms (cache miss)
1432 http fetch GET 200 https://registry.npmjs.org/fs-minipass/-/fs-minipass-3.0.3.tgz 310ms (cache miss)
1433 http fetch GET 200 https://registry.npmjs.org/minipass/-/minipass-4.2.8.tgz 311ms (cache miss)
1434 http fetch GET 200 https://registry.npmjs.org/npm-normalize-package-bin/-/npm-normalize-package-bin-3.0.1.tgz 315ms (cache miss)
1435 http fetch GET 200 https://registry.npmjs.org/foreground-child/-/foreground-child-3.3.1.tgz 322ms (cache miss)
1436 http fetch GET 200 https://registry.npmjs.org/jackspeak/-/jackspeak-3.4.3.tgz 330ms (cache miss)
1437 http fetch GET 200 https://registry.npmjs.org/@sigstore/tuf/-/tuf-1.0.3.tgz 340ms (cache miss)
1438 http fetch GET 200 https://registry.npmjs.org/path-scurry/-/path-scurry-1.11.1.tgz 354ms (cache miss)
1439 http fetch GET 200 https://registry.npmjs.org/hosted-git-info/-/hosted-git-info-6.1.3.tgz 349ms (cache miss)
1440 http fetch POST 200 https://registry.npmjs.org/-/npm/v1/security/advisories/bulk 385ms
1441 silly audit report {
1441 silly audit report   tmp: [
1441 silly audit report     {
1441 silly audit report       id: 1109537,
1441 silly audit report       url: 'https://github.com/advisories/GHSA-52f5-9888-hmc6',
1441 silly audit report       title: 'tmp allows arbitrary temporary file / directory write via symbolic link `dir` parameter',
1441 silly audit report       severity: 'low',
1441 silly audit report       vulnerable_versions: '<=0.2.3',
1441 silly audit report       cwe: [Array],
1441 silly audit report       cvss: [Object]
1441 silly audit report     }
1441 silly audit report   ],
1441 silly audit report   tar: [
1441 silly audit report     {
1441 silly audit report       id: 1112255,
1441 silly audit report       url: 'https://github.com/advisories/GHSA-8qq5-rm4j-mr97',
1441 silly audit report       title: 'node-tar is Vulnerable to Arbitrary File Overwrite and Symlink Poisoning via Insufficient Path Sanitization',
1441 silly audit report       severity: 'high',
1441 silly audit report       vulnerable_versions: '<=7.5.2',
1441 silly audit report       cwe: [Array],
1441 silly audit report       cvss: [Object]
1441 silly audit report     }
1441 silly audit report   ]
1441 silly audit report }
1442 silly packumentCache corgi:https://registry.npmjs.org/tmp cache-miss
1443 silly packumentCache corgi:https://registry.npmjs.org/tar cache-miss
1444 http fetch GET 200 https://registry.npmjs.org/validate-npm-package-name/-/validate-npm-package-name-5.0.1.tgz 351ms (cache miss)
1445 http fetch GET 200 https://registry.npmjs.org/npm-install-checks/-/npm-install-checks-6.3.0.tgz 351ms (cache miss)
1446 http fetch GET 200 https://registry.npmjs.org/npm-bundled/-/npm-bundled-3.0.1.tgz 354ms (cache miss)
1447 http fetch GET 200 https://registry.npmjs.org/proc-log/-/proc-log-3.0.0.tgz 355ms (cache miss)
1448 http fetch GET 200 https://registry.npmjs.org/cacache/-/cacache-17.1.4.tgz 358ms (cache miss)
1449 http fetch GET 200 https://registry.npmjs.org/npm-registry-fetch/-/npm-registry-fetch-14.0.5.tgz 358ms (cache miss)
1450 http fetch GET 200 https://registry.npmjs.org/@tufjs/models/-/models-1.0.4.tgz 371ms (cache miss)
1451 http fetch GET 200 https://registry.npmjs.org/ini/-/ini-3.0.1.tgz 362ms (cache miss)
1452 http fetch GET 200 https://registry.npmjs.org/open/-/open-8.4.1.tgz 363ms (cache miss)
1453 http fetch GET 200 https://registry.npmjs.org/tmp 18ms (cache hit)
1454 silly packumentCache corgi:https://registry.npmjs.org/tmp set size:23979 disposed:false
1455 http fetch GET 200 https://registry.npmjs.org/tar 19ms (cache hit)
1456 silly packumentCache corgi:https://registry.npmjs.org/tar set size:190166 disposed:false
1457 silly packumentCache corgi:https://registry.npmjs.org/external-editor cache-miss
1458 http fetch GET 200 https://registry.npmjs.org/@sigstore/protobuf-specs/-/protobuf-specs-0.2.1.tgz 389ms (cache miss)
1459 http fetch GET 200 https://registry.npmjs.org/npm-package-arg/-/npm-package-arg-10.1.0.tgz 377ms (cache miss)
1460 http fetch GET 200 https://registry.npmjs.org/npm-pick-manifest/-/npm-pick-manifest-8.0.1.tgz 378ms (cache miss)
1461 http fetch GET 200 https://registry.npmjs.org/minimatch/-/minimatch-9.0.5.tgz 389ms (cache miss)
1462 http fetch GET 200 https://registry.npmjs.org/pacote/-/pacote-15.1.0.tgz 382ms (cache miss)
1463 http fetch GET 200 https://registry.npmjs.org/external-editor 16ms (cache hit)
1464 silly packumentCache corgi:https://registry.npmjs.org/external-editor set size:17808 disposed:false
1465 silly packumentCache corgi:https://registry.npmjs.org/pacote cache-miss
1466 silly packumentCache corgi:https://registry.npmjs.org/cacache cache-miss
1467 silly packumentCache corgi:https://registry.npmjs.org/node-gyp cache-miss
1468 http fetch GET 200 https://registry.npmjs.org/magic-string/-/magic-string-0.29.0.tgz 394ms (cache miss)
1469 http fetch GET 200 https://registry.npmjs.org/glob/-/glob-10.5.0.tgz 402ms (cache miss)
1470 http fetch GET 200 https://registry.npmjs.org/jsonc-parser/-/jsonc-parser-3.2.0.tgz 398ms (cache miss)
1471 http fetch GET 200 https://registry.npmjs.org/cacache 16ms (cache hit)
1472 silly packumentCache corgi:https://registry.npmjs.org/cacache set size:155668 disposed:false
1473 http fetch GET 200 https://registry.npmjs.org/node-gyp 17ms (cache hit)
1474 silly packumentCache corgi:https://registry.npmjs.org/node-gyp set size:156213 disposed:false
1475 http fetch GET 200 https://registry.npmjs.org/pacote 19ms (cache hit)
1476 silly packumentCache corgi:https://registry.npmjs.org/pacote set size:388737 disposed:false
1477 silly packumentCache corgi:https://registry.npmjs.org/inquirer cache-miss
1478 http fetch GET 200 https://registry.npmjs.org/@sigstore/sign/-/sign-1.0.0.tgz 429ms (cache miss)
1479 http fetch GET 200 https://registry.npmjs.org/@isaacs/cliui/-/cliui-8.0.2.tgz 427ms (cache miss)
1480 http fetch GET 200 https://registry.npmjs.org/minipass-fetch/-/minipass-fetch-3.0.5.tgz 415ms (cache miss)
1481 http fetch GET 200 https://registry.npmjs.org/inquirer 12ms (cache hit)
1482 silly packumentCache corgi:https://registry.npmjs.org/inquirer set size:253599 disposed:false
1483 silly packumentCache corgi:https://registry.npmjs.org/make-fetch-happen cache-miss
1484 http fetch GET 200 https://registry.npmjs.org/minipass/-/minipass-7.1.2.tgz 420ms (cache miss)
1485 http fetch GET 200 https://registry.npmjs.org/sigstore/-/sigstore-1.9.0.tgz 435ms (cache miss)
1486 http fetch GET 200 https://registry.npmjs.org/minipass/-/minipass-7.1.2.tgz 429ms (cache miss)
1487 http fetch GET 200 https://registry.npmjs.org/minipass-fetch/-/minipass-fetch-3.0.5.tgz 428ms (cache miss)
1488 http fetch GET 200 https://registry.npmjs.org/yargs/-/yargs-17.6.2.tgz 432ms (cache miss)
1489 http fetch GET 200 https://registry.npmjs.org/make-fetch-happen 13ms (cache hit)
1490 silly packumentCache corgi:https://registry.npmjs.org/make-fetch-happen set size:181868 disposed:false
1491 silly packumentCache corgi:https://registry.npmjs.org/@npmcli%2frun-script cache-miss
1492 http fetch GET 200 https://registry.npmjs.org/@npmcli%2frun-script 7ms (cache hit)
1493 silly packumentCache corgi:https://registry.npmjs.org/@npmcli%2frun-script set size:98912 disposed:false
1494 silly packumentCache corgi:https://registry.npmjs.org/@angular%2fcli cache-miss
1495 http fetch GET 200 https://registry.npmjs.org/make-fetch-happen/-/make-fetch-happen-11.1.1.tgz 446ms (cache miss)
1496 http fetch GET 200 https://registry.npmjs.org/make-fetch-happen/-/make-fetch-happen-11.1.1.tgz 447ms (cache miss)
1497 http fetch GET 200 https://registry.npmjs.org/@angular%2fcli 12ms (cache hit)
1498 silly packumentCache corgi:https://registry.npmjs.org/@angular%2fcli set size:1722534 disposed:false
1499 http fetch GET 200 https://registry.npmjs.org/strip-ansi/-/strip-ansi-7.1.2.tgz 461ms (cache miss)
1500 http fetch GET 200 https://registry.npmjs.org/@npmcli/fs/-/fs-3.1.1.tgz 474ms (cache miss)
1501 http fetch GET 200 https://registry.npmjs.org/ansi-regex/-/ansi-regex-6.2.2.tgz 462ms (cache miss)
1502 silly packumentCache corgi:https://registry.npmjs.org/npm-registry-fetch cache-miss
1503 silly packumentCache corgi:https://registry.npmjs.org/sigstore cache-miss
1504 silly packumentCache corgi:https://registry.npmjs.org/@sigstore%2fsign cache-miss
1505 silly packumentCache corgi:https://registry.npmjs.org/tuf-js cache-miss
1506 http fetch GET 200 https://registry.npmjs.org/ansi-styles/-/ansi-styles-6.2.3.tgz 473ms (cache miss)
1507 http fetch GET 200 https://registry.npmjs.org/@pkgjs/parseargs/-/parseargs-0.11.0.tgz 489ms (cache miss)
1508 http fetch GET 200 https://registry.npmjs.org/npm-registry-fetch 14ms (cache hit)
1509 silly packumentCache corgi:https://registry.npmjs.org/npm-registry-fetch set size:133668 disposed:false
1510 http fetch GET 200 https://registry.npmjs.org/emoji-regex/-/emoji-regex-9.2.2.tgz 483ms (cache miss)
1511 http fetch GET 200 https://registry.npmjs.org/wrap-ansi/-/wrap-ansi-8.1.0.tgz 486ms (cache miss)
1512 http fetch GET 200 https://registry.npmjs.org/string-width/-/string-width-5.1.2.tgz 487ms (cache miss)
1513 http fetch GET 200 https://registry.npmjs.org/minipass/-/minipass-7.1.2.tgz 492ms (cache miss)
1514 http fetch GET 200 https://registry.npmjs.org/minipass/-/minipass-7.1.2.tgz 492ms (cache miss)
1515 http fetch GET 200 https://registry.npmjs.org/minipass-fetch/-/minipass-fetch-3.0.5.tgz 501ms (cache miss)
1516 http fetch GET 200 https://registry.npmjs.org/lru-cache/-/lru-cache-10.4.3.tgz 504ms (cache miss)
1517 http fetch GET 200 https://registry.npmjs.org/minipass-fetch/-/minipass-fetch-3.0.5.tgz 506ms (cache miss)
1518 http fetch GET 200 https://registry.npmjs.org/minipass/-/minipass-7.1.2.tgz 509ms (cache miss)
1519 http fetch GET 200 https://registry.npmjs.org/minipass/-/minipass-7.1.2.tgz 511ms (cache miss)
1520 http fetch GET 200 https://registry.npmjs.org/make-fetch-happen/-/make-fetch-happen-11.1.1.tgz 511ms (cache miss)
1521 http fetch GET 200 https://registry.npmjs.org/make-fetch-happen/-/make-fetch-happen-11.1.1.tgz 526ms (cache miss)
1522 http fetch GET 200 https://registry.npmjs.org/minipass/-/minipass-7.1.2.tgz 535ms (cache miss)
1523 http fetch GET 200 https://registry.npmjs.org/minipass/-/minipass-7.1.2.tgz 537ms (cache miss)
1524 http fetch GET 200 https://registry.npmjs.org/minipass/-/minipass-7.1.2.tgz 538ms (cache miss)
1525 http fetch GET 200 https://registry.npmjs.org/ajv/-/ajv-8.12.0.tgz 576ms (cache miss)
1526 http fetch GET 200 https://registry.npmjs.org/@npmcli/git/-/git-4.1.0.tgz 602ms (cache miss)
1527 http fetch GET 200 https://registry.npmjs.org/@npmcli/run-script/-/run-script-6.0.2.tgz 607ms (cache miss)
1528 http fetch GET 200 https://registry.npmjs.org/@angular-devkit/architect/-/architect-0.1502.11.tgz 627ms (cache miss)
1529 http fetch GET 200 https://registry.npmjs.org/@angular-devkit/schematics/-/schematics-15.2.11.tgz 641ms (cache miss)
1530 http fetch GET 200 https://registry.npmjs.org/@angular-devkit/core/-/core-15.2.11.tgz 656ms (cache miss)
1531 http fetch GET 200 https://registry.npmjs.org/@angular/cli/-/cli-15.2.11.tgz 707ms (cache miss)
1532 http fetch GET 200 https://registry.npmjs.org/@npmcli/installed-package-contents/-/installed-package-contents-2.1.0.tgz 731ms (cache miss)
1533 http fetch GET 200 https://registry.npmjs.org/sigstore 299ms (cache miss)
1534 silly packumentCache corgi:https://registry.npmjs.org/sigstore set size:undefined disposed:false
1535 http fetch GET 200 https://registry.npmjs.org/tuf-js 315ms (cache miss)
1536 silly packumentCache corgi:https://registry.npmjs.org/tuf-js set size:undefined disposed:false
1537 http fetch GET 200 https://registry.npmjs.org/@schematics/angular/-/angular-15.2.11.tgz 825ms (cache miss)
1538 http fetch GET 200 https://registry.npmjs.org/@npmcli/node-gyp/-/node-gyp-3.0.0.tgz 990ms (cache miss)
1539 http fetch GET 200 https://registry.npmjs.org/@npmcli/promise-spawn/-/promise-spawn-6.0.2.tgz 1037ms (cache miss)
1540 http fetch GET 200 https://registry.npmjs.org/@sigstore%2fsign 940ms (cache miss)
1541 silly packumentCache corgi:https://registry.npmjs.org/@sigstore%2fsign set size:undefined disposed:false
1542 silly packumentCache corgi:https://registry.npmjs.org/@sigstore%2ftuf cache-miss
1543 http fetch GET 200 https://registry.npmjs.org/@sigstore%2ftuf 481ms (cache miss)
1544 silly packumentCache corgi:https://registry.npmjs.org/@sigstore%2ftuf set size:undefined disposed:false
1545 verbose cwd /Users/djiby/Documents/portfolio/portforlio
1546 verbose os Darwin 24.1.0
1547 verbose node v20.19.6
1548 verbose npm  v10.8.2
1549 verbose exit 0
1550 info ok
